==========================================
  ___  ______  ___ ______       _ 
 / _ \ | ___ \/   ||  ___|     | |
/ /_\ \| |_/ / /| || |_ ___  __| |
|  _  ||  __/ /_| ||  _/ _ \/ _` |
| | | || |  \___  || ||  __/ (_| |
\_| |_/\_|      |_/\_| \___|\__,_| v.1.5.0

==========================================
Simulation Started!
List of the Architectural Patterns enabled:
Adaptation Enabled ✅
Metric: val_f1, bo-based: predictors/bo_model_selector_pca.pkl
Client Registry ✅
Client Selector ✅
 AP Parameters: {'selection_strategy': 'Resource-Based', 'selection_criteria': 'CPU', 'selection_value': 2}
==========================================
Client Client 20 participates in this round. (CPU: 2, RAM: 2)
Client Client 9 participates in this round. (CPU: 2, RAM: 2)
Client Client 5 participates in this round. (CPU: 2, RAM: 2)
Client Client 24 participates in this round. (CPU: 2, RAM: 2)
Client Client 10 participates in this round. (CPU: 2, RAM: 2)
Client Client 23 participates in this round. (CPU: 2, RAM: 2)
Client Client 15 participates in this round. (CPU: 2, RAM: 2)
Client Client 12 participates in this round. (CPU: 2, RAM: 2)
Client Client 37 has insufficient CPU (1). Will not participate in the next FL round.
Client Client 21 participates in this round. (CPU: 2, RAM: 2)
Client Client 22 participates in this round. (CPU: 2, RAM: 2)
Client Client 11 participates in this round. (CPU: 2, RAM: 2)
Client Client 19 participates in this round. (CPU: 2, RAM: 2)
Client Client 6 participates in this round. (CPU: 2, RAM: 2)
Client Client 13 participates in this round. (CPU: 2, RAM: 2)
Client Client 3 participates in this round. (CPU: 2, RAM: 2)
Client Client 14 participates in this round. (CPU: 2, RAM: 2)
Client Client 16 participates in this round. (CPU: 2, RAM: 2)
Client Client 8 participates in this round. (CPU: 2, RAM: 2)
Client Client 1 participates in this round. (CPU: 2, RAM: 2)
Client Client 18 participates in this round. (CPU: 2, RAM: 2)
Client Client 7 participates in this round. (CPU: 2, RAM: 2)
Client Client 4 participates in this round. (CPU: 2, RAM: 2)
Client Client 40 has insufficient CPU (1). Will not participate in the next FL round.
Client Client 30 has insufficient CPU (1). Will not participate in the next FL round.
Client Client 27 has insufficient CPU (1). Will not participate in the next FL round.
Client Client 35 has insufficient CPU (1). Will not participate in the next FL round.
Client Client 29 has insufficient CPU (1). Will not participate in the next FL round.
Client Client 36 has insufficient CPU (1). Will not participate in the next FL round.
Client Client 25 participates in this round. (CPU: 2, RAM: 2)
Client Client 38 has insufficient CPU (1). Will not participate in the next FL round.
Client Client 2 participates in this round. (CPU: 2, RAM: 2)
Client Client 39 has insufficient CPU (1). Will not participate in the next FL round.
Client Client 28 has insufficient CPU (1). Will not participate in the next FL round.
Client Client 31 has insufficient CPU (1). Will not participate in the next FL round.
Client Client 17 participates in this round. (CPU: 2, RAM: 2)
Client Client 34 has insufficient CPU (1). Will not participate in the next FL round.
Client Client 32 has insufficient CPU (1). Will not participate in the next FL round.
Client Client 33 has insufficient CPU (1). Will not participate in the next FL round.
Client Client 26 has insufficient CPU (1). Will not participate in the next FL round.
Results Aggregated in 1.54 seconds.
{'prostate_logreg': {'train_loss': [0.522915776676804], 'train_accuracy': [0.816793893129771], 'train_f1': [0.6382153046275184], 'train_mae': [0.183206106870229], 'val_loss': [0.6688459049731817], 'val_accuracy': [0.5874208218288127], 'val_f1': [0.5696152489841033], 'val_mae': [0.4125791781711873], 'jsd': [(0, 0, 0, 0, 0, 0, 0, 0.0207208396239082, 0.31127812445913283, 0.31127812445913283, 0.31127812445913283, 0.11009182675183558, 0.31127812445913283, 0.31127812445913283, 0.31127812445913283, 0.0037024515418363386, 0.31127812445913283, 0.31127812445913283, 0.31127812445913283, 0.31127812445913283, 0.31127812445913283, 0.31127812445913283, 0.31127812445913283, 0.31127812445913283, 0.07310400793180982, 0.0037024515418363386, 0.31127812445913283, 0.31127812445913283, 0.0350583482647871, 0.31127812445913283, 0.31127812445913283, 0.31127812445913283, 0, 0, 0, 0, 0, 0, 0, 0)]}}
AdaptationManager: Configuring next round...
{'client_registry': {'enabled': True, 'params': {}}, 'client_selector': {'enabled': True, 'params': {'selection_strategy': 'Resource-Based', 'selection_criteria': 'CPU', 'selection_value': 2}}, 'client_cluster': {'enabled': False, 'params': {}}, 'message_compressor': {'enabled': False, 'params': {}}, 'model_co-versioning_registry': {'enabled': False, 'params': {}}, 'multi-task_model_trainer': {'enabled': False, 'params': {}}, 'heterogeneous_data_handler': {'enabled': False, 'params': {}}}
{'client_selector': {'enabled': True}, 'client_cluster': {'enabled': False}, 'message_compressor': {'enabled': False}, 'model_co-versioning_registry': {'enabled': False}, 'multi-task_model_trainer': {'enabled': False}, 'heterogeneous_data_handler': {'enabled': False}, 'client_registry': {'enabled': True, 'params': {}}}
round 2, 25 high, 15 low, 0.0-iid clients, predicted best policy: client_selector activated ✅
Client Client 20 participates in this round. (CPU: 2, RAM: 2)
Client Client 23 participates in this round. (CPU: 2, RAM: 2)
Client Client 9 participates in this round. (CPU: 2, RAM: 2)
Client Client 17 participates in this round. (CPU: 2, RAM: 2)
Client Client 5 participates in this round. (CPU: 2, RAM: 2)
Client Client 12 participates in this round. (CPU: 2, RAM: 2)
Client Client 25 participates in this round. (CPU: 2, RAM: 2)
Client Client 1 participates in this round. (CPU: 2, RAM: 2)
Client Client 22 participates in this round. (CPU: 2, RAM: 2)
Client Client 24 participates in this round. (CPU: 2, RAM: 2)
Client Client 13 participates in this round. (CPU: 2, RAM: 2)
Client Client 14 participates in this round. (CPU: 2, RAM: 2)
Client Client 10 participates in this round. (CPU: 2, RAM: 2)
Client Client 2 participates in this round. (CPU: 2, RAM: 2)
Client Client 6 participates in this round. (CPU: 2, RAM: 2)
Client Client 4 participates in this round. (CPU: 2, RAM: 2)
Client Client 32 has insufficient CPU (1). Will not participate in the next FL round.
Client Client 19 participates in this round. (CPU: 2, RAM: 2)
Client Client 3 participates in this round. (CPU: 2, RAM: 2)
Client Client 27 has insufficient CPU (1). Will not participate in the next FL round.
Client Client 38 has insufficient CPU (1). Will not participate in the next FL round.
Client Client 8 participates in this round. (CPU: 2, RAM: 2)
Client Client 34 has insufficient CPU (1). Will not participate in the next FL round.
Client Client 33 has insufficient CPU (1). Will not participate in the next FL round.
Client Client 28 has insufficient CPU (1). Will not participate in the next FL round.
Client Client 11 participates in this round. (CPU: 2, RAM: 2)
Client Client 39 has insufficient CPU (1). Will not participate in the next FL round.
Client Client 29 has insufficient CPU (1). Will not participate in the next FL round.
Client Client 16 participates in this round. (CPU: 2, RAM: 2)
Client Client 15 participates in this round. (CPU: 2, RAM: 2)
Client Client 21 participates in this round. (CPU: 2, RAM: 2)
Client Client 7 participates in this round. (CPU: 2, RAM: 2)
Client Client 35 has insufficient CPU (1). Will not participate in the next FL round.
Client Client 36 has insufficient CPU (1). Will not participate in the next FL round.
Client Client 18 participates in this round. (CPU: 2, RAM: 2)
Client Client 31 has insufficient CPU (1). Will not participate in the next FL round.
Client Client 40 has insufficient CPU (1). Will not participate in the next FL round.
Client Client 26 has insufficient CPU (1). Will not participate in the next FL round.
Client Client 30 has insufficient CPU (1). Will not participate in the next FL round.
Client Client 37 has insufficient CPU (1). Will not participate in the next FL round.
Results Aggregated in 1.14 seconds.
{'prostate_logreg': {'train_loss': [0.522915776676804, 0.5427853199305819], 'train_accuracy': [0.816793893129771, 0.7574626865671642], 'train_f1': [0.6382153046275184, 0.6215918940941568], 'train_mae': [0.183206106870229, 0.24253731343283583], 'val_loss': [0.6688459049731817, 0.6377556777112734], 'val_accuracy': [0.5874208218288127, 0.6377553720757912], 'val_f1': [0.5696152489841033, 0.6213962218019262], 'val_mae': [0.4125791781711873, 0.36224462792420875], 'jsd': [(0, 0, 0, 0, 0, 0, 0, 0.0207208396239082, 0.31127812445913283, 0.31127812445913283, 0.31127812445913283, 0.11009182675183558, 0.31127812445913283, 0.31127812445913283, 0.31127812445913283, 0.0037024515418363386, 0.31127812445913283, 0.31127812445913283, 0.31127812445913283, 0.31127812445913283, 0.31127812445913283, 0.31127812445913283, 0.31127812445913283, 0.31127812445913283, 0.07310400793180982, 0.0037024515418363386, 0.31127812445913283, 0.31127812445913283, 0.0350583482647871, 0.31127812445913283, 0.31127812445913283, 0.31127812445913283, 0, 0, 0, 0, 0, 0, 0, 0), (0, 0, 0, 0, 0, 0, 0, 0.0207208396239082, 0.31127812445913283, 0.31127812445913283, 0.31127812445913283, 0.06548833004089114, 0.0014939931791539789, 0.31127812445913283, 0.07310400793180982, 0, 0.1711038312803313, 0.31127812445913283, 0, 0.007299156760473963, 0.009756534087137225, 0.31127812445913283, 0.31127812445913283, 0.31127812445913283, 0, 0.015085156698935967, 0.0207208396239082, 0.16395604408354778, 0.0350583482647871, 0.31127812445913283, 0.31127812445913283, 0.16395604408354778, 0, 0, 0, 0, 0, 0, 0, 0)]}}
AdaptationManager: Configuring next round...
{'client_registry': {'enabled': True, 'params': {}}, 'client_selector': {'enabled': True, 'params': {'selection_strategy': 'Resource-Based', 'selection_criteria': 'CPU', 'selection_value': 2}}, 'client_cluster': {'enabled': False, 'params': {}}, 'message_compressor': {'enabled': False, 'params': {}}, 'model_co-versioning_registry': {'enabled': False, 'params': {}}, 'multi-task_model_trainer': {'enabled': False, 'params': {}}, 'heterogeneous_data_handler': {'enabled': False, 'params': {}}}
{'client_selector': {'enabled': True}, 'client_cluster': {'enabled': False}, 'message_compressor': {'enabled': False}, 'model_co-versioning_registry': {'enabled': False}, 'multi-task_model_trainer': {'enabled': False}, 'heterogeneous_data_handler': {'enabled': False}, 'client_registry': {'enabled': True, 'params': {}}}
round 3, 25 high, 15 low, 0.0-iid clients, predicted best policy: client_selector activated ✅
Client Client 5 participates in this round. (CPU: 2, RAM: 2)
Client Client 10 participates in this round. (CPU: 2, RAM: 2)
Client Client 13 participates in this round. (CPU: 2, RAM: 2)
Client Client 33 has insufficient CPU (1). Will not participate in the next FL round.
Client Client 27 has insufficient CPU (1). Will not participate in the next FL round.
Client Client 38 has insufficient CPU (1). Will not participate in the next FL round.
Client Client 23 participates in this round. (CPU: 2, RAM: 2)
Client Client 37 has insufficient CPU (1). Will not participate in the next FL round.
Client Client 34 has insufficient CPU (1). Will not participate in the next FL round.
Client Client 6 participates in this round. (CPU: 2, RAM: 2)
Client Client 18 participates in this round. (CPU: 2, RAM: 2)
Client Client 19 participates in this round. (CPU: 2, RAM: 2)
Client Client 8 participates in this round. (CPU: 2, RAM: 2)
Client Client 14 participates in this round. (CPU: 2, RAM: 2)
Client Client 2 participates in this round. (CPU: 2, RAM: 2)
Client Client 16 participates in this round. (CPU: 2, RAM: 2)
Client Client 17 participates in this round. (CPU: 2, RAM: 2)
Client Client 4 participates in this round. (CPU: 2, RAM: 2)
Client Client 12 participates in this round. (CPU: 2, RAM: 2)
Client Client 25 participates in this round. (CPU: 2, RAM: 2)
Client Client 30 has insufficient CPU (1). Will not participate in the next FL round.
Client Client 11 participates in this round. (CPU: 2, RAM: 2)
Client Client 1 participates in this round. (CPU: 2, RAM: 2)
Client Client 21 participates in this round. (CPU: 2, RAM: 2)
Client Client 7 participates in this round. (CPU: 2, RAM: 2)
Client Client 3 participates in this round. (CPU: 2, RAM: 2)
Client Client 20 participates in this round. (CPU: 2, RAM: 2)
Client Client 22 participates in this round. (CPU: 2, RAM: 2)
Client Client 36 has insufficient CPU (1). Will not participate in the next FL round.
Client Client 9 participates in this round. (CPU: 2, RAM: 2)
Client Client 39 has insufficient CPU (1). Will not participate in the next FL round.
Client Client 28 has insufficient CPU (1). Will not participate in the next FL round.
Client Client 15 participates in this round. (CPU: 2, RAM: 2)
Client Client 40 has insufficient CPU (1). Will not participate in the next FL round.
Client Client 26 has insufficient CPU (1). Will not participate in the next FL round.
Client Client 24 participates in this round. (CPU: 2, RAM: 2)
Client Client 35 has insufficient CPU (1). Will not participate in the next FL round.
Client Client 29 has insufficient CPU (1). Will not participate in the next FL round.
Client Client 31 has insufficient CPU (1). Will not participate in the next FL round.
Client Client 32 has insufficient CPU (1). Will not participate in the next FL round.
Results Aggregated in 0.47 seconds.
{'prostate_logreg': {'train_loss': [0.522915776676804, 0.5427853199305819, 0.5332852327020983], 'train_accuracy': [0.816793893129771, 0.7574626865671642, 0.7955112219451371], 'train_f1': [0.6382153046275184, 0.6215918940941568, 0.7180952477257734], 'train_mae': [0.183206106870229, 0.24253731343283583, 0.20448877805486285], 'val_loss': [0.6688459049731817, 0.6377556777112734, 0.616115763832738], 'val_accuracy': [0.5874208218288127, 0.6377553720757912, 0.6752644098972427], 'val_f1': [0.5696152489841033, 0.6213962218019262, 0.6605656935033855], 'val_mae': [0.4125791781711873, 0.36224462792420875, 0.3247355901027573], 'jsd': [(0, 0, 0, 0, 0, 0, 0, 0.0207208396239082, 0.31127812445913283, 0.31127812445913283, 0.31127812445913283, 0.11009182675183558, 0.31127812445913283, 0.31127812445913283, 0.31127812445913283, 0.0037024515418363386, 0.31127812445913283, 0.31127812445913283, 0.31127812445913283, 0.31127812445913283, 0.31127812445913283, 0.31127812445913283, 0.31127812445913283, 0.31127812445913283, 0.07310400793180982, 0.0037024515418363386, 0.31127812445913283, 0.31127812445913283, 0.0350583482647871, 0.31127812445913283, 0.31127812445913283, 0.31127812445913283, 0, 0, 0, 0, 0, 0, 0, 0), (0, 0, 0, 0, 0, 0, 0, 0.0207208396239082, 0.31127812445913283, 0.31127812445913283, 0.31127812445913283, 0.06548833004089114, 0.0014939931791539789, 0.31127812445913283, 0.07310400793180982, 0, 0.1711038312803313, 0.31127812445913283, 0, 0.007299156760473963, 0.009756534087137225, 0.31127812445913283, 0.31127812445913283, 0.31127812445913283, 0, 0.015085156698935967, 0.0207208396239082, 0.16395604408354778, 0.0350583482647871, 0.31127812445913283, 0.31127812445913283, 0.16395604408354778, 0, 0, 0, 0, 0, 0, 0, 0), (0, 0, 0, 0, 0, 0, 0, 0.0207208396239082, 0.16395604408354778, 0.31127812445913283, 0.09922267539827352, 0.11009182675183558, 0.18850340411986471, 0.09328462323031235, 0.11009182675183558, 0.010396593705431272, 0.10481597017296576, 0.05400884513974839, 0.1711038312803313, 0.042041899344894246, 0.0004999522456092496, 0, 0.31127812445913283, 0.0207208396239082, 0.0008025382728216734, 0.00040919789219141973, 0.06149937804507184, 0, 0.00040919789219141973, 0.09328462323031235, 0.31127812445913283, 0.09328462323031235, 0, 0, 0, 0, 0, 0, 0, 0)]}}
AdaptationManager: Configuring next round...
{'client_registry': {'enabled': True, 'params': {}}, 'client_selector': {'enabled': True, 'params': {'selection_strategy': 'Resource-Based', 'selection_criteria': 'CPU', 'selection_value': 2}}, 'client_cluster': {'enabled': False, 'params': {}}, 'message_compressor': {'enabled': False, 'params': {}}, 'model_co-versioning_registry': {'enabled': False, 'params': {}}, 'multi-task_model_trainer': {'enabled': False, 'params': {}}, 'heterogeneous_data_handler': {'enabled': False, 'params': {}}}
{'client_selector': {'enabled': True}, 'client_cluster': {'enabled': False}, 'message_compressor': {'enabled': False}, 'model_co-versioning_registry': {'enabled': False}, 'multi-task_model_trainer': {'enabled': False}, 'heterogeneous_data_handler': {'enabled': False}, 'client_registry': {'enabled': True, 'params': {}}}
round 4, 25 high, 15 low, 0.0-iid clients, predicted best policy: client_selector de-activated ❌
Results Aggregated in 0.57 seconds.
{'prostate_logreg': {'train_loss': [0.522915776676804, 0.5427853199305819, 0.5332852327020983, 0.5247821108030435], 'train_accuracy': [0.816793893129771, 0.7574626865671642, 0.7955112219451371, 0.7795527156549521], 'train_f1': [0.6382153046275184, 0.6215918940941568, 0.7180952477257734, 0.7007106248803823], 'train_mae': [0.183206106870229, 0.24253731343283583, 0.20448877805486285, 0.22044728434504793], 'val_loss': [0.6688459049731817, 0.6377556777112734, 0.616115763832738, 0.5995939056721463], 'val_accuracy': [0.5874208218288127, 0.6377553720757912, 0.6752644098972427, 0.6965068656107675], 'val_f1': [0.5696152489841033, 0.6213962218019262, 0.6605656935033855, 0.682166567578124], 'val_mae': [0.4125791781711873, 0.36224462792420875, 0.3247355901027573, 0.3034931343892326], 'jsd': [(0, 0, 0, 0, 0, 0, 0, 0.0207208396239082, 0.31127812445913283, 0.31127812445913283, 0.31127812445913283, 0.11009182675183558, 0.31127812445913283, 0.31127812445913283, 0.31127812445913283, 0.0037024515418363386, 0.31127812445913283, 0.31127812445913283, 0.31127812445913283, 0.31127812445913283, 0.31127812445913283, 0.31127812445913283, 0.31127812445913283, 0.31127812445913283, 0.07310400793180982, 0.0037024515418363386, 0.31127812445913283, 0.31127812445913283, 0.0350583482647871, 0.31127812445913283, 0.31127812445913283, 0.31127812445913283, 0, 0, 0, 0, 0, 0, 0, 0), (0, 0, 0, 0, 0, 0, 0, 0.0207208396239082, 0.31127812445913283, 0.31127812445913283, 0.31127812445913283, 0.06548833004089114, 0.0014939931791539789, 0.31127812445913283, 0.07310400793180982, 0, 0.1711038312803313, 0.31127812445913283, 0, 0.007299156760473963, 0.009756534087137225, 0.31127812445913283, 0.31127812445913283, 0.31127812445913283, 0, 0.015085156698935967, 0.0207208396239082, 0.16395604408354778, 0.0350583482647871, 0.31127812445913283, 0.31127812445913283, 0.16395604408354778, 0, 0, 0, 0, 0, 0, 0, 0), (0, 0, 0, 0, 0, 0, 0, 0.0207208396239082, 0.16395604408354778, 0.31127812445913283, 0.09922267539827352, 0.11009182675183558, 0.18850340411986471, 0.09328462323031235, 0.11009182675183558, 0.010396593705431272, 0.10481597017296576, 0.05400884513974839, 0.1711038312803313, 0.042041899344894246, 0.0004999522456092496, 0, 0.31127812445913283, 0.0207208396239082, 0.0008025382728216734, 0.00040919789219141973, 0.06149937804507184, 0, 0.00040919789219141973, 0.09328462323031235, 0.31127812445913283, 0.09328462323031235, 0, 0, 0, 0, 0, 0, 0, 0), (0.09328462323031235, 0.31127812445913283, 0.2087803925185126, 0.009756534087137225, 0.11385563424028564, 0.013714477705244553, 0.08025594233229469, 0.07310400793180982, 0.03857581598654605, 0.13251817521576753, 0.05253690168806249, 0.19326958066820893, 0.0350583482647871, 0.00429810722857266, 0.005050449860393488, 0.0207208396239082, 0.0487949406953985, 0.07850994353170956, 0.31127812445913283, 0.07310400793180982, 0.31127812445913283, 0.31127812445913283, 0.0002145058924891757, 0.31127812445913283, 0.31127812445913283, 0.31127812445913283, 0, 0.31127812445913283, 0.11009182675183558, 0.31127812445913283, 0.07310400793180982, 0.31127812445913283, 0.0487949406953985, 0.05738732460549023, 0.31127812445913283, 0.001254883843183478, 0.0002145058924891757, 0.0487949406953985, 0.2227619806994962, 0.0487949406953985)]}}
AdaptationManager: Configuring next round...
{'client_registry': {'enabled': True, 'params': {}}, 'client_selector': {'enabled': True, 'params': {'selection_strategy': 'Resource-Based', 'selection_criteria': 'CPU', 'selection_value': 2}}, 'client_cluster': {'enabled': False, 'params': {}}, 'message_compressor': {'enabled': False, 'params': {}}, 'model_co-versioning_registry': {'enabled': False, 'params': {}}, 'multi-task_model_trainer': {'enabled': False, 'params': {}}, 'heterogeneous_data_handler': {'enabled': False, 'params': {}}}
{'client_selector': {'enabled': False}, 'client_cluster': {'enabled': False}, 'message_compressor': {'enabled': False}, 'model_co-versioning_registry': {'enabled': False}, 'multi-task_model_trainer': {'enabled': False}, 'heterogeneous_data_handler': {'enabled': False}, 'client_registry': {'enabled': True, 'params': {}}}
round 5, 25 high, 15 low, 0.0-iid clients, predicted best policy: client_selector de-activated ❌
Results Aggregated in 0.60 seconds.
{'prostate_logreg': {'train_loss': [0.522915776676804, 0.5427853199305819, 0.5332852327020983, 0.5247821108030435, 0.5228983667317558], 'train_accuracy': [0.816793893129771, 0.7574626865671642, 0.7955112219451371, 0.7795527156549521, 0.7870588235294118], 'train_f1': [0.6382153046275184, 0.6215918940941568, 0.7180952477257734, 0.7007106248803823, 0.710262182130933], 'train_mae': [0.183206106870229, 0.24253731343283583, 0.20448877805486285, 0.22044728434504793, 0.21294117647058824], 'val_loss': [0.6688459049731817, 0.6377556777112734, 0.616115763832738, 0.5995939056721463, 0.5858078998931507], 'val_accuracy': [0.5874208218288127, 0.6377553720757912, 0.6752644098972427, 0.6965068656107675, 0.7119190654985398], 'val_f1': [0.5696152489841033, 0.6213962218019262, 0.6605656935033855, 0.682166567578124, 0.6976623111126142], 'val_mae': [0.4125791781711873, 0.36224462792420875, 0.3247355901027573, 0.3034931343892326, 0.28808093450146016], 'jsd': [(0, 0, 0, 0, 0, 0, 0, 0.0207208396239082, 0.31127812445913283, 0.31127812445913283, 0.31127812445913283, 0.11009182675183558, 0.31127812445913283, 0.31127812445913283, 0.31127812445913283, 0.0037024515418363386, 0.31127812445913283, 0.31127812445913283, 0.31127812445913283, 0.31127812445913283, 0.31127812445913283, 0.31127812445913283, 0.31127812445913283, 0.31127812445913283, 0.07310400793180982, 0.0037024515418363386, 0.31127812445913283, 0.31127812445913283, 0.0350583482647871, 0.31127812445913283, 0.31127812445913283, 0.31127812445913283, 0, 0, 0, 0, 0, 0, 0, 0), (0, 0, 0, 0, 0, 0, 0, 0.0207208396239082, 0.31127812445913283, 0.31127812445913283, 0.31127812445913283, 0.06548833004089114, 0.0014939931791539789, 0.31127812445913283, 0.07310400793180982, 0, 0.1711038312803313, 0.31127812445913283, 0, 0.007299156760473963, 0.009756534087137225, 0.31127812445913283, 0.31127812445913283, 0.31127812445913283, 0, 0.015085156698935967, 0.0207208396239082, 0.16395604408354778, 0.0350583482647871, 0.31127812445913283, 0.31127812445913283, 0.16395604408354778, 0, 0, 0, 0, 0, 0, 0, 0), (0, 0, 0, 0, 0, 0, 0, 0.0207208396239082, 0.16395604408354778, 0.31127812445913283, 0.09922267539827352, 0.11009182675183558, 0.18850340411986471, 0.09328462323031235, 0.11009182675183558, 0.010396593705431272, 0.10481597017296576, 0.05400884513974839, 0.1711038312803313, 0.042041899344894246, 0.0004999522456092496, 0, 0.31127812445913283, 0.0207208396239082, 0.0008025382728216734, 0.00040919789219141973, 0.06149937804507184, 0, 0.00040919789219141973, 0.09328462323031235, 0.31127812445913283, 0.09328462323031235, 0, 0, 0, 0, 0, 0, 0, 0), (0.09328462323031235, 0.31127812445913283, 0.2087803925185126, 0.009756534087137225, 0.11385563424028564, 0.013714477705244553, 0.08025594233229469, 0.07310400793180982, 0.03857581598654605, 0.13251817521576753, 0.05253690168806249, 0.19326958066820893, 0.0350583482647871, 0.00429810722857266, 0.005050449860393488, 0.0207208396239082, 0.0487949406953985, 0.07850994353170956, 0.31127812445913283, 0.07310400793180982, 0.31127812445913283, 0.31127812445913283, 0.0002145058924891757, 0.31127812445913283, 0.31127812445913283, 0.31127812445913283, 0, 0.31127812445913283, 0.11009182675183558, 0.31127812445913283, 0.07310400793180982, 0.31127812445913283, 0.0487949406953985, 0.05738732460549023, 0.31127812445913283, 0.001254883843183478, 0.0002145058924891757, 0.0487949406953985, 0.2227619806994962, 0.0487949406953985), (0.07310400793180982, 0.0018086520489059392, 0.2227619806994962, 0.00822299722902229, 0.07622434155290266, 0.015085156698935967, 0.07310400793180982, 0.05738732460549023, 0.01423921619075233, 0.06660561007005729, 0.0487949406953985, 0.11009182675183558, 0.04105726891831728, 0.004167970681504568, 0.004727398383200621, 0.011482406826014972, 0.0487949406953985, 0.07744908453819253, 0.31127812445913283, 0.07310400793180982, 0.007299156760473963, 0.0037024515418363386, 0.07622434155290266, 0.31127812445913283, 0.31127812445913283, 0.11009182675183558, 0.12425601093475921, 0.31127812445913283, 0.17750440524619315, 0.07310400793180982, 0.07310400793180982, 0.31127812445913283, 0.31127812445913283, 0.12425601093475921, 0.011482406826014972, 0.0207208396239082, 0.0005570970453080571, 0.07310400793180982, 0.004167970681504568, 0.0001877124226694997)]}}
AdaptationManager: Configuring next round...
{'client_registry': {'enabled': True, 'params': {}}, 'client_selector': {'enabled': True, 'params': {'selection_strategy': 'Resource-Based', 'selection_criteria': 'CPU', 'selection_value': 2}}, 'client_cluster': {'enabled': False, 'params': {}}, 'message_compressor': {'enabled': False, 'params': {}}, 'model_co-versioning_registry': {'enabled': False, 'params': {}}, 'multi-task_model_trainer': {'enabled': False, 'params': {}}, 'heterogeneous_data_handler': {'enabled': False, 'params': {}}}
{'client_selector': {'enabled': False}, 'client_cluster': {'enabled': False}, 'message_compressor': {'enabled': False}, 'model_co-versioning_registry': {'enabled': False}, 'multi-task_model_trainer': {'enabled': False}, 'heterogeneous_data_handler': {'enabled': False}, 'client_registry': {'enabled': True, 'params': {}}}
round 6, 25 high, 15 low, 0.0-iid clients, predicted best policy: client_selector de-activated ❌
Results Aggregated in 0.51 seconds.
{'prostate_logreg': {'train_loss': [0.522915776676804, 0.5427853199305819, 0.5332852327020983, 0.5247821108030435, 0.5228983667317558, 0.5277808904927137], 'train_accuracy': [0.816793893129771, 0.7574626865671642, 0.7955112219451371, 0.7795527156549521, 0.7870588235294118, 0.7750702905342081], 'train_f1': [0.6382153046275184, 0.6215918940941568, 0.7180952477257734, 0.7007106248803823, 0.710262182130933, 0.7134530051766068], 'train_mae': [0.183206106870229, 0.24253731343283583, 0.20448877805486285, 0.22044728434504793, 0.21294117647058824, 0.22492970946579194], 'val_loss': [0.6688459049731817, 0.6377556777112734, 0.616115763832738, 0.5995939056721463, 0.5858078998931507, 0.5752824584002021], 'val_accuracy': [0.5874208218288127, 0.6377553720757912, 0.6752644098972427, 0.6965068656107675, 0.7119190654985398, 0.7237473994164058], 'val_f1': [0.5696152489841033, 0.6213962218019262, 0.6605656935033855, 0.682166567578124, 0.6976623111126142, 0.7093488500054955], 'val_mae': [0.4125791781711873, 0.36224462792420875, 0.3247355901027573, 0.3034931343892326, 0.28808093450146016, 0.27625260058359424], 'jsd': [(0, 0, 0, 0, 0, 0, 0, 0.0207208396239082, 0.31127812445913283, 0.31127812445913283, 0.31127812445913283, 0.11009182675183558, 0.31127812445913283, 0.31127812445913283, 0.31127812445913283, 0.0037024515418363386, 0.31127812445913283, 0.31127812445913283, 0.31127812445913283, 0.31127812445913283, 0.31127812445913283, 0.31127812445913283, 0.31127812445913283, 0.31127812445913283, 0.07310400793180982, 0.0037024515418363386, 0.31127812445913283, 0.31127812445913283, 0.0350583482647871, 0.31127812445913283, 0.31127812445913283, 0.31127812445913283, 0, 0, 0, 0, 0, 0, 0, 0), (0, 0, 0, 0, 0, 0, 0, 0.0207208396239082, 0.31127812445913283, 0.31127812445913283, 0.31127812445913283, 0.06548833004089114, 0.0014939931791539789, 0.31127812445913283, 0.07310400793180982, 0, 0.1711038312803313, 0.31127812445913283, 0, 0.007299156760473963, 0.009756534087137225, 0.31127812445913283, 0.31127812445913283, 0.31127812445913283, 0, 0.015085156698935967, 0.0207208396239082, 0.16395604408354778, 0.0350583482647871, 0.31127812445913283, 0.31127812445913283, 0.16395604408354778, 0, 0, 0, 0, 0, 0, 0, 0), (0, 0, 0, 0, 0, 0, 0, 0.0207208396239082, 0.16395604408354778, 0.31127812445913283, 0.09922267539827352, 0.11009182675183558, 0.18850340411986471, 0.09328462323031235, 0.11009182675183558, 0.010396593705431272, 0.10481597017296576, 0.05400884513974839, 0.1711038312803313, 0.042041899344894246, 0.0004999522456092496, 0, 0.31127812445913283, 0.0207208396239082, 0.0008025382728216734, 0.00040919789219141973, 0.06149937804507184, 0, 0.00040919789219141973, 0.09328462323031235, 0.31127812445913283, 0.09328462323031235, 0, 0, 0, 0, 0, 0, 0, 0), (0.09328462323031235, 0.31127812445913283, 0.2087803925185126, 0.009756534087137225, 0.11385563424028564, 0.013714477705244553, 0.08025594233229469, 0.07310400793180982, 0.03857581598654605, 0.13251817521576753, 0.05253690168806249, 0.19326958066820893, 0.0350583482647871, 0.00429810722857266, 0.005050449860393488, 0.0207208396239082, 0.0487949406953985, 0.07850994353170956, 0.31127812445913283, 0.07310400793180982, 0.31127812445913283, 0.31127812445913283, 0.0002145058924891757, 0.31127812445913283, 0.31127812445913283, 0.31127812445913283, 0, 0.31127812445913283, 0.11009182675183558, 0.31127812445913283, 0.07310400793180982, 0.31127812445913283, 0.0487949406953985, 0.05738732460549023, 0.31127812445913283, 0.001254883843183478, 0.0002145058924891757, 0.0487949406953985, 0.2227619806994962, 0.0487949406953985), (0.07310400793180982, 0.0018086520489059392, 0.2227619806994962, 0.00822299722902229, 0.07622434155290266, 0.015085156698935967, 0.07310400793180982, 0.05738732460549023, 0.01423921619075233, 0.06660561007005729, 0.0487949406953985, 0.11009182675183558, 0.04105726891831728, 0.004167970681504568, 0.004727398383200621, 0.011482406826014972, 0.0487949406953985, 0.07744908453819253, 0.31127812445913283, 0.07310400793180982, 0.007299156760473963, 0.0037024515418363386, 0.07622434155290266, 0.31127812445913283, 0.31127812445913283, 0.11009182675183558, 0.12425601093475921, 0.31127812445913283, 0.17750440524619315, 0.07310400793180982, 0.07310400793180982, 0.31127812445913283, 0.31127812445913283, 0.12425601093475921, 0.011482406826014972, 0.0207208396239082, 0.0005570970453080571, 0.07310400793180982, 0.004167970681504568, 0.0001877124226694997), (0.009036677434107646, 0.005050449860393488, 0.23305878051279882, 0.014691469621310085, 0.016941071056623243, 0.00822299722902229, 0.06859186091507882, 0.042041899344894246, 0.05655009359654585, 0.03889315594457522, 0.0463685414106319, 0.10206066129537185, 0.02359015854559616, 0.005865051239364611, 0.05171298000558475, 0.025509910978289904, 0.0487949406953985, 0.0454498512923588, 0.07310400793180982, 0.011482406826014972, 0.31127812445913283, 0.010396593705431272, 0.08111870596083268, 0.31127812445913283, 0.31127812445913283, 0.0207208396239082, 0.0487949406953985, 0.0022344421708708415, 0.2087803925185126, 0.07310400793180982, 0.042041899344894246, 0.20534969973663775, 0.05738732460549023, 0.01274900060462203, 0.16395604408354778, 0.028564156811275485, 0.0008790379110077892, 0.011482406826014972, 0.0207208396239082, 0.006523190206172563)]}}
AdaptationManager: Configuring next round...
{'client_registry': {'enabled': True, 'params': {}}, 'client_selector': {'enabled': True, 'params': {'selection_strategy': 'Resource-Based', 'selection_criteria': 'CPU', 'selection_value': 2}}, 'client_cluster': {'enabled': False, 'params': {}}, 'message_compressor': {'enabled': False, 'params': {}}, 'model_co-versioning_registry': {'enabled': False, 'params': {}}, 'multi-task_model_trainer': {'enabled': False, 'params': {}}, 'heterogeneous_data_handler': {'enabled': False, 'params': {}}}
{'client_selector': {'enabled': False}, 'client_cluster': {'enabled': False}, 'message_compressor': {'enabled': False}, 'model_co-versioning_registry': {'enabled': False}, 'multi-task_model_trainer': {'enabled': False}, 'heterogeneous_data_handler': {'enabled': False}, 'client_registry': {'enabled': True, 'params': {}}}
round 7, 25 high, 15 low, 0.0-iid clients, predicted best policy: client_selector de-activated ❌
Results Aggregated in 0.50 seconds.
{'prostate_logreg': {'train_loss': [0.522915776676804, 0.5427853199305819, 0.5332852327020983, 0.5247821108030435, 0.5228983667317558, 0.5277808904927137, 0.515815269036044], 'train_accuracy': [0.816793893129771, 0.7574626865671642, 0.7955112219451371, 0.7795527156549521, 0.7870588235294118, 0.7750702905342081, 0.7872503840245776], 'train_f1': [0.6382153046275184, 0.6215918940941568, 0.7180952477257734, 0.7007106248803823, 0.710262182130933, 0.7134530051766068, 0.7370912785733648], 'train_mae': [0.183206106870229, 0.24253731343283583, 0.20448877805486285, 0.22044728434504793, 0.21294117647058824, 0.22492970946579194, 0.21274961597542244], 'val_loss': [0.6688459049731817, 0.6377556777112734, 0.616115763832738, 0.5995939056721463, 0.5858078998931507, 0.5752824584002021, 0.5660192995263178], 'val_accuracy': [0.5874208218288127, 0.6377553720757912, 0.6752644098972427, 0.6965068656107675, 0.7119190654985398, 0.7237473994164058, 0.7311821148042836], 'val_f1': [0.5696152489841033, 0.6213962218019262, 0.6605656935033855, 0.682166567578124, 0.6976623111126142, 0.7093488500054955, 0.7164395853798228], 'val_mae': [0.4125791781711873, 0.36224462792420875, 0.3247355901027573, 0.3034931343892326, 0.28808093450146016, 0.27625260058359424, 0.26881788519571637], 'jsd': [(0, 0, 0, 0, 0, 0, 0, 0.0207208396239082, 0.31127812445913283, 0.31127812445913283, 0.31127812445913283, 0.11009182675183558, 0.31127812445913283, 0.31127812445913283, 0.31127812445913283, 0.0037024515418363386, 0.31127812445913283, 0.31127812445913283, 0.31127812445913283, 0.31127812445913283, 0.31127812445913283, 0.31127812445913283, 0.31127812445913283, 0.31127812445913283, 0.07310400793180982, 0.0037024515418363386, 0.31127812445913283, 0.31127812445913283, 0.0350583482647871, 0.31127812445913283, 0.31127812445913283, 0.31127812445913283, 0, 0, 0, 0, 0, 0, 0, 0), (0, 0, 0, 0, 0, 0, 0, 0.0207208396239082, 0.31127812445913283, 0.31127812445913283, 0.31127812445913283, 0.06548833004089114, 0.0014939931791539789, 0.31127812445913283, 0.07310400793180982, 0, 0.1711038312803313, 0.31127812445913283, 0, 0.007299156760473963, 0.009756534087137225, 0.31127812445913283, 0.31127812445913283, 0.31127812445913283, 0, 0.015085156698935967, 0.0207208396239082, 0.16395604408354778, 0.0350583482647871, 0.31127812445913283, 0.31127812445913283, 0.16395604408354778, 0, 0, 0, 0, 0, 0, 0, 0), (0, 0, 0, 0, 0, 0, 0, 0.0207208396239082, 0.16395604408354778, 0.31127812445913283, 0.09922267539827352, 0.11009182675183558, 0.18850340411986471, 0.09328462323031235, 0.11009182675183558, 0.010396593705431272, 0.10481597017296576, 0.05400884513974839, 0.1711038312803313, 0.042041899344894246, 0.0004999522456092496, 0, 0.31127812445913283, 0.0207208396239082, 0.0008025382728216734, 0.00040919789219141973, 0.06149937804507184, 0, 0.00040919789219141973, 0.09328462323031235, 0.31127812445913283, 0.09328462323031235, 0, 0, 0, 0, 0, 0, 0, 0), (0.09328462323031235, 0.31127812445913283, 0.2087803925185126, 0.009756534087137225, 0.11385563424028564, 0.013714477705244553, 0.08025594233229469, 0.07310400793180982, 0.03857581598654605, 0.13251817521576753, 0.05253690168806249, 0.19326958066820893, 0.0350583482647871, 0.00429810722857266, 0.005050449860393488, 0.0207208396239082, 0.0487949406953985, 0.07850994353170956, 0.31127812445913283, 0.07310400793180982, 0.31127812445913283, 0.31127812445913283, 0.0002145058924891757, 0.31127812445913283, 0.31127812445913283, 0.31127812445913283, 0, 0.31127812445913283, 0.11009182675183558, 0.31127812445913283, 0.07310400793180982, 0.31127812445913283, 0.0487949406953985, 0.05738732460549023, 0.31127812445913283, 0.001254883843183478, 0.0002145058924891757, 0.0487949406953985, 0.2227619806994962, 0.0487949406953985), (0.07310400793180982, 0.0018086520489059392, 0.2227619806994962, 0.00822299722902229, 0.07622434155290266, 0.015085156698935967, 0.07310400793180982, 0.05738732460549023, 0.01423921619075233, 0.06660561007005729, 0.0487949406953985, 0.11009182675183558, 0.04105726891831728, 0.004167970681504568, 0.004727398383200621, 0.011482406826014972, 0.0487949406953985, 0.07744908453819253, 0.31127812445913283, 0.07310400793180982, 0.007299156760473963, 0.0037024515418363386, 0.07622434155290266, 0.31127812445913283, 0.31127812445913283, 0.11009182675183558, 0.12425601093475921, 0.31127812445913283, 0.17750440524619315, 0.07310400793180982, 0.07310400793180982, 0.31127812445913283, 0.31127812445913283, 0.12425601093475921, 0.011482406826014972, 0.0207208396239082, 0.0005570970453080571, 0.07310400793180982, 0.004167970681504568, 0.0001877124226694997), (0.009036677434107646, 0.005050449860393488, 0.23305878051279882, 0.014691469621310085, 0.016941071056623243, 0.00822299722902229, 0.06859186091507882, 0.042041899344894246, 0.05655009359654585, 0.03889315594457522, 0.0463685414106319, 0.10206066129537185, 0.02359015854559616, 0.005865051239364611, 0.05171298000558475, 0.025509910978289904, 0.0487949406953985, 0.0454498512923588, 0.07310400793180982, 0.011482406826014972, 0.31127812445913283, 0.010396593705431272, 0.08111870596083268, 0.31127812445913283, 0.31127812445913283, 0.0207208396239082, 0.0487949406953985, 0.0022344421708708415, 0.2087803925185126, 0.07310400793180982, 0.042041899344894246, 0.20534969973663775, 0.05738732460549023, 0.01274900060462203, 0.16395604408354778, 0.028564156811275485, 0.0008790379110077892, 0.011482406826014972, 0.0207208396239082, 0.006523190206172563), (0.012033410127123681, 0.0037024515418363386, 0.24237412989240623, 0.01717496977609681, 0.016009512159686483, 0.0010689285835955437, 0.11385563424028564, 0.0022344421708708415, 0.07310400793180982, 0.04432065423178154, 0.04674406725931858, 0.09328462323031235, 0.0231107894081813, 0.0055031961632630196, 0.02276859998040022, 0.006019887358649001, 0.03857581598654605, 0.06149937804507184, 0.05738732460549023, 0.05400884513974839, 0.007299156760473963, 0.005407888490294582, 0.07529706740701966, 0.2292798117148899, 0.15591489886228305, 0.05253690168806249, 0.011482406826014972, 0.00028867375520897666, 0.03857581598654605, 0.05400884513974839, 0.05400884513974839, 0.2227619806994962, 0.03221357089614439, 0.039737267151773975, 0.002830694750015385, 0.008003048984193635, 0.0017382218522886302, 0.0009214584011009545, 0.036145614849311655, 0.09587355378511578)]}}
AdaptationManager: Configuring next round...
{'client_registry': {'enabled': True, 'params': {}}, 'client_selector': {'enabled': True, 'params': {'selection_strategy': 'Resource-Based', 'selection_criteria': 'CPU', 'selection_value': 2}}, 'client_cluster': {'enabled': False, 'params': {}}, 'message_compressor': {'enabled': False, 'params': {}}, 'model_co-versioning_registry': {'enabled': False, 'params': {}}, 'multi-task_model_trainer': {'enabled': False, 'params': {}}, 'heterogeneous_data_handler': {'enabled': False, 'params': {}}}
{'client_selector': {'enabled': False}, 'client_cluster': {'enabled': False}, 'message_compressor': {'enabled': False}, 'model_co-versioning_registry': {'enabled': False}, 'multi-task_model_trainer': {'enabled': False}, 'heterogeneous_data_handler': {'enabled': False}, 'client_registry': {'enabled': True, 'params': {}}}
round 8, 25 high, 15 low, 0.0-iid clients, predicted best policy: client_selector activated ✅
Client Client 19 participates in this round. (CPU: 2, RAM: 2)
Client Client 23 participates in this round. (CPU: 2, RAM: 2)
Client Client 18 participates in this round. (CPU: 2, RAM: 2)
Client Client 25 participates in this round. (CPU: 2, RAM: 2)
Client Client 22 participates in this round. (CPU: 2, RAM: 2)
Client Client 21 participates in this round. (CPU: 2, RAM: 2)
Client Client 8 participates in this round. (CPU: 2, RAM: 2)
Client Client 11 participates in this round. (CPU: 2, RAM: 2)
Client Client 12 participates in this round. (CPU: 2, RAM: 2)
Client Client 37 has insufficient CPU (1). Will not participate in the next FL round.
Client Client 7 participates in this round. (CPU: 2, RAM: 2)
Client Client 16 participates in this round. (CPU: 2, RAM: 2)
Client Client 1 participates in this round. (CPU: 2, RAM: 2)
Client Client 3 participates in this round. (CPU: 2, RAM: 2)
Client Client 14 participates in this round. (CPU: 2, RAM: 2)
Client Client 17 participates in this round. (CPU: 2, RAM: 2)
Client Client 2 participates in this round. (CPU: 2, RAM: 2)
Client Client 4 participates in this round. (CPU: 2, RAM: 2)
Client Client 33 has insufficient CPU (1). Will not participate in the next FL round.
Client Client 6 participates in this round. (CPU: 2, RAM: 2)
Client Client 15 participates in this round. (CPU: 2, RAM: 2)
Client Client 32 has insufficient CPU (1). Will not participate in the next FL round.
Client Client 26 has insufficient CPU (1). Will not participate in the next FL round.
Client Client 10 participates in this round. (CPU: 2, RAM: 2)
Client Client 35 has insufficient CPU (1). Will not participate in the next FL round.
Client Client 27 has insufficient CPU (1). Will not participate in the next FL round.
Client Client 34 has insufficient CPU (1). Will not participate in the next FL round.
Client Client 20 participates in this round. (CPU: 2, RAM: 2)
Client Client 39 has insufficient CPU (1). Will not participate in the next FL round.
Client Client 9 participates in this round. (CPU: 2, RAM: 2)
Client Client 24 participates in this round. (CPU: 2, RAM: 2)
Client Client 5 participates in this round. (CPU: 2, RAM: 2)
Client Client 13 participates in this round. (CPU: 2, RAM: 2)
Client Client 38 has insufficient CPU (1). Will not participate in the next FL round.
Client Client 31 has insufficient CPU (1). Will not participate in the next FL round.
Client Client 30 has insufficient CPU (1). Will not participate in the next FL round.
Client Client 28 has insufficient CPU (1). Will not participate in the next FL round.
Client Client 36 has insufficient CPU (1). Will not participate in the next FL round.
Client Client 29 has insufficient CPU (1). Will not participate in the next FL round.
Client Client 40 has insufficient CPU (1). Will not participate in the next FL round.
Results Aggregated in 0.45 seconds.
{'prostate_logreg': {'train_loss': [0.522915776676804, 0.5427853199305819, 0.5332852327020983, 0.5247821108030435, 0.5228983667317558, 0.5277808904927137, 0.515815269036044, 0.5185789442376086], 'train_accuracy': [0.816793893129771, 0.7574626865671642, 0.7955112219451371, 0.7795527156549521, 0.7870588235294118, 0.7750702905342081, 0.7872503840245776, 0.7767695099818511], 'train_f1': [0.6382153046275184, 0.6215918940941568, 0.7180952477257734, 0.7007106248803823, 0.710262182130933, 0.7134530051766068, 0.7370912785733648, 0.7299939473310743], 'train_mae': [0.183206106870229, 0.24253731343283583, 0.20448877805486285, 0.22044728434504793, 0.21294117647058824, 0.22492970946579194, 0.21274961597542244, 0.22323049001814882], 'val_loss': [0.6688459049731817, 0.6377556777112734, 0.616115763832738, 0.5995939056721463, 0.5858078998931507, 0.5752824584002021, 0.5660192995263178, 0.5579627183401215], 'val_accuracy': [0.5874208218288127, 0.6377553720757912, 0.6752644098972427, 0.6965068656107675, 0.7119190654985398, 0.7237473994164058, 0.7311821148042836, 0.7366683399621577], 'val_f1': [0.5696152489841033, 0.6213962218019262, 0.6605656935033855, 0.682166567578124, 0.6976623111126142, 0.7093488500054955, 0.7164395853798228, 0.721529369099363], 'val_mae': [0.4125791781711873, 0.36224462792420875, 0.3247355901027573, 0.3034931343892326, 0.28808093450146016, 0.27625260058359424, 0.26881788519571637, 0.2633316600378422], 'jsd': [(0, 0, 0, 0, 0, 0, 0, 0.0207208396239082, 0.31127812445913283, 0.31127812445913283, 0.31127812445913283, 0.11009182675183558, 0.31127812445913283, 0.31127812445913283, 0.31127812445913283, 0.0037024515418363386, 0.31127812445913283, 0.31127812445913283, 0.31127812445913283, 0.31127812445913283, 0.31127812445913283, 0.31127812445913283, 0.31127812445913283, 0.31127812445913283, 0.07310400793180982, 0.0037024515418363386, 0.31127812445913283, 0.31127812445913283, 0.0350583482647871, 0.31127812445913283, 0.31127812445913283, 0.31127812445913283, 0, 0, 0, 0, 0, 0, 0, 0), (0, 0, 0, 0, 0, 0, 0, 0.0207208396239082, 0.31127812445913283, 0.31127812445913283, 0.31127812445913283, 0.06548833004089114, 0.0014939931791539789, 0.31127812445913283, 0.07310400793180982, 0, 0.1711038312803313, 0.31127812445913283, 0, 0.007299156760473963, 0.009756534087137225, 0.31127812445913283, 0.31127812445913283, 0.31127812445913283, 0, 0.015085156698935967, 0.0207208396239082, 0.16395604408354778, 0.0350583482647871, 0.31127812445913283, 0.31127812445913283, 0.16395604408354778, 0, 0, 0, 0, 0, 0, 0, 0), (0, 0, 0, 0, 0, 0, 0, 0.0207208396239082, 0.16395604408354778, 0.31127812445913283, 0.09922267539827352, 0.11009182675183558, 0.18850340411986471, 0.09328462323031235, 0.11009182675183558, 0.010396593705431272, 0.10481597017296576, 0.05400884513974839, 0.1711038312803313, 0.042041899344894246, 0.0004999522456092496, 0, 0.31127812445913283, 0.0207208396239082, 0.0008025382728216734, 0.00040919789219141973, 0.06149937804507184, 0, 0.00040919789219141973, 0.09328462323031235, 0.31127812445913283, 0.09328462323031235, 0, 0, 0, 0, 0, 0, 0, 0), (0.09328462323031235, 0.31127812445913283, 0.2087803925185126, 0.009756534087137225, 0.11385563424028564, 0.013714477705244553, 0.08025594233229469, 0.07310400793180982, 0.03857581598654605, 0.13251817521576753, 0.05253690168806249, 0.19326958066820893, 0.0350583482647871, 0.00429810722857266, 0.005050449860393488, 0.0207208396239082, 0.0487949406953985, 0.07850994353170956, 0.31127812445913283, 0.07310400793180982, 0.31127812445913283, 0.31127812445913283, 0.0002145058924891757, 0.31127812445913283, 0.31127812445913283, 0.31127812445913283, 0, 0.31127812445913283, 0.11009182675183558, 0.31127812445913283, 0.07310400793180982, 0.31127812445913283, 0.0487949406953985, 0.05738732460549023, 0.31127812445913283, 0.001254883843183478, 0.0002145058924891757, 0.0487949406953985, 0.2227619806994962, 0.0487949406953985), (0.07310400793180982, 0.0018086520489059392, 0.2227619806994962, 0.00822299722902229, 0.07622434155290266, 0.015085156698935967, 0.07310400793180982, 0.05738732460549023, 0.01423921619075233, 0.06660561007005729, 0.0487949406953985, 0.11009182675183558, 0.04105726891831728, 0.004167970681504568, 0.004727398383200621, 0.011482406826014972, 0.0487949406953985, 0.07744908453819253, 0.31127812445913283, 0.07310400793180982, 0.007299156760473963, 0.0037024515418363386, 0.07622434155290266, 0.31127812445913283, 0.31127812445913283, 0.11009182675183558, 0.12425601093475921, 0.31127812445913283, 0.17750440524619315, 0.07310400793180982, 0.07310400793180982, 0.31127812445913283, 0.31127812445913283, 0.12425601093475921, 0.011482406826014972, 0.0207208396239082, 0.0005570970453080571, 0.07310400793180982, 0.004167970681504568, 0.0001877124226694997), (0.009036677434107646, 0.005050449860393488, 0.23305878051279882, 0.014691469621310085, 0.016941071056623243, 0.00822299722902229, 0.06859186091507882, 0.042041899344894246, 0.05655009359654585, 0.03889315594457522, 0.0463685414106319, 0.10206066129537185, 0.02359015854559616, 0.005865051239364611, 0.05171298000558475, 0.025509910978289904, 0.0487949406953985, 0.0454498512923588, 0.07310400793180982, 0.011482406826014972, 0.31127812445913283, 0.010396593705431272, 0.08111870596083268, 0.31127812445913283, 0.31127812445913283, 0.0207208396239082, 0.0487949406953985, 0.0022344421708708415, 0.2087803925185126, 0.07310400793180982, 0.042041899344894246, 0.20534969973663775, 0.05738732460549023, 0.01274900060462203, 0.16395604408354778, 0.028564156811275485, 0.0008790379110077892, 0.011482406826014972, 0.0207208396239082, 0.006523190206172563), (0.012033410127123681, 0.0037024515418363386, 0.24237412989240623, 0.01717496977609681, 0.016009512159686483, 0.0010689285835955437, 0.11385563424028564, 0.0022344421708708415, 0.07310400793180982, 0.04432065423178154, 0.04674406725931858, 0.09328462323031235, 0.0231107894081813, 0.0055031961632630196, 0.02276859998040022, 0.006019887358649001, 0.03857581598654605, 0.06149937804507184, 0.05738732460549023, 0.05400884513974839, 0.007299156760473963, 0.005407888490294582, 0.07529706740701966, 0.2292798117148899, 0.15591489886228305, 0.05253690168806249, 0.011482406826014972, 0.00028867375520897666, 0.03857581598654605, 0.05400884513974839, 0.05400884513974839, 0.2227619806994962, 0.03221357089614439, 0.039737267151773975, 0.002830694750015385, 0.008003048984193635, 0.0017382218522886302, 0.0009214584011009545, 0.036145614849311655, 0.09587355378511578), (0, 0, 0, 0, 0, 0, 0, 0.0061446088533262735, 0.002830694750015385, 0.24844401300050659, 0.04105726891831728, 0.014038937565777093, 0.0014939931791539789, 0.10372355040574062, 0.0037024515418363386, 0.07898885115561567, 0.0031619139529965624, 0.02711041372683346, 0.08697257500448134, 0.010396593705431272, 0.0010689285835955437, 0.050988453276391066, 0.007299156760473963, 0.039737267151773975, 0.12931448059938455, 0.0019359358092692971, 0.05738732460549023, 0.0350583482647871, 0.0008589183281813573, 0.018135571823116266, 0.03600088831260688, 0.11009182675183558, 0, 0, 0, 0, 0, 0, 0, 0)]}}
AdaptationManager: Configuring next round...
{'client_registry': {'enabled': True, 'params': {}}, 'client_selector': {'enabled': True, 'params': {'selection_strategy': 'Resource-Based', 'selection_criteria': 'CPU', 'selection_value': 2}}, 'client_cluster': {'enabled': False, 'params': {}}, 'message_compressor': {'enabled': False, 'params': {}}, 'model_co-versioning_registry': {'enabled': False, 'params': {}}, 'multi-task_model_trainer': {'enabled': False, 'params': {}}, 'heterogeneous_data_handler': {'enabled': False, 'params': {}}}
{'client_selector': {'enabled': True}, 'client_cluster': {'enabled': False}, 'message_compressor': {'enabled': False}, 'model_co-versioning_registry': {'enabled': False}, 'multi-task_model_trainer': {'enabled': False}, 'heterogeneous_data_handler': {'enabled': False}, 'client_registry': {'enabled': True, 'params': {}}}
round 9, 25 high, 15 low, 0.0-iid clients, predicted best policy: client_selector activated ✅
Client Client 10 participates in this round. (CPU: 2, RAM: 2)
Client Client 18 participates in this round. (CPU: 2, RAM: 2)
Client Client 12 participates in this round. (CPU: 2, RAM: 2)
Client Client 4 participates in this round. (CPU: 2, RAM: 2)
Client Client 15 participates in this round. (CPU: 2, RAM: 2)
Client Client 19 participates in this round. (CPU: 2, RAM: 2)
Client Client 9 participates in this round. (CPU: 2, RAM: 2)
Client Client 1 participates in this round. (CPU: 2, RAM: 2)
Client Client 2 participates in this round. (CPU: 2, RAM: 2)
Client Client 5 participates in this round. (CPU: 2, RAM: 2)
Client Client 13 participates in this round. (CPU: 2, RAM: 2)
Client Client 3 participates in this round. (CPU: 2, RAM: 2)
Client Client 16 participates in this round. (CPU: 2, RAM: 2)
Client Client 22 participates in this round. (CPU: 2, RAM: 2)
Client Client 17 participates in this round. (CPU: 2, RAM: 2)
Client Client 7 participates in this round. (CPU: 2, RAM: 2)
Client Client 20 participates in this round. (CPU: 2, RAM: 2)
Client Client 23 participates in this round. (CPU: 2, RAM: 2)
Client Client 14 participates in this round. (CPU: 2, RAM: 2)
Client Client 33 has insufficient CPU (1). Will not participate in the next FL round.
Client Client 26 has insufficient CPU (1). Will not participate in the next FL round.
Client Client 24 participates in this round. (CPU: 2, RAM: 2)
Client Client 27 has insufficient CPU (1). Will not participate in the next FL round.
Client Client 35 has insufficient CPU (1). Will not participate in the next FL round.
Client Client 39 has insufficient CPU (1). Will not participate in the next FL round.
Client Client 40 has insufficient CPU (1). Will not participate in the next FL round.
Client Client 31 has insufficient CPU (1). Will not participate in the next FL round.
Client Client 28 has insufficient CPU (1). Will not participate in the next FL round.
Client Client 38 has insufficient CPU (1). Will not participate in the next FL round.
Client Client 21 participates in this round. (CPU: 2, RAM: 2)
Client Client 8 participates in this round. (CPU: 2, RAM: 2)
Client Client 25 participates in this round. (CPU: 2, RAM: 2)
Client Client 6 participates in this round. (CPU: 2, RAM: 2)
Client Client 34 has insufficient CPU (1). Will not participate in the next FL round.
Client Client 37 has insufficient CPU (1). Will not participate in the next FL round.
Client Client 29 has insufficient CPU (1). Will not participate in the next FL round.
Client Client 36 has insufficient CPU (1). Will not participate in the next FL round.
Client Client 11 participates in this round. (CPU: 2, RAM: 2)
Client Client 32 has insufficient CPU (1). Will not participate in the next FL round.
Client Client 30 has insufficient CPU (1). Will not participate in the next FL round.
Results Aggregated in 0.49 seconds.
{'prostate_logreg': {'train_loss': [0.522915776676804, 0.5427853199305819, 0.5332852327020983, 0.5247821108030435, 0.5228983667317558, 0.5277808904927137, 0.515815269036044, 0.5185789442376086, 0.5148100715509717], 'train_accuracy': [0.816793893129771, 0.7574626865671642, 0.7955112219451371, 0.7795527156549521, 0.7870588235294118, 0.7750702905342081, 0.7872503840245776, 0.7767695099818511, 0.7762520193861067], 'train_f1': [0.6382153046275184, 0.6215918940941568, 0.7180952477257734, 0.7007106248803823, 0.710262182130933, 0.7134530051766068, 0.7370912785733648, 0.7299939473310743, 0.7415117955729216], 'train_mae': [0.183206106870229, 0.24253731343283583, 0.20448877805486285, 0.22044728434504793, 0.21294117647058824, 0.22492970946579194, 0.21274961597542244, 0.22323049001814882, 0.22374798061389337], 'val_loss': [0.6688459049731817, 0.6377556777112734, 0.616115763832738, 0.5995939056721463, 0.5858078998931507, 0.5752824584002021, 0.5660192995263178, 0.5579627183401215, 0.5515093401237116], 'val_accuracy': [0.5874208218288127, 0.6377553720757912, 0.6752644098972427, 0.6965068656107675, 0.7119190654985398, 0.7237473994164058, 0.7311821148042836, 0.7366683399621577, 0.7386098030454061], 'val_f1': [0.5696152489841033, 0.6213962218019262, 0.6605656935033855, 0.682166567578124, 0.6976623111126142, 0.7093488500054955, 0.7164395853798228, 0.721529369099363, 0.7232959424620465], 'val_mae': [0.4125791781711873, 0.36224462792420875, 0.3247355901027573, 0.3034931343892326, 0.28808093450146016, 0.27625260058359424, 0.26881788519571637, 0.2633316600378422, 0.26139019695459387], 'jsd': [(0, 0, 0, 0, 0, 0, 0, 0.0207208396239082, 0.31127812445913283, 0.31127812445913283, 0.31127812445913283, 0.11009182675183558, 0.31127812445913283, 0.31127812445913283, 0.31127812445913283, 0.0037024515418363386, 0.31127812445913283, 0.31127812445913283, 0.31127812445913283, 0.31127812445913283, 0.31127812445913283, 0.31127812445913283, 0.31127812445913283, 0.31127812445913283, 0.07310400793180982, 0.0037024515418363386, 0.31127812445913283, 0.31127812445913283, 0.0350583482647871, 0.31127812445913283, 0.31127812445913283, 0.31127812445913283, 0, 0, 0, 0, 0, 0, 0, 0), (0, 0, 0, 0, 0, 0, 0, 0.0207208396239082, 0.31127812445913283, 0.31127812445913283, 0.31127812445913283, 0.06548833004089114, 0.0014939931791539789, 0.31127812445913283, 0.07310400793180982, 0, 0.1711038312803313, 0.31127812445913283, 0, 0.007299156760473963, 0.009756534087137225, 0.31127812445913283, 0.31127812445913283, 0.31127812445913283, 0, 0.015085156698935967, 0.0207208396239082, 0.16395604408354778, 0.0350583482647871, 0.31127812445913283, 0.31127812445913283, 0.16395604408354778, 0, 0, 0, 0, 0, 0, 0, 0), (0, 0, 0, 0, 0, 0, 0, 0.0207208396239082, 0.16395604408354778, 0.31127812445913283, 0.09922267539827352, 0.11009182675183558, 0.18850340411986471, 0.09328462323031235, 0.11009182675183558, 0.010396593705431272, 0.10481597017296576, 0.05400884513974839, 0.1711038312803313, 0.042041899344894246, 0.0004999522456092496, 0, 0.31127812445913283, 0.0207208396239082, 0.0008025382728216734, 0.00040919789219141973, 0.06149937804507184, 0, 0.00040919789219141973, 0.09328462323031235, 0.31127812445913283, 0.09328462323031235, 0, 0, 0, 0, 0, 0, 0, 0), (0.09328462323031235, 0.31127812445913283, 0.2087803925185126, 0.009756534087137225, 0.11385563424028564, 0.013714477705244553, 0.08025594233229469, 0.07310400793180982, 0.03857581598654605, 0.13251817521576753, 0.05253690168806249, 0.19326958066820893, 0.0350583482647871, 0.00429810722857266, 0.005050449860393488, 0.0207208396239082, 0.0487949406953985, 0.07850994353170956, 0.31127812445913283, 0.07310400793180982, 0.31127812445913283, 0.31127812445913283, 0.0002145058924891757, 0.31127812445913283, 0.31127812445913283, 0.31127812445913283, 0, 0.31127812445913283, 0.11009182675183558, 0.31127812445913283, 0.07310400793180982, 0.31127812445913283, 0.0487949406953985, 0.05738732460549023, 0.31127812445913283, 0.001254883843183478, 0.0002145058924891757, 0.0487949406953985, 0.2227619806994962, 0.0487949406953985), (0.07310400793180982, 0.0018086520489059392, 0.2227619806994962, 0.00822299722902229, 0.07622434155290266, 0.015085156698935967, 0.07310400793180982, 0.05738732460549023, 0.01423921619075233, 0.06660561007005729, 0.0487949406953985, 0.11009182675183558, 0.04105726891831728, 0.004167970681504568, 0.004727398383200621, 0.011482406826014972, 0.0487949406953985, 0.07744908453819253, 0.31127812445913283, 0.07310400793180982, 0.007299156760473963, 0.0037024515418363386, 0.07622434155290266, 0.31127812445913283, 0.31127812445913283, 0.11009182675183558, 0.12425601093475921, 0.31127812445913283, 0.17750440524619315, 0.07310400793180982, 0.07310400793180982, 0.31127812445913283, 0.31127812445913283, 0.12425601093475921, 0.011482406826014972, 0.0207208396239082, 0.0005570970453080571, 0.07310400793180982, 0.004167970681504568, 0.0001877124226694997), (0.009036677434107646, 0.005050449860393488, 0.23305878051279882, 0.014691469621310085, 0.016941071056623243, 0.00822299722902229, 0.06859186091507882, 0.042041899344894246, 0.05655009359654585, 0.03889315594457522, 0.0463685414106319, 0.10206066129537185, 0.02359015854559616, 0.005865051239364611, 0.05171298000558475, 0.025509910978289904, 0.0487949406953985, 0.0454498512923588, 0.07310400793180982, 0.011482406826014972, 0.31127812445913283, 0.010396593705431272, 0.08111870596083268, 0.31127812445913283, 0.31127812445913283, 0.0207208396239082, 0.0487949406953985, 0.0022344421708708415, 0.2087803925185126, 0.07310400793180982, 0.042041899344894246, 0.20534969973663775, 0.05738732460549023, 0.01274900060462203, 0.16395604408354778, 0.028564156811275485, 0.0008790379110077892, 0.011482406826014972, 0.0207208396239082, 0.006523190206172563), (0.012033410127123681, 0.0037024515418363386, 0.24237412989240623, 0.01717496977609681, 0.016009512159686483, 0.0010689285835955437, 0.11385563424028564, 0.0022344421708708415, 0.07310400793180982, 0.04432065423178154, 0.04674406725931858, 0.09328462323031235, 0.0231107894081813, 0.0055031961632630196, 0.02276859998040022, 0.006019887358649001, 0.03857581598654605, 0.06149937804507184, 0.05738732460549023, 0.05400884513974839, 0.007299156760473963, 0.005407888490294582, 0.07529706740701966, 0.2292798117148899, 0.15591489886228305, 0.05253690168806249, 0.011482406826014972, 0.00028867375520897666, 0.03857581598654605, 0.05400884513974839, 0.05400884513974839, 0.2227619806994962, 0.03221357089614439, 0.039737267151773975, 0.002830694750015385, 0.008003048984193635, 0.0017382218522886302, 0.0009214584011009545, 0.036145614849311655, 0.09587355378511578), (0, 0, 0, 0, 0, 0, 0, 0.0061446088533262735, 0.002830694750015385, 0.24844401300050659, 0.04105726891831728, 0.014038937565777093, 0.0014939931791539789, 0.10372355040574062, 0.0037024515418363386, 0.07898885115561567, 0.0031619139529965624, 0.02711041372683346, 0.08697257500448134, 0.010396593705431272, 0.0010689285835955437, 0.050988453276391066, 0.007299156760473963, 0.039737267151773975, 0.12931448059938455, 0.0019359358092692971, 0.05738732460549023, 0.0350583482647871, 0.0008589183281813573, 0.018135571823116266, 0.03600088831260688, 0.11009182675183558, 0, 0, 0, 0, 0, 0, 0, 0), (0, 0, 0, 0, 0, 0, 0, 0.004867022157993568, 0.0022344421708708415, 0.06627146564409989, 0.04031575601199518, 0.007299156760473963, 0, 0.11603915012591684, 0.0003410895898538083, 0.07310400793180982, 0.005050449860393488, 0.02345316312919523, 0.10206066129537185, 0.00402636741089939, 0.0012978730164486581, 0.046891375075551814, 0.015085156698935967, 0.031173613118524304, 0.14070293888931446, 0.01258931793513713, 0.03857581598654605, 0.03328315226577441, 0.003476844487206702, 0.028564156811275485, 0.019295237025311954, 0.03328315226577441, 0, 0, 0, 0, 0, 0, 0, 0)]}}
AdaptationManager: Configuring next round...
{'client_registry': {'enabled': True, 'params': {}}, 'client_selector': {'enabled': True, 'params': {'selection_strategy': 'Resource-Based', 'selection_criteria': 'CPU', 'selection_value': 2}}, 'client_cluster': {'enabled': False, 'params': {}}, 'message_compressor': {'enabled': False, 'params': {}}, 'model_co-versioning_registry': {'enabled': False, 'params': {}}, 'multi-task_model_trainer': {'enabled': False, 'params': {}}, 'heterogeneous_data_handler': {'enabled': False, 'params': {}}}
{'client_selector': {'enabled': True}, 'client_cluster': {'enabled': False}, 'message_compressor': {'enabled': False}, 'model_co-versioning_registry': {'enabled': False}, 'multi-task_model_trainer': {'enabled': False}, 'heterogeneous_data_handler': {'enabled': False}, 'client_registry': {'enabled': True, 'params': {}}}
round 10, 25 high, 15 low, 0.0-iid clients, predicted best policy: client_selector activated ✅
Client Client 6 participates in this round. (CPU: 2, RAM: 2)
Client Client 12 participates in this round. (CPU: 2, RAM: 2)
Client Client 13 participates in this round. (CPU: 2, RAM: 2)
Client Client 23 participates in this round. (CPU: 2, RAM: 2)
Client Client 22 participates in this round. (CPU: 2, RAM: 2)
Client Client 15 participates in this round. (CPU: 2, RAM: 2)
Client Client 1 participates in this round. (CPU: 2, RAM: 2)
Client Client 3 participates in this round. (CPU: 2, RAM: 2)
Client Client 19 participates in this round. (CPU: 2, RAM: 2)
Client Client 2 participates in this round. (CPU: 2, RAM: 2)
Client Client 9 participates in this round. (CPU: 2, RAM: 2)
Client Client 20 participates in this round. (CPU: 2, RAM: 2)
Client Client 24 participates in this round. (CPU: 2, RAM: 2)
Client Client 4 participates in this round. (CPU: 2, RAM: 2)
Client Client 18 participates in this round. (CPU: 2, RAM: 2)
Client Client 5 participates in this round. (CPU: 2, RAM: 2)
Client Client 7 participates in this round. (CPU: 2, RAM: 2)
Client Client 28 has insufficient CPU (1). Will not participate in the next FL round.
Client Client 31 has insufficient CPU (1). Will not participate in the next FL round.
Client Client 14 participates in this round. (CPU: 2, RAM: 2)
Client Client 21 participates in this round. (CPU: 2, RAM: 2)
Client Client 11 participates in this round. (CPU: 2, RAM: 2)
Client Client 38 has insufficient CPU (1). Will not participate in the next FL round.
Client Client 30 has insufficient CPU (1). Will not participate in the next FL round.
Client Client 29 has insufficient CPU (1). Will not participate in the next FL round.
Client Client 36 has insufficient CPU (1). Will not participate in the next FL round.
Client Client 16 participates in this round. (CPU: 2, RAM: 2)
Client Client 17 participates in this round. (CPU: 2, RAM: 2)
Client Client 33 has insufficient CPU (1). Will not participate in the next FL round.
Client Client 8 participates in this round. (CPU: 2, RAM: 2)
Client Client 25 participates in this round. (CPU: 2, RAM: 2)
Client Client 32 has insufficient CPU (1). Will not participate in the next FL round.
Client Client 10 participates in this round. (CPU: 2, RAM: 2)
Client Client 34 has insufficient CPU (1). Will not participate in the next FL round.
Client Client 35 has insufficient CPU (1). Will not participate in the next FL round.
Client Client 39 has insufficient CPU (1). Will not participate in the next FL round.
Client Client 40 has insufficient CPU (1). Will not participate in the next FL round.
Client Client 26 has insufficient CPU (1). Will not participate in the next FL round.
Client Client 27 has insufficient CPU (1). Will not participate in the next FL round.
Client Client 37 has insufficient CPU (1). Will not participate in the next FL round.
Results Aggregated in 0.44 seconds.
{'prostate_logreg': {'train_loss': [0.522915776676804, 0.5427853199305819, 0.5332852327020983, 0.5247821108030435, 0.5228983667317558, 0.5277808904927137, 0.515815269036044, 0.5185789442376086, 0.5148100715509717, 0.5160975533861446], 'train_accuracy': [0.816793893129771, 0.7574626865671642, 0.7955112219451371, 0.7795527156549521, 0.7870588235294118, 0.7750702905342081, 0.7872503840245776, 0.7767695099818511, 0.7762520193861067, 0.7619047619047619], 'train_f1': [0.6382153046275184, 0.6215918940941568, 0.7180952477257734, 0.7007106248803823, 0.710262182130933, 0.7134530051766068, 0.7370912785733648, 0.7299939473310743, 0.7415117955729216, 0.7301934917274622], 'train_mae': [0.183206106870229, 0.24253731343283583, 0.20448877805486285, 0.22044728434504793, 0.21294117647058824, 0.22492970946579194, 0.21274961597542244, 0.22323049001814882, 0.22374798061389337, 0.23809523809523808], 'val_loss': [0.6688459049731817, 0.6377556777112734, 0.616115763832738, 0.5995939056721463, 0.5858078998931507, 0.5752824584002021, 0.5660192995263178, 0.5579627183401215, 0.5515093401237116, 0.5462920460635549], 'val_accuracy': [0.5874208218288127, 0.6377553720757912, 0.6752644098972427, 0.6965068656107675, 0.7119190654985398, 0.7237473994164058, 0.7311821148042836, 0.7366683399621577, 0.7386098030454061, 0.7412338941594261], 'val_f1': [0.5696152489841033, 0.6213962218019262, 0.6605656935033855, 0.682166567578124, 0.6976623111126142, 0.7093488500054955, 0.7164395853798228, 0.721529369099363, 0.7232959424620465, 0.7254416991275343], 'val_mae': [0.4125791781711873, 0.36224462792420875, 0.3247355901027573, 0.3034931343892326, 0.28808093450146016, 0.27625260058359424, 0.26881788519571637, 0.2633316600378422, 0.26139019695459387, 0.25876610584057397], 'jsd': [(0, 0, 0, 0, 0, 0, 0, 0.0207208396239082, 0.31127812445913283, 0.31127812445913283, 0.31127812445913283, 0.11009182675183558, 0.31127812445913283, 0.31127812445913283, 0.31127812445913283, 0.0037024515418363386, 0.31127812445913283, 0.31127812445913283, 0.31127812445913283, 0.31127812445913283, 0.31127812445913283, 0.31127812445913283, 0.31127812445913283, 0.31127812445913283, 0.07310400793180982, 0.0037024515418363386, 0.31127812445913283, 0.31127812445913283, 0.0350583482647871, 0.31127812445913283, 0.31127812445913283, 0.31127812445913283, 0, 0, 0, 0, 0, 0, 0, 0), (0, 0, 0, 0, 0, 0, 0, 0.0207208396239082, 0.31127812445913283, 0.31127812445913283, 0.31127812445913283, 0.06548833004089114, 0.0014939931791539789, 0.31127812445913283, 0.07310400793180982, 0, 0.1711038312803313, 0.31127812445913283, 0, 0.007299156760473963, 0.009756534087137225, 0.31127812445913283, 0.31127812445913283, 0.31127812445913283, 0, 0.015085156698935967, 0.0207208396239082, 0.16395604408354778, 0.0350583482647871, 0.31127812445913283, 0.31127812445913283, 0.16395604408354778, 0, 0, 0, 0, 0, 0, 0, 0), (0, 0, 0, 0, 0, 0, 0, 0.0207208396239082, 0.16395604408354778, 0.31127812445913283, 0.09922267539827352, 0.11009182675183558, 0.18850340411986471, 0.09328462323031235, 0.11009182675183558, 0.010396593705431272, 0.10481597017296576, 0.05400884513974839, 0.1711038312803313, 0.042041899344894246, 0.0004999522456092496, 0, 0.31127812445913283, 0.0207208396239082, 0.0008025382728216734, 0.00040919789219141973, 0.06149937804507184, 0, 0.00040919789219141973, 0.09328462323031235, 0.31127812445913283, 0.09328462323031235, 0, 0, 0, 0, 0, 0, 0, 0), (0.09328462323031235, 0.31127812445913283, 0.2087803925185126, 0.009756534087137225, 0.11385563424028564, 0.013714477705244553, 0.08025594233229469, 0.07310400793180982, 0.03857581598654605, 0.13251817521576753, 0.05253690168806249, 0.19326958066820893, 0.0350583482647871, 0.00429810722857266, 0.005050449860393488, 0.0207208396239082, 0.0487949406953985, 0.07850994353170956, 0.31127812445913283, 0.07310400793180982, 0.31127812445913283, 0.31127812445913283, 0.0002145058924891757, 0.31127812445913283, 0.31127812445913283, 0.31127812445913283, 0, 0.31127812445913283, 0.11009182675183558, 0.31127812445913283, 0.07310400793180982, 0.31127812445913283, 0.0487949406953985, 0.05738732460549023, 0.31127812445913283, 0.001254883843183478, 0.0002145058924891757, 0.0487949406953985, 0.2227619806994962, 0.0487949406953985), (0.07310400793180982, 0.0018086520489059392, 0.2227619806994962, 0.00822299722902229, 0.07622434155290266, 0.015085156698935967, 0.07310400793180982, 0.05738732460549023, 0.01423921619075233, 0.06660561007005729, 0.0487949406953985, 0.11009182675183558, 0.04105726891831728, 0.004167970681504568, 0.004727398383200621, 0.011482406826014972, 0.0487949406953985, 0.07744908453819253, 0.31127812445913283, 0.07310400793180982, 0.007299156760473963, 0.0037024515418363386, 0.07622434155290266, 0.31127812445913283, 0.31127812445913283, 0.11009182675183558, 0.12425601093475921, 0.31127812445913283, 0.17750440524619315, 0.07310400793180982, 0.07310400793180982, 0.31127812445913283, 0.31127812445913283, 0.12425601093475921, 0.011482406826014972, 0.0207208396239082, 0.0005570970453080571, 0.07310400793180982, 0.004167970681504568, 0.0001877124226694997), (0.009036677434107646, 0.005050449860393488, 0.23305878051279882, 0.014691469621310085, 0.016941071056623243, 0.00822299722902229, 0.06859186091507882, 0.042041899344894246, 0.05655009359654585, 0.03889315594457522, 0.0463685414106319, 0.10206066129537185, 0.02359015854559616, 0.005865051239364611, 0.05171298000558475, 0.025509910978289904, 0.0487949406953985, 0.0454498512923588, 0.07310400793180982, 0.011482406826014972, 0.31127812445913283, 0.010396593705431272, 0.08111870596083268, 0.31127812445913283, 0.31127812445913283, 0.0207208396239082, 0.0487949406953985, 0.0022344421708708415, 0.2087803925185126, 0.07310400793180982, 0.042041899344894246, 0.20534969973663775, 0.05738732460549023, 0.01274900060462203, 0.16395604408354778, 0.028564156811275485, 0.0008790379110077892, 0.011482406826014972, 0.0207208396239082, 0.006523190206172563), (0.012033410127123681, 0.0037024515418363386, 0.24237412989240623, 0.01717496977609681, 0.016009512159686483, 0.0010689285835955437, 0.11385563424028564, 0.0022344421708708415, 0.07310400793180982, 0.04432065423178154, 0.04674406725931858, 0.09328462323031235, 0.0231107894081813, 0.0055031961632630196, 0.02276859998040022, 0.006019887358649001, 0.03857581598654605, 0.06149937804507184, 0.05738732460549023, 0.05400884513974839, 0.007299156760473963, 0.005407888490294582, 0.07529706740701966, 0.2292798117148899, 0.15591489886228305, 0.05253690168806249, 0.011482406826014972, 0.00028867375520897666, 0.03857581598654605, 0.05400884513974839, 0.05400884513974839, 0.2227619806994962, 0.03221357089614439, 0.039737267151773975, 0.002830694750015385, 0.008003048984193635, 0.0017382218522886302, 0.0009214584011009545, 0.036145614849311655, 0.09587355378511578), (0, 0, 0, 0, 0, 0, 0, 0.0061446088533262735, 0.002830694750015385, 0.24844401300050659, 0.04105726891831728, 0.014038937565777093, 0.0014939931791539789, 0.10372355040574062, 0.0037024515418363386, 0.07898885115561567, 0.0031619139529965624, 0.02711041372683346, 0.08697257500448134, 0.010396593705431272, 0.0010689285835955437, 0.050988453276391066, 0.007299156760473963, 0.039737267151773975, 0.12931448059938455, 0.0019359358092692971, 0.05738732460549023, 0.0350583482647871, 0.0008589183281813573, 0.018135571823116266, 0.03600088831260688, 0.11009182675183558, 0, 0, 0, 0, 0, 0, 0, 0), (0, 0, 0, 0, 0, 0, 0, 0.004867022157993568, 0.0022344421708708415, 0.06627146564409989, 0.04031575601199518, 0.007299156760473963, 0, 0.11603915012591684, 0.0003410895898538083, 0.07310400793180982, 0.005050449860393488, 0.02345316312919523, 0.10206066129537185, 0.00402636741089939, 0.0012978730164486581, 0.046891375075551814, 0.015085156698935967, 0.031173613118524304, 0.14070293888931446, 0.01258931793513713, 0.03857581598654605, 0.03328315226577441, 0.003476844487206702, 0.028564156811275485, 0.019295237025311954, 0.03328315226577441, 0, 0, 0, 0, 0, 0, 0, 0), (0, 0, 0, 0, 0, 0, 0, 0.0023839413783587893, 0.005301974832984377, 0.06900910450166178, 0.05207398638601675, 0.004122113616565049, 0.0009214584011009545, 0.10749195315105531, 0.0010689285835955437, 0.07622434155290266, 0.0032712817850098566, 0.004122113616565049, 0.1317293194736727, 0.007867664894852307, 0.0006631052098621127, 0.039191434062495145, 0.0064060099920141, 0.03268932243084692, 0.13251817521576753, 0.012465377054556089, 0.0487949406953985, 0.031896080966716533, 0.0027533280550219065, 0.025140556297286162, 0.05207398638601675, 0.006830658680456639, 0, 0, 0, 0, 0, 0, 0, 0)]}}
AdaptationManager: Configuring next round...
{'client_registry': {'enabled': True, 'params': {}}, 'client_selector': {'enabled': True, 'params': {'selection_strategy': 'Resource-Based', 'selection_criteria': 'CPU', 'selection_value': 2}}, 'client_cluster': {'enabled': False, 'params': {}}, 'message_compressor': {'enabled': False, 'params': {}}, 'model_co-versioning_registry': {'enabled': False, 'params': {}}, 'multi-task_model_trainer': {'enabled': False, 'params': {}}, 'heterogeneous_data_handler': {'enabled': False, 'params': {}}}
{'client_selector': {'enabled': True}, 'client_cluster': {'enabled': False}, 'message_compressor': {'enabled': False}, 'model_co-versioning_registry': {'enabled': False}, 'multi-task_model_trainer': {'enabled': False}, 'heterogeneous_data_handler': {'enabled': False}, 'client_registry': {'enabled': True, 'params': {}}}
round 11, 25 high, 15 low, 0.0-iid clients, predicted best policy: client_selector de-activated ❌
Results Aggregated in 0.45 seconds.
{'prostate_logreg': {'train_loss': [0.522915776676804, 0.5427853199305819, 0.5332852327020983, 0.5247821108030435, 0.5228983667317558, 0.5277808904927137, 0.515815269036044, 0.5185789442376086, 0.5148100715509717, 0.5160975533861446, 0.5036855980116703], 'train_accuracy': [0.816793893129771, 0.7574626865671642, 0.7955112219451371, 0.7795527156549521, 0.7870588235294118, 0.7750702905342081, 0.7872503840245776, 0.7767695099818511, 0.7762520193861067, 0.7619047619047619, 0.773827923750644], 'train_f1': [0.6382153046275184, 0.6215918940941568, 0.7180952477257734, 0.7007106248803823, 0.710262182130933, 0.7134530051766068, 0.7370912785733648, 0.7299939473310743, 0.7415117955729216, 0.7301934917274622, 0.7361494665981204], 'train_mae': [0.183206106870229, 0.24253731343283583, 0.20448877805486285, 0.22044728434504793, 0.21294117647058824, 0.22492970946579194, 0.21274961597542244, 0.22323049001814882, 0.22374798061389337, 0.23809523809523808, 0.226172076249356], 'val_loss': [0.6688459049731817, 0.6377556777112734, 0.616115763832738, 0.5995939056721463, 0.5858078998931507, 0.5752824584002021, 0.5660192995263178, 0.5579627183401215, 0.5515093401237116, 0.5462920460635549, 0.541909269548413], 'val_accuracy': [0.5874208218288127, 0.6377553720757912, 0.6752644098972427, 0.6965068656107675, 0.7119190654985398, 0.7237473994164058, 0.7311821148042836, 0.7366683399621577, 0.7386098030454061, 0.7412338941594261, 0.7419358669399776], 'val_f1': [0.5696152489841033, 0.6213962218019262, 0.6605656935033855, 0.682166567578124, 0.6976623111126142, 0.7093488500054955, 0.7164395853798228, 0.721529369099363, 0.7232959424620465, 0.7254416991275343, 0.7254262456173836], 'val_mae': [0.4125791781711873, 0.36224462792420875, 0.3247355901027573, 0.3034931343892326, 0.28808093450146016, 0.27625260058359424, 0.26881788519571637, 0.2633316600378422, 0.26139019695459387, 0.25876610584057397, 0.2580641330600224], 'jsd': [(0, 0, 0, 0, 0, 0, 0, 0.0207208396239082, 0.31127812445913283, 0.31127812445913283, 0.31127812445913283, 0.11009182675183558, 0.31127812445913283, 0.31127812445913283, 0.31127812445913283, 0.0037024515418363386, 0.31127812445913283, 0.31127812445913283, 0.31127812445913283, 0.31127812445913283, 0.31127812445913283, 0.31127812445913283, 0.31127812445913283, 0.31127812445913283, 0.07310400793180982, 0.0037024515418363386, 0.31127812445913283, 0.31127812445913283, 0.0350583482647871, 0.31127812445913283, 0.31127812445913283, 0.31127812445913283, 0, 0, 0, 0, 0, 0, 0, 0), (0, 0, 0, 0, 0, 0, 0, 0.0207208396239082, 0.31127812445913283, 0.31127812445913283, 0.31127812445913283, 0.06548833004089114, 0.0014939931791539789, 0.31127812445913283, 0.07310400793180982, 0, 0.1711038312803313, 0.31127812445913283, 0, 0.007299156760473963, 0.009756534087137225, 0.31127812445913283, 0.31127812445913283, 0.31127812445913283, 0, 0.015085156698935967, 0.0207208396239082, 0.16395604408354778, 0.0350583482647871, 0.31127812445913283, 0.31127812445913283, 0.16395604408354778, 0, 0, 0, 0, 0, 0, 0, 0), (0, 0, 0, 0, 0, 0, 0, 0.0207208396239082, 0.16395604408354778, 0.31127812445913283, 0.09922267539827352, 0.11009182675183558, 0.18850340411986471, 0.09328462323031235, 0.11009182675183558, 0.010396593705431272, 0.10481597017296576, 0.05400884513974839, 0.1711038312803313, 0.042041899344894246, 0.0004999522456092496, 0, 0.31127812445913283, 0.0207208396239082, 0.0008025382728216734, 0.00040919789219141973, 0.06149937804507184, 0, 0.00040919789219141973, 0.09328462323031235, 0.31127812445913283, 0.09328462323031235, 0, 0, 0, 0, 0, 0, 0, 0), (0.09328462323031235, 0.31127812445913283, 0.2087803925185126, 0.009756534087137225, 0.11385563424028564, 0.013714477705244553, 0.08025594233229469, 0.07310400793180982, 0.03857581598654605, 0.13251817521576753, 0.05253690168806249, 0.19326958066820893, 0.0350583482647871, 0.00429810722857266, 0.005050449860393488, 0.0207208396239082, 0.0487949406953985, 0.07850994353170956, 0.31127812445913283, 0.07310400793180982, 0.31127812445913283, 0.31127812445913283, 0.0002145058924891757, 0.31127812445913283, 0.31127812445913283, 0.31127812445913283, 0, 0.31127812445913283, 0.11009182675183558, 0.31127812445913283, 0.07310400793180982, 0.31127812445913283, 0.0487949406953985, 0.05738732460549023, 0.31127812445913283, 0.001254883843183478, 0.0002145058924891757, 0.0487949406953985, 0.2227619806994962, 0.0487949406953985), (0.07310400793180982, 0.0018086520489059392, 0.2227619806994962, 0.00822299722902229, 0.07622434155290266, 0.015085156698935967, 0.07310400793180982, 0.05738732460549023, 0.01423921619075233, 0.06660561007005729, 0.0487949406953985, 0.11009182675183558, 0.04105726891831728, 0.004167970681504568, 0.004727398383200621, 0.011482406826014972, 0.0487949406953985, 0.07744908453819253, 0.31127812445913283, 0.07310400793180982, 0.007299156760473963, 0.0037024515418363386, 0.07622434155290266, 0.31127812445913283, 0.31127812445913283, 0.11009182675183558, 0.12425601093475921, 0.31127812445913283, 0.17750440524619315, 0.07310400793180982, 0.07310400793180982, 0.31127812445913283, 0.31127812445913283, 0.12425601093475921, 0.011482406826014972, 0.0207208396239082, 0.0005570970453080571, 0.07310400793180982, 0.004167970681504568, 0.0001877124226694997), (0.009036677434107646, 0.005050449860393488, 0.23305878051279882, 0.014691469621310085, 0.016941071056623243, 0.00822299722902229, 0.06859186091507882, 0.042041899344894246, 0.05655009359654585, 0.03889315594457522, 0.0463685414106319, 0.10206066129537185, 0.02359015854559616, 0.005865051239364611, 0.05171298000558475, 0.025509910978289904, 0.0487949406953985, 0.0454498512923588, 0.07310400793180982, 0.011482406826014972, 0.31127812445913283, 0.010396593705431272, 0.08111870596083268, 0.31127812445913283, 0.31127812445913283, 0.0207208396239082, 0.0487949406953985, 0.0022344421708708415, 0.2087803925185126, 0.07310400793180982, 0.042041899344894246, 0.20534969973663775, 0.05738732460549023, 0.01274900060462203, 0.16395604408354778, 0.028564156811275485, 0.0008790379110077892, 0.011482406826014972, 0.0207208396239082, 0.006523190206172563), (0.012033410127123681, 0.0037024515418363386, 0.24237412989240623, 0.01717496977609681, 0.016009512159686483, 0.0010689285835955437, 0.11385563424028564, 0.0022344421708708415, 0.07310400793180982, 0.04432065423178154, 0.04674406725931858, 0.09328462323031235, 0.0231107894081813, 0.0055031961632630196, 0.02276859998040022, 0.006019887358649001, 0.03857581598654605, 0.06149937804507184, 0.05738732460549023, 0.05400884513974839, 0.007299156760473963, 0.005407888490294582, 0.07529706740701966, 0.2292798117148899, 0.15591489886228305, 0.05253690168806249, 0.011482406826014972, 0.00028867375520897666, 0.03857581598654605, 0.05400884513974839, 0.05400884513974839, 0.2227619806994962, 0.03221357089614439, 0.039737267151773975, 0.002830694750015385, 0.008003048984193635, 0.0017382218522886302, 0.0009214584011009545, 0.036145614849311655, 0.09587355378511578), (0, 0, 0, 0, 0, 0, 0, 0.0061446088533262735, 0.002830694750015385, 0.24844401300050659, 0.04105726891831728, 0.014038937565777093, 0.0014939931791539789, 0.10372355040574062, 0.0037024515418363386, 0.07898885115561567, 0.0031619139529965624, 0.02711041372683346, 0.08697257500448134, 0.010396593705431272, 0.0010689285835955437, 0.050988453276391066, 0.007299156760473963, 0.039737267151773975, 0.12931448059938455, 0.0019359358092692971, 0.05738732460549023, 0.0350583482647871, 0.0008589183281813573, 0.018135571823116266, 0.03600088831260688, 0.11009182675183558, 0, 0, 0, 0, 0, 0, 0, 0), (0, 0, 0, 0, 0, 0, 0, 0.004867022157993568, 0.0022344421708708415, 0.06627146564409989, 0.04031575601199518, 0.007299156760473963, 0, 0.11603915012591684, 0.0003410895898538083, 0.07310400793180982, 0.005050449860393488, 0.02345316312919523, 0.10206066129537185, 0.00402636741089939, 0.0012978730164486581, 0.046891375075551814, 0.015085156698935967, 0.031173613118524304, 0.14070293888931446, 0.01258931793513713, 0.03857581598654605, 0.03328315226577441, 0.003476844487206702, 0.028564156811275485, 0.019295237025311954, 0.03328315226577441, 0, 0, 0, 0, 0, 0, 0, 0), (0, 0, 0, 0, 0, 0, 0, 0.0023839413783587893, 0.005301974832984377, 0.06900910450166178, 0.05207398638601675, 0.004122113616565049, 0.0009214584011009545, 0.10749195315105531, 0.0010689285835955437, 0.07622434155290266, 0.0032712817850098566, 0.004122113616565049, 0.1317293194736727, 0.007867664894852307, 0.0006631052098621127, 0.039191434062495145, 0.0064060099920141, 0.03268932243084692, 0.13251817521576753, 0.012465377054556089, 0.0487949406953985, 0.031896080966716533, 0.0027533280550219065, 0.025140556297286162, 0.05207398638601675, 0.006830658680456639, 0, 0, 0, 0, 0, 0, 0, 0), (0.0032712817850098566, 8.906807913130425e-05, 0.06056140150705616, 0.06859186091507882, 0.005572828884914387, 0.0023839413783587893, 0.11746492658590664, 0.0002145058924891757, 0.025317841727168493, 0.00030471608277718963, 0.004084476320002462, 0.14070293888931446, 0.03254945726919092, 0.0005570970453080571, 0.037285451679794746, 0.007299156760473963, 0.026881818822810627, 0.14175359252903857, 0.19094034698434098, 0.05738732460549023, 0.009756534087137225, 0.009036677434107646, 0.013949306965373928, 0.07622434155290266, 0.11009182675183558, 0.0487949406953985, 0.0037024515418363386, 0.009335040408067166, 0.0487949406953985, 0.027910215332363916, 0.0010689285835955437, 0.23646636812449032, 0.0350583482647871, 0.045824702319694016, 0.007299156760473963, 0.041276480022850906, 0.007299156760473963, 0.0022344421708708415, 0.05026059016936166, 0.010149344670410294)]}}
AdaptationManager: Configuring next round...
{'client_registry': {'enabled': True, 'params': {}}, 'client_selector': {'enabled': True, 'params': {'selection_strategy': 'Resource-Based', 'selection_criteria': 'CPU', 'selection_value': 2}}, 'client_cluster': {'enabled': False, 'params': {}}, 'message_compressor': {'enabled': False, 'params': {}}, 'model_co-versioning_registry': {'enabled': False, 'params': {}}, 'multi-task_model_trainer': {'enabled': False, 'params': {}}, 'heterogeneous_data_handler': {'enabled': False, 'params': {}}}
{'client_selector': {'enabled': False}, 'client_cluster': {'enabled': False}, 'message_compressor': {'enabled': False}, 'model_co-versioning_registry': {'enabled': False}, 'multi-task_model_trainer': {'enabled': False}, 'heterogeneous_data_handler': {'enabled': False}, 'client_registry': {'enabled': True, 'params': {}}}
round 12, 25 high, 15 low, 0.0-iid clients, predicted best policy: client_selector de-activated ❌
Results Aggregated in 0.48 seconds.
{'prostate_logreg': {'train_loss': [0.522915776676804, 0.5427853199305819, 0.5332852327020983, 0.5247821108030435, 0.5228983667317558, 0.5277808904927137, 0.515815269036044, 0.5185789442376086, 0.5148100715509717, 0.5160975533861446, 0.5036855980116703, 0.5035347050527548], 'train_accuracy': [0.816793893129771, 0.7574626865671642, 0.7955112219451371, 0.7795527156549521, 0.7870588235294118, 0.7750702905342081, 0.7872503840245776, 0.7767695099818511, 0.7762520193861067, 0.7619047619047619, 0.773827923750644, 0.7726432532347505], 'train_f1': [0.6382153046275184, 0.6215918940941568, 0.7180952477257734, 0.7007106248803823, 0.710262182130933, 0.7134530051766068, 0.7370912785733648, 0.7299939473310743, 0.7415117955729216, 0.7301934917274622, 0.7361494665981204, 0.7379354065066691], 'train_mae': [0.183206106870229, 0.24253731343283583, 0.20448877805486285, 0.22044728434504793, 0.21294117647058824, 0.22492970946579194, 0.21274961597542244, 0.22323049001814882, 0.22374798061389337, 0.23809523809523808, 0.226172076249356, 0.22735674676524953], 'val_loss': [0.6688459049731817, 0.6377556777112734, 0.616115763832738, 0.5995939056721463, 0.5858078998931507, 0.5752824584002021, 0.5660192995263178, 0.5579627183401215, 0.5515093401237116, 0.5462920460635549, 0.541909269548413, 0.538838500301823], 'val_accuracy': [0.5874208218288127, 0.6377553720757912, 0.6752644098972427, 0.6965068656107675, 0.7119190654985398, 0.7237473994164058, 0.7311821148042836, 0.7366683399621577, 0.7386098030454061, 0.7412338941594261, 0.7419358669399776, 0.742305177567153], 'val_f1': [0.5696152489841033, 0.6213962218019262, 0.6605656935033855, 0.682166567578124, 0.6976623111126142, 0.7093488500054955, 0.7164395853798228, 0.721529369099363, 0.7232959424620465, 0.7254416991275343, 0.7254262456173836, 0.725269144093387], 'val_mae': [0.4125791781711873, 0.36224462792420875, 0.3247355901027573, 0.3034931343892326, 0.28808093450146016, 0.27625260058359424, 0.26881788519571637, 0.2633316600378422, 0.26139019695459387, 0.25876610584057397, 0.2580641330600224, 0.25769482243284697], 'jsd': [(0, 0, 0, 0, 0, 0, 0, 0.0207208396239082, 0.31127812445913283, 0.31127812445913283, 0.31127812445913283, 0.11009182675183558, 0.31127812445913283, 0.31127812445913283, 0.31127812445913283, 0.0037024515418363386, 0.31127812445913283, 0.31127812445913283, 0.31127812445913283, 0.31127812445913283, 0.31127812445913283, 0.31127812445913283, 0.31127812445913283, 0.31127812445913283, 0.07310400793180982, 0.0037024515418363386, 0.31127812445913283, 0.31127812445913283, 0.0350583482647871, 0.31127812445913283, 0.31127812445913283, 0.31127812445913283, 0, 0, 0, 0, 0, 0, 0, 0), (0, 0, 0, 0, 0, 0, 0, 0.0207208396239082, 0.31127812445913283, 0.31127812445913283, 0.31127812445913283, 0.06548833004089114, 0.0014939931791539789, 0.31127812445913283, 0.07310400793180982, 0, 0.1711038312803313, 0.31127812445913283, 0, 0.007299156760473963, 0.009756534087137225, 0.31127812445913283, 0.31127812445913283, 0.31127812445913283, 0, 0.015085156698935967, 0.0207208396239082, 0.16395604408354778, 0.0350583482647871, 0.31127812445913283, 0.31127812445913283, 0.16395604408354778, 0, 0, 0, 0, 0, 0, 0, 0), (0, 0, 0, 0, 0, 0, 0, 0.0207208396239082, 0.16395604408354778, 0.31127812445913283, 0.09922267539827352, 0.11009182675183558, 0.18850340411986471, 0.09328462323031235, 0.11009182675183558, 0.010396593705431272, 0.10481597017296576, 0.05400884513974839, 0.1711038312803313, 0.042041899344894246, 0.0004999522456092496, 0, 0.31127812445913283, 0.0207208396239082, 0.0008025382728216734, 0.00040919789219141973, 0.06149937804507184, 0, 0.00040919789219141973, 0.09328462323031235, 0.31127812445913283, 0.09328462323031235, 0, 0, 0, 0, 0, 0, 0, 0), (0.09328462323031235, 0.31127812445913283, 0.2087803925185126, 0.009756534087137225, 0.11385563424028564, 0.013714477705244553, 0.08025594233229469, 0.07310400793180982, 0.03857581598654605, 0.13251817521576753, 0.05253690168806249, 0.19326958066820893, 0.0350583482647871, 0.00429810722857266, 0.005050449860393488, 0.0207208396239082, 0.0487949406953985, 0.07850994353170956, 0.31127812445913283, 0.07310400793180982, 0.31127812445913283, 0.31127812445913283, 0.0002145058924891757, 0.31127812445913283, 0.31127812445913283, 0.31127812445913283, 0, 0.31127812445913283, 0.11009182675183558, 0.31127812445913283, 0.07310400793180982, 0.31127812445913283, 0.0487949406953985, 0.05738732460549023, 0.31127812445913283, 0.001254883843183478, 0.0002145058924891757, 0.0487949406953985, 0.2227619806994962, 0.0487949406953985), (0.07310400793180982, 0.0018086520489059392, 0.2227619806994962, 0.00822299722902229, 0.07622434155290266, 0.015085156698935967, 0.07310400793180982, 0.05738732460549023, 0.01423921619075233, 0.06660561007005729, 0.0487949406953985, 0.11009182675183558, 0.04105726891831728, 0.004167970681504568, 0.004727398383200621, 0.011482406826014972, 0.0487949406953985, 0.07744908453819253, 0.31127812445913283, 0.07310400793180982, 0.007299156760473963, 0.0037024515418363386, 0.07622434155290266, 0.31127812445913283, 0.31127812445913283, 0.11009182675183558, 0.12425601093475921, 0.31127812445913283, 0.17750440524619315, 0.07310400793180982, 0.07310400793180982, 0.31127812445913283, 0.31127812445913283, 0.12425601093475921, 0.011482406826014972, 0.0207208396239082, 0.0005570970453080571, 0.07310400793180982, 0.004167970681504568, 0.0001877124226694997), (0.009036677434107646, 0.005050449860393488, 0.23305878051279882, 0.014691469621310085, 0.016941071056623243, 0.00822299722902229, 0.06859186091507882, 0.042041899344894246, 0.05655009359654585, 0.03889315594457522, 0.0463685414106319, 0.10206066129537185, 0.02359015854559616, 0.005865051239364611, 0.05171298000558475, 0.025509910978289904, 0.0487949406953985, 0.0454498512923588, 0.07310400793180982, 0.011482406826014972, 0.31127812445913283, 0.010396593705431272, 0.08111870596083268, 0.31127812445913283, 0.31127812445913283, 0.0207208396239082, 0.0487949406953985, 0.0022344421708708415, 0.2087803925185126, 0.07310400793180982, 0.042041899344894246, 0.20534969973663775, 0.05738732460549023, 0.01274900060462203, 0.16395604408354778, 0.028564156811275485, 0.0008790379110077892, 0.011482406826014972, 0.0207208396239082, 0.006523190206172563), (0.012033410127123681, 0.0037024515418363386, 0.24237412989240623, 0.01717496977609681, 0.016009512159686483, 0.0010689285835955437, 0.11385563424028564, 0.0022344421708708415, 0.07310400793180982, 0.04432065423178154, 0.04674406725931858, 0.09328462323031235, 0.0231107894081813, 0.0055031961632630196, 0.02276859998040022, 0.006019887358649001, 0.03857581598654605, 0.06149937804507184, 0.05738732460549023, 0.05400884513974839, 0.007299156760473963, 0.005407888490294582, 0.07529706740701966, 0.2292798117148899, 0.15591489886228305, 0.05253690168806249, 0.011482406826014972, 0.00028867375520897666, 0.03857581598654605, 0.05400884513974839, 0.05400884513974839, 0.2227619806994962, 0.03221357089614439, 0.039737267151773975, 0.002830694750015385, 0.008003048984193635, 0.0017382218522886302, 0.0009214584011009545, 0.036145614849311655, 0.09587355378511578), (0, 0, 0, 0, 0, 0, 0, 0.0061446088533262735, 0.002830694750015385, 0.24844401300050659, 0.04105726891831728, 0.014038937565777093, 0.0014939931791539789, 0.10372355040574062, 0.0037024515418363386, 0.07898885115561567, 0.0031619139529965624, 0.02711041372683346, 0.08697257500448134, 0.010396593705431272, 0.0010689285835955437, 0.050988453276391066, 0.007299156760473963, 0.039737267151773975, 0.12931448059938455, 0.0019359358092692971, 0.05738732460549023, 0.0350583482647871, 0.0008589183281813573, 0.018135571823116266, 0.03600088831260688, 0.11009182675183558, 0, 0, 0, 0, 0, 0, 0, 0), (0, 0, 0, 0, 0, 0, 0, 0.004867022157993568, 0.0022344421708708415, 0.06627146564409989, 0.04031575601199518, 0.007299156760473963, 0, 0.11603915012591684, 0.0003410895898538083, 0.07310400793180982, 0.005050449860393488, 0.02345316312919523, 0.10206066129537185, 0.00402636741089939, 0.0012978730164486581, 0.046891375075551814, 0.015085156698935967, 0.031173613118524304, 0.14070293888931446, 0.01258931793513713, 0.03857581598654605, 0.03328315226577441, 0.003476844487206702, 0.028564156811275485, 0.019295237025311954, 0.03328315226577441, 0, 0, 0, 0, 0, 0, 0, 0), (0, 0, 0, 0, 0, 0, 0, 0.0023839413783587893, 0.005301974832984377, 0.06900910450166178, 0.05207398638601675, 0.004122113616565049, 0.0009214584011009545, 0.10749195315105531, 0.0010689285835955437, 0.07622434155290266, 0.0032712817850098566, 0.004122113616565049, 0.1317293194736727, 0.007867664894852307, 0.0006631052098621127, 0.039191434062495145, 0.0064060099920141, 0.03268932243084692, 0.13251817521576753, 0.012465377054556089, 0.0487949406953985, 0.031896080966716533, 0.0027533280550219065, 0.025140556297286162, 0.05207398638601675, 0.006830658680456639, 0, 0, 0, 0, 0, 0, 0, 0), (0.0032712817850098566, 8.906807913130425e-05, 0.06056140150705616, 0.06859186091507882, 0.005572828884914387, 0.0023839413783587893, 0.11746492658590664, 0.0002145058924891757, 0.025317841727168493, 0.00030471608277718963, 0.004084476320002462, 0.14070293888931446, 0.03254945726919092, 0.0005570970453080571, 0.037285451679794746, 0.007299156760473963, 0.026881818822810627, 0.14175359252903857, 0.19094034698434098, 0.05738732460549023, 0.009756534087137225, 0.009036677434107646, 0.013949306965373928, 0.07622434155290266, 0.11009182675183558, 0.0487949406953985, 0.0037024515418363386, 0.009335040408067166, 0.0487949406953985, 0.027910215332363916, 0.0010689285835955437, 0.23646636812449032, 0.0350583482647871, 0.045824702319694016, 0.007299156760473963, 0.041276480022850906, 0.007299156760473963, 0.0022344421708708415, 0.05026059016936166, 0.010149344670410294), (0.0016626576184457752, 0.0006767219177472479, 0.06149937804507184, 0.06502539038278278, 0.008723329471708632, 0.00036176918093652755, 0.09555361251896813, 0.0001877124226694997, 0.023795695918608258, 0.0010160633509259717, 0.006963639137030152, 0.15058560986911712, 0.007775948452200233, 0.002349447614504129, 0.04066211490300797, 0.004528991295546424, 0.0350583482647871, 0.1363471521273121, 0.20534969973663775, 0.06322393781435344, 0.0207208396239082, 0.0024479765006755194, 0.01286900199539727, 0.02276859998040022, 0.12745428142147208, 0.029569159854620865, 0.0026078279567117203, 0.006523190206172563, 0.004816452941871073, 0.015588395748542892, 0.0001877124226694997, 0.24616505675524458, 0.027910215332363916, 0.03634284572901042, 0.03302877414247969, 0.015297775930101544, 0.006963639137030152, 0.0006767219177472479, 0.04746468216969184, 0)]}}
AdaptationManager: Configuring next round...
{'client_registry': {'enabled': True, 'params': {}}, 'client_selector': {'enabled': True, 'params': {'selection_strategy': 'Resource-Based', 'selection_criteria': 'CPU', 'selection_value': 2}}, 'client_cluster': {'enabled': False, 'params': {}}, 'message_compressor': {'enabled': False, 'params': {}}, 'model_co-versioning_registry': {'enabled': False, 'params': {}}, 'multi-task_model_trainer': {'enabled': False, 'params': {}}, 'heterogeneous_data_handler': {'enabled': False, 'params': {}}}
{'client_selector': {'enabled': False}, 'client_cluster': {'enabled': False}, 'message_compressor': {'enabled': False}, 'model_co-versioning_registry': {'enabled': False}, 'multi-task_model_trainer': {'enabled': False}, 'heterogeneous_data_handler': {'enabled': False}, 'client_registry': {'enabled': True, 'params': {}}}
round 13, 25 high, 15 low, 0.0-iid clients, predicted best policy: client_selector de-activated ❌
Results Aggregated in 0.54 seconds.
{'prostate_logreg': {'train_loss': [0.522915776676804, 0.5427853199305819, 0.5332852327020983, 0.5247821108030435, 0.5228983667317558, 0.5277808904927137, 0.515815269036044, 0.5185789442376086, 0.5148100715509717, 0.5160975533861446, 0.5036855980116703, 0.5035347050527548, 0.5030098053230924], 'train_accuracy': [0.816793893129771, 0.7574626865671642, 0.7955112219451371, 0.7795527156549521, 0.7870588235294118, 0.7750702905342081, 0.7872503840245776, 0.7767695099818511, 0.7762520193861067, 0.7619047619047619, 0.773827923750644, 0.7726432532347505, 0.7690695725062867], 'train_f1': [0.6382153046275184, 0.6215918940941568, 0.7180952477257734, 0.7007106248803823, 0.710262182130933, 0.7134530051766068, 0.7370912785733648, 0.7299939473310743, 0.7415117955729216, 0.7301934917274622, 0.7361494665981204, 0.7379354065066691, 0.7323638807560429], 'train_mae': [0.183206106870229, 0.24253731343283583, 0.20448877805486285, 0.22044728434504793, 0.21294117647058824, 0.22492970946579194, 0.21274961597542244, 0.22323049001814882, 0.22374798061389337, 0.23809523809523808, 0.226172076249356, 0.22735674676524953, 0.23093042749371331], 'val_loss': [0.6688459049731817, 0.6377556777112734, 0.616115763832738, 0.5995939056721463, 0.5858078998931507, 0.5752824584002021, 0.5660192995263178, 0.5579627183401215, 0.5515093401237116, 0.5462920460635549, 0.541909269548413, 0.538838500301823, 0.5359443995344458], 'val_accuracy': [0.5874208218288127, 0.6377553720757912, 0.6752644098972427, 0.6965068656107675, 0.7119190654985398, 0.7237473994164058, 0.7311821148042836, 0.7366683399621577, 0.7386098030454061, 0.7412338941594261, 0.7419358669399776, 0.742305177567153, 0.7427532354812054], 'val_f1': [0.5696152489841033, 0.6213962218019262, 0.6605656935033855, 0.682166567578124, 0.6976623111126142, 0.7093488500054955, 0.7164395853798228, 0.721529369099363, 0.7232959424620465, 0.7254416991275343, 0.7254262456173836, 0.725269144093387, 0.7255141862525482], 'val_mae': [0.4125791781711873, 0.36224462792420875, 0.3247355901027573, 0.3034931343892326, 0.28808093450146016, 0.27625260058359424, 0.26881788519571637, 0.2633316600378422, 0.26139019695459387, 0.25876610584057397, 0.2580641330600224, 0.25769482243284697, 0.2572467645187946], 'jsd': [(0, 0, 0, 0, 0, 0, 0, 0.0207208396239082, 0.31127812445913283, 0.31127812445913283, 0.31127812445913283, 0.11009182675183558, 0.31127812445913283, 0.31127812445913283, 0.31127812445913283, 0.0037024515418363386, 0.31127812445913283, 0.31127812445913283, 0.31127812445913283, 0.31127812445913283, 0.31127812445913283, 0.31127812445913283, 0.31127812445913283, 0.31127812445913283, 0.07310400793180982, 0.0037024515418363386, 0.31127812445913283, 0.31127812445913283, 0.0350583482647871, 0.31127812445913283, 0.31127812445913283, 0.31127812445913283, 0, 0, 0, 0, 0, 0, 0, 0), (0, 0, 0, 0, 0, 0, 0, 0.0207208396239082, 0.31127812445913283, 0.31127812445913283, 0.31127812445913283, 0.06548833004089114, 0.0014939931791539789, 0.31127812445913283, 0.07310400793180982, 0, 0.1711038312803313, 0.31127812445913283, 0, 0.007299156760473963, 0.009756534087137225, 0.31127812445913283, 0.31127812445913283, 0.31127812445913283, 0, 0.015085156698935967, 0.0207208396239082, 0.16395604408354778, 0.0350583482647871, 0.31127812445913283, 0.31127812445913283, 0.16395604408354778, 0, 0, 0, 0, 0, 0, 0, 0), (0, 0, 0, 0, 0, 0, 0, 0.0207208396239082, 0.16395604408354778, 0.31127812445913283, 0.09922267539827352, 0.11009182675183558, 0.18850340411986471, 0.09328462323031235, 0.11009182675183558, 0.010396593705431272, 0.10481597017296576, 0.05400884513974839, 0.1711038312803313, 0.042041899344894246, 0.0004999522456092496, 0, 0.31127812445913283, 0.0207208396239082, 0.0008025382728216734, 0.00040919789219141973, 0.06149937804507184, 0, 0.00040919789219141973, 0.09328462323031235, 0.31127812445913283, 0.09328462323031235, 0, 0, 0, 0, 0, 0, 0, 0), (0.09328462323031235, 0.31127812445913283, 0.2087803925185126, 0.009756534087137225, 0.11385563424028564, 0.013714477705244553, 0.08025594233229469, 0.07310400793180982, 0.03857581598654605, 0.13251817521576753, 0.05253690168806249, 0.19326958066820893, 0.0350583482647871, 0.00429810722857266, 0.005050449860393488, 0.0207208396239082, 0.0487949406953985, 0.07850994353170956, 0.31127812445913283, 0.07310400793180982, 0.31127812445913283, 0.31127812445913283, 0.0002145058924891757, 0.31127812445913283, 0.31127812445913283, 0.31127812445913283, 0, 0.31127812445913283, 0.11009182675183558, 0.31127812445913283, 0.07310400793180982, 0.31127812445913283, 0.0487949406953985, 0.05738732460549023, 0.31127812445913283, 0.001254883843183478, 0.0002145058924891757, 0.0487949406953985, 0.2227619806994962, 0.0487949406953985), (0.07310400793180982, 0.0018086520489059392, 0.2227619806994962, 0.00822299722902229, 0.07622434155290266, 0.015085156698935967, 0.07310400793180982, 0.05738732460549023, 0.01423921619075233, 0.06660561007005729, 0.0487949406953985, 0.11009182675183558, 0.04105726891831728, 0.004167970681504568, 0.004727398383200621, 0.011482406826014972, 0.0487949406953985, 0.07744908453819253, 0.31127812445913283, 0.07310400793180982, 0.007299156760473963, 0.0037024515418363386, 0.07622434155290266, 0.31127812445913283, 0.31127812445913283, 0.11009182675183558, 0.12425601093475921, 0.31127812445913283, 0.17750440524619315, 0.07310400793180982, 0.07310400793180982, 0.31127812445913283, 0.31127812445913283, 0.12425601093475921, 0.011482406826014972, 0.0207208396239082, 0.0005570970453080571, 0.07310400793180982, 0.004167970681504568, 0.0001877124226694997), (0.009036677434107646, 0.005050449860393488, 0.23305878051279882, 0.014691469621310085, 0.016941071056623243, 0.00822299722902229, 0.06859186091507882, 0.042041899344894246, 0.05655009359654585, 0.03889315594457522, 0.0463685414106319, 0.10206066129537185, 0.02359015854559616, 0.005865051239364611, 0.05171298000558475, 0.025509910978289904, 0.0487949406953985, 0.0454498512923588, 0.07310400793180982, 0.011482406826014972, 0.31127812445913283, 0.010396593705431272, 0.08111870596083268, 0.31127812445913283, 0.31127812445913283, 0.0207208396239082, 0.0487949406953985, 0.0022344421708708415, 0.2087803925185126, 0.07310400793180982, 0.042041899344894246, 0.20534969973663775, 0.05738732460549023, 0.01274900060462203, 0.16395604408354778, 0.028564156811275485, 0.0008790379110077892, 0.011482406826014972, 0.0207208396239082, 0.006523190206172563), (0.012033410127123681, 0.0037024515418363386, 0.24237412989240623, 0.01717496977609681, 0.016009512159686483, 0.0010689285835955437, 0.11385563424028564, 0.0022344421708708415, 0.07310400793180982, 0.04432065423178154, 0.04674406725931858, 0.09328462323031235, 0.0231107894081813, 0.0055031961632630196, 0.02276859998040022, 0.006019887358649001, 0.03857581598654605, 0.06149937804507184, 0.05738732460549023, 0.05400884513974839, 0.007299156760473963, 0.005407888490294582, 0.07529706740701966, 0.2292798117148899, 0.15591489886228305, 0.05253690168806249, 0.011482406826014972, 0.00028867375520897666, 0.03857581598654605, 0.05400884513974839, 0.05400884513974839, 0.2227619806994962, 0.03221357089614439, 0.039737267151773975, 0.002830694750015385, 0.008003048984193635, 0.0017382218522886302, 0.0009214584011009545, 0.036145614849311655, 0.09587355378511578), (0, 0, 0, 0, 0, 0, 0, 0.0061446088533262735, 0.002830694750015385, 0.24844401300050659, 0.04105726891831728, 0.014038937565777093, 0.0014939931791539789, 0.10372355040574062, 0.0037024515418363386, 0.07898885115561567, 0.0031619139529965624, 0.02711041372683346, 0.08697257500448134, 0.010396593705431272, 0.0010689285835955437, 0.050988453276391066, 0.007299156760473963, 0.039737267151773975, 0.12931448059938455, 0.0019359358092692971, 0.05738732460549023, 0.0350583482647871, 0.0008589183281813573, 0.018135571823116266, 0.03600088831260688, 0.11009182675183558, 0, 0, 0, 0, 0, 0, 0, 0), (0, 0, 0, 0, 0, 0, 0, 0.004867022157993568, 0.0022344421708708415, 0.06627146564409989, 0.04031575601199518, 0.007299156760473963, 0, 0.11603915012591684, 0.0003410895898538083, 0.07310400793180982, 0.005050449860393488, 0.02345316312919523, 0.10206066129537185, 0.00402636741089939, 0.0012978730164486581, 0.046891375075551814, 0.015085156698935967, 0.031173613118524304, 0.14070293888931446, 0.01258931793513713, 0.03857581598654605, 0.03328315226577441, 0.003476844487206702, 0.028564156811275485, 0.019295237025311954, 0.03328315226577441, 0, 0, 0, 0, 0, 0, 0, 0), (0, 0, 0, 0, 0, 0, 0, 0.0023839413783587893, 0.005301974832984377, 0.06900910450166178, 0.05207398638601675, 0.004122113616565049, 0.0009214584011009545, 0.10749195315105531, 0.0010689285835955437, 0.07622434155290266, 0.0032712817850098566, 0.004122113616565049, 0.1317293194736727, 0.007867664894852307, 0.0006631052098621127, 0.039191434062495145, 0.0064060099920141, 0.03268932243084692, 0.13251817521576753, 0.012465377054556089, 0.0487949406953985, 0.031896080966716533, 0.0027533280550219065, 0.025140556297286162, 0.05207398638601675, 0.006830658680456639, 0, 0, 0, 0, 0, 0, 0, 0), (0.0032712817850098566, 8.906807913130425e-05, 0.06056140150705616, 0.06859186091507882, 0.005572828884914387, 0.0023839413783587893, 0.11746492658590664, 0.0002145058924891757, 0.025317841727168493, 0.00030471608277718963, 0.004084476320002462, 0.14070293888931446, 0.03254945726919092, 0.0005570970453080571, 0.037285451679794746, 0.007299156760473963, 0.026881818822810627, 0.14175359252903857, 0.19094034698434098, 0.05738732460549023, 0.009756534087137225, 0.009036677434107646, 0.013949306965373928, 0.07622434155290266, 0.11009182675183558, 0.0487949406953985, 0.0037024515418363386, 0.009335040408067166, 0.0487949406953985, 0.027910215332363916, 0.0010689285835955437, 0.23646636812449032, 0.0350583482647871, 0.045824702319694016, 0.007299156760473963, 0.041276480022850906, 0.007299156760473963, 0.0022344421708708415, 0.05026059016936166, 0.010149344670410294), (0.0016626576184457752, 0.0006767219177472479, 0.06149937804507184, 0.06502539038278278, 0.008723329471708632, 0.00036176918093652755, 0.09555361251896813, 0.0001877124226694997, 0.023795695918608258, 0.0010160633509259717, 0.006963639137030152, 0.15058560986911712, 0.007775948452200233, 0.002349447614504129, 0.04066211490300797, 0.004528991295546424, 0.0350583482647871, 0.1363471521273121, 0.20534969973663775, 0.06322393781435344, 0.0207208396239082, 0.0024479765006755194, 0.01286900199539727, 0.02276859998040022, 0.12745428142147208, 0.029569159854620865, 0.0026078279567117203, 0.006523190206172563, 0.004816452941871073, 0.015588395748542892, 0.0001877124226694997, 0.24616505675524458, 0.027910215332363916, 0.03634284572901042, 0.03302877414247969, 0.015297775930101544, 0.006963639137030152, 0.0006767219177472479, 0.04746468216969184, 0), (0.0014191336441856193, 0.00057833776936193, 0.0487949406953985, 0.06679086162879758, 0.005269516232494085, 0, 0.0912236531918895, 0.0025061505903558393, 0.04657205098437532, 0.006963639137030152, 8.16481194098554e-05, 0.1399942004868045, 0.0014072060559221049, 0.0030350376967938353, 0.03889315594457522, 0.008814443970100422, 0.04302177187503205, 0.11824694297878971, 0.2149397901480957, 0.04066211490300797, 0.0207208396239082, 0.07529706740701966, 0.0029530155390121333, 0.00566775380589651, 0.14431677453762248, 0.05528500114149415, 0.0002145058924891757, 0.012033410127123681, 0.030305144839322347, 0.0645025668287288, 0.00013175698573951195, 0.2149397901480957, 0.09328462323031235, 0.0016400534037116603, 0.03857581598654605, 0.015678504950564255, 0.00402636741089939, 6.420633961127121e-05, 0.05129937439493795, 0)]}}
AdaptationManager: Configuring next round...
{'client_registry': {'enabled': True, 'params': {}}, 'client_selector': {'enabled': True, 'params': {'selection_strategy': 'Resource-Based', 'selection_criteria': 'CPU', 'selection_value': 2}}, 'client_cluster': {'enabled': False, 'params': {}}, 'message_compressor': {'enabled': False, 'params': {}}, 'model_co-versioning_registry': {'enabled': False, 'params': {}}, 'multi-task_model_trainer': {'enabled': False, 'params': {}}, 'heterogeneous_data_handler': {'enabled': False, 'params': {}}}
{'client_selector': {'enabled': False}, 'client_cluster': {'enabled': False}, 'message_compressor': {'enabled': False}, 'model_co-versioning_registry': {'enabled': False}, 'multi-task_model_trainer': {'enabled': False}, 'heterogeneous_data_handler': {'enabled': False}, 'client_registry': {'enabled': True, 'params': {}}}
round 14, 25 high, 15 low, 0.0-iid clients, predicted best policy: client_selector activated ✅
Client Client 19 participates in this round. (CPU: 2, RAM: 2)
Client Client 22 participates in this round. (CPU: 2, RAM: 2)
Client Client 9 participates in this round. (CPU: 2, RAM: 2)
Client Client 12 participates in this round. (CPU: 2, RAM: 2)
Client Client 1 participates in this round. (CPU: 2, RAM: 2)
Client Client 8 participates in this round. (CPU: 2, RAM: 2)
Client Client 21 participates in this round. (CPU: 2, RAM: 2)
Client Client 4 participates in this round. (CPU: 2, RAM: 2)
Client Client 6 participates in this round. (CPU: 2, RAM: 2)
Client Client 20 participates in this round. (CPU: 2, RAM: 2)
Client Client 2 participates in this round. (CPU: 2, RAM: 2)
Client Client 24 participates in this round. (CPU: 2, RAM: 2)
Client Client 25 participates in this round. (CPU: 2, RAM: 2)
Client Client 14 participates in this round. (CPU: 2, RAM: 2)
Client Client 16 participates in this round. (CPU: 2, RAM: 2)
Client Client 23 participates in this round. (CPU: 2, RAM: 2)
Client Client 33 has insufficient CPU (1). Will not participate in the next FL round.
Client Client 28 has insufficient CPU (1). Will not participate in the next FL round.
Client Client 26 has insufficient CPU (1). Will not participate in the next FL round.
Client Client 17 participates in this round. (CPU: 2, RAM: 2)
Client Client 38 has insufficient CPU (1). Will not participate in the next FL round.
Client Client 36 has insufficient CPU (1). Will not participate in the next FL round.
Client Client 35 has insufficient CPU (1). Will not participate in the next FL round.
Client Client 29 has insufficient CPU (1). Will not participate in the next FL round.
Client Client 18 participates in this round. (CPU: 2, RAM: 2)
Client Client 39 has insufficient CPU (1). Will not participate in the next FL round.
Client Client 7 participates in this round. (CPU: 2, RAM: 2)
Client Client 40 has insufficient CPU (1). Will not participate in the next FL round.
Client Client 31 has insufficient CPU (1). Will not participate in the next FL round.
Client Client 32 has insufficient CPU (1). Will not participate in the next FL round.
Client Client 3 participates in this round. (CPU: 2, RAM: 2)
Client Client 15 participates in this round. (CPU: 2, RAM: 2)
Client Client 10 participates in this round. (CPU: 2, RAM: 2)
Client Client 13 participates in this round. (CPU: 2, RAM: 2)
Client Client 5 participates in this round. (CPU: 2, RAM: 2)
Client Client 34 has insufficient CPU (1). Will not participate in the next FL round.
Client Client 11 participates in this round. (CPU: 2, RAM: 2)
Client Client 37 has insufficient CPU (1). Will not participate in the next FL round.
Client Client 27 has insufficient CPU (1). Will not participate in the next FL round.
Client Client 30 has insufficient CPU (1). Will not participate in the next FL round.
Results Aggregated in 0.41 seconds.
{'prostate_logreg': {'train_loss': [0.522915776676804, 0.5427853199305819, 0.5332852327020983, 0.5247821108030435, 0.5228983667317558, 0.5277808904927137, 0.515815269036044, 0.5185789442376086, 0.5148100715509717, 0.5160975533861446, 0.5036855980116703, 0.5035347050527548, 0.5030098053230924, 0.5060250425732419], 'train_accuracy': [0.816793893129771, 0.7574626865671642, 0.7955112219451371, 0.7795527156549521, 0.7870588235294118, 0.7750702905342081, 0.7872503840245776, 0.7767695099818511, 0.7762520193861067, 0.7619047619047619, 0.773827923750644, 0.7726432532347505, 0.7690695725062867, 0.7636738906088751], 'train_f1': [0.6382153046275184, 0.6215918940941568, 0.7180952477257734, 0.7007106248803823, 0.710262182130933, 0.7134530051766068, 0.7370912785733648, 0.7299939473310743, 0.7415117955729216, 0.7301934917274622, 0.7361494665981204, 0.7379354065066691, 0.7323638807560429, 0.7395508562416407], 'train_mae': [0.183206106870229, 0.24253731343283583, 0.20448877805486285, 0.22044728434504793, 0.21294117647058824, 0.22492970946579194, 0.21274961597542244, 0.22323049001814882, 0.22374798061389337, 0.23809523809523808, 0.226172076249356, 0.22735674676524953, 0.23093042749371331, 0.23632610939112486], 'val_loss': [0.6688459049731817, 0.6377556777112734, 0.616115763832738, 0.5995939056721463, 0.5858078998931507, 0.5752824584002021, 0.5660192995263178, 0.5579627183401215, 0.5515093401237116, 0.5462920460635549, 0.541909269548413, 0.538838500301823, 0.5359443995344458, 0.532470053192732], 'val_accuracy': [0.5874208218288127, 0.6377553720757912, 0.6752644098972427, 0.6965068656107675, 0.7119190654985398, 0.7237473994164058, 0.7311821148042836, 0.7366683399621577, 0.7386098030454061, 0.7412338941594261, 0.7419358669399776, 0.742305177567153, 0.7427532354812054, 0.7442462800723126], 'val_f1': [0.5696152489841033, 0.6213962218019262, 0.6605656935033855, 0.682166567578124, 0.6976623111126142, 0.7093488500054955, 0.7164395853798228, 0.721529369099363, 0.7232959424620465, 0.7254416991275343, 0.7254262456173836, 0.725269144093387, 0.7255141862525482, 0.7265699004850404], 'val_mae': [0.4125791781711873, 0.36224462792420875, 0.3247355901027573, 0.3034931343892326, 0.28808093450146016, 0.27625260058359424, 0.26881788519571637, 0.2633316600378422, 0.26139019695459387, 0.25876610584057397, 0.2580641330600224, 0.25769482243284697, 0.2572467645187946, 0.25575371992768736], 'jsd': [(0, 0, 0, 0, 0, 0, 0, 0.0207208396239082, 0.31127812445913283, 0.31127812445913283, 0.31127812445913283, 0.11009182675183558, 0.31127812445913283, 0.31127812445913283, 0.31127812445913283, 0.0037024515418363386, 0.31127812445913283, 0.31127812445913283, 0.31127812445913283, 0.31127812445913283, 0.31127812445913283, 0.31127812445913283, 0.31127812445913283, 0.31127812445913283, 0.07310400793180982, 0.0037024515418363386, 0.31127812445913283, 0.31127812445913283, 0.0350583482647871, 0.31127812445913283, 0.31127812445913283, 0.31127812445913283, 0, 0, 0, 0, 0, 0, 0, 0), (0, 0, 0, 0, 0, 0, 0, 0.0207208396239082, 0.31127812445913283, 0.31127812445913283, 0.31127812445913283, 0.06548833004089114, 0.0014939931791539789, 0.31127812445913283, 0.07310400793180982, 0, 0.1711038312803313, 0.31127812445913283, 0, 0.007299156760473963, 0.009756534087137225, 0.31127812445913283, 0.31127812445913283, 0.31127812445913283, 0, 0.015085156698935967, 0.0207208396239082, 0.16395604408354778, 0.0350583482647871, 0.31127812445913283, 0.31127812445913283, 0.16395604408354778, 0, 0, 0, 0, 0, 0, 0, 0), (0, 0, 0, 0, 0, 0, 0, 0.0207208396239082, 0.16395604408354778, 0.31127812445913283, 0.09922267539827352, 0.11009182675183558, 0.18850340411986471, 0.09328462323031235, 0.11009182675183558, 0.010396593705431272, 0.10481597017296576, 0.05400884513974839, 0.1711038312803313, 0.042041899344894246, 0.0004999522456092496, 0, 0.31127812445913283, 0.0207208396239082, 0.0008025382728216734, 0.00040919789219141973, 0.06149937804507184, 0, 0.00040919789219141973, 0.09328462323031235, 0.31127812445913283, 0.09328462323031235, 0, 0, 0, 0, 0, 0, 0, 0), (0.09328462323031235, 0.31127812445913283, 0.2087803925185126, 0.009756534087137225, 0.11385563424028564, 0.013714477705244553, 0.08025594233229469, 0.07310400793180982, 0.03857581598654605, 0.13251817521576753, 0.05253690168806249, 0.19326958066820893, 0.0350583482647871, 0.00429810722857266, 0.005050449860393488, 0.0207208396239082, 0.0487949406953985, 0.07850994353170956, 0.31127812445913283, 0.07310400793180982, 0.31127812445913283, 0.31127812445913283, 0.0002145058924891757, 0.31127812445913283, 0.31127812445913283, 0.31127812445913283, 0, 0.31127812445913283, 0.11009182675183558, 0.31127812445913283, 0.07310400793180982, 0.31127812445913283, 0.0487949406953985, 0.05738732460549023, 0.31127812445913283, 0.001254883843183478, 0.0002145058924891757, 0.0487949406953985, 0.2227619806994962, 0.0487949406953985), (0.07310400793180982, 0.0018086520489059392, 0.2227619806994962, 0.00822299722902229, 0.07622434155290266, 0.015085156698935967, 0.07310400793180982, 0.05738732460549023, 0.01423921619075233, 0.06660561007005729, 0.0487949406953985, 0.11009182675183558, 0.04105726891831728, 0.004167970681504568, 0.004727398383200621, 0.011482406826014972, 0.0487949406953985, 0.07744908453819253, 0.31127812445913283, 0.07310400793180982, 0.007299156760473963, 0.0037024515418363386, 0.07622434155290266, 0.31127812445913283, 0.31127812445913283, 0.11009182675183558, 0.12425601093475921, 0.31127812445913283, 0.17750440524619315, 0.07310400793180982, 0.07310400793180982, 0.31127812445913283, 0.31127812445913283, 0.12425601093475921, 0.011482406826014972, 0.0207208396239082, 0.0005570970453080571, 0.07310400793180982, 0.004167970681504568, 0.0001877124226694997), (0.009036677434107646, 0.005050449860393488, 0.23305878051279882, 0.014691469621310085, 0.016941071056623243, 0.00822299722902229, 0.06859186091507882, 0.042041899344894246, 0.05655009359654585, 0.03889315594457522, 0.0463685414106319, 0.10206066129537185, 0.02359015854559616, 0.005865051239364611, 0.05171298000558475, 0.025509910978289904, 0.0487949406953985, 0.0454498512923588, 0.07310400793180982, 0.011482406826014972, 0.31127812445913283, 0.010396593705431272, 0.08111870596083268, 0.31127812445913283, 0.31127812445913283, 0.0207208396239082, 0.0487949406953985, 0.0022344421708708415, 0.2087803925185126, 0.07310400793180982, 0.042041899344894246, 0.20534969973663775, 0.05738732460549023, 0.01274900060462203, 0.16395604408354778, 0.028564156811275485, 0.0008790379110077892, 0.011482406826014972, 0.0207208396239082, 0.006523190206172563), (0.012033410127123681, 0.0037024515418363386, 0.24237412989240623, 0.01717496977609681, 0.016009512159686483, 0.0010689285835955437, 0.11385563424028564, 0.0022344421708708415, 0.07310400793180982, 0.04432065423178154, 0.04674406725931858, 0.09328462323031235, 0.0231107894081813, 0.0055031961632630196, 0.02276859998040022, 0.006019887358649001, 0.03857581598654605, 0.06149937804507184, 0.05738732460549023, 0.05400884513974839, 0.007299156760473963, 0.005407888490294582, 0.07529706740701966, 0.2292798117148899, 0.15591489886228305, 0.05253690168806249, 0.011482406826014972, 0.00028867375520897666, 0.03857581598654605, 0.05400884513974839, 0.05400884513974839, 0.2227619806994962, 0.03221357089614439, 0.039737267151773975, 0.002830694750015385, 0.008003048984193635, 0.0017382218522886302, 0.0009214584011009545, 0.036145614849311655, 0.09587355378511578), (0, 0, 0, 0, 0, 0, 0, 0.0061446088533262735, 0.002830694750015385, 0.24844401300050659, 0.04105726891831728, 0.014038937565777093, 0.0014939931791539789, 0.10372355040574062, 0.0037024515418363386, 0.07898885115561567, 0.0031619139529965624, 0.02711041372683346, 0.08697257500448134, 0.010396593705431272, 0.0010689285835955437, 0.050988453276391066, 0.007299156760473963, 0.039737267151773975, 0.12931448059938455, 0.0019359358092692971, 0.05738732460549023, 0.0350583482647871, 0.0008589183281813573, 0.018135571823116266, 0.03600088831260688, 0.11009182675183558, 0, 0, 0, 0, 0, 0, 0, 0), (0, 0, 0, 0, 0, 0, 0, 0.004867022157993568, 0.0022344421708708415, 0.06627146564409989, 0.04031575601199518, 0.007299156760473963, 0, 0.11603915012591684, 0.0003410895898538083, 0.07310400793180982, 0.005050449860393488, 0.02345316312919523, 0.10206066129537185, 0.00402636741089939, 0.0012978730164486581, 0.046891375075551814, 0.015085156698935967, 0.031173613118524304, 0.14070293888931446, 0.01258931793513713, 0.03857581598654605, 0.03328315226577441, 0.003476844487206702, 0.028564156811275485, 0.019295237025311954, 0.03328315226577441, 0, 0, 0, 0, 0, 0, 0, 0), (0, 0, 0, 0, 0, 0, 0, 0.0023839413783587893, 0.005301974832984377, 0.06900910450166178, 0.05207398638601675, 0.004122113616565049, 0.0009214584011009545, 0.10749195315105531, 0.0010689285835955437, 0.07622434155290266, 0.0032712817850098566, 0.004122113616565049, 0.1317293194736727, 0.007867664894852307, 0.0006631052098621127, 0.039191434062495145, 0.0064060099920141, 0.03268932243084692, 0.13251817521576753, 0.012465377054556089, 0.0487949406953985, 0.031896080966716533, 0.0027533280550219065, 0.025140556297286162, 0.05207398638601675, 0.006830658680456639, 0, 0, 0, 0, 0, 0, 0, 0), (0.0032712817850098566, 8.906807913130425e-05, 0.06056140150705616, 0.06859186091507882, 0.005572828884914387, 0.0023839413783587893, 0.11746492658590664, 0.0002145058924891757, 0.025317841727168493, 0.00030471608277718963, 0.004084476320002462, 0.14070293888931446, 0.03254945726919092, 0.0005570970453080571, 0.037285451679794746, 0.007299156760473963, 0.026881818822810627, 0.14175359252903857, 0.19094034698434098, 0.05738732460549023, 0.009756534087137225, 0.009036677434107646, 0.013949306965373928, 0.07622434155290266, 0.11009182675183558, 0.0487949406953985, 0.0037024515418363386, 0.009335040408067166, 0.0487949406953985, 0.027910215332363916, 0.0010689285835955437, 0.23646636812449032, 0.0350583482647871, 0.045824702319694016, 0.007299156760473963, 0.041276480022850906, 0.007299156760473963, 0.0022344421708708415, 0.05026059016936166, 0.010149344670410294), (0.0016626576184457752, 0.0006767219177472479, 0.06149937804507184, 0.06502539038278278, 0.008723329471708632, 0.00036176918093652755, 0.09555361251896813, 0.0001877124226694997, 0.023795695918608258, 0.0010160633509259717, 0.006963639137030152, 0.15058560986911712, 0.007775948452200233, 0.002349447614504129, 0.04066211490300797, 0.004528991295546424, 0.0350583482647871, 0.1363471521273121, 0.20534969973663775, 0.06322393781435344, 0.0207208396239082, 0.0024479765006755194, 0.01286900199539727, 0.02276859998040022, 0.12745428142147208, 0.029569159854620865, 0.0026078279567117203, 0.006523190206172563, 0.004816452941871073, 0.015588395748542892, 0.0001877124226694997, 0.24616505675524458, 0.027910215332363916, 0.03634284572901042, 0.03302877414247969, 0.015297775930101544, 0.006963639137030152, 0.0006767219177472479, 0.04746468216969184, 0), (0.0014191336441856193, 0.00057833776936193, 0.0487949406953985, 0.06679086162879758, 0.005269516232494085, 0, 0.0912236531918895, 0.0025061505903558393, 0.04657205098437532, 0.006963639137030152, 8.16481194098554e-05, 0.1399942004868045, 0.0014072060559221049, 0.0030350376967938353, 0.03889315594457522, 0.008814443970100422, 0.04302177187503205, 0.11824694297878971, 0.2149397901480957, 0.04066211490300797, 0.0207208396239082, 0.07529706740701966, 0.0029530155390121333, 0.00566775380589651, 0.14431677453762248, 0.05528500114149415, 0.0002145058924891757, 0.012033410127123681, 0.030305144839322347, 0.0645025668287288, 0.00013175698573951195, 0.2149397901480957, 0.09328462323031235, 0.0016400534037116603, 0.03857581598654605, 0.015678504950564255, 0.00402636741089939, 6.420633961127121e-05, 0.05129937439493795, 0), (0, 0, 0, 0, 0, 0, 0, 0.004816452941871073, 5.551033283418159e-05, 0.031173613118524304, 0.06390744704610728, 0.0006246337730938037, 0.0004746229241440903, 0.10112402163718603, 0.006523190206172563, 0.017476244325223163, 0.026668965913709028, 6.934144785689924e-05, 0.13138880793914987, 0.002114884643984207, 0.0030834536326394824, 0.03335434504876711, 0.0014939931791539789, 0.045224567067496654, 0.08596635671422005, 0.0011113345431778589, 0.0022344421708708415, 0.001564467561066686, 0.004469552452063288, 0.004528991295546424, 0.049943092483862694, 0.0024479765006755194, 0, 0, 0, 0, 0, 0, 0, 0)]}}
AdaptationManager: Configuring next round...
{'client_registry': {'enabled': True, 'params': {}}, 'client_selector': {'enabled': True, 'params': {'selection_strategy': 'Resource-Based', 'selection_criteria': 'CPU', 'selection_value': 2}}, 'client_cluster': {'enabled': False, 'params': {}}, 'message_compressor': {'enabled': False, 'params': {}}, 'model_co-versioning_registry': {'enabled': False, 'params': {}}, 'multi-task_model_trainer': {'enabled': False, 'params': {}}, 'heterogeneous_data_handler': {'enabled': False, 'params': {}}}
{'client_selector': {'enabled': True}, 'client_cluster': {'enabled': False}, 'message_compressor': {'enabled': False}, 'model_co-versioning_registry': {'enabled': False}, 'multi-task_model_trainer': {'enabled': False}, 'heterogeneous_data_handler': {'enabled': False}, 'client_registry': {'enabled': True, 'params': {}}}
round 15, 25 high, 15 low, 0.0-iid clients, predicted best policy: client_selector de-activated ❌
Results Aggregated in 0.58 seconds.
{'prostate_logreg': {'train_loss': [0.522915776676804, 0.5427853199305819, 0.5332852327020983, 0.5247821108030435, 0.5228983667317558, 0.5277808904927137, 0.515815269036044, 0.5185789442376086, 0.5148100715509717, 0.5160975533861446, 0.5036855980116703, 0.5035347050527548, 0.5030098053230924, 0.5060250425732419, 0.501942634847453], 'train_accuracy': [0.816793893129771, 0.7574626865671642, 0.7955112219451371, 0.7795527156549521, 0.7870588235294118, 0.7750702905342081, 0.7872503840245776, 0.7767695099818511, 0.7762520193861067, 0.7619047619047619, 0.773827923750644, 0.7726432532347505, 0.7690695725062867, 0.7636738906088751, 0.7688679245283019], 'train_f1': [0.6382153046275184, 0.6215918940941568, 0.7180952477257734, 0.7007106248803823, 0.710262182130933, 0.7134530051766068, 0.7370912785733648, 0.7299939473310743, 0.7415117955729216, 0.7301934917274622, 0.7361494665981204, 0.7379354065066691, 0.7323638807560429, 0.7395508562416407, 0.7331603276707815], 'train_mae': [0.183206106870229, 0.24253731343283583, 0.20448877805486285, 0.22044728434504793, 0.21294117647058824, 0.22492970946579194, 0.21274961597542244, 0.22323049001814882, 0.22374798061389337, 0.23809523809523808, 0.226172076249356, 0.22735674676524953, 0.23093042749371331, 0.23632610939112486, 0.23113207547169812], 'val_loss': [0.6688459049731817, 0.6377556777112734, 0.616115763832738, 0.5995939056721463, 0.5858078998931507, 0.5752824584002021, 0.5660192995263178, 0.5579627183401215, 0.5515093401237116, 0.5462920460635549, 0.541909269548413, 0.538838500301823, 0.5359443995344458, 0.532470053192732, 0.5306784638742319], 'val_accuracy': [0.5874208218288127, 0.6377553720757912, 0.6752644098972427, 0.6965068656107675, 0.7119190654985398, 0.7237473994164058, 0.7311821148042836, 0.7366683399621577, 0.7386098030454061, 0.7412338941594261, 0.7419358669399776, 0.742305177567153, 0.7427532354812054, 0.7442462800723126, 0.7443051395279415], 'val_f1': [0.5696152489841033, 0.6213962218019262, 0.6605656935033855, 0.682166567578124, 0.6976623111126142, 0.7093488500054955, 0.7164395853798228, 0.721529369099363, 0.7232959424620465, 0.7254416991275343, 0.7254262456173836, 0.725269144093387, 0.7255141862525482, 0.7265699004850404, 0.7259785112004297], 'val_mae': [0.4125791781711873, 0.36224462792420875, 0.3247355901027573, 0.3034931343892326, 0.28808093450146016, 0.27625260058359424, 0.26881788519571637, 0.2633316600378422, 0.26139019695459387, 0.25876610584057397, 0.2580641330600224, 0.25769482243284697, 0.2572467645187946, 0.25575371992768736, 0.2556948604720584], 'jsd': [(0, 0, 0, 0, 0, 0, 0, 0.0207208396239082, 0.31127812445913283, 0.31127812445913283, 0.31127812445913283, 0.11009182675183558, 0.31127812445913283, 0.31127812445913283, 0.31127812445913283, 0.0037024515418363386, 0.31127812445913283, 0.31127812445913283, 0.31127812445913283, 0.31127812445913283, 0.31127812445913283, 0.31127812445913283, 0.31127812445913283, 0.31127812445913283, 0.07310400793180982, 0.0037024515418363386, 0.31127812445913283, 0.31127812445913283, 0.0350583482647871, 0.31127812445913283, 0.31127812445913283, 0.31127812445913283, 0, 0, 0, 0, 0, 0, 0, 0), (0, 0, 0, 0, 0, 0, 0, 0.0207208396239082, 0.31127812445913283, 0.31127812445913283, 0.31127812445913283, 0.06548833004089114, 0.0014939931791539789, 0.31127812445913283, 0.07310400793180982, 0, 0.1711038312803313, 0.31127812445913283, 0, 0.007299156760473963, 0.009756534087137225, 0.31127812445913283, 0.31127812445913283, 0.31127812445913283, 0, 0.015085156698935967, 0.0207208396239082, 0.16395604408354778, 0.0350583482647871, 0.31127812445913283, 0.31127812445913283, 0.16395604408354778, 0, 0, 0, 0, 0, 0, 0, 0), (0, 0, 0, 0, 0, 0, 0, 0.0207208396239082, 0.16395604408354778, 0.31127812445913283, 0.09922267539827352, 0.11009182675183558, 0.18850340411986471, 0.09328462323031235, 0.11009182675183558, 0.010396593705431272, 0.10481597017296576, 0.05400884513974839, 0.1711038312803313, 0.042041899344894246, 0.0004999522456092496, 0, 0.31127812445913283, 0.0207208396239082, 0.0008025382728216734, 0.00040919789219141973, 0.06149937804507184, 0, 0.00040919789219141973, 0.09328462323031235, 0.31127812445913283, 0.09328462323031235, 0, 0, 0, 0, 0, 0, 0, 0), (0.09328462323031235, 0.31127812445913283, 0.2087803925185126, 0.009756534087137225, 0.11385563424028564, 0.013714477705244553, 0.08025594233229469, 0.07310400793180982, 0.03857581598654605, 0.13251817521576753, 0.05253690168806249, 0.19326958066820893, 0.0350583482647871, 0.00429810722857266, 0.005050449860393488, 0.0207208396239082, 0.0487949406953985, 0.07850994353170956, 0.31127812445913283, 0.07310400793180982, 0.31127812445913283, 0.31127812445913283, 0.0002145058924891757, 0.31127812445913283, 0.31127812445913283, 0.31127812445913283, 0, 0.31127812445913283, 0.11009182675183558, 0.31127812445913283, 0.07310400793180982, 0.31127812445913283, 0.0487949406953985, 0.05738732460549023, 0.31127812445913283, 0.001254883843183478, 0.0002145058924891757, 0.0487949406953985, 0.2227619806994962, 0.0487949406953985), (0.07310400793180982, 0.0018086520489059392, 0.2227619806994962, 0.00822299722902229, 0.07622434155290266, 0.015085156698935967, 0.07310400793180982, 0.05738732460549023, 0.01423921619075233, 0.06660561007005729, 0.0487949406953985, 0.11009182675183558, 0.04105726891831728, 0.004167970681504568, 0.004727398383200621, 0.011482406826014972, 0.0487949406953985, 0.07744908453819253, 0.31127812445913283, 0.07310400793180982, 0.007299156760473963, 0.0037024515418363386, 0.07622434155290266, 0.31127812445913283, 0.31127812445913283, 0.11009182675183558, 0.12425601093475921, 0.31127812445913283, 0.17750440524619315, 0.07310400793180982, 0.07310400793180982, 0.31127812445913283, 0.31127812445913283, 0.12425601093475921, 0.011482406826014972, 0.0207208396239082, 0.0005570970453080571, 0.07310400793180982, 0.004167970681504568, 0.0001877124226694997), (0.009036677434107646, 0.005050449860393488, 0.23305878051279882, 0.014691469621310085, 0.016941071056623243, 0.00822299722902229, 0.06859186091507882, 0.042041899344894246, 0.05655009359654585, 0.03889315594457522, 0.0463685414106319, 0.10206066129537185, 0.02359015854559616, 0.005865051239364611, 0.05171298000558475, 0.025509910978289904, 0.0487949406953985, 0.0454498512923588, 0.07310400793180982, 0.011482406826014972, 0.31127812445913283, 0.010396593705431272, 0.08111870596083268, 0.31127812445913283, 0.31127812445913283, 0.0207208396239082, 0.0487949406953985, 0.0022344421708708415, 0.2087803925185126, 0.07310400793180982, 0.042041899344894246, 0.20534969973663775, 0.05738732460549023, 0.01274900060462203, 0.16395604408354778, 0.028564156811275485, 0.0008790379110077892, 0.011482406826014972, 0.0207208396239082, 0.006523190206172563), (0.012033410127123681, 0.0037024515418363386, 0.24237412989240623, 0.01717496977609681, 0.016009512159686483, 0.0010689285835955437, 0.11385563424028564, 0.0022344421708708415, 0.07310400793180982, 0.04432065423178154, 0.04674406725931858, 0.09328462323031235, 0.0231107894081813, 0.0055031961632630196, 0.02276859998040022, 0.006019887358649001, 0.03857581598654605, 0.06149937804507184, 0.05738732460549023, 0.05400884513974839, 0.007299156760473963, 0.005407888490294582, 0.07529706740701966, 0.2292798117148899, 0.15591489886228305, 0.05253690168806249, 0.011482406826014972, 0.00028867375520897666, 0.03857581598654605, 0.05400884513974839, 0.05400884513974839, 0.2227619806994962, 0.03221357089614439, 0.039737267151773975, 0.002830694750015385, 0.008003048984193635, 0.0017382218522886302, 0.0009214584011009545, 0.036145614849311655, 0.09587355378511578), (0, 0, 0, 0, 0, 0, 0, 0.0061446088533262735, 0.002830694750015385, 0.24844401300050659, 0.04105726891831728, 0.014038937565777093, 0.0014939931791539789, 0.10372355040574062, 0.0037024515418363386, 0.07898885115561567, 0.0031619139529965624, 0.02711041372683346, 0.08697257500448134, 0.010396593705431272, 0.0010689285835955437, 0.050988453276391066, 0.007299156760473963, 0.039737267151773975, 0.12931448059938455, 0.0019359358092692971, 0.05738732460549023, 0.0350583482647871, 0.0008589183281813573, 0.018135571823116266, 0.03600088831260688, 0.11009182675183558, 0, 0, 0, 0, 0, 0, 0, 0), (0, 0, 0, 0, 0, 0, 0, 0.004867022157993568, 0.0022344421708708415, 0.06627146564409989, 0.04031575601199518, 0.007299156760473963, 0, 0.11603915012591684, 0.0003410895898538083, 0.07310400793180982, 0.005050449860393488, 0.02345316312919523, 0.10206066129537185, 0.00402636741089939, 0.0012978730164486581, 0.046891375075551814, 0.015085156698935967, 0.031173613118524304, 0.14070293888931446, 0.01258931793513713, 0.03857581598654605, 0.03328315226577441, 0.003476844487206702, 0.028564156811275485, 0.019295237025311954, 0.03328315226577441, 0, 0, 0, 0, 0, 0, 0, 0), (0, 0, 0, 0, 0, 0, 0, 0.0023839413783587893, 0.005301974832984377, 0.06900910450166178, 0.05207398638601675, 0.004122113616565049, 0.0009214584011009545, 0.10749195315105531, 0.0010689285835955437, 0.07622434155290266, 0.0032712817850098566, 0.004122113616565049, 0.1317293194736727, 0.007867664894852307, 0.0006631052098621127, 0.039191434062495145, 0.0064060099920141, 0.03268932243084692, 0.13251817521576753, 0.012465377054556089, 0.0487949406953985, 0.031896080966716533, 0.0027533280550219065, 0.025140556297286162, 0.05207398638601675, 0.006830658680456639, 0, 0, 0, 0, 0, 0, 0, 0), (0.0032712817850098566, 8.906807913130425e-05, 0.06056140150705616, 0.06859186091507882, 0.005572828884914387, 0.0023839413783587893, 0.11746492658590664, 0.0002145058924891757, 0.025317841727168493, 0.00030471608277718963, 0.004084476320002462, 0.14070293888931446, 0.03254945726919092, 0.0005570970453080571, 0.037285451679794746, 0.007299156760473963, 0.026881818822810627, 0.14175359252903857, 0.19094034698434098, 0.05738732460549023, 0.009756534087137225, 0.009036677434107646, 0.013949306965373928, 0.07622434155290266, 0.11009182675183558, 0.0487949406953985, 0.0037024515418363386, 0.009335040408067166, 0.0487949406953985, 0.027910215332363916, 0.0010689285835955437, 0.23646636812449032, 0.0350583482647871, 0.045824702319694016, 0.007299156760473963, 0.041276480022850906, 0.007299156760473963, 0.0022344421708708415, 0.05026059016936166, 0.010149344670410294), (0.0016626576184457752, 0.0006767219177472479, 0.06149937804507184, 0.06502539038278278, 0.008723329471708632, 0.00036176918093652755, 0.09555361251896813, 0.0001877124226694997, 0.023795695918608258, 0.0010160633509259717, 0.006963639137030152, 0.15058560986911712, 0.007775948452200233, 0.002349447614504129, 0.04066211490300797, 0.004528991295546424, 0.0350583482647871, 0.1363471521273121, 0.20534969973663775, 0.06322393781435344, 0.0207208396239082, 0.0024479765006755194, 0.01286900199539727, 0.02276859998040022, 0.12745428142147208, 0.029569159854620865, 0.0026078279567117203, 0.006523190206172563, 0.004816452941871073, 0.015588395748542892, 0.0001877124226694997, 0.24616505675524458, 0.027910215332363916, 0.03634284572901042, 0.03302877414247969, 0.015297775930101544, 0.006963639137030152, 0.0006767219177472479, 0.04746468216969184, 0), (0.0014191336441856193, 0.00057833776936193, 0.0487949406953985, 0.06679086162879758, 0.005269516232494085, 0, 0.0912236531918895, 0.0025061505903558393, 0.04657205098437532, 0.006963639137030152, 8.16481194098554e-05, 0.1399942004868045, 0.0014072060559221049, 0.0030350376967938353, 0.03889315594457522, 0.008814443970100422, 0.04302177187503205, 0.11824694297878971, 0.2149397901480957, 0.04066211490300797, 0.0207208396239082, 0.07529706740701966, 0.0029530155390121333, 0.00566775380589651, 0.14431677453762248, 0.05528500114149415, 0.0002145058924891757, 0.012033410127123681, 0.030305144839322347, 0.0645025668287288, 0.00013175698573951195, 0.2149397901480957, 0.09328462323031235, 0.0016400534037116603, 0.03857581598654605, 0.015678504950564255, 0.00402636741089939, 6.420633961127121e-05, 0.05129937439493795, 0), (0, 0, 0, 0, 0, 0, 0, 0.004816452941871073, 5.551033283418159e-05, 0.031173613118524304, 0.06390744704610728, 0.0006246337730938037, 0.0004746229241440903, 0.10112402163718603, 0.006523190206172563, 0.017476244325223163, 0.026668965913709028, 6.934144785689924e-05, 0.13138880793914987, 0.002114884643984207, 0.0030834536326394824, 0.03335434504876711, 0.0014939931791539789, 0.045224567067496654, 0.08596635671422005, 0.0011113345431778589, 0.0022344421708708415, 0.001564467561066686, 0.004469552452063288, 0.004528991295546424, 0.049943092483862694, 0.0024479765006755194, 0, 0, 0, 0, 0, 0, 0, 0), (0.006981663965470591, 0.00043648968715225174, 0.029108713090071167, 0.07767325654592765, 0.001231918311003291, 0.0009214584011009545, 0.086379156081871, 0.009756534087137225, 0.01841352965701827, 0.01667423493544029, 0.00013663754192747794, 0.1258707805558582, 0.006570967497522534, 0.026284415683249553, 0.03348087371897339, 0.002830694750015385, 0.0454498512923588, 0.06362643814839047, 0.17276905508286108, 0.0350583482647871, 0.0037024515418363386, 0.0693557217943376, 0.001842090186059877, 0, 0.13407247818586213, 0.045224567067496654, 0.00016564297461497002, 0.004651491303398973, 0.02711041372683346, 0.0066132061053925245, 0.0016400534037116603, 0.22392895962214418, 0.08697257500448134, 0.001254883843183478, 0.029348186031720347, 0.0003410895898538083, 0.004418075114369348, 0.00043648968715225174, 0.06149937804507184, 0.0025332820642113077)]}}
AdaptationManager: Configuring next round...
{'client_registry': {'enabled': True, 'params': {}}, 'client_selector': {'enabled': True, 'params': {'selection_strategy': 'Resource-Based', 'selection_criteria': 'CPU', 'selection_value': 2}}, 'client_cluster': {'enabled': False, 'params': {}}, 'message_compressor': {'enabled': False, 'params': {}}, 'model_co-versioning_registry': {'enabled': False, 'params': {}}, 'multi-task_model_trainer': {'enabled': False, 'params': {}}, 'heterogeneous_data_handler': {'enabled': False, 'params': {}}}
{'client_selector': {'enabled': False}, 'client_cluster': {'enabled': False}, 'message_compressor': {'enabled': False}, 'model_co-versioning_registry': {'enabled': False}, 'multi-task_model_trainer': {'enabled': False}, 'heterogeneous_data_handler': {'enabled': False}, 'client_registry': {'enabled': True, 'params': {}}}
round 16, 25 high, 15 low, 0.0-iid clients, predicted best policy: client_selector activated ✅
Client Client 19 participates in this round. (CPU: 2, RAM: 2)
Client Client 22 participates in this round. (CPU: 2, RAM: 2)
Client Client 8 participates in this round. (CPU: 2, RAM: 2)
Client Client 12 participates in this round. (CPU: 2, RAM: 2)
Client Client 14 participates in this round. (CPU: 2, RAM: 2)
Client Client 2 participates in this round. (CPU: 2, RAM: 2)
Client Client 4 participates in this round. (CPU: 2, RAM: 2)
Client Client 15 participates in this round. (CPU: 2, RAM: 2)
Client Client 3 participates in this round. (CPU: 2, RAM: 2)
Client Client 20 participates in this round. (CPU: 2, RAM: 2)
Client Client 9 participates in this round. (CPU: 2, RAM: 2)
Client Client 6 participates in this round. (CPU: 2, RAM: 2)
Client Client 23 participates in this round. (CPU: 2, RAM: 2)
Client Client 16 participates in this round. (CPU: 2, RAM: 2)
Client Client 10 participates in this round. (CPU: 2, RAM: 2)
Client Client 7 participates in this round. (CPU: 2, RAM: 2)
Client Client 21 participates in this round. (CPU: 2, RAM: 2)
Client Client 26 has insufficient CPU (1). Will not participate in the next FL round.
Client Client 28 has insufficient CPU (1). Will not participate in the next FL round.
Client Client 24 participates in this round. (CPU: 2, RAM: 2)
Client Client 31 has insufficient CPU (1). Will not participate in the next FL round.
Client Client 25 participates in this round. (CPU: 2, RAM: 2)
Client Client 1 participates in this round. (CPU: 2, RAM: 2)
Client Client 13 participates in this round. (CPU: 2, RAM: 2)
Client Client 38 has insufficient CPU (1). Will not participate in the next FL round.
Client Client 36 has insufficient CPU (1). Will not participate in the next FL round.
Client Client 39 has insufficient CPU (1). Will not participate in the next FL round.
Client Client 34 has insufficient CPU (1). Will not participate in the next FL round.
Client Client 32 has insufficient CPU (1). Will not participate in the next FL round.
Client Client 17 participates in this round. (CPU: 2, RAM: 2)
Client Client 5 participates in this round. (CPU: 2, RAM: 2)
Client Client 18 participates in this round. (CPU: 2, RAM: 2)
Client Client 29 has insufficient CPU (1). Will not participate in the next FL round.
Client Client 35 has insufficient CPU (1). Will not participate in the next FL round.
Client Client 11 participates in this round. (CPU: 2, RAM: 2)
Client Client 33 has insufficient CPU (1). Will not participate in the next FL round.
Client Client 40 has insufficient CPU (1). Will not participate in the next FL round.
Client Client 30 has insufficient CPU (1). Will not participate in the next FL round.
Client Client 27 has insufficient CPU (1). Will not participate in the next FL round.
Client Client 37 has insufficient CPU (1). Will not participate in the next FL round.
Results Aggregated in 0.44 seconds.
{'prostate_logreg': {'train_loss': [0.522915776676804, 0.5427853199305819, 0.5332852327020983, 0.5247821108030435, 0.5228983667317558, 0.5277808904927137, 0.515815269036044, 0.5185789442376086, 0.5148100715509717, 0.5160975533861446, 0.5036855980116703, 0.5035347050527548, 0.5030098053230924, 0.5060250425732419, 0.501942634847453, 0.501743128884991], 'train_accuracy': [0.816793893129771, 0.7574626865671642, 0.7955112219451371, 0.7795527156549521, 0.7870588235294118, 0.7750702905342081, 0.7872503840245776, 0.7767695099818511, 0.7762520193861067, 0.7619047619047619, 0.773827923750644, 0.7726432532347505, 0.7690695725062867, 0.7636738906088751, 0.7688679245283019, 0.7651309846431797], 'train_f1': [0.6382153046275184, 0.6215918940941568, 0.7180952477257734, 0.7007106248803823, 0.710262182130933, 0.7134530051766068, 0.7370912785733648, 0.7299939473310743, 0.7415117955729216, 0.7301934917274622, 0.7361494665981204, 0.7379354065066691, 0.7323638807560429, 0.7395508562416407, 0.7331603276707815, 0.7403361204541021], 'train_mae': [0.183206106870229, 0.24253731343283583, 0.20448877805486285, 0.22044728434504793, 0.21294117647058824, 0.22492970946579194, 0.21274961597542244, 0.22323049001814882, 0.22374798061389337, 0.23809523809523808, 0.226172076249356, 0.22735674676524953, 0.23093042749371331, 0.23632610939112486, 0.23113207547169812, 0.23486901535682023], 'val_loss': [0.6688459049731817, 0.6377556777112734, 0.616115763832738, 0.5995939056721463, 0.5858078998931507, 0.5752824584002021, 0.5660192995263178, 0.5579627183401215, 0.5515093401237116, 0.5462920460635549, 0.541909269548413, 0.538838500301823, 0.5359443995344458, 0.532470053192732, 0.5306784638742319, 0.5280250039886042], 'val_accuracy': [0.5874208218288127, 0.6377553720757912, 0.6752644098972427, 0.6965068656107675, 0.7119190654985398, 0.7237473994164058, 0.7311821148042836, 0.7366683399621577, 0.7386098030454061, 0.7412338941594261, 0.7419358669399776, 0.742305177567153, 0.7427532354812054, 0.7442462800723126, 0.7443051395279415, 0.7450756629315702], 'val_f1': [0.5696152489841033, 0.6213962218019262, 0.6605656935033855, 0.682166567578124, 0.6976623111126142, 0.7093488500054955, 0.7164395853798228, 0.721529369099363, 0.7232959424620465, 0.7254416991275343, 0.7254262456173836, 0.725269144093387, 0.7255141862525482, 0.7265699004850404, 0.7259785112004297, 0.7261939972706136], 'val_mae': [0.4125791781711873, 0.36224462792420875, 0.3247355901027573, 0.3034931343892326, 0.28808093450146016, 0.27625260058359424, 0.26881788519571637, 0.2633316600378422, 0.26139019695459387, 0.25876610584057397, 0.2580641330600224, 0.25769482243284697, 0.2572467645187946, 0.25575371992768736, 0.2556948604720584, 0.2549243370684298], 'jsd': [(0, 0, 0, 0, 0, 0, 0, 0.0207208396239082, 0.31127812445913283, 0.31127812445913283, 0.31127812445913283, 0.11009182675183558, 0.31127812445913283, 0.31127812445913283, 0.31127812445913283, 0.0037024515418363386, 0.31127812445913283, 0.31127812445913283, 0.31127812445913283, 0.31127812445913283, 0.31127812445913283, 0.31127812445913283, 0.31127812445913283, 0.31127812445913283, 0.07310400793180982, 0.0037024515418363386, 0.31127812445913283, 0.31127812445913283, 0.0350583482647871, 0.31127812445913283, 0.31127812445913283, 0.31127812445913283, 0, 0, 0, 0, 0, 0, 0, 0), (0, 0, 0, 0, 0, 0, 0, 0.0207208396239082, 0.31127812445913283, 0.31127812445913283, 0.31127812445913283, 0.06548833004089114, 0.0014939931791539789, 0.31127812445913283, 0.07310400793180982, 0, 0.1711038312803313, 0.31127812445913283, 0, 0.007299156760473963, 0.009756534087137225, 0.31127812445913283, 0.31127812445913283, 0.31127812445913283, 0, 0.015085156698935967, 0.0207208396239082, 0.16395604408354778, 0.0350583482647871, 0.31127812445913283, 0.31127812445913283, 0.16395604408354778, 0, 0, 0, 0, 0, 0, 0, 0), (0, 0, 0, 0, 0, 0, 0, 0.0207208396239082, 0.16395604408354778, 0.31127812445913283, 0.09922267539827352, 0.11009182675183558, 0.18850340411986471, 0.09328462323031235, 0.11009182675183558, 0.010396593705431272, 0.10481597017296576, 0.05400884513974839, 0.1711038312803313, 0.042041899344894246, 0.0004999522456092496, 0, 0.31127812445913283, 0.0207208396239082, 0.0008025382728216734, 0.00040919789219141973, 0.06149937804507184, 0, 0.00040919789219141973, 0.09328462323031235, 0.31127812445913283, 0.09328462323031235, 0, 0, 0, 0, 0, 0, 0, 0), (0.09328462323031235, 0.31127812445913283, 0.2087803925185126, 0.009756534087137225, 0.11385563424028564, 0.013714477705244553, 0.08025594233229469, 0.07310400793180982, 0.03857581598654605, 0.13251817521576753, 0.05253690168806249, 0.19326958066820893, 0.0350583482647871, 0.00429810722857266, 0.005050449860393488, 0.0207208396239082, 0.0487949406953985, 0.07850994353170956, 0.31127812445913283, 0.07310400793180982, 0.31127812445913283, 0.31127812445913283, 0.0002145058924891757, 0.31127812445913283, 0.31127812445913283, 0.31127812445913283, 0, 0.31127812445913283, 0.11009182675183558, 0.31127812445913283, 0.07310400793180982, 0.31127812445913283, 0.0487949406953985, 0.05738732460549023, 0.31127812445913283, 0.001254883843183478, 0.0002145058924891757, 0.0487949406953985, 0.2227619806994962, 0.0487949406953985), (0.07310400793180982, 0.0018086520489059392, 0.2227619806994962, 0.00822299722902229, 0.07622434155290266, 0.015085156698935967, 0.07310400793180982, 0.05738732460549023, 0.01423921619075233, 0.06660561007005729, 0.0487949406953985, 0.11009182675183558, 0.04105726891831728, 0.004167970681504568, 0.004727398383200621, 0.011482406826014972, 0.0487949406953985, 0.07744908453819253, 0.31127812445913283, 0.07310400793180982, 0.007299156760473963, 0.0037024515418363386, 0.07622434155290266, 0.31127812445913283, 0.31127812445913283, 0.11009182675183558, 0.12425601093475921, 0.31127812445913283, 0.17750440524619315, 0.07310400793180982, 0.07310400793180982, 0.31127812445913283, 0.31127812445913283, 0.12425601093475921, 0.011482406826014972, 0.0207208396239082, 0.0005570970453080571, 0.07310400793180982, 0.004167970681504568, 0.0001877124226694997), (0.009036677434107646, 0.005050449860393488, 0.23305878051279882, 0.014691469621310085, 0.016941071056623243, 0.00822299722902229, 0.06859186091507882, 0.042041899344894246, 0.05655009359654585, 0.03889315594457522, 0.0463685414106319, 0.10206066129537185, 0.02359015854559616, 0.005865051239364611, 0.05171298000558475, 0.025509910978289904, 0.0487949406953985, 0.0454498512923588, 0.07310400793180982, 0.011482406826014972, 0.31127812445913283, 0.010396593705431272, 0.08111870596083268, 0.31127812445913283, 0.31127812445913283, 0.0207208396239082, 0.0487949406953985, 0.0022344421708708415, 0.2087803925185126, 0.07310400793180982, 0.042041899344894246, 0.20534969973663775, 0.05738732460549023, 0.01274900060462203, 0.16395604408354778, 0.028564156811275485, 0.0008790379110077892, 0.011482406826014972, 0.0207208396239082, 0.006523190206172563), (0.012033410127123681, 0.0037024515418363386, 0.24237412989240623, 0.01717496977609681, 0.016009512159686483, 0.0010689285835955437, 0.11385563424028564, 0.0022344421708708415, 0.07310400793180982, 0.04432065423178154, 0.04674406725931858, 0.09328462323031235, 0.0231107894081813, 0.0055031961632630196, 0.02276859998040022, 0.006019887358649001, 0.03857581598654605, 0.06149937804507184, 0.05738732460549023, 0.05400884513974839, 0.007299156760473963, 0.005407888490294582, 0.07529706740701966, 0.2292798117148899, 0.15591489886228305, 0.05253690168806249, 0.011482406826014972, 0.00028867375520897666, 0.03857581598654605, 0.05400884513974839, 0.05400884513974839, 0.2227619806994962, 0.03221357089614439, 0.039737267151773975, 0.002830694750015385, 0.008003048984193635, 0.0017382218522886302, 0.0009214584011009545, 0.036145614849311655, 0.09587355378511578), (0, 0, 0, 0, 0, 0, 0, 0.0061446088533262735, 0.002830694750015385, 0.24844401300050659, 0.04105726891831728, 0.014038937565777093, 0.0014939931791539789, 0.10372355040574062, 0.0037024515418363386, 0.07898885115561567, 0.0031619139529965624, 0.02711041372683346, 0.08697257500448134, 0.010396593705431272, 0.0010689285835955437, 0.050988453276391066, 0.007299156760473963, 0.039737267151773975, 0.12931448059938455, 0.0019359358092692971, 0.05738732460549023, 0.0350583482647871, 0.0008589183281813573, 0.018135571823116266, 0.03600088831260688, 0.11009182675183558, 0, 0, 0, 0, 0, 0, 0, 0), (0, 0, 0, 0, 0, 0, 0, 0.004867022157993568, 0.0022344421708708415, 0.06627146564409989, 0.04031575601199518, 0.007299156760473963, 0, 0.11603915012591684, 0.0003410895898538083, 0.07310400793180982, 0.005050449860393488, 0.02345316312919523, 0.10206066129537185, 0.00402636741089939, 0.0012978730164486581, 0.046891375075551814, 0.015085156698935967, 0.031173613118524304, 0.14070293888931446, 0.01258931793513713, 0.03857581598654605, 0.03328315226577441, 0.003476844487206702, 0.028564156811275485, 0.019295237025311954, 0.03328315226577441, 0, 0, 0, 0, 0, 0, 0, 0), (0, 0, 0, 0, 0, 0, 0, 0.0023839413783587893, 0.005301974832984377, 0.06900910450166178, 0.05207398638601675, 0.004122113616565049, 0.0009214584011009545, 0.10749195315105531, 0.0010689285835955437, 0.07622434155290266, 0.0032712817850098566, 0.004122113616565049, 0.1317293194736727, 0.007867664894852307, 0.0006631052098621127, 0.039191434062495145, 0.0064060099920141, 0.03268932243084692, 0.13251817521576753, 0.012465377054556089, 0.0487949406953985, 0.031896080966716533, 0.0027533280550219065, 0.025140556297286162, 0.05207398638601675, 0.006830658680456639, 0, 0, 0, 0, 0, 0, 0, 0), (0.0032712817850098566, 8.906807913130425e-05, 0.06056140150705616, 0.06859186091507882, 0.005572828884914387, 0.0023839413783587893, 0.11746492658590664, 0.0002145058924891757, 0.025317841727168493, 0.00030471608277718963, 0.004084476320002462, 0.14070293888931446, 0.03254945726919092, 0.0005570970453080571, 0.037285451679794746, 0.007299156760473963, 0.026881818822810627, 0.14175359252903857, 0.19094034698434098, 0.05738732460549023, 0.009756534087137225, 0.009036677434107646, 0.013949306965373928, 0.07622434155290266, 0.11009182675183558, 0.0487949406953985, 0.0037024515418363386, 0.009335040408067166, 0.0487949406953985, 0.027910215332363916, 0.0010689285835955437, 0.23646636812449032, 0.0350583482647871, 0.045824702319694016, 0.007299156760473963, 0.041276480022850906, 0.007299156760473963, 0.0022344421708708415, 0.05026059016936166, 0.010149344670410294), (0.0016626576184457752, 0.0006767219177472479, 0.06149937804507184, 0.06502539038278278, 0.008723329471708632, 0.00036176918093652755, 0.09555361251896813, 0.0001877124226694997, 0.023795695918608258, 0.0010160633509259717, 0.006963639137030152, 0.15058560986911712, 0.007775948452200233, 0.002349447614504129, 0.04066211490300797, 0.004528991295546424, 0.0350583482647871, 0.1363471521273121, 0.20534969973663775, 0.06322393781435344, 0.0207208396239082, 0.0024479765006755194, 0.01286900199539727, 0.02276859998040022, 0.12745428142147208, 0.029569159854620865, 0.0026078279567117203, 0.006523190206172563, 0.004816452941871073, 0.015588395748542892, 0.0001877124226694997, 0.24616505675524458, 0.027910215332363916, 0.03634284572901042, 0.03302877414247969, 0.015297775930101544, 0.006963639137030152, 0.0006767219177472479, 0.04746468216969184, 0), (0.0014191336441856193, 0.00057833776936193, 0.0487949406953985, 0.06679086162879758, 0.005269516232494085, 0, 0.0912236531918895, 0.0025061505903558393, 0.04657205098437532, 0.006963639137030152, 8.16481194098554e-05, 0.1399942004868045, 0.0014072060559221049, 0.0030350376967938353, 0.03889315594457522, 0.008814443970100422, 0.04302177187503205, 0.11824694297878971, 0.2149397901480957, 0.04066211490300797, 0.0207208396239082, 0.07529706740701966, 0.0029530155390121333, 0.00566775380589651, 0.14431677453762248, 0.05528500114149415, 0.0002145058924891757, 0.012033410127123681, 0.030305144839322347, 0.0645025668287288, 0.00013175698573951195, 0.2149397901480957, 0.09328462323031235, 0.0016400534037116603, 0.03857581598654605, 0.015678504950564255, 0.00402636741089939, 6.420633961127121e-05, 0.05129937439493795, 0), (0, 0, 0, 0, 0, 0, 0, 0.004816452941871073, 5.551033283418159e-05, 0.031173613118524304, 0.06390744704610728, 0.0006246337730938037, 0.0004746229241440903, 0.10112402163718603, 0.006523190206172563, 0.017476244325223163, 0.026668965913709028, 6.934144785689924e-05, 0.13138880793914987, 0.002114884643984207, 0.0030834536326394824, 0.03335434504876711, 0.0014939931791539789, 0.045224567067496654, 0.08596635671422005, 0.0011113345431778589, 0.0022344421708708415, 0.001564467561066686, 0.004469552452063288, 0.004528991295546424, 0.049943092483862694, 0.0024479765006755194, 0, 0, 0, 0, 0, 0, 0, 0), (0.006981663965470591, 0.00043648968715225174, 0.029108713090071167, 0.07767325654592765, 0.001231918311003291, 0.0009214584011009545, 0.086379156081871, 0.009756534087137225, 0.01841352965701827, 0.01667423493544029, 0.00013663754192747794, 0.1258707805558582, 0.006570967497522534, 0.026284415683249553, 0.03348087371897339, 0.002830694750015385, 0.0454498512923588, 0.06362643814839047, 0.17276905508286108, 0.0350583482647871, 0.0037024515418363386, 0.0693557217943376, 0.001842090186059877, 0, 0.13407247818586213, 0.045224567067496654, 0.00016564297461497002, 0.004651491303398973, 0.02711041372683346, 0.0066132061053925245, 0.0016400534037116603, 0.22392895962214418, 0.08697257500448134, 0.001254883843183478, 0.029348186031720347, 0.0003410895898538083, 0.004418075114369348, 0.00043648968715225174, 0.06149937804507184, 0.0025332820642113077), (0, 0, 0, 0, 0, 0, 0, 0.0061446088533262735, 0.0003843884653275346, 0.031069480068634414, 0.07850994353170956, 0.0013431113450645717, 0.0018496468978117624, 0.05207398638601675, 0.015085156698935967, 0.0013431113450645717, 0.036940224638936384, 0.002638017951649519, 0.11978983412227931, 0.0066132061053925245, 0.0207208396239082, 0.011720053679030874, 0.00566775380589651, 0.059046967456822835, 0.06548833004089114, 0.0019359358092692971, 0.00429810722857266, 0.00030058237746002827, 0.0043730621958221125, 0.015807917200052736, 0.059458789360000736, 0.0014939931791539789, 0, 0, 0, 0, 0, 0, 0, 0)]}}
AdaptationManager: Configuring next round...
{'client_registry': {'enabled': True, 'params': {}}, 'client_selector': {'enabled': True, 'params': {'selection_strategy': 'Resource-Based', 'selection_criteria': 'CPU', 'selection_value': 2}}, 'client_cluster': {'enabled': False, 'params': {}}, 'message_compressor': {'enabled': False, 'params': {}}, 'model_co-versioning_registry': {'enabled': False, 'params': {}}, 'multi-task_model_trainer': {'enabled': False, 'params': {}}, 'heterogeneous_data_handler': {'enabled': False, 'params': {}}}
{'client_selector': {'enabled': True}, 'client_cluster': {'enabled': False}, 'message_compressor': {'enabled': False}, 'model_co-versioning_registry': {'enabled': False}, 'multi-task_model_trainer': {'enabled': False}, 'heterogeneous_data_handler': {'enabled': False}, 'client_registry': {'enabled': True, 'params': {}}}
round 17, 25 high, 15 low, 0.0-iid clients, predicted best policy: client_selector activated ✅
Client Client 10 participates in this round. (CPU: 2, RAM: 2)
Client Client 2 participates in this round. (CPU: 2, RAM: 2)
Client Client 5 participates in this round. (CPU: 2, RAM: 2)
Client Client 15 participates in this round. (CPU: 2, RAM: 2)
Client Client 19 participates in this round. (CPU: 2, RAM: 2)
Client Client 12 participates in this round. (CPU: 2, RAM: 2)
Client Client 3 participates in this round. (CPU: 2, RAM: 2)
Client Client 21 participates in this round. (CPU: 2, RAM: 2)
Client Client 7 participates in this round. (CPU: 2, RAM: 2)
Client Client 13 participates in this round. (CPU: 2, RAM: 2)
Client Client 6 participates in this round. (CPU: 2, RAM: 2)
Client Client 14 participates in this round. (CPU: 2, RAM: 2)
Client Client 11 participates in this round. (CPU: 2, RAM: 2)
Client Client 8 participates in this round. (CPU: 2, RAM: 2)
Client Client 20 participates in this round. (CPU: 2, RAM: 2)
Client Client 1 participates in this round. (CPU: 2, RAM: 2)
Client Client 18 participates in this round. (CPU: 2, RAM: 2)
Client Client 4 participates in this round. (CPU: 2, RAM: 2)
Client Client 16 participates in this round. (CPU: 2, RAM: 2)
Client Client 23 participates in this round. (CPU: 2, RAM: 2)
Client Client 9 participates in this round. (CPU: 2, RAM: 2)
Client Client 28 has insufficient CPU (1). Will not participate in the next FL round.
Client Client 26 has insufficient CPU (1). Will not participate in the next FL round.
Client Client 30 has insufficient CPU (1). Will not participate in the next FL round.
Client Client 29 has insufficient CPU (1). Will not participate in the next FL round.
Client Client 31 has insufficient CPU (1). Will not participate in the next FL round.
Client Client 32 has insufficient CPU (1). Will not participate in the next FL round.
Client Client 38 has insufficient CPU (1). Will not participate in the next FL round.
Client Client 22 participates in this round. (CPU: 2, RAM: 2)
Client Client 35 has insufficient CPU (1). Will not participate in the next FL round.
Client Client 25 participates in this round. (CPU: 2, RAM: 2)
Client Client 24 participates in this round. (CPU: 2, RAM: 2)
Client Client 27 has insufficient CPU (1). Will not participate in the next FL round.
Client Client 34 has insufficient CPU (1). Will not participate in the next FL round.
Client Client 37 has insufficient CPU (1). Will not participate in the next FL round.
Client Client 17 participates in this round. (CPU: 2, RAM: 2)
Client Client 36 has insufficient CPU (1). Will not participate in the next FL round.
Client Client 39 has insufficient CPU (1). Will not participate in the next FL round.
Client Client 40 has insufficient CPU (1). Will not participate in the next FL round.
Client Client 33 has insufficient CPU (1). Will not participate in the next FL round.
Results Aggregated in 0.40 seconds.
{'prostate_logreg': {'train_loss': [0.522915776676804, 0.5427853199305819, 0.5332852327020983, 0.5247821108030435, 0.5228983667317558, 0.5277808904927137, 0.515815269036044, 0.5185789442376086, 0.5148100715509717, 0.5160975533861446, 0.5036855980116703, 0.5035347050527548, 0.5030098053230924, 0.5060250425732419, 0.501942634847453, 0.501743128884991, 0.5022892852286936], 'train_accuracy': [0.816793893129771, 0.7574626865671642, 0.7955112219451371, 0.7795527156549521, 0.7870588235294118, 0.7750702905342081, 0.7872503840245776, 0.7767695099818511, 0.7762520193861067, 0.7619047619047619, 0.773827923750644, 0.7726432532347505, 0.7690695725062867, 0.7636738906088751, 0.7688679245283019, 0.7651309846431797, 0.765704584040747], 'train_f1': [0.6382153046275184, 0.6215918940941568, 0.7180952477257734, 0.7007106248803823, 0.710262182130933, 0.7134530051766068, 0.7370912785733648, 0.7299939473310743, 0.7415117955729216, 0.7301934917274622, 0.7361494665981204, 0.7379354065066691, 0.7323638807560429, 0.7395508562416407, 0.7331603276707815, 0.7403361204541021, 0.7406627712032529], 'train_mae': [0.183206106870229, 0.24253731343283583, 0.20448877805486285, 0.22044728434504793, 0.21294117647058824, 0.22492970946579194, 0.21274961597542244, 0.22323049001814882, 0.22374798061389337, 0.23809523809523808, 0.226172076249356, 0.22735674676524953, 0.23093042749371331, 0.23632610939112486, 0.23113207547169812, 0.23486901535682023, 0.23429541595925296], 'val_loss': [0.6688459049731817, 0.6377556777112734, 0.616115763832738, 0.5995939056721463, 0.5858078998931507, 0.5752824584002021, 0.5660192995263178, 0.5579627183401215, 0.5515093401237116, 0.5462920460635549, 0.541909269548413, 0.538838500301823, 0.5359443995344458, 0.532470053192732, 0.5306784638742319, 0.5280250039886042, 0.5261799010882784], 'val_accuracy': [0.5874208218288127, 0.6377553720757912, 0.6752644098972427, 0.6965068656107675, 0.7119190654985398, 0.7237473994164058, 0.7311821148042836, 0.7366683399621577, 0.7386098030454061, 0.7412338941594261, 0.7419358669399776, 0.742305177567153, 0.7427532354812054, 0.7442462800723126, 0.7443051395279415, 0.7450756629315702, 0.7453818679333887], 'val_f1': [0.5696152489841033, 0.6213962218019262, 0.6605656935033855, 0.682166567578124, 0.6976623111126142, 0.7093488500054955, 0.7164395853798228, 0.721529369099363, 0.7232959424620465, 0.7254416991275343, 0.7254262456173836, 0.725269144093387, 0.7255141862525482, 0.7265699004850404, 0.7259785112004297, 0.7261939972706136, 0.7256774323194337], 'val_mae': [0.4125791781711873, 0.36224462792420875, 0.3247355901027573, 0.3034931343892326, 0.28808093450146016, 0.27625260058359424, 0.26881788519571637, 0.2633316600378422, 0.26139019695459387, 0.25876610584057397, 0.2580641330600224, 0.25769482243284697, 0.2572467645187946, 0.25575371992768736, 0.2556948604720584, 0.2549243370684298, 0.2546181320666113], 'jsd': [(0, 0, 0, 0, 0, 0, 0, 0.0207208396239082, 0.31127812445913283, 0.31127812445913283, 0.31127812445913283, 0.11009182675183558, 0.31127812445913283, 0.31127812445913283, 0.31127812445913283, 0.0037024515418363386, 0.31127812445913283, 0.31127812445913283, 0.31127812445913283, 0.31127812445913283, 0.31127812445913283, 0.31127812445913283, 0.31127812445913283, 0.31127812445913283, 0.07310400793180982, 0.0037024515418363386, 0.31127812445913283, 0.31127812445913283, 0.0350583482647871, 0.31127812445913283, 0.31127812445913283, 0.31127812445913283, 0, 0, 0, 0, 0, 0, 0, 0), (0, 0, 0, 0, 0, 0, 0, 0.0207208396239082, 0.31127812445913283, 0.31127812445913283, 0.31127812445913283, 0.06548833004089114, 0.0014939931791539789, 0.31127812445913283, 0.07310400793180982, 0, 0.1711038312803313, 0.31127812445913283, 0, 0.007299156760473963, 0.009756534087137225, 0.31127812445913283, 0.31127812445913283, 0.31127812445913283, 0, 0.015085156698935967, 0.0207208396239082, 0.16395604408354778, 0.0350583482647871, 0.31127812445913283, 0.31127812445913283, 0.16395604408354778, 0, 0, 0, 0, 0, 0, 0, 0), (0, 0, 0, 0, 0, 0, 0, 0.0207208396239082, 0.16395604408354778, 0.31127812445913283, 0.09922267539827352, 0.11009182675183558, 0.18850340411986471, 0.09328462323031235, 0.11009182675183558, 0.010396593705431272, 0.10481597017296576, 0.05400884513974839, 0.1711038312803313, 0.042041899344894246, 0.0004999522456092496, 0, 0.31127812445913283, 0.0207208396239082, 0.0008025382728216734, 0.00040919789219141973, 0.06149937804507184, 0, 0.00040919789219141973, 0.09328462323031235, 0.31127812445913283, 0.09328462323031235, 0, 0, 0, 0, 0, 0, 0, 0), (0.09328462323031235, 0.31127812445913283, 0.2087803925185126, 0.009756534087137225, 0.11385563424028564, 0.013714477705244553, 0.08025594233229469, 0.07310400793180982, 0.03857581598654605, 0.13251817521576753, 0.05253690168806249, 0.19326958066820893, 0.0350583482647871, 0.00429810722857266, 0.005050449860393488, 0.0207208396239082, 0.0487949406953985, 0.07850994353170956, 0.31127812445913283, 0.07310400793180982, 0.31127812445913283, 0.31127812445913283, 0.0002145058924891757, 0.31127812445913283, 0.31127812445913283, 0.31127812445913283, 0, 0.31127812445913283, 0.11009182675183558, 0.31127812445913283, 0.07310400793180982, 0.31127812445913283, 0.0487949406953985, 0.05738732460549023, 0.31127812445913283, 0.001254883843183478, 0.0002145058924891757, 0.0487949406953985, 0.2227619806994962, 0.0487949406953985), (0.07310400793180982, 0.0018086520489059392, 0.2227619806994962, 0.00822299722902229, 0.07622434155290266, 0.015085156698935967, 0.07310400793180982, 0.05738732460549023, 0.01423921619075233, 0.06660561007005729, 0.0487949406953985, 0.11009182675183558, 0.04105726891831728, 0.004167970681504568, 0.004727398383200621, 0.011482406826014972, 0.0487949406953985, 0.07744908453819253, 0.31127812445913283, 0.07310400793180982, 0.007299156760473963, 0.0037024515418363386, 0.07622434155290266, 0.31127812445913283, 0.31127812445913283, 0.11009182675183558, 0.12425601093475921, 0.31127812445913283, 0.17750440524619315, 0.07310400793180982, 0.07310400793180982, 0.31127812445913283, 0.31127812445913283, 0.12425601093475921, 0.011482406826014972, 0.0207208396239082, 0.0005570970453080571, 0.07310400793180982, 0.004167970681504568, 0.0001877124226694997), (0.009036677434107646, 0.005050449860393488, 0.23305878051279882, 0.014691469621310085, 0.016941071056623243, 0.00822299722902229, 0.06859186091507882, 0.042041899344894246, 0.05655009359654585, 0.03889315594457522, 0.0463685414106319, 0.10206066129537185, 0.02359015854559616, 0.005865051239364611, 0.05171298000558475, 0.025509910978289904, 0.0487949406953985, 0.0454498512923588, 0.07310400793180982, 0.011482406826014972, 0.31127812445913283, 0.010396593705431272, 0.08111870596083268, 0.31127812445913283, 0.31127812445913283, 0.0207208396239082, 0.0487949406953985, 0.0022344421708708415, 0.2087803925185126, 0.07310400793180982, 0.042041899344894246, 0.20534969973663775, 0.05738732460549023, 0.01274900060462203, 0.16395604408354778, 0.028564156811275485, 0.0008790379110077892, 0.011482406826014972, 0.0207208396239082, 0.006523190206172563), (0.012033410127123681, 0.0037024515418363386, 0.24237412989240623, 0.01717496977609681, 0.016009512159686483, 0.0010689285835955437, 0.11385563424028564, 0.0022344421708708415, 0.07310400793180982, 0.04432065423178154, 0.04674406725931858, 0.09328462323031235, 0.0231107894081813, 0.0055031961632630196, 0.02276859998040022, 0.006019887358649001, 0.03857581598654605, 0.06149937804507184, 0.05738732460549023, 0.05400884513974839, 0.007299156760473963, 0.005407888490294582, 0.07529706740701966, 0.2292798117148899, 0.15591489886228305, 0.05253690168806249, 0.011482406826014972, 0.00028867375520897666, 0.03857581598654605, 0.05400884513974839, 0.05400884513974839, 0.2227619806994962, 0.03221357089614439, 0.039737267151773975, 0.002830694750015385, 0.008003048984193635, 0.0017382218522886302, 0.0009214584011009545, 0.036145614849311655, 0.09587355378511578), (0, 0, 0, 0, 0, 0, 0, 0.0061446088533262735, 0.002830694750015385, 0.24844401300050659, 0.04105726891831728, 0.014038937565777093, 0.0014939931791539789, 0.10372355040574062, 0.0037024515418363386, 0.07898885115561567, 0.0031619139529965624, 0.02711041372683346, 0.08697257500448134, 0.010396593705431272, 0.0010689285835955437, 0.050988453276391066, 0.007299156760473963, 0.039737267151773975, 0.12931448059938455, 0.0019359358092692971, 0.05738732460549023, 0.0350583482647871, 0.0008589183281813573, 0.018135571823116266, 0.03600088831260688, 0.11009182675183558, 0, 0, 0, 0, 0, 0, 0, 0), (0, 0, 0, 0, 0, 0, 0, 0.004867022157993568, 0.0022344421708708415, 0.06627146564409989, 0.04031575601199518, 0.007299156760473963, 0, 0.11603915012591684, 0.0003410895898538083, 0.07310400793180982, 0.005050449860393488, 0.02345316312919523, 0.10206066129537185, 0.00402636741089939, 0.0012978730164486581, 0.046891375075551814, 0.015085156698935967, 0.031173613118524304, 0.14070293888931446, 0.01258931793513713, 0.03857581598654605, 0.03328315226577441, 0.003476844487206702, 0.028564156811275485, 0.019295237025311954, 0.03328315226577441, 0, 0, 0, 0, 0, 0, 0, 0), (0, 0, 0, 0, 0, 0, 0, 0.0023839413783587893, 0.005301974832984377, 0.06900910450166178, 0.05207398638601675, 0.004122113616565049, 0.0009214584011009545, 0.10749195315105531, 0.0010689285835955437, 0.07622434155290266, 0.0032712817850098566, 0.004122113616565049, 0.1317293194736727, 0.007867664894852307, 0.0006631052098621127, 0.039191434062495145, 0.0064060099920141, 0.03268932243084692, 0.13251817521576753, 0.012465377054556089, 0.0487949406953985, 0.031896080966716533, 0.0027533280550219065, 0.025140556297286162, 0.05207398638601675, 0.006830658680456639, 0, 0, 0, 0, 0, 0, 0, 0), (0.0032712817850098566, 8.906807913130425e-05, 0.06056140150705616, 0.06859186091507882, 0.005572828884914387, 0.0023839413783587893, 0.11746492658590664, 0.0002145058924891757, 0.025317841727168493, 0.00030471608277718963, 0.004084476320002462, 0.14070293888931446, 0.03254945726919092, 0.0005570970453080571, 0.037285451679794746, 0.007299156760473963, 0.026881818822810627, 0.14175359252903857, 0.19094034698434098, 0.05738732460549023, 0.009756534087137225, 0.009036677434107646, 0.013949306965373928, 0.07622434155290266, 0.11009182675183558, 0.0487949406953985, 0.0037024515418363386, 0.009335040408067166, 0.0487949406953985, 0.027910215332363916, 0.0010689285835955437, 0.23646636812449032, 0.0350583482647871, 0.045824702319694016, 0.007299156760473963, 0.041276480022850906, 0.007299156760473963, 0.0022344421708708415, 0.05026059016936166, 0.010149344670410294), (0.0016626576184457752, 0.0006767219177472479, 0.06149937804507184, 0.06502539038278278, 0.008723329471708632, 0.00036176918093652755, 0.09555361251896813, 0.0001877124226694997, 0.023795695918608258, 0.0010160633509259717, 0.006963639137030152, 0.15058560986911712, 0.007775948452200233, 0.002349447614504129, 0.04066211490300797, 0.004528991295546424, 0.0350583482647871, 0.1363471521273121, 0.20534969973663775, 0.06322393781435344, 0.0207208396239082, 0.0024479765006755194, 0.01286900199539727, 0.02276859998040022, 0.12745428142147208, 0.029569159854620865, 0.0026078279567117203, 0.006523190206172563, 0.004816452941871073, 0.015588395748542892, 0.0001877124226694997, 0.24616505675524458, 0.027910215332363916, 0.03634284572901042, 0.03302877414247969, 0.015297775930101544, 0.006963639137030152, 0.0006767219177472479, 0.04746468216969184, 0), (0.0014191336441856193, 0.00057833776936193, 0.0487949406953985, 0.06679086162879758, 0.005269516232494085, 0, 0.0912236531918895, 0.0025061505903558393, 0.04657205098437532, 0.006963639137030152, 8.16481194098554e-05, 0.1399942004868045, 0.0014072060559221049, 0.0030350376967938353, 0.03889315594457522, 0.008814443970100422, 0.04302177187503205, 0.11824694297878971, 0.2149397901480957, 0.04066211490300797, 0.0207208396239082, 0.07529706740701966, 0.0029530155390121333, 0.00566775380589651, 0.14431677453762248, 0.05528500114149415, 0.0002145058924891757, 0.012033410127123681, 0.030305144839322347, 0.0645025668287288, 0.00013175698573951195, 0.2149397901480957, 0.09328462323031235, 0.0016400534037116603, 0.03857581598654605, 0.015678504950564255, 0.00402636741089939, 6.420633961127121e-05, 0.05129937439493795, 0), (0, 0, 0, 0, 0, 0, 0, 0.004816452941871073, 5.551033283418159e-05, 0.031173613118524304, 0.06390744704610728, 0.0006246337730938037, 0.0004746229241440903, 0.10112402163718603, 0.006523190206172563, 0.017476244325223163, 0.026668965913709028, 6.934144785689924e-05, 0.13138880793914987, 0.002114884643984207, 0.0030834536326394824, 0.03335434504876711, 0.0014939931791539789, 0.045224567067496654, 0.08596635671422005, 0.0011113345431778589, 0.0022344421708708415, 0.001564467561066686, 0.004469552452063288, 0.004528991295546424, 0.049943092483862694, 0.0024479765006755194, 0, 0, 0, 0, 0, 0, 0, 0), (0.006981663965470591, 0.00043648968715225174, 0.029108713090071167, 0.07767325654592765, 0.001231918311003291, 0.0009214584011009545, 0.086379156081871, 0.009756534087137225, 0.01841352965701827, 0.01667423493544029, 0.00013663754192747794, 0.1258707805558582, 0.006570967497522534, 0.026284415683249553, 0.03348087371897339, 0.002830694750015385, 0.0454498512923588, 0.06362643814839047, 0.17276905508286108, 0.0350583482647871, 0.0037024515418363386, 0.0693557217943376, 0.001842090186059877, 0, 0.13407247818586213, 0.045224567067496654, 0.00016564297461497002, 0.004651491303398973, 0.02711041372683346, 0.0066132061053925245, 0.0016400534037116603, 0.22392895962214418, 0.08697257500448134, 0.001254883843183478, 0.029348186031720347, 0.0003410895898538083, 0.004418075114369348, 0.00043648968715225174, 0.06149937804507184, 0.0025332820642113077), (0, 0, 0, 0, 0, 0, 0, 0.0061446088533262735, 0.0003843884653275346, 0.031069480068634414, 0.07850994353170956, 0.0013431113450645717, 0.0018496468978117624, 0.05207398638601675, 0.015085156698935967, 0.0013431113450645717, 0.036940224638936384, 0.002638017951649519, 0.11978983412227931, 0.0066132061053925245, 0.0207208396239082, 0.011720053679030874, 0.00566775380589651, 0.059046967456822835, 0.06548833004089114, 0.0019359358092692971, 0.00429810722857266, 0.00030058237746002827, 0.0043730621958221125, 0.015807917200052736, 0.059458789360000736, 0.0014939931791539789, 0, 0, 0, 0, 0, 0, 0, 0), (0, 0, 0, 0, 0, 0, 0, 0.0024103133254441793, 0.0003410895898538083, 0.023689377108138773, 0.0487949406953985, 0.0016935314912301346, 0.004528991295546424, 0.05188296997024308, 0.0207208396239082, 1.1920176936120385e-05, 0.032905373814262645, 0, 0.12569292273081545, 0.026881818822810627, 0.02390990460502848, 0.008776636631269714, 0.00398359742589189, 0.06548833004089114, 0.0659011120811942, 0.001175077712856798, 5.962124644974575e-05, 0.005449938393478782, 0.012250374725405605, 0.011145923026709324, 0.03594207144943594, 0.0001472488432595325, 0, 0, 0, 0, 0, 0, 0, 0)]}}
AdaptationManager: Configuring next round...
{'client_registry': {'enabled': True, 'params': {}}, 'client_selector': {'enabled': True, 'params': {'selection_strategy': 'Resource-Based', 'selection_criteria': 'CPU', 'selection_value': 2}}, 'client_cluster': {'enabled': False, 'params': {}}, 'message_compressor': {'enabled': False, 'params': {}}, 'model_co-versioning_registry': {'enabled': False, 'params': {}}, 'multi-task_model_trainer': {'enabled': False, 'params': {}}, 'heterogeneous_data_handler': {'enabled': False, 'params': {}}}
{'client_selector': {'enabled': True}, 'client_cluster': {'enabled': False}, 'message_compressor': {'enabled': False}, 'model_co-versioning_registry': {'enabled': False}, 'multi-task_model_trainer': {'enabled': False}, 'heterogeneous_data_handler': {'enabled': False}, 'client_registry': {'enabled': True, 'params': {}}}
round 18, 25 high, 15 low, 0.0-iid clients, predicted best policy: client_selector activated ✅
Client Client 7 participates in this round. (CPU: 2, RAM: 2)
Client Client 17 participates in this round. (CPU: 2, RAM: 2)
Client Client 22 participates in this round. (CPU: 2, RAM: 2)
Client Client 10 participates in this round. (CPU: 2, RAM: 2)
Client Client 6 participates in this round. (CPU: 2, RAM: 2)
Client Client 23 participates in this round. (CPU: 2, RAM: 2)
Client Client 25 participates in this round. (CPU: 2, RAM: 2)
Client Client 3 participates in this round. (CPU: 2, RAM: 2)
Client Client 16 participates in this round. (CPU: 2, RAM: 2)
Client Client 12 participates in this round. (CPU: 2, RAM: 2)
Client Client 1 participates in this round. (CPU: 2, RAM: 2)
Client Client 2 participates in this round. (CPU: 2, RAM: 2)
Client Client 4 participates in this round. (CPU: 2, RAM: 2)
Client Client 8 participates in this round. (CPU: 2, RAM: 2)
Client Client 15 participates in this round. (CPU: 2, RAM: 2)
Client Client 13 participates in this round. (CPU: 2, RAM: 2)
Client Client 9 participates in this round. (CPU: 2, RAM: 2)
Client Client 11 participates in this round. (CPU: 2, RAM: 2)
Client Client 26 has insufficient CPU (1). Will not participate in the next FL round.
Client Client 20 participates in this round. (CPU: 2, RAM: 2)
Client Client 27 has insufficient CPU (1). Will not participate in the next FL round.
Client Client 38 has insufficient CPU (1). Will not participate in the next FL round.
Client Client 29 has insufficient CPU (1). Will not participate in the next FL round.
Client Client 18 participates in this round. (CPU: 2, RAM: 2)
Client Client 28 has insufficient CPU (1). Will not participate in the next FL round.
Client Client 39 has insufficient CPU (1). Will not participate in the next FL round.
Client Client 33 has insufficient CPU (1). Will not participate in the next FL round.
Client Client 19 participates in this round. (CPU: 2, RAM: 2)
Client Client 14 participates in this round. (CPU: 2, RAM: 2)
Client Client 24 participates in this round. (CPU: 2, RAM: 2)
Client Client 21 participates in this round. (CPU: 2, RAM: 2)
Client Client 35 has insufficient CPU (1). Will not participate in the next FL round.
Client Client 5 participates in this round. (CPU: 2, RAM: 2)
Client Client 34 has insufficient CPU (1). Will not participate in the next FL round.
Client Client 37 has insufficient CPU (1). Will not participate in the next FL round.
Client Client 40 has insufficient CPU (1). Will not participate in the next FL round.
Client Client 32 has insufficient CPU (1). Will not participate in the next FL round.
Client Client 31 has insufficient CPU (1). Will not participate in the next FL round.
Client Client 30 has insufficient CPU (1). Will not participate in the next FL round.
Client Client 36 has insufficient CPU (1). Will not participate in the next FL round.
Results Aggregated in 0.41 seconds.
{'prostate_logreg': {'train_loss': [0.522915776676804, 0.5427853199305819, 0.5332852327020983, 0.5247821108030435, 0.5228983667317558, 0.5277808904927137, 0.515815269036044, 0.5185789442376086, 0.5148100715509717, 0.5160975533861446, 0.5036855980116703, 0.5035347050527548, 0.5030098053230924, 0.5060250425732419, 0.501942634847453, 0.501743128884991, 0.5022892852286936, 0.5005313287110825], 'train_accuracy': [0.816793893129771, 0.7574626865671642, 0.7955112219451371, 0.7795527156549521, 0.7870588235294118, 0.7750702905342081, 0.7872503840245776, 0.7767695099818511, 0.7762520193861067, 0.7619047619047619, 0.773827923750644, 0.7726432532347505, 0.7690695725062867, 0.7636738906088751, 0.7688679245283019, 0.7651309846431797, 0.765704584040747, 0.7657693852952994], 'train_f1': [0.6382153046275184, 0.6215918940941568, 0.7180952477257734, 0.7007106248803823, 0.710262182130933, 0.7134530051766068, 0.7370912785733648, 0.7299939473310743, 0.7415117955729216, 0.7301934917274622, 0.7361494665981204, 0.7379354065066691, 0.7323638807560429, 0.7395508562416407, 0.7331603276707815, 0.7403361204541021, 0.7406627712032529, 0.7405782336628587], 'train_mae': [0.183206106870229, 0.24253731343283583, 0.20448877805486285, 0.22044728434504793, 0.21294117647058824, 0.22492970946579194, 0.21274961597542244, 0.22323049001814882, 0.22374798061389337, 0.23809523809523808, 0.226172076249356, 0.22735674676524953, 0.23093042749371331, 0.23632610939112486, 0.23113207547169812, 0.23486901535682023, 0.23429541595925296, 0.2342306147047007], 'val_loss': [0.6688459049731817, 0.6377556777112734, 0.616115763832738, 0.5995939056721463, 0.5858078998931507, 0.5752824584002021, 0.5660192995263178, 0.5579627183401215, 0.5515093401237116, 0.5462920460635549, 0.541909269548413, 0.538838500301823, 0.5359443995344458, 0.532470053192732, 0.5306784638742319, 0.5280250039886042, 0.5261799010882784, 0.5246602782083237], 'val_accuracy': [0.5874208218288127, 0.6377553720757912, 0.6752644098972427, 0.6965068656107675, 0.7119190654985398, 0.7237473994164058, 0.7311821148042836, 0.7366683399621577, 0.7386098030454061, 0.7412338941594261, 0.7419358669399776, 0.742305177567153, 0.7427532354812054, 0.7442462800723126, 0.7443051395279415, 0.7450756629315702, 0.7453818679333887, 0.7449996295758073], 'val_f1': [0.5696152489841033, 0.6213962218019262, 0.6605656935033855, 0.682166567578124, 0.6976623111126142, 0.7093488500054955, 0.7164395853798228, 0.721529369099363, 0.7232959424620465, 0.7254416991275343, 0.7254262456173836, 0.725269144093387, 0.7255141862525482, 0.7265699004850404, 0.7259785112004297, 0.7261939972706136, 0.7256774323194337, 0.7245990428198208], 'val_mae': [0.4125791781711873, 0.36224462792420875, 0.3247355901027573, 0.3034931343892326, 0.28808093450146016, 0.27625260058359424, 0.26881788519571637, 0.2633316600378422, 0.26139019695459387, 0.25876610584057397, 0.2580641330600224, 0.25769482243284697, 0.2572467645187946, 0.25575371992768736, 0.2556948604720584, 0.2549243370684298, 0.2546181320666113, 0.2550003704241927], 'jsd': [(0, 0, 0, 0, 0, 0, 0, 0.0207208396239082, 0.31127812445913283, 0.31127812445913283, 0.31127812445913283, 0.11009182675183558, 0.31127812445913283, 0.31127812445913283, 0.31127812445913283, 0.0037024515418363386, 0.31127812445913283, 0.31127812445913283, 0.31127812445913283, 0.31127812445913283, 0.31127812445913283, 0.31127812445913283, 0.31127812445913283, 0.31127812445913283, 0.07310400793180982, 0.0037024515418363386, 0.31127812445913283, 0.31127812445913283, 0.0350583482647871, 0.31127812445913283, 0.31127812445913283, 0.31127812445913283, 0, 0, 0, 0, 0, 0, 0, 0), (0, 0, 0, 0, 0, 0, 0, 0.0207208396239082, 0.31127812445913283, 0.31127812445913283, 0.31127812445913283, 0.06548833004089114, 0.0014939931791539789, 0.31127812445913283, 0.07310400793180982, 0, 0.1711038312803313, 0.31127812445913283, 0, 0.007299156760473963, 0.009756534087137225, 0.31127812445913283, 0.31127812445913283, 0.31127812445913283, 0, 0.015085156698935967, 0.0207208396239082, 0.16395604408354778, 0.0350583482647871, 0.31127812445913283, 0.31127812445913283, 0.16395604408354778, 0, 0, 0, 0, 0, 0, 0, 0), (0, 0, 0, 0, 0, 0, 0, 0.0207208396239082, 0.16395604408354778, 0.31127812445913283, 0.09922267539827352, 0.11009182675183558, 0.18850340411986471, 0.09328462323031235, 0.11009182675183558, 0.010396593705431272, 0.10481597017296576, 0.05400884513974839, 0.1711038312803313, 0.042041899344894246, 0.0004999522456092496, 0, 0.31127812445913283, 0.0207208396239082, 0.0008025382728216734, 0.00040919789219141973, 0.06149937804507184, 0, 0.00040919789219141973, 0.09328462323031235, 0.31127812445913283, 0.09328462323031235, 0, 0, 0, 0, 0, 0, 0, 0), (0.09328462323031235, 0.31127812445913283, 0.2087803925185126, 0.009756534087137225, 0.11385563424028564, 0.013714477705244553, 0.08025594233229469, 0.07310400793180982, 0.03857581598654605, 0.13251817521576753, 0.05253690168806249, 0.19326958066820893, 0.0350583482647871, 0.00429810722857266, 0.005050449860393488, 0.0207208396239082, 0.0487949406953985, 0.07850994353170956, 0.31127812445913283, 0.07310400793180982, 0.31127812445913283, 0.31127812445913283, 0.0002145058924891757, 0.31127812445913283, 0.31127812445913283, 0.31127812445913283, 0, 0.31127812445913283, 0.11009182675183558, 0.31127812445913283, 0.07310400793180982, 0.31127812445913283, 0.0487949406953985, 0.05738732460549023, 0.31127812445913283, 0.001254883843183478, 0.0002145058924891757, 0.0487949406953985, 0.2227619806994962, 0.0487949406953985), (0.07310400793180982, 0.0018086520489059392, 0.2227619806994962, 0.00822299722902229, 0.07622434155290266, 0.015085156698935967, 0.07310400793180982, 0.05738732460549023, 0.01423921619075233, 0.06660561007005729, 0.0487949406953985, 0.11009182675183558, 0.04105726891831728, 0.004167970681504568, 0.004727398383200621, 0.011482406826014972, 0.0487949406953985, 0.07744908453819253, 0.31127812445913283, 0.07310400793180982, 0.007299156760473963, 0.0037024515418363386, 0.07622434155290266, 0.31127812445913283, 0.31127812445913283, 0.11009182675183558, 0.12425601093475921, 0.31127812445913283, 0.17750440524619315, 0.07310400793180982, 0.07310400793180982, 0.31127812445913283, 0.31127812445913283, 0.12425601093475921, 0.011482406826014972, 0.0207208396239082, 0.0005570970453080571, 0.07310400793180982, 0.004167970681504568, 0.0001877124226694997), (0.009036677434107646, 0.005050449860393488, 0.23305878051279882, 0.014691469621310085, 0.016941071056623243, 0.00822299722902229, 0.06859186091507882, 0.042041899344894246, 0.05655009359654585, 0.03889315594457522, 0.0463685414106319, 0.10206066129537185, 0.02359015854559616, 0.005865051239364611, 0.05171298000558475, 0.025509910978289904, 0.0487949406953985, 0.0454498512923588, 0.07310400793180982, 0.011482406826014972, 0.31127812445913283, 0.010396593705431272, 0.08111870596083268, 0.31127812445913283, 0.31127812445913283, 0.0207208396239082, 0.0487949406953985, 0.0022344421708708415, 0.2087803925185126, 0.07310400793180982, 0.042041899344894246, 0.20534969973663775, 0.05738732460549023, 0.01274900060462203, 0.16395604408354778, 0.028564156811275485, 0.0008790379110077892, 0.011482406826014972, 0.0207208396239082, 0.006523190206172563), (0.012033410127123681, 0.0037024515418363386, 0.24237412989240623, 0.01717496977609681, 0.016009512159686483, 0.0010689285835955437, 0.11385563424028564, 0.0022344421708708415, 0.07310400793180982, 0.04432065423178154, 0.04674406725931858, 0.09328462323031235, 0.0231107894081813, 0.0055031961632630196, 0.02276859998040022, 0.006019887358649001, 0.03857581598654605, 0.06149937804507184, 0.05738732460549023, 0.05400884513974839, 0.007299156760473963, 0.005407888490294582, 0.07529706740701966, 0.2292798117148899, 0.15591489886228305, 0.05253690168806249, 0.011482406826014972, 0.00028867375520897666, 0.03857581598654605, 0.05400884513974839, 0.05400884513974839, 0.2227619806994962, 0.03221357089614439, 0.039737267151773975, 0.002830694750015385, 0.008003048984193635, 0.0017382218522886302, 0.0009214584011009545, 0.036145614849311655, 0.09587355378511578), (0, 0, 0, 0, 0, 0, 0, 0.0061446088533262735, 0.002830694750015385, 0.24844401300050659, 0.04105726891831728, 0.014038937565777093, 0.0014939931791539789, 0.10372355040574062, 0.0037024515418363386, 0.07898885115561567, 0.0031619139529965624, 0.02711041372683346, 0.08697257500448134, 0.010396593705431272, 0.0010689285835955437, 0.050988453276391066, 0.007299156760473963, 0.039737267151773975, 0.12931448059938455, 0.0019359358092692971, 0.05738732460549023, 0.0350583482647871, 0.0008589183281813573, 0.018135571823116266, 0.03600088831260688, 0.11009182675183558, 0, 0, 0, 0, 0, 0, 0, 0), (0, 0, 0, 0, 0, 0, 0, 0.004867022157993568, 0.0022344421708708415, 0.06627146564409989, 0.04031575601199518, 0.007299156760473963, 0, 0.11603915012591684, 0.0003410895898538083, 0.07310400793180982, 0.005050449860393488, 0.02345316312919523, 0.10206066129537185, 0.00402636741089939, 0.0012978730164486581, 0.046891375075551814, 0.015085156698935967, 0.031173613118524304, 0.14070293888931446, 0.01258931793513713, 0.03857581598654605, 0.03328315226577441, 0.003476844487206702, 0.028564156811275485, 0.019295237025311954, 0.03328315226577441, 0, 0, 0, 0, 0, 0, 0, 0), (0, 0, 0, 0, 0, 0, 0, 0.0023839413783587893, 0.005301974832984377, 0.06900910450166178, 0.05207398638601675, 0.004122113616565049, 0.0009214584011009545, 0.10749195315105531, 0.0010689285835955437, 0.07622434155290266, 0.0032712817850098566, 0.004122113616565049, 0.1317293194736727, 0.007867664894852307, 0.0006631052098621127, 0.039191434062495145, 0.0064060099920141, 0.03268932243084692, 0.13251817521576753, 0.012465377054556089, 0.0487949406953985, 0.031896080966716533, 0.0027533280550219065, 0.025140556297286162, 0.05207398638601675, 0.006830658680456639, 0, 0, 0, 0, 0, 0, 0, 0), (0.0032712817850098566, 8.906807913130425e-05, 0.06056140150705616, 0.06859186091507882, 0.005572828884914387, 0.0023839413783587893, 0.11746492658590664, 0.0002145058924891757, 0.025317841727168493, 0.00030471608277718963, 0.004084476320002462, 0.14070293888931446, 0.03254945726919092, 0.0005570970453080571, 0.037285451679794746, 0.007299156760473963, 0.026881818822810627, 0.14175359252903857, 0.19094034698434098, 0.05738732460549023, 0.009756534087137225, 0.009036677434107646, 0.013949306965373928, 0.07622434155290266, 0.11009182675183558, 0.0487949406953985, 0.0037024515418363386, 0.009335040408067166, 0.0487949406953985, 0.027910215332363916, 0.0010689285835955437, 0.23646636812449032, 0.0350583482647871, 0.045824702319694016, 0.007299156760473963, 0.041276480022850906, 0.007299156760473963, 0.0022344421708708415, 0.05026059016936166, 0.010149344670410294), (0.0016626576184457752, 0.0006767219177472479, 0.06149937804507184, 0.06502539038278278, 0.008723329471708632, 0.00036176918093652755, 0.09555361251896813, 0.0001877124226694997, 0.023795695918608258, 0.0010160633509259717, 0.006963639137030152, 0.15058560986911712, 0.007775948452200233, 0.002349447614504129, 0.04066211490300797, 0.004528991295546424, 0.0350583482647871, 0.1363471521273121, 0.20534969973663775, 0.06322393781435344, 0.0207208396239082, 0.0024479765006755194, 0.01286900199539727, 0.02276859998040022, 0.12745428142147208, 0.029569159854620865, 0.0026078279567117203, 0.006523190206172563, 0.004816452941871073, 0.015588395748542892, 0.0001877124226694997, 0.24616505675524458, 0.027910215332363916, 0.03634284572901042, 0.03302877414247969, 0.015297775930101544, 0.006963639137030152, 0.0006767219177472479, 0.04746468216969184, 0), (0.0014191336441856193, 0.00057833776936193, 0.0487949406953985, 0.06679086162879758, 0.005269516232494085, 0, 0.0912236531918895, 0.0025061505903558393, 0.04657205098437532, 0.006963639137030152, 8.16481194098554e-05, 0.1399942004868045, 0.0014072060559221049, 0.0030350376967938353, 0.03889315594457522, 0.008814443970100422, 0.04302177187503205, 0.11824694297878971, 0.2149397901480957, 0.04066211490300797, 0.0207208396239082, 0.07529706740701966, 0.0029530155390121333, 0.00566775380589651, 0.14431677453762248, 0.05528500114149415, 0.0002145058924891757, 0.012033410127123681, 0.030305144839322347, 0.0645025668287288, 0.00013175698573951195, 0.2149397901480957, 0.09328462323031235, 0.0016400534037116603, 0.03857581598654605, 0.015678504950564255, 0.00402636741089939, 6.420633961127121e-05, 0.05129937439493795, 0), (0, 0, 0, 0, 0, 0, 0, 0.004816452941871073, 5.551033283418159e-05, 0.031173613118524304, 0.06390744704610728, 0.0006246337730938037, 0.0004746229241440903, 0.10112402163718603, 0.006523190206172563, 0.017476244325223163, 0.026668965913709028, 6.934144785689924e-05, 0.13138880793914987, 0.002114884643984207, 0.0030834536326394824, 0.03335434504876711, 0.0014939931791539789, 0.045224567067496654, 0.08596635671422005, 0.0011113345431778589, 0.0022344421708708415, 0.001564467561066686, 0.004469552452063288, 0.004528991295546424, 0.049943092483862694, 0.0024479765006755194, 0, 0, 0, 0, 0, 0, 0, 0), (0.006981663965470591, 0.00043648968715225174, 0.029108713090071167, 0.07767325654592765, 0.001231918311003291, 0.0009214584011009545, 0.086379156081871, 0.009756534087137225, 0.01841352965701827, 0.01667423493544029, 0.00013663754192747794, 0.1258707805558582, 0.006570967497522534, 0.026284415683249553, 0.03348087371897339, 0.002830694750015385, 0.0454498512923588, 0.06362643814839047, 0.17276905508286108, 0.0350583482647871, 0.0037024515418363386, 0.0693557217943376, 0.001842090186059877, 0, 0.13407247818586213, 0.045224567067496654, 0.00016564297461497002, 0.004651491303398973, 0.02711041372683346, 0.0066132061053925245, 0.0016400534037116603, 0.22392895962214418, 0.08697257500448134, 0.001254883843183478, 0.029348186031720347, 0.0003410895898538083, 0.004418075114369348, 0.00043648968715225174, 0.06149937804507184, 0.0025332820642113077), (0, 0, 0, 0, 0, 0, 0, 0.0061446088533262735, 0.0003843884653275346, 0.031069480068634414, 0.07850994353170956, 0.0013431113450645717, 0.0018496468978117624, 0.05207398638601675, 0.015085156698935967, 0.0013431113450645717, 0.036940224638936384, 0.002638017951649519, 0.11978983412227931, 0.0066132061053925245, 0.0207208396239082, 0.011720053679030874, 0.00566775380589651, 0.059046967456822835, 0.06548833004089114, 0.0019359358092692971, 0.00429810722857266, 0.00030058237746002827, 0.0043730621958221125, 0.015807917200052736, 0.059458789360000736, 0.0014939931791539789, 0, 0, 0, 0, 0, 0, 0, 0), (0, 0, 0, 0, 0, 0, 0, 0.0024103133254441793, 0.0003410895898538083, 0.023689377108138773, 0.0487949406953985, 0.0016935314912301346, 0.004528991295546424, 0.05188296997024308, 0.0207208396239082, 1.1920176936120385e-05, 0.032905373814262645, 0, 0.12569292273081545, 0.026881818822810627, 0.02390990460502848, 0.008776636631269714, 0.00398359742589189, 0.06548833004089114, 0.0659011120811942, 0.001175077712856798, 5.962124644974575e-05, 0.005449938393478782, 0.012250374725405605, 0.011145923026709324, 0.03594207144943594, 0.0001472488432595325, 0, 0, 0, 0, 0, 0, 0, 0), (0, 0, 0, 0, 0, 0, 0, 0.0021536469055539187, 0.00030471608277718963, 0.019828895863554644, 0.026158822648714775, 0.0017810649560001043, 0.004651491303398973, 0.035731909727539896, 0.038306964242260544, 4.2686232120132256e-05, 0.02771571646511272, 9.459123842968289e-05, 0.13251817521576753, 0.04768711957621925, 0.02374160222806597, 0.009286313085199546, 5.551033283418159e-05, 0.05787750669366977, 0.06627146564409989, 0.0005153473271587838, 0, 0.0038391590512110163, 0.007757463007627356, 0.005772727484600407, 0.0350583482647871, 0.004259204687851684, 0, 0, 0, 0, 0, 0, 0, 0)]}}
AdaptationManager: Configuring next round...
{'client_registry': {'enabled': True, 'params': {}}, 'client_selector': {'enabled': True, 'params': {'selection_strategy': 'Resource-Based', 'selection_criteria': 'CPU', 'selection_value': 2}}, 'client_cluster': {'enabled': False, 'params': {}}, 'message_compressor': {'enabled': False, 'params': {}}, 'model_co-versioning_registry': {'enabled': False, 'params': {}}, 'multi-task_model_trainer': {'enabled': False, 'params': {}}, 'heterogeneous_data_handler': {'enabled': False, 'params': {}}}
{'client_selector': {'enabled': True}, 'client_cluster': {'enabled': False}, 'message_compressor': {'enabled': False}, 'model_co-versioning_registry': {'enabled': False}, 'multi-task_model_trainer': {'enabled': False}, 'heterogeneous_data_handler': {'enabled': False}, 'client_registry': {'enabled': True, 'params': {}}}
round 19, 25 high, 15 low, 0.0-iid clients, predicted best policy: client_selector activated ✅
Client Client 1 participates in this round. (CPU: 2, RAM: 2)
Client Client 25 participates in this round. (CPU: 2, RAM: 2)
Client Client 9 participates in this round. (CPU: 2, RAM: 2)
Client Client 22 participates in this round. (CPU: 2, RAM: 2)
Client Client 3 participates in this round. (CPU: 2, RAM: 2)
Client Client 4 participates in this round. (CPU: 2, RAM: 2)
Client Client 12 participates in this round. (CPU: 2, RAM: 2)
Client Client 14 participates in this round. (CPU: 2, RAM: 2)
Client Client 8 participates in this round. (CPU: 2, RAM: 2)
Client Client 21 participates in this round. (CPU: 2, RAM: 2)
Client Client 24 participates in this round. (CPU: 2, RAM: 2)
Client Client 5 participates in this round. (CPU: 2, RAM: 2)
Client Client 15 participates in this round. (CPU: 2, RAM: 2)
Client Client 23 participates in this round. (CPU: 2, RAM: 2)
Client Client 7 participates in this round. (CPU: 2, RAM: 2)
Client Client 16 participates in this round. (CPU: 2, RAM: 2)
Client Client 19 participates in this round. (CPU: 2, RAM: 2)
Client Client 11 participates in this round. (CPU: 2, RAM: 2)
Client Client 31 has insufficient CPU (1). Will not participate in the next FL round.
Client Client 26 has insufficient CPU (1). Will not participate in the next FL round.
Client Client 38 has insufficient CPU (1). Will not participate in the next FL round.
Client Client 29 has insufficient CPU (1). Will not participate in the next FL round.
Client Client 36 has insufficient CPU (1). Will not participate in the next FL round.
Client Client 35 has insufficient CPU (1). Will not participate in the next FL round.
Client Client 40 has insufficient CPU (1). Will not participate in the next FL round.
Client Client 39 has insufficient CPU (1). Will not participate in the next FL round.
Client Client 18 participates in this round. (CPU: 2, RAM: 2)
Client Client 33 has insufficient CPU (1). Will not participate in the next FL round.
Client Client 20 participates in this round. (CPU: 2, RAM: 2)
Client Client 17 participates in this round. (CPU: 2, RAM: 2)
Client Client 13 participates in this round. (CPU: 2, RAM: 2)
Client Client 10 participates in this round. (CPU: 2, RAM: 2)
Client Client 2 participates in this round. (CPU: 2, RAM: 2)
Client Client 30 has insufficient CPU (1). Will not participate in the next FL round.
Client Client 6 participates in this round. (CPU: 2, RAM: 2)
Client Client 37 has insufficient CPU (1). Will not participate in the next FL round.
Client Client 34 has insufficient CPU (1). Will not participate in the next FL round.
Client Client 28 has insufficient CPU (1). Will not participate in the next FL round.
Client Client 27 has insufficient CPU (1). Will not participate in the next FL round.
Client Client 32 has insufficient CPU (1). Will not participate in the next FL round.
Results Aggregated in 0.48 seconds.
{'prostate_logreg': {'train_loss': [0.522915776676804, 0.5427853199305819, 0.5332852327020983, 0.5247821108030435, 0.5228983667317558, 0.5277808904927137, 0.515815269036044, 0.5185789442376086, 0.5148100715509717, 0.5160975533861446, 0.5036855980116703, 0.5035347050527548, 0.5030098053230924, 0.5060250425732419, 0.501942634847453, 0.501743128884991, 0.5022892852286936, 0.5005313287110825, 0.49871958007430267], 'train_accuracy': [0.816793893129771, 0.7574626865671642, 0.7955112219451371, 0.7795527156549521, 0.7870588235294118, 0.7750702905342081, 0.7872503840245776, 0.7767695099818511, 0.7762520193861067, 0.7619047619047619, 0.773827923750644, 0.7726432532347505, 0.7690695725062867, 0.7636738906088751, 0.7688679245283019, 0.7651309846431797, 0.765704584040747, 0.7657693852952994, 0.766945925361767], 'train_f1': [0.6382153046275184, 0.6215918940941568, 0.7180952477257734, 0.7007106248803823, 0.710262182130933, 0.7134530051766068, 0.7370912785733648, 0.7299939473310743, 0.7415117955729216, 0.7301934917274622, 0.7361494665981204, 0.7379354065066691, 0.7323638807560429, 0.7395508562416407, 0.7331603276707815, 0.7403361204541021, 0.7406627712032529, 0.7405782336628587, 0.7445637392480521], 'train_mae': [0.183206106870229, 0.24253731343283583, 0.20448877805486285, 0.22044728434504793, 0.21294117647058824, 0.22492970946579194, 0.21274961597542244, 0.22323049001814882, 0.22374798061389337, 0.23809523809523808, 0.226172076249356, 0.22735674676524953, 0.23093042749371331, 0.23632610939112486, 0.23113207547169812, 0.23486901535682023, 0.23429541595925296, 0.2342306147047007, 0.23305407463823305], 'val_loss': [0.6688459049731817, 0.6377556777112734, 0.616115763832738, 0.5995939056721463, 0.5858078998931507, 0.5752824584002021, 0.5660192995263178, 0.5579627183401215, 0.5515093401237116, 0.5462920460635549, 0.541909269548413, 0.538838500301823, 0.5359443995344458, 0.532470053192732, 0.5306784638742319, 0.5280250039886042, 0.5261799010882784, 0.5246602782083237, 0.5233468046444077], 'val_accuracy': [0.5874208218288127, 0.6377553720757912, 0.6752644098972427, 0.6965068656107675, 0.7119190654985398, 0.7237473994164058, 0.7311821148042836, 0.7366683399621577, 0.7386098030454061, 0.7412338941594261, 0.7419358669399776, 0.742305177567153, 0.7427532354812054, 0.7442462800723126, 0.7443051395279415, 0.7450756629315702, 0.7453818679333887, 0.7449996295758073, 0.7449232443702635], 'val_f1': [0.5696152489841033, 0.6213962218019262, 0.6605656935033855, 0.682166567578124, 0.6976623111126142, 0.7093488500054955, 0.7164395853798228, 0.721529369099363, 0.7232959424620465, 0.7254416991275343, 0.7254262456173836, 0.725269144093387, 0.7255141862525482, 0.7265699004850404, 0.7259785112004297, 0.7261939972706136, 0.7256774323194337, 0.7245990428198208, 0.7240189476432332], 'val_mae': [0.4125791781711873, 0.36224462792420875, 0.3247355901027573, 0.3034931343892326, 0.28808093450146016, 0.27625260058359424, 0.26881788519571637, 0.2633316600378422, 0.26139019695459387, 0.25876610584057397, 0.2580641330600224, 0.25769482243284697, 0.2572467645187946, 0.25575371992768736, 0.2556948604720584, 0.2549243370684298, 0.2546181320666113, 0.2550003704241927, 0.2550767556297365], 'jsd': [(0, 0, 0, 0, 0, 0, 0, 0.0207208396239082, 0.31127812445913283, 0.31127812445913283, 0.31127812445913283, 0.11009182675183558, 0.31127812445913283, 0.31127812445913283, 0.31127812445913283, 0.0037024515418363386, 0.31127812445913283, 0.31127812445913283, 0.31127812445913283, 0.31127812445913283, 0.31127812445913283, 0.31127812445913283, 0.31127812445913283, 0.31127812445913283, 0.07310400793180982, 0.0037024515418363386, 0.31127812445913283, 0.31127812445913283, 0.0350583482647871, 0.31127812445913283, 0.31127812445913283, 0.31127812445913283, 0, 0, 0, 0, 0, 0, 0, 0), (0, 0, 0, 0, 0, 0, 0, 0.0207208396239082, 0.31127812445913283, 0.31127812445913283, 0.31127812445913283, 0.06548833004089114, 0.0014939931791539789, 0.31127812445913283, 0.07310400793180982, 0, 0.1711038312803313, 0.31127812445913283, 0, 0.007299156760473963, 0.009756534087137225, 0.31127812445913283, 0.31127812445913283, 0.31127812445913283, 0, 0.015085156698935967, 0.0207208396239082, 0.16395604408354778, 0.0350583482647871, 0.31127812445913283, 0.31127812445913283, 0.16395604408354778, 0, 0, 0, 0, 0, 0, 0, 0), (0, 0, 0, 0, 0, 0, 0, 0.0207208396239082, 0.16395604408354778, 0.31127812445913283, 0.09922267539827352, 0.11009182675183558, 0.18850340411986471, 0.09328462323031235, 0.11009182675183558, 0.010396593705431272, 0.10481597017296576, 0.05400884513974839, 0.1711038312803313, 0.042041899344894246, 0.0004999522456092496, 0, 0.31127812445913283, 0.0207208396239082, 0.0008025382728216734, 0.00040919789219141973, 0.06149937804507184, 0, 0.00040919789219141973, 0.09328462323031235, 0.31127812445913283, 0.09328462323031235, 0, 0, 0, 0, 0, 0, 0, 0), (0.09328462323031235, 0.31127812445913283, 0.2087803925185126, 0.009756534087137225, 0.11385563424028564, 0.013714477705244553, 0.08025594233229469, 0.07310400793180982, 0.03857581598654605, 0.13251817521576753, 0.05253690168806249, 0.19326958066820893, 0.0350583482647871, 0.00429810722857266, 0.005050449860393488, 0.0207208396239082, 0.0487949406953985, 0.07850994353170956, 0.31127812445913283, 0.07310400793180982, 0.31127812445913283, 0.31127812445913283, 0.0002145058924891757, 0.31127812445913283, 0.31127812445913283, 0.31127812445913283, 0, 0.31127812445913283, 0.11009182675183558, 0.31127812445913283, 0.07310400793180982, 0.31127812445913283, 0.0487949406953985, 0.05738732460549023, 0.31127812445913283, 0.001254883843183478, 0.0002145058924891757, 0.0487949406953985, 0.2227619806994962, 0.0487949406953985), (0.07310400793180982, 0.0018086520489059392, 0.2227619806994962, 0.00822299722902229, 0.07622434155290266, 0.015085156698935967, 0.07310400793180982, 0.05738732460549023, 0.01423921619075233, 0.06660561007005729, 0.0487949406953985, 0.11009182675183558, 0.04105726891831728, 0.004167970681504568, 0.004727398383200621, 0.011482406826014972, 0.0487949406953985, 0.07744908453819253, 0.31127812445913283, 0.07310400793180982, 0.007299156760473963, 0.0037024515418363386, 0.07622434155290266, 0.31127812445913283, 0.31127812445913283, 0.11009182675183558, 0.12425601093475921, 0.31127812445913283, 0.17750440524619315, 0.07310400793180982, 0.07310400793180982, 0.31127812445913283, 0.31127812445913283, 0.12425601093475921, 0.011482406826014972, 0.0207208396239082, 0.0005570970453080571, 0.07310400793180982, 0.004167970681504568, 0.0001877124226694997), (0.009036677434107646, 0.005050449860393488, 0.23305878051279882, 0.014691469621310085, 0.016941071056623243, 0.00822299722902229, 0.06859186091507882, 0.042041899344894246, 0.05655009359654585, 0.03889315594457522, 0.0463685414106319, 0.10206066129537185, 0.02359015854559616, 0.005865051239364611, 0.05171298000558475, 0.025509910978289904, 0.0487949406953985, 0.0454498512923588, 0.07310400793180982, 0.011482406826014972, 0.31127812445913283, 0.010396593705431272, 0.08111870596083268, 0.31127812445913283, 0.31127812445913283, 0.0207208396239082, 0.0487949406953985, 0.0022344421708708415, 0.2087803925185126, 0.07310400793180982, 0.042041899344894246, 0.20534969973663775, 0.05738732460549023, 0.01274900060462203, 0.16395604408354778, 0.028564156811275485, 0.0008790379110077892, 0.011482406826014972, 0.0207208396239082, 0.006523190206172563), (0.012033410127123681, 0.0037024515418363386, 0.24237412989240623, 0.01717496977609681, 0.016009512159686483, 0.0010689285835955437, 0.11385563424028564, 0.0022344421708708415, 0.07310400793180982, 0.04432065423178154, 0.04674406725931858, 0.09328462323031235, 0.0231107894081813, 0.0055031961632630196, 0.02276859998040022, 0.006019887358649001, 0.03857581598654605, 0.06149937804507184, 0.05738732460549023, 0.05400884513974839, 0.007299156760473963, 0.005407888490294582, 0.07529706740701966, 0.2292798117148899, 0.15591489886228305, 0.05253690168806249, 0.011482406826014972, 0.00028867375520897666, 0.03857581598654605, 0.05400884513974839, 0.05400884513974839, 0.2227619806994962, 0.03221357089614439, 0.039737267151773975, 0.002830694750015385, 0.008003048984193635, 0.0017382218522886302, 0.0009214584011009545, 0.036145614849311655, 0.09587355378511578), (0, 0, 0, 0, 0, 0, 0, 0.0061446088533262735, 0.002830694750015385, 0.24844401300050659, 0.04105726891831728, 0.014038937565777093, 0.0014939931791539789, 0.10372355040574062, 0.0037024515418363386, 0.07898885115561567, 0.0031619139529965624, 0.02711041372683346, 0.08697257500448134, 0.010396593705431272, 0.0010689285835955437, 0.050988453276391066, 0.007299156760473963, 0.039737267151773975, 0.12931448059938455, 0.0019359358092692971, 0.05738732460549023, 0.0350583482647871, 0.0008589183281813573, 0.018135571823116266, 0.03600088831260688, 0.11009182675183558, 0, 0, 0, 0, 0, 0, 0, 0), (0, 0, 0, 0, 0, 0, 0, 0.004867022157993568, 0.0022344421708708415, 0.06627146564409989, 0.04031575601199518, 0.007299156760473963, 0, 0.11603915012591684, 0.0003410895898538083, 0.07310400793180982, 0.005050449860393488, 0.02345316312919523, 0.10206066129537185, 0.00402636741089939, 0.0012978730164486581, 0.046891375075551814, 0.015085156698935967, 0.031173613118524304, 0.14070293888931446, 0.01258931793513713, 0.03857581598654605, 0.03328315226577441, 0.003476844487206702, 0.028564156811275485, 0.019295237025311954, 0.03328315226577441, 0, 0, 0, 0, 0, 0, 0, 0), (0, 0, 0, 0, 0, 0, 0, 0.0023839413783587893, 0.005301974832984377, 0.06900910450166178, 0.05207398638601675, 0.004122113616565049, 0.0009214584011009545, 0.10749195315105531, 0.0010689285835955437, 0.07622434155290266, 0.0032712817850098566, 0.004122113616565049, 0.1317293194736727, 0.007867664894852307, 0.0006631052098621127, 0.039191434062495145, 0.0064060099920141, 0.03268932243084692, 0.13251817521576753, 0.012465377054556089, 0.0487949406953985, 0.031896080966716533, 0.0027533280550219065, 0.025140556297286162, 0.05207398638601675, 0.006830658680456639, 0, 0, 0, 0, 0, 0, 0, 0), (0.0032712817850098566, 8.906807913130425e-05, 0.06056140150705616, 0.06859186091507882, 0.005572828884914387, 0.0023839413783587893, 0.11746492658590664, 0.0002145058924891757, 0.025317841727168493, 0.00030471608277718963, 0.004084476320002462, 0.14070293888931446, 0.03254945726919092, 0.0005570970453080571, 0.037285451679794746, 0.007299156760473963, 0.026881818822810627, 0.14175359252903857, 0.19094034698434098, 0.05738732460549023, 0.009756534087137225, 0.009036677434107646, 0.013949306965373928, 0.07622434155290266, 0.11009182675183558, 0.0487949406953985, 0.0037024515418363386, 0.009335040408067166, 0.0487949406953985, 0.027910215332363916, 0.0010689285835955437, 0.23646636812449032, 0.0350583482647871, 0.045824702319694016, 0.007299156760473963, 0.041276480022850906, 0.007299156760473963, 0.0022344421708708415, 0.05026059016936166, 0.010149344670410294), (0.0016626576184457752, 0.0006767219177472479, 0.06149937804507184, 0.06502539038278278, 0.008723329471708632, 0.00036176918093652755, 0.09555361251896813, 0.0001877124226694997, 0.023795695918608258, 0.0010160633509259717, 0.006963639137030152, 0.15058560986911712, 0.007775948452200233, 0.002349447614504129, 0.04066211490300797, 0.004528991295546424, 0.0350583482647871, 0.1363471521273121, 0.20534969973663775, 0.06322393781435344, 0.0207208396239082, 0.0024479765006755194, 0.01286900199539727, 0.02276859998040022, 0.12745428142147208, 0.029569159854620865, 0.0026078279567117203, 0.006523190206172563, 0.004816452941871073, 0.015588395748542892, 0.0001877124226694997, 0.24616505675524458, 0.027910215332363916, 0.03634284572901042, 0.03302877414247969, 0.015297775930101544, 0.006963639137030152, 0.0006767219177472479, 0.04746468216969184, 0), (0.0014191336441856193, 0.00057833776936193, 0.0487949406953985, 0.06679086162879758, 0.005269516232494085, 0, 0.0912236531918895, 0.0025061505903558393, 0.04657205098437532, 0.006963639137030152, 8.16481194098554e-05, 0.1399942004868045, 0.0014072060559221049, 0.0030350376967938353, 0.03889315594457522, 0.008814443970100422, 0.04302177187503205, 0.11824694297878971, 0.2149397901480957, 0.04066211490300797, 0.0207208396239082, 0.07529706740701966, 0.0029530155390121333, 0.00566775380589651, 0.14431677453762248, 0.05528500114149415, 0.0002145058924891757, 0.012033410127123681, 0.030305144839322347, 0.0645025668287288, 0.00013175698573951195, 0.2149397901480957, 0.09328462323031235, 0.0016400534037116603, 0.03857581598654605, 0.015678504950564255, 0.00402636741089939, 6.420633961127121e-05, 0.05129937439493795, 0), (0, 0, 0, 0, 0, 0, 0, 0.004816452941871073, 5.551033283418159e-05, 0.031173613118524304, 0.06390744704610728, 0.0006246337730938037, 0.0004746229241440903, 0.10112402163718603, 0.006523190206172563, 0.017476244325223163, 0.026668965913709028, 6.934144785689924e-05, 0.13138880793914987, 0.002114884643984207, 0.0030834536326394824, 0.03335434504876711, 0.0014939931791539789, 0.045224567067496654, 0.08596635671422005, 0.0011113345431778589, 0.0022344421708708415, 0.001564467561066686, 0.004469552452063288, 0.004528991295546424, 0.049943092483862694, 0.0024479765006755194, 0, 0, 0, 0, 0, 0, 0, 0), (0.006981663965470591, 0.00043648968715225174, 0.029108713090071167, 0.07767325654592765, 0.001231918311003291, 0.0009214584011009545, 0.086379156081871, 0.009756534087137225, 0.01841352965701827, 0.01667423493544029, 0.00013663754192747794, 0.1258707805558582, 0.006570967497522534, 0.026284415683249553, 0.03348087371897339, 0.002830694750015385, 0.0454498512923588, 0.06362643814839047, 0.17276905508286108, 0.0350583482647871, 0.0037024515418363386, 0.0693557217943376, 0.001842090186059877, 0, 0.13407247818586213, 0.045224567067496654, 0.00016564297461497002, 0.004651491303398973, 0.02711041372683346, 0.0066132061053925245, 0.0016400534037116603, 0.22392895962214418, 0.08697257500448134, 0.001254883843183478, 0.029348186031720347, 0.0003410895898538083, 0.004418075114369348, 0.00043648968715225174, 0.06149937804507184, 0.0025332820642113077), (0, 0, 0, 0, 0, 0, 0, 0.0061446088533262735, 0.0003843884653275346, 0.031069480068634414, 0.07850994353170956, 0.0013431113450645717, 0.0018496468978117624, 0.05207398638601675, 0.015085156698935967, 0.0013431113450645717, 0.036940224638936384, 0.002638017951649519, 0.11978983412227931, 0.0066132061053925245, 0.0207208396239082, 0.011720053679030874, 0.00566775380589651, 0.059046967456822835, 0.06548833004089114, 0.0019359358092692971, 0.00429810722857266, 0.00030058237746002827, 0.0043730621958221125, 0.015807917200052736, 0.059458789360000736, 0.0014939931791539789, 0, 0, 0, 0, 0, 0, 0, 0), (0, 0, 0, 0, 0, 0, 0, 0.0024103133254441793, 0.0003410895898538083, 0.023689377108138773, 0.0487949406953985, 0.0016935314912301346, 0.004528991295546424, 0.05188296997024308, 0.0207208396239082, 1.1920176936120385e-05, 0.032905373814262645, 0, 0.12569292273081545, 0.026881818822810627, 0.02390990460502848, 0.008776636631269714, 0.00398359742589189, 0.06548833004089114, 0.0659011120811942, 0.001175077712856798, 5.962124644974575e-05, 0.005449938393478782, 0.012250374725405605, 0.011145923026709324, 0.03594207144943594, 0.0001472488432595325, 0, 0, 0, 0, 0, 0, 0, 0), (0, 0, 0, 0, 0, 0, 0, 0.0021536469055539187, 0.00030471608277718963, 0.019828895863554644, 0.026158822648714775, 0.0017810649560001043, 0.004651491303398973, 0.035731909727539896, 0.038306964242260544, 4.2686232120132256e-05, 0.02771571646511272, 9.459123842968289e-05, 0.13251817521576753, 0.04768711957621925, 0.02374160222806597, 0.009286313085199546, 5.551033283418159e-05, 0.05787750669366977, 0.06627146564409989, 0.0005153473271587838, 0, 0.0038391590512110163, 0.007757463007627356, 0.005772727484600407, 0.0350583482647871, 0.004259204687851684, 0, 0, 0, 0, 0, 0, 0, 0), (0, 0, 0, 0, 0, 0, 0, 0.003450103791230119, 0.00027386591062890375, 0.02721364024929683, 0.02211820804591469, 0.0013666233335663074, 0.0016091745892488386, 0.05156072627142655, 0.037074143225021866, 0.00162807250524959, 0.021402215358093966, 0.0013666233335663074, 0.12682457462158847, 0.03358991252393699, 0.02211820804591469, 0.002978431370333271, 0.0008025382728216734, 0.05738732460549023, 0.039737267151773975, 0.0009484022136292663, 0.00043648968715225174, 0.0013431113450645717, 0.003811217176241166, 0.0007613386703558822, 0.029801678237736863, 0.004792774479612703, 0, 0, 0, 0, 0, 0, 0, 0)]}}
AdaptationManager: Configuring next round...
{'client_registry': {'enabled': True, 'params': {}}, 'client_selector': {'enabled': True, 'params': {'selection_strategy': 'Resource-Based', 'selection_criteria': 'CPU', 'selection_value': 2}}, 'client_cluster': {'enabled': False, 'params': {}}, 'message_compressor': {'enabled': False, 'params': {}}, 'model_co-versioning_registry': {'enabled': False, 'params': {}}, 'multi-task_model_trainer': {'enabled': False, 'params': {}}, 'heterogeneous_data_handler': {'enabled': False, 'params': {}}}
{'client_selector': {'enabled': True}, 'client_cluster': {'enabled': False}, 'message_compressor': {'enabled': False}, 'model_co-versioning_registry': {'enabled': False}, 'multi-task_model_trainer': {'enabled': False}, 'heterogeneous_data_handler': {'enabled': False}, 'client_registry': {'enabled': True, 'params': {}}}
round 20, 25 high, 15 low, 0.0-iid clients, predicted best policy: client_selector de-activated ❌
Results Aggregated in 0.46 seconds.
{'prostate_logreg': {'train_loss': [0.522915776676804, 0.5427853199305819, 0.5332852327020983, 0.5247821108030435, 0.5228983667317558, 0.5277808904927137, 0.515815269036044, 0.5185789442376086, 0.5148100715509717, 0.5160975533861446, 0.5036855980116703, 0.5035347050527548, 0.5030098053230924, 0.5060250425732419, 0.501942634847453, 0.501743128884991, 0.5022892852286936, 0.5005313287110825, 0.49871958007430267, 0.49475779348655535], 'train_accuracy': [0.816793893129771, 0.7574626865671642, 0.7955112219451371, 0.7795527156549521, 0.7870588235294118, 0.7750702905342081, 0.7872503840245776, 0.7767695099818511, 0.7762520193861067, 0.7619047619047619, 0.773827923750644, 0.7726432532347505, 0.7690695725062867, 0.7636738906088751, 0.7688679245283019, 0.7651309846431797, 0.765704584040747, 0.7657693852952994, 0.766945925361767, 0.7715736040609137], 'train_f1': [0.6382153046275184, 0.6215918940941568, 0.7180952477257734, 0.7007106248803823, 0.710262182130933, 0.7134530051766068, 0.7370912785733648, 0.7299939473310743, 0.7415117955729216, 0.7301934917274622, 0.7361494665981204, 0.7379354065066691, 0.7323638807560429, 0.7395508562416407, 0.7331603276707815, 0.7403361204541021, 0.7406627712032529, 0.7405782336628587, 0.7445637392480521, 0.745218240260496], 'train_mae': [0.183206106870229, 0.24253731343283583, 0.20448877805486285, 0.22044728434504793, 0.21294117647058824, 0.22492970946579194, 0.21274961597542244, 0.22323049001814882, 0.22374798061389337, 0.23809523809523808, 0.226172076249356, 0.22735674676524953, 0.23093042749371331, 0.23632610939112486, 0.23113207547169812, 0.23486901535682023, 0.23429541595925296, 0.2342306147047007, 0.23305407463823305, 0.22842639593908629], 'val_loss': [0.6688459049731817, 0.6377556777112734, 0.616115763832738, 0.5995939056721463, 0.5858078998931507, 0.5752824584002021, 0.5660192995263178, 0.5579627183401215, 0.5515093401237116, 0.5462920460635549, 0.541909269548413, 0.538838500301823, 0.5359443995344458, 0.532470053192732, 0.5306784638742319, 0.5280250039886042, 0.5261799010882784, 0.5246602782083237, 0.5233468046444077, 0.5226609087786029], 'val_accuracy': [0.5874208218288127, 0.6377553720757912, 0.6752644098972427, 0.6965068656107675, 0.7119190654985398, 0.7237473994164058, 0.7311821148042836, 0.7366683399621577, 0.7386098030454061, 0.7412338941594261, 0.7419358669399776, 0.742305177567153, 0.7427532354812054, 0.7442462800723126, 0.7443051395279415, 0.7450756629315702, 0.7453818679333887, 0.7449996295758073, 0.7449232443702635, 0.7448931070069962], 'val_f1': [0.5696152489841033, 0.6213962218019262, 0.6605656935033855, 0.682166567578124, 0.6976623111126142, 0.7093488500054955, 0.7164395853798228, 0.721529369099363, 0.7232959424620465, 0.7254416991275343, 0.7254262456173836, 0.725269144093387, 0.7255141862525482, 0.7265699004850404, 0.7259785112004297, 0.7261939972706136, 0.7256774323194337, 0.7245990428198208, 0.7240189476432332, 0.7240141922039814], 'val_mae': [0.4125791781711873, 0.36224462792420875, 0.3247355901027573, 0.3034931343892326, 0.28808093450146016, 0.27625260058359424, 0.26881788519571637, 0.2633316600378422, 0.26139019695459387, 0.25876610584057397, 0.2580641330600224, 0.25769482243284697, 0.2572467645187946, 0.25575371992768736, 0.2556948604720584, 0.2549243370684298, 0.2546181320666113, 0.2550003704241927, 0.2550767556297365, 0.25510689299300376], 'jsd': [(0, 0, 0, 0, 0, 0, 0, 0.0207208396239082, 0.31127812445913283, 0.31127812445913283, 0.31127812445913283, 0.11009182675183558, 0.31127812445913283, 0.31127812445913283, 0.31127812445913283, 0.0037024515418363386, 0.31127812445913283, 0.31127812445913283, 0.31127812445913283, 0.31127812445913283, 0.31127812445913283, 0.31127812445913283, 0.31127812445913283, 0.31127812445913283, 0.07310400793180982, 0.0037024515418363386, 0.31127812445913283, 0.31127812445913283, 0.0350583482647871, 0.31127812445913283, 0.31127812445913283, 0.31127812445913283, 0, 0, 0, 0, 0, 0, 0, 0), (0, 0, 0, 0, 0, 0, 0, 0.0207208396239082, 0.31127812445913283, 0.31127812445913283, 0.31127812445913283, 0.06548833004089114, 0.0014939931791539789, 0.31127812445913283, 0.07310400793180982, 0, 0.1711038312803313, 0.31127812445913283, 0, 0.007299156760473963, 0.009756534087137225, 0.31127812445913283, 0.31127812445913283, 0.31127812445913283, 0, 0.015085156698935967, 0.0207208396239082, 0.16395604408354778, 0.0350583482647871, 0.31127812445913283, 0.31127812445913283, 0.16395604408354778, 0, 0, 0, 0, 0, 0, 0, 0), (0, 0, 0, 0, 0, 0, 0, 0.0207208396239082, 0.16395604408354778, 0.31127812445913283, 0.09922267539827352, 0.11009182675183558, 0.18850340411986471, 0.09328462323031235, 0.11009182675183558, 0.010396593705431272, 0.10481597017296576, 0.05400884513974839, 0.1711038312803313, 0.042041899344894246, 0.0004999522456092496, 0, 0.31127812445913283, 0.0207208396239082, 0.0008025382728216734, 0.00040919789219141973, 0.06149937804507184, 0, 0.00040919789219141973, 0.09328462323031235, 0.31127812445913283, 0.09328462323031235, 0, 0, 0, 0, 0, 0, 0, 0), (0.09328462323031235, 0.31127812445913283, 0.2087803925185126, 0.009756534087137225, 0.11385563424028564, 0.013714477705244553, 0.08025594233229469, 0.07310400793180982, 0.03857581598654605, 0.13251817521576753, 0.05253690168806249, 0.19326958066820893, 0.0350583482647871, 0.00429810722857266, 0.005050449860393488, 0.0207208396239082, 0.0487949406953985, 0.07850994353170956, 0.31127812445913283, 0.07310400793180982, 0.31127812445913283, 0.31127812445913283, 0.0002145058924891757, 0.31127812445913283, 0.31127812445913283, 0.31127812445913283, 0, 0.31127812445913283, 0.11009182675183558, 0.31127812445913283, 0.07310400793180982, 0.31127812445913283, 0.0487949406953985, 0.05738732460549023, 0.31127812445913283, 0.001254883843183478, 0.0002145058924891757, 0.0487949406953985, 0.2227619806994962, 0.0487949406953985), (0.07310400793180982, 0.0018086520489059392, 0.2227619806994962, 0.00822299722902229, 0.07622434155290266, 0.015085156698935967, 0.07310400793180982, 0.05738732460549023, 0.01423921619075233, 0.06660561007005729, 0.0487949406953985, 0.11009182675183558, 0.04105726891831728, 0.004167970681504568, 0.004727398383200621, 0.011482406826014972, 0.0487949406953985, 0.07744908453819253, 0.31127812445913283, 0.07310400793180982, 0.007299156760473963, 0.0037024515418363386, 0.07622434155290266, 0.31127812445913283, 0.31127812445913283, 0.11009182675183558, 0.12425601093475921, 0.31127812445913283, 0.17750440524619315, 0.07310400793180982, 0.07310400793180982, 0.31127812445913283, 0.31127812445913283, 0.12425601093475921, 0.011482406826014972, 0.0207208396239082, 0.0005570970453080571, 0.07310400793180982, 0.004167970681504568, 0.0001877124226694997), (0.009036677434107646, 0.005050449860393488, 0.23305878051279882, 0.014691469621310085, 0.016941071056623243, 0.00822299722902229, 0.06859186091507882, 0.042041899344894246, 0.05655009359654585, 0.03889315594457522, 0.0463685414106319, 0.10206066129537185, 0.02359015854559616, 0.005865051239364611, 0.05171298000558475, 0.025509910978289904, 0.0487949406953985, 0.0454498512923588, 0.07310400793180982, 0.011482406826014972, 0.31127812445913283, 0.010396593705431272, 0.08111870596083268, 0.31127812445913283, 0.31127812445913283, 0.0207208396239082, 0.0487949406953985, 0.0022344421708708415, 0.2087803925185126, 0.07310400793180982, 0.042041899344894246, 0.20534969973663775, 0.05738732460549023, 0.01274900060462203, 0.16395604408354778, 0.028564156811275485, 0.0008790379110077892, 0.011482406826014972, 0.0207208396239082, 0.006523190206172563), (0.012033410127123681, 0.0037024515418363386, 0.24237412989240623, 0.01717496977609681, 0.016009512159686483, 0.0010689285835955437, 0.11385563424028564, 0.0022344421708708415, 0.07310400793180982, 0.04432065423178154, 0.04674406725931858, 0.09328462323031235, 0.0231107894081813, 0.0055031961632630196, 0.02276859998040022, 0.006019887358649001, 0.03857581598654605, 0.06149937804507184, 0.05738732460549023, 0.05400884513974839, 0.007299156760473963, 0.005407888490294582, 0.07529706740701966, 0.2292798117148899, 0.15591489886228305, 0.05253690168806249, 0.011482406826014972, 0.00028867375520897666, 0.03857581598654605, 0.05400884513974839, 0.05400884513974839, 0.2227619806994962, 0.03221357089614439, 0.039737267151773975, 0.002830694750015385, 0.008003048984193635, 0.0017382218522886302, 0.0009214584011009545, 0.036145614849311655, 0.09587355378511578), (0, 0, 0, 0, 0, 0, 0, 0.0061446088533262735, 0.002830694750015385, 0.24844401300050659, 0.04105726891831728, 0.014038937565777093, 0.0014939931791539789, 0.10372355040574062, 0.0037024515418363386, 0.07898885115561567, 0.0031619139529965624, 0.02711041372683346, 0.08697257500448134, 0.010396593705431272, 0.0010689285835955437, 0.050988453276391066, 0.007299156760473963, 0.039737267151773975, 0.12931448059938455, 0.0019359358092692971, 0.05738732460549023, 0.0350583482647871, 0.0008589183281813573, 0.018135571823116266, 0.03600088831260688, 0.11009182675183558, 0, 0, 0, 0, 0, 0, 0, 0), (0, 0, 0, 0, 0, 0, 0, 0.004867022157993568, 0.0022344421708708415, 0.06627146564409989, 0.04031575601199518, 0.007299156760473963, 0, 0.11603915012591684, 0.0003410895898538083, 0.07310400793180982, 0.005050449860393488, 0.02345316312919523, 0.10206066129537185, 0.00402636741089939, 0.0012978730164486581, 0.046891375075551814, 0.015085156698935967, 0.031173613118524304, 0.14070293888931446, 0.01258931793513713, 0.03857581598654605, 0.03328315226577441, 0.003476844487206702, 0.028564156811275485, 0.019295237025311954, 0.03328315226577441, 0, 0, 0, 0, 0, 0, 0, 0), (0, 0, 0, 0, 0, 0, 0, 0.0023839413783587893, 0.005301974832984377, 0.06900910450166178, 0.05207398638601675, 0.004122113616565049, 0.0009214584011009545, 0.10749195315105531, 0.0010689285835955437, 0.07622434155290266, 0.0032712817850098566, 0.004122113616565049, 0.1317293194736727, 0.007867664894852307, 0.0006631052098621127, 0.039191434062495145, 0.0064060099920141, 0.03268932243084692, 0.13251817521576753, 0.012465377054556089, 0.0487949406953985, 0.031896080966716533, 0.0027533280550219065, 0.025140556297286162, 0.05207398638601675, 0.006830658680456639, 0, 0, 0, 0, 0, 0, 0, 0), (0.0032712817850098566, 8.906807913130425e-05, 0.06056140150705616, 0.06859186091507882, 0.005572828884914387, 0.0023839413783587893, 0.11746492658590664, 0.0002145058924891757, 0.025317841727168493, 0.00030471608277718963, 0.004084476320002462, 0.14070293888931446, 0.03254945726919092, 0.0005570970453080571, 0.037285451679794746, 0.007299156760473963, 0.026881818822810627, 0.14175359252903857, 0.19094034698434098, 0.05738732460549023, 0.009756534087137225, 0.009036677434107646, 0.013949306965373928, 0.07622434155290266, 0.11009182675183558, 0.0487949406953985, 0.0037024515418363386, 0.009335040408067166, 0.0487949406953985, 0.027910215332363916, 0.0010689285835955437, 0.23646636812449032, 0.0350583482647871, 0.045824702319694016, 0.007299156760473963, 0.041276480022850906, 0.007299156760473963, 0.0022344421708708415, 0.05026059016936166, 0.010149344670410294), (0.0016626576184457752, 0.0006767219177472479, 0.06149937804507184, 0.06502539038278278, 0.008723329471708632, 0.00036176918093652755, 0.09555361251896813, 0.0001877124226694997, 0.023795695918608258, 0.0010160633509259717, 0.006963639137030152, 0.15058560986911712, 0.007775948452200233, 0.002349447614504129, 0.04066211490300797, 0.004528991295546424, 0.0350583482647871, 0.1363471521273121, 0.20534969973663775, 0.06322393781435344, 0.0207208396239082, 0.0024479765006755194, 0.01286900199539727, 0.02276859998040022, 0.12745428142147208, 0.029569159854620865, 0.0026078279567117203, 0.006523190206172563, 0.004816452941871073, 0.015588395748542892, 0.0001877124226694997, 0.24616505675524458, 0.027910215332363916, 0.03634284572901042, 0.03302877414247969, 0.015297775930101544, 0.006963639137030152, 0.0006767219177472479, 0.04746468216969184, 0), (0.0014191336441856193, 0.00057833776936193, 0.0487949406953985, 0.06679086162879758, 0.005269516232494085, 0, 0.0912236531918895, 0.0025061505903558393, 0.04657205098437532, 0.006963639137030152, 8.16481194098554e-05, 0.1399942004868045, 0.0014072060559221049, 0.0030350376967938353, 0.03889315594457522, 0.008814443970100422, 0.04302177187503205, 0.11824694297878971, 0.2149397901480957, 0.04066211490300797, 0.0207208396239082, 0.07529706740701966, 0.0029530155390121333, 0.00566775380589651, 0.14431677453762248, 0.05528500114149415, 0.0002145058924891757, 0.012033410127123681, 0.030305144839322347, 0.0645025668287288, 0.00013175698573951195, 0.2149397901480957, 0.09328462323031235, 0.0016400534037116603, 0.03857581598654605, 0.015678504950564255, 0.00402636741089939, 6.420633961127121e-05, 0.05129937439493795, 0), (0, 0, 0, 0, 0, 0, 0, 0.004816452941871073, 5.551033283418159e-05, 0.031173613118524304, 0.06390744704610728, 0.0006246337730938037, 0.0004746229241440903, 0.10112402163718603, 0.006523190206172563, 0.017476244325223163, 0.026668965913709028, 6.934144785689924e-05, 0.13138880793914987, 0.002114884643984207, 0.0030834536326394824, 0.03335434504876711, 0.0014939931791539789, 0.045224567067496654, 0.08596635671422005, 0.0011113345431778589, 0.0022344421708708415, 0.001564467561066686, 0.004469552452063288, 0.004528991295546424, 0.049943092483862694, 0.0024479765006755194, 0, 0, 0, 0, 0, 0, 0, 0), (0.006981663965470591, 0.00043648968715225174, 0.029108713090071167, 0.07767325654592765, 0.001231918311003291, 0.0009214584011009545, 0.086379156081871, 0.009756534087137225, 0.01841352965701827, 0.01667423493544029, 0.00013663754192747794, 0.1258707805558582, 0.006570967497522534, 0.026284415683249553, 0.03348087371897339, 0.002830694750015385, 0.0454498512923588, 0.06362643814839047, 0.17276905508286108, 0.0350583482647871, 0.0037024515418363386, 0.0693557217943376, 0.001842090186059877, 0, 0.13407247818586213, 0.045224567067496654, 0.00016564297461497002, 0.004651491303398973, 0.02711041372683346, 0.0066132061053925245, 0.0016400534037116603, 0.22392895962214418, 0.08697257500448134, 0.001254883843183478, 0.029348186031720347, 0.0003410895898538083, 0.004418075114369348, 0.00043648968715225174, 0.06149937804507184, 0.0025332820642113077), (0, 0, 0, 0, 0, 0, 0, 0.0061446088533262735, 0.0003843884653275346, 0.031069480068634414, 0.07850994353170956, 0.0013431113450645717, 0.0018496468978117624, 0.05207398638601675, 0.015085156698935967, 0.0013431113450645717, 0.036940224638936384, 0.002638017951649519, 0.11978983412227931, 0.0066132061053925245, 0.0207208396239082, 0.011720053679030874, 0.00566775380589651, 0.059046967456822835, 0.06548833004089114, 0.0019359358092692971, 0.00429810722857266, 0.00030058237746002827, 0.0043730621958221125, 0.015807917200052736, 0.059458789360000736, 0.0014939931791539789, 0, 0, 0, 0, 0, 0, 0, 0), (0, 0, 0, 0, 0, 0, 0, 0.0024103133254441793, 0.0003410895898538083, 0.023689377108138773, 0.0487949406953985, 0.0016935314912301346, 0.004528991295546424, 0.05188296997024308, 0.0207208396239082, 1.1920176936120385e-05, 0.032905373814262645, 0, 0.12569292273081545, 0.026881818822810627, 0.02390990460502848, 0.008776636631269714, 0.00398359742589189, 0.06548833004089114, 0.0659011120811942, 0.001175077712856798, 5.962124644974575e-05, 0.005449938393478782, 0.012250374725405605, 0.011145923026709324, 0.03594207144943594, 0.0001472488432595325, 0, 0, 0, 0, 0, 0, 0, 0), (0, 0, 0, 0, 0, 0, 0, 0.0021536469055539187, 0.00030471608277718963, 0.019828895863554644, 0.026158822648714775, 0.0017810649560001043, 0.004651491303398973, 0.035731909727539896, 0.038306964242260544, 4.2686232120132256e-05, 0.02771571646511272, 9.459123842968289e-05, 0.13251817521576753, 0.04768711957621925, 0.02374160222806597, 0.009286313085199546, 5.551033283418159e-05, 0.05787750669366977, 0.06627146564409989, 0.0005153473271587838, 0, 0.0038391590512110163, 0.007757463007627356, 0.005772727484600407, 0.0350583482647871, 0.004259204687851684, 0, 0, 0, 0, 0, 0, 0, 0), (0, 0, 0, 0, 0, 0, 0, 0.003450103791230119, 0.00027386591062890375, 0.02721364024929683, 0.02211820804591469, 0.0013666233335663074, 0.0016091745892488386, 0.05156072627142655, 0.037074143225021866, 0.00162807250524959, 0.021402215358093966, 0.0013666233335663074, 0.12682457462158847, 0.03358991252393699, 0.02211820804591469, 0.002978431370333271, 0.0008025382728216734, 0.05738732460549023, 0.039737267151773975, 0.0009484022136292663, 0.00043648968715225174, 0.0013431113450645717, 0.003811217176241166, 0.0007613386703558822, 0.029801678237736863, 0.004792774479612703, 0, 0, 0, 0, 0, 0, 0, 0), (0.0034642219743328505, 0.00042941623229211627, 0.021538652516748455, 0.02272086873228655, 0.0012206713952879027, 0.0014409891346113153, 0.042666013215726564, 0.03600088831260688, 0.001452967385689341, 0.022022771157485542, 0.0012206713952879027, 0.12306145811218505, 0.021538652516748455, 0.02272086873228655, 0.0030171758098115793, 0.0007052449150227041, 0.042666013215726564, 0.045824702319694016, 0.18327338220704156, 0.03302877414247969, 0.0030834536326394824, 0.0381873775199095, 0.0012206713952879027, 4.2686232120132256e-05, 0.04466883597999073, 0.0381873775199095, 0.00013175698573951195, 0.008393992098530458, 0.027910215332363916, 0.00668451772448856, 8.16481194098554e-05, 0.20534969973663775, 0.10206066129537185, 0.0003843884653275346, 0.04066211490300797, 0.0034642219743328505, 0.0012206713952879027, 0.00042941623229211627, 0.021371214021228643, 0.0030171758098115793)]}}
AdaptationManager: Configuring next round...
{'client_registry': {'enabled': True, 'params': {}}, 'client_selector': {'enabled': True, 'params': {'selection_strategy': 'Resource-Based', 'selection_criteria': 'CPU', 'selection_value': 2}}, 'client_cluster': {'enabled': False, 'params': {}}, 'message_compressor': {'enabled': False, 'params': {}}, 'model_co-versioning_registry': {'enabled': False, 'params': {}}, 'multi-task_model_trainer': {'enabled': False, 'params': {}}, 'heterogeneous_data_handler': {'enabled': False, 'params': {}}}
{'client_selector': {'enabled': False}, 'client_cluster': {'enabled': False}, 'message_compressor': {'enabled': False}, 'model_co-versioning_registry': {'enabled': False}, 'multi-task_model_trainer': {'enabled': False}, 'heterogeneous_data_handler': {'enabled': False}, 'client_registry': {'enabled': True, 'params': {}}}
round 21, 25 high, 15 low, 0.0-iid clients, predicted best policy: client_selector de-activated ❌
