==========================================
  ___  ______  ___ ______       _ 
 / _ \ | ___ \/   ||  ___|     | |
/ /_\ \| |_/ / /| || |_ ___  __| |
|  _  ||  __/ /_| ||  _/ _ \/ _` |
| | | || |  \___  || ||  __/ (_| |
\_| |_/\_|      |_/\_| \___|\__,_| v.1.5.0

==========================================
Simulation Started!
List of the Architectural Patterns enabled:
Adaptation Enabled ✅
Metric: val_f1, bo-based: predictors/bo_model_selector_pca.pkl
Metric: val_f1,jsd, bo-based: predictors/bo_model_hdh-pca.pkl
Client Registry ✅
Client Selector ✅
 AP Parameters: {'selection_strategy': 'Resource-Based', 'selection_criteria': 'CPU', 'selection_value': 2}
Heterogeneous Data Handler ✅
 AP Parameters: {'enabled_clients': []}
==========================================
Client Client 22 participates in this round. (CPU: 2, RAM: 2)
Client Client 27 participates in this round. (CPU: 2, RAM: 2)
Client Client 23 participates in this round. (CPU: 2, RAM: 2)
Client Client 29 participates in this round. (CPU: 2, RAM: 2)
Client Client 3 participates in this round. (CPU: 2, RAM: 2)
Client Client 18 participates in this round. (CPU: 2, RAM: 2)
Client Client 19 participates in this round. (CPU: 2, RAM: 2)
Client Client 17 participates in this round. (CPU: 2, RAM: 2)
Client Client 24 participates in this round. (CPU: 2, RAM: 2)
Client Client 12 participates in this round. (CPU: 2, RAM: 2)
Client Client 9 participates in this round. (CPU: 2, RAM: 2)
Client Client 4 participates in this round. (CPU: 2, RAM: 2)
Client Client 5 participates in this round. (CPU: 2, RAM: 2)
Client Client 2 participates in this round. (CPU: 2, RAM: 2)
Client Client 13 participates in this round. (CPU: 2, RAM: 2)
Client Client 21 participates in this round. (CPU: 2, RAM: 2)
Client Client 10 participates in this round. (CPU: 2, RAM: 2)
Client Client 11 participates in this round. (CPU: 2, RAM: 2)
Client Client 6 participates in this round. (CPU: 2, RAM: 2)
Client Client 25 participates in this round. (CPU: 2, RAM: 2)
Client Client 26 participates in this round. (CPU: 2, RAM: 2)
Client Client 1 participates in this round. (CPU: 2, RAM: 2)
Client Client 28 participates in this round. (CPU: 2, RAM: 2)
Client Client 20 participates in this round. (CPU: 2, RAM: 2)
Client Client 14 participates in this round. (CPU: 2, RAM: 2)
Client Client 32 has insufficient CPU (1). Will not participate in the next FL round.
Client Client 38 has insufficient CPU (1). Will not participate in the next FL round.
Client Client 30 participates in this round. (CPU: 2, RAM: 2)
Client Client 16 participates in this round. (CPU: 2, RAM: 2)
Client Client 7 participates in this round. (CPU: 2, RAM: 2)
Client Client 8 participates in this round. (CPU: 2, RAM: 2)
Client Client 36 has insufficient CPU (1). Will not participate in the next FL round.
Client Client 15 participates in this round. (CPU: 2, RAM: 2)
Client Client 40 has insufficient CPU (1). Will not participate in the next FL round.
Client Client 37 has insufficient CPU (1). Will not participate in the next FL round.
Client Client 31 has insufficient CPU (1). Will not participate in the next FL round.
Client Client 33 has insufficient CPU (1). Will not participate in the next FL round.
Client Client 34 has insufficient CPU (1). Will not participate in the next FL round.
Client Client 39 has insufficient CPU (1). Will not participate in the next FL round.
Client Client 35 has insufficient CPU (1). Will not participate in the next FL round.
Results Aggregated in 1.62 seconds.
{'prostate_logreg': {'train_loss': [0.50196045165575], 'train_accuracy': [0.8544303797468354], 'train_f1': [0.7614681907403426], 'train_mae': [0.14556962025316456], 'val_loss': [0.6946436870739162], 'val_accuracy': [0.5699961845767124], 'val_f1': [0.5610243003164092], 'val_mae': [0.4300038154232876], 'jsd': [(0, 0, 0, 0, 0, 0.0207208396239082, 0.31127812445913283, 0.31127812445913283, 0.31127812445913283, 0.11009182675183558, 0.31127812445913283, 0.31127812445913283, 0.31127812445913283, 0.0037024515418363386, 0.31127812445913283, 0.31127812445913283, 0.31127812445913283, 0.31127812445913283, 0.31127812445913283, 0.31127812445913283, 0.31127812445913283, 0.31127812445913283, 0.07310400793180982, 0.31127812445913283, 0.07310400793180982, 0.31127812445913283, 0.31127812445913283, 0.0037024515418363386, 0.31127812445913283, 0.31127812445913283, 0.31127812445913283, 0.0350583482647871, 0.31127812445913283, 0.31127812445913283, 0.31127812445913283, 0, 0, 0, 0, 0)]}}
AdaptationManager: Configuring next round...
{'client_registry': {'enabled': True, 'params': {}}, 'client_selector': {'enabled': True, 'params': {'selection_strategy': 'Resource-Based', 'selection_criteria': 'CPU', 'selection_value': 2}}, 'client_cluster': {'enabled': False, 'params': {}}, 'message_compressor': {'enabled': False, 'params': {}}, 'model_co-versioning_registry': {'enabled': False, 'params': {}}, 'multi-task_model_trainer': {'enabled': False, 'params': {}}, 'heterogeneous_data_handler': {'enabled': True, 'params': {'enabled_clients': []}}}
{'client_selector': {'enabled': True}, 'client_cluster': {'enabled': False}, 'message_compressor': {'enabled': False}, 'model_co-versioning_registry': {'enabled': False}, 'multi-task_model_trainer': {'enabled': False}, 'heterogeneous_data_handler': {'enabled': True}, 'client_registry': {'enabled': True, 'params': {}}}
round 2, 30 high, 10 low, 0.0-iid clients, predicted best policy: client_selector de-activated ❌
Configuring client 1...
Client 1 done.
Configuring client 2...
Client 2 done.
Configuring client 3...
Client 3 done.
Configuring client 4...
Client 4 done.
Configuring client 5...
Client 5 done.
Configuring client 6...
Client 6 done.
Configuring client 7...
Client 7 done.
Configuring client 8...
Client 8 done.
Configuring client 9...
Client 9 done.
Configuring client 10...
Client 10 done.
Configuring client 11...
Client 11 done.
Configuring client 12...
Client 12 done.
Configuring client 13...
Client 13 done.
Configuring client 14...
Client 14 done.
Configuring client 15...
Client 15 done.
Configuring client 16...
Client 16 done.
Configuring client 17...
Client 17 done.
Configuring client 18...
Client 18 done.
Configuring client 19...
Client 19 done.
Configuring client 20...
Client 20 done.
Configuring client 21...
Client 21 done.
Configuring client 22...
Client 22 done.
Configuring client 23...
Client 23 done.
Configuring client 24...
Client 24 done.
Configuring client 25...
Client 25 done.
Configuring client 26...
Client 26 done.
Configuring client 27...
Client 27 done.
Configuring client 28...
Client 28 done.
Configuring client 29...
Client 29 done.
Configuring client 30...
Client 30 done.
Configuring client 31...
Client 31 done.
Configuring client 32...
Client 32 done.
Configuring client 33...
Client 33 done.
Configuring client 34...
Client 34 done.
Configuring client 35...
Client 35 done.
Configuring client 36...
Client 36 done.
Configuring client 37...
Client 37 done.
Configuring client 38...
Client 38 done.
Configuring client 39...
Client 39 done.
Configuring client 40...
Client 40 done.
heterogeneous_data_handler activated ✅ for clients: ['Client 10', 'Client 23', 'Client 25', 'Client 32']
Results Aggregated in 0.78 seconds.
{'prostate_logreg': {'train_loss': [0.50196045165575, 0.5410262663263224], 'train_accuracy': [0.8544303797468354, 0.7824933687002652], 'train_f1': [0.7614681907403426, 0.6476426035776106], 'train_mae': [0.14556962025316456, 0.21750663129973474], 'val_loss': [0.6946436870739162, 0.6646617022959954], 'val_accuracy': [0.5699961845767124, 0.617437496472713], 'val_f1': [0.5610243003164092, 0.6149903913967318], 'val_mae': [0.4300038154232876, 0.38256250352728705], 'jsd': [(0, 0, 0, 0, 0, 0.0207208396239082, 0.31127812445913283, 0.31127812445913283, 0.31127812445913283, 0.11009182675183558, 0.31127812445913283, 0.31127812445913283, 0.31127812445913283, 0.0037024515418363386, 0.31127812445913283, 0.31127812445913283, 0.31127812445913283, 0.31127812445913283, 0.31127812445913283, 0.31127812445913283, 0.31127812445913283, 0.31127812445913283, 0.07310400793180982, 0.31127812445913283, 0.07310400793180982, 0.31127812445913283, 0.31127812445913283, 0.0037024515418363386, 0.31127812445913283, 0.31127812445913283, 0.31127812445913283, 0.0350583482647871, 0.31127812445913283, 0.31127812445913283, 0.31127812445913283, 0, 0, 0, 0, 0), (0.0207208396239082, 0.31127812445913283, 0.31127812445913283, 0.31127812445913283, 0.06548833004089114, 0.0014939931791539789, 0.31127812445913283, 0.07310400793180982, 0, 0.1711038312803313, 0.31127812445913283, 0, 0.007299156760473963, 0.009756534087137225, 0.31127812445913283, 0.31127812445913283, 0.31127812445913283, 0, 0.31127812445913283, 0.07310400793180982, 0.007299156760473963, 0.0037024515418363386, 0.015085156698935967, 0.31127812445913283, 0.31127812445913283, 0.31127812445913283, 0, 0.31127812445913283, 0.11009182675183558, 0.31127812445913283, 0.07310400793180982, 0.31127812445913283, 0.0487949406953985, 0.0207208396239082, 0.31127812445913283, 0.16395604408354778, 0.0350583482647871, 0.31127812445913283, 0.31127812445913283, 0.16395604408354778)]}}
AdaptationManager: Configuring next round...
{'client_registry': {'enabled': True, 'params': {}}, 'client_selector': {'enabled': True, 'params': {'selection_strategy': 'Resource-Based', 'selection_criteria': 'CPU', 'selection_value': 2}}, 'client_cluster': {'enabled': False, 'params': {}}, 'message_compressor': {'enabled': False, 'params': {}}, 'model_co-versioning_registry': {'enabled': False, 'params': {}}, 'multi-task_model_trainer': {'enabled': False, 'params': {}}, 'heterogeneous_data_handler': {'enabled': True, 'params': {'enabled_clients': []}}}
{'client_selector': {'enabled': False}, 'client_cluster': {'enabled': False}, 'message_compressor': {'enabled': False}, 'model_co-versioning_registry': {'enabled': False}, 'multi-task_model_trainer': {'enabled': False}, 'heterogeneous_data_handler': {'enabled': True, 'params': {'enabled_clients': ['Client 10', 'Client 23', 'Client 25', 'Client 32']}}, 'client_registry': {'enabled': True, 'params': {}}}
round 3, 30 high, 10 low, 0.0-iid clients, predicted best policy: client_selector de-activated ❌
Configuring client 1...
Client 1 done.
Configuring client 2...
Client 2 done.
Configuring client 3...
Client 3 done.
Configuring client 4...
Client 4 done.
Configuring client 5...
Client 5 done.
Configuring client 6...
Client 6 done.
Configuring client 7...
Client 7 done.
Configuring client 8...
Client 8 done.
Configuring client 9...
Client 9 done.
Configuring client 10...
Client 10 done.
Configuring client 11...
Client 11 done.
Configuring client 12...
Client 12 done.
Configuring client 13...
Client 13 done.
Configuring client 14...
Client 14 done.
Configuring client 15...
Client 15 done.
Configuring client 16...
Client 16 done.
Configuring client 17...
Client 17 done.
Configuring client 18...
Client 18 done.
Configuring client 19...
Client 19 done.
Configuring client 20...
Client 20 done.
Configuring client 21...
Client 21 done.
Configuring client 22...
Client 22 done.
Configuring client 23...
Client 23 done.
Configuring client 24...
Client 24 done.
Configuring client 25...
Client 25 done.
Configuring client 26...
Client 26 done.
Configuring client 27...
Client 27 done.
Configuring client 28...
Client 28 done.
Configuring client 29...
Client 29 done.
Configuring client 30...
Client 30 done.
Configuring client 31...
Client 31 done.
Configuring client 32...
Client 32 done.
Configuring client 33...
Client 33 done.
Configuring client 34...
Client 34 done.
Configuring client 35...
Client 35 done.
Configuring client 36...
Client 36 done.
Configuring client 37...
Client 37 done.
Configuring client 38...
Client 38 done.
Configuring client 39...
Client 39 done.
Configuring client 40...
Client 40 done.
heterogeneous_data_handler activated ✅ for clients: ['Client 1', 'Client 2', 'Client 3', 'Client 4', 'Client 6', 'Client 7', 'Client 9', 'Client 10', 'Client 11', 'Client 12', 'Client 13', 'Client 14', 'Client 15', 'Client 16', 'Client 17', 'Client 18', 'Client 19', 'Client 21', 'Client 22', 'Client 23', 'Client 24', 'Client 25', 'Client 26', 'Client 27', 'Client 28', 'Client 29', 'Client 30', 'Client 32', 'Client 33', 'Client 34', 'Client 35', 'Client 36', 'Client 37', 'Client 38', 'Client 39', 'Client 40']
Results Aggregated in 0.82 seconds.
{'prostate_logreg': {'train_loss': [0.50196045165575, 0.5410262663263224, 0.5479556574447922], 'train_accuracy': [0.8544303797468354, 0.7824933687002652, 0.7773972602739726], 'train_f1': [0.7614681907403426, 0.6476426035776106, 0.703222491723727], 'train_mae': [0.14556962025316456, 0.21750663129973474, 0.2226027397260274], 'val_loss': [0.6946436870739162, 0.6646617022959954, 0.6402687532791971], 'val_accuracy': [0.5699961845767124, 0.617437496472713, 0.6489559044982027], 'val_f1': [0.5610243003164092, 0.6149903913967318, 0.648228300757542], 'val_mae': [0.4300038154232876, 0.38256250352728705, 0.3510440955017974], 'jsd': [(0, 0, 0, 0, 0, 0.0207208396239082, 0.31127812445913283, 0.31127812445913283, 0.31127812445913283, 0.11009182675183558, 0.31127812445913283, 0.31127812445913283, 0.31127812445913283, 0.0037024515418363386, 0.31127812445913283, 0.31127812445913283, 0.31127812445913283, 0.31127812445913283, 0.31127812445913283, 0.31127812445913283, 0.31127812445913283, 0.31127812445913283, 0.07310400793180982, 0.31127812445913283, 0.07310400793180982, 0.31127812445913283, 0.31127812445913283, 0.0037024515418363386, 0.31127812445913283, 0.31127812445913283, 0.31127812445913283, 0.0350583482647871, 0.31127812445913283, 0.31127812445913283, 0.31127812445913283, 0, 0, 0, 0, 0), (0.0207208396239082, 0.31127812445913283, 0.31127812445913283, 0.31127812445913283, 0.06548833004089114, 0.0014939931791539789, 0.31127812445913283, 0.07310400793180982, 0, 0.1711038312803313, 0.31127812445913283, 0, 0.007299156760473963, 0.009756534087137225, 0.31127812445913283, 0.31127812445913283, 0.31127812445913283, 0, 0.31127812445913283, 0.07310400793180982, 0.007299156760473963, 0.0037024515418363386, 0.015085156698935967, 0.31127812445913283, 0.31127812445913283, 0.31127812445913283, 0, 0.31127812445913283, 0.11009182675183558, 0.31127812445913283, 0.07310400793180982, 0.31127812445913283, 0.0487949406953985, 0.0207208396239082, 0.31127812445913283, 0.16395604408354778, 0.0350583482647871, 0.31127812445913283, 0.31127812445913283, 0.16395604408354778), (0, 0.16395604408354778, 0.31127812445913283, 0, 0, 0.18850340411986471, 0, 0.11009182675183558, 0, 0, 0, 0.1711038312803313, 0.042041899344894246, 0, 0, 0.31127812445913283, 0, 0, 0, 0, 0.31127812445913283, 0, 0, 0.31127812445913283, 0.31127812445913283, 0, 0.12425601093475921, 0.31127812445913283, 0.17750440524619315, 0, 0, 0.31127812445913283, 0.31127812445913283, 0, 0, 0, 0, 0, 0.31127812445913283, 0)]}}
AdaptationManager: Configuring next round...
{'client_registry': {'enabled': True, 'params': {}}, 'client_selector': {'enabled': True, 'params': {'selection_strategy': 'Resource-Based', 'selection_criteria': 'CPU', 'selection_value': 2}}, 'client_cluster': {'enabled': False, 'params': {}}, 'message_compressor': {'enabled': False, 'params': {}}, 'model_co-versioning_registry': {'enabled': False, 'params': {}}, 'multi-task_model_trainer': {'enabled': False, 'params': {}}, 'heterogeneous_data_handler': {'enabled': True, 'params': {'enabled_clients': []}}}
{'client_selector': {'enabled': False}, 'client_cluster': {'enabled': False}, 'message_compressor': {'enabled': False}, 'model_co-versioning_registry': {'enabled': False}, 'multi-task_model_trainer': {'enabled': False}, 'heterogeneous_data_handler': {'enabled': True, 'params': {'enabled_clients': ['Client 1', 'Client 2', 'Client 3', 'Client 4', 'Client 6', 'Client 7', 'Client 9', 'Client 10', 'Client 11', 'Client 12', 'Client 13', 'Client 14', 'Client 15', 'Client 16', 'Client 17', 'Client 18', 'Client 19', 'Client 21', 'Client 22', 'Client 23', 'Client 24', 'Client 25', 'Client 26', 'Client 27', 'Client 28', 'Client 29', 'Client 30', 'Client 32', 'Client 33', 'Client 34', 'Client 35', 'Client 36', 'Client 37', 'Client 38', 'Client 39', 'Client 40']}}, 'client_registry': {'enabled': True, 'params': {}}}
round 4, 30 high, 10 low, 0.0-iid clients, predicted best policy: client_selector activated ✅
Configuring client 1...
Client 1 done.
Configuring client 2...
Client 2 done.
Configuring client 3...
Client 3 done.
Configuring client 4...
Client 4 done.
Configuring client 5...
Client 5 done.
Configuring client 6...
Client 6 done.
Configuring client 7...
Client 7 done.
Configuring client 8...
Client 8 done.
Configuring client 9...
Client 9 done.
Configuring client 10...
Client 10 done.
Configuring client 11...
Client 11 done.
Configuring client 12...
Client 12 done.
Configuring client 13...
Client 13 done.
Configuring client 14...
Client 14 done.
Configuring client 15...
Client 15 done.
Configuring client 16...
Client 16 done.
Configuring client 17...
Client 17 done.
Configuring client 18...
Client 18 done.
Configuring client 19...
Client 19 done.
Configuring client 20...
Client 20 done.
Configuring client 21...
Client 21 done.
Configuring client 22...
Client 22 done.
Configuring client 23...
Client 23 done.
Configuring client 24...
Client 24 done.
Configuring client 25...
Client 25 done.
Configuring client 26...
Client 26 done.
Configuring client 27...
Client 27 done.
Configuring client 28...
Client 28 done.
Configuring client 29...
Client 29 done.
Configuring client 30...
Client 30 done.
Configuring client 31...
Client 31 done.
Configuring client 32...
Client 32 done.
Configuring client 33...
Client 33 done.
Configuring client 34...
Client 34 done.
Configuring client 35...
Client 35 done.
Configuring client 36...
Client 36 done.
Configuring client 37...
Client 37 done.
Configuring client 38...
Client 38 done.
Configuring client 39...
Client 39 done.
Configuring client 40...
Client 40 done.
heterogeneous_data_handler activated ✅ for clients: ['Client 1', 'Client 2', 'Client 3', 'Client 4', 'Client 5', 'Client 7', 'Client 8', 'Client 9', 'Client 10', 'Client 11', 'Client 12', 'Client 13', 'Client 14', 'Client 15', 'Client 16', 'Client 17', 'Client 18', 'Client 19', 'Client 20', 'Client 21', 'Client 22', 'Client 23', 'Client 24', 'Client 25', 'Client 26', 'Client 27', 'Client 28', 'Client 29', 'Client 30', 'Client 31', 'Client 32', 'Client 33', 'Client 34', 'Client 35', 'Client 36', 'Client 37', 'Client 38', 'Client 39', 'Client 40']
Client Client 6 participates in this round. (CPU: 2, RAM: 2)
Client Client 29 participates in this round. (CPU: 2, RAM: 2)
Client Client 18 participates in this round. (CPU: 2, RAM: 2)
Client Client 3 participates in this round. (CPU: 2, RAM: 2)
Client Client 24 participates in this round. (CPU: 2, RAM: 2)
Client Client 16 participates in this round. (CPU: 2, RAM: 2)
Client Client 13 participates in this round. (CPU: 2, RAM: 2)
Client Client 9 participates in this round. (CPU: 2, RAM: 2)
Client Client 15 participates in this round. (CPU: 2, RAM: 2)
Client Client 7 participates in this round. (CPU: 2, RAM: 2)
Client Client 28 participates in this round. (CPU: 2, RAM: 2)
Client Client 10 participates in this round. (CPU: 2, RAM: 2)
Client Client 25 participates in this round. (CPU: 2, RAM: 2)
Client Client 27 participates in this round. (CPU: 2, RAM: 2)
Client Client 12 participates in this round. (CPU: 2, RAM: 2)
Client Client 11 participates in this round. (CPU: 2, RAM: 2)
Client Client 22 participates in this round. (CPU: 2, RAM: 2)
Client Client 38 has insufficient CPU (1). Will not participate in the next FL round.
Client Client 26 participates in this round. (CPU: 2, RAM: 2)
Client Client 30 participates in this round. (CPU: 2, RAM: 2)
Client Client 19 participates in this round. (CPU: 2, RAM: 2)
Client Client 33 has insufficient CPU (1). Will not participate in the next FL round.
Client Client 32 has insufficient CPU (1). Will not participate in the next FL round.
Client Client 40 has insufficient CPU (1). Will not participate in the next FL round.
Client Client 20 participates in this round. (CPU: 2, RAM: 2)
Client Client 8 participates in this round. (CPU: 2, RAM: 2)
Client Client 39 has insufficient CPU (1). Will not participate in the next FL round.
Client Client 23 participates in this round. (CPU: 2, RAM: 2)
Client Client 1 participates in this round. (CPU: 2, RAM: 2)
Client Client 17 participates in this round. (CPU: 2, RAM: 2)
Client Client 5 participates in this round. (CPU: 2, RAM: 2)
Client Client 35 has insufficient CPU (1). Will not participate in the next FL round.
Client Client 4 participates in this round. (CPU: 2, RAM: 2)
Client Client 14 participates in this round. (CPU: 2, RAM: 2)
Client Client 21 participates in this round. (CPU: 2, RAM: 2)
Client Client 37 has insufficient CPU (1). Will not participate in the next FL round.
Client Client 2 participates in this round. (CPU: 2, RAM: 2)
Client Client 36 has insufficient CPU (1). Will not participate in the next FL round.
Client Client 34 has insufficient CPU (1). Will not participate in the next FL round.
Client Client 31 has insufficient CPU (1). Will not participate in the next FL round.
Results Aggregated in 0.75 seconds.
{'prostate_logreg': {'train_loss': [0.50196045165575, 0.5410262663263224, 0.5479556574447922, 0.5506327694819018], 'train_accuracy': [0.8544303797468354, 0.7824933687002652, 0.7773972602739726, 0.7760736196319018], 'train_f1': [0.7614681907403426, 0.6476426035776106, 0.703222491723727, 0.7244836793836318], 'train_mae': [0.14556962025316456, 0.21750663129973474, 0.2226027397260274, 0.22392638036809817], 'val_loss': [0.6946436870739162, 0.6646617022959954, 0.6402687532791971, 0.6214927899844236], 'val_accuracy': [0.5699961845767124, 0.617437496472713, 0.6489559044982027, 0.6694078231736501], 'val_f1': [0.5610243003164092, 0.6149903913967318, 0.648228300757542, 0.6688579702083185], 'val_mae': [0.4300038154232876, 0.38256250352728705, 0.3510440955017974, 0.33059217682634995], 'jsd': [(0, 0, 0, 0, 0, 0.0207208396239082, 0.31127812445913283, 0.31127812445913283, 0.31127812445913283, 0.11009182675183558, 0.31127812445913283, 0.31127812445913283, 0.31127812445913283, 0.0037024515418363386, 0.31127812445913283, 0.31127812445913283, 0.31127812445913283, 0.31127812445913283, 0.31127812445913283, 0.31127812445913283, 0.31127812445913283, 0.31127812445913283, 0.07310400793180982, 0.31127812445913283, 0.07310400793180982, 0.31127812445913283, 0.31127812445913283, 0.0037024515418363386, 0.31127812445913283, 0.31127812445913283, 0.31127812445913283, 0.0350583482647871, 0.31127812445913283, 0.31127812445913283, 0.31127812445913283, 0, 0, 0, 0, 0), (0.0207208396239082, 0.31127812445913283, 0.31127812445913283, 0.31127812445913283, 0.06548833004089114, 0.0014939931791539789, 0.31127812445913283, 0.07310400793180982, 0, 0.1711038312803313, 0.31127812445913283, 0, 0.007299156760473963, 0.009756534087137225, 0.31127812445913283, 0.31127812445913283, 0.31127812445913283, 0, 0.31127812445913283, 0.07310400793180982, 0.007299156760473963, 0.0037024515418363386, 0.015085156698935967, 0.31127812445913283, 0.31127812445913283, 0.31127812445913283, 0, 0.31127812445913283, 0.11009182675183558, 0.31127812445913283, 0.07310400793180982, 0.31127812445913283, 0.0487949406953985, 0.0207208396239082, 0.31127812445913283, 0.16395604408354778, 0.0350583482647871, 0.31127812445913283, 0.31127812445913283, 0.16395604408354778), (0, 0.16395604408354778, 0.31127812445913283, 0, 0, 0.18850340411986471, 0, 0.11009182675183558, 0, 0, 0, 0.1711038312803313, 0.042041899344894246, 0, 0, 0.31127812445913283, 0, 0, 0, 0, 0.31127812445913283, 0, 0, 0.31127812445913283, 0.31127812445913283, 0, 0.12425601093475921, 0.31127812445913283, 0.17750440524619315, 0, 0, 0.31127812445913283, 0.31127812445913283, 0, 0, 0, 0, 0, 0.31127812445913283, 0), (0, 0, 0, 0, 0, 0, 0.31127812445913283, 0.2087803925185126, 0, 0, 0, 0, 0, 0, 0, 0, 0.19326958066820893, 0, 0, 0, 0, 0, 0, 0, 0, 0, 0, 0, 0.2292798117148899, 0, 0, 0.0002145058924891757, 0, 0.2227619806994962, 0, 0, 0, 0, 0, 0)]}}
AdaptationManager: Configuring next round...
{'client_registry': {'enabled': True, 'params': {}}, 'client_selector': {'enabled': True, 'params': {'selection_strategy': 'Resource-Based', 'selection_criteria': 'CPU', 'selection_value': 2}}, 'client_cluster': {'enabled': False, 'params': {}}, 'message_compressor': {'enabled': False, 'params': {}}, 'model_co-versioning_registry': {'enabled': False, 'params': {}}, 'multi-task_model_trainer': {'enabled': False, 'params': {}}, 'heterogeneous_data_handler': {'enabled': True, 'params': {'enabled_clients': []}}}
{'client_selector': {'enabled': True}, 'client_cluster': {'enabled': False}, 'message_compressor': {'enabled': False}, 'model_co-versioning_registry': {'enabled': False}, 'multi-task_model_trainer': {'enabled': False}, 'heterogeneous_data_handler': {'enabled': True, 'params': {'enabled_clients': ['Client 1', 'Client 2', 'Client 3', 'Client 4', 'Client 5', 'Client 7', 'Client 8', 'Client 9', 'Client 10', 'Client 11', 'Client 12', 'Client 13', 'Client 14', 'Client 15', 'Client 16', 'Client 17', 'Client 18', 'Client 19', 'Client 20', 'Client 21', 'Client 22', 'Client 23', 'Client 24', 'Client 25', 'Client 26', 'Client 27', 'Client 28', 'Client 29', 'Client 30', 'Client 31', 'Client 32', 'Client 33', 'Client 34', 'Client 35', 'Client 36', 'Client 37', 'Client 38', 'Client 39', 'Client 40']}}, 'client_registry': {'enabled': True, 'params': {}}}
round 5, 30 high, 10 low, 0.0-iid clients, predicted best policy: client_selector activated ✅
Configuring client 1...
Client 1 done.
Configuring client 2...
Client 2 done.
Configuring client 3...
Client 3 done.
Configuring client 4...
Client 4 done.
Configuring client 5...
Client 5 done.
Configuring client 6...
Client 6 done.
Configuring client 7...
Client 7 done.
Configuring client 8...
Client 8 done.
Configuring client 9...
Client 9 done.
Configuring client 10...
Client 10 done.
Configuring client 11...
Client 11 done.
Configuring client 12...
Client 12 done.
Configuring client 13...
Client 13 done.
Configuring client 14...
Client 14 done.
Configuring client 15...
Client 15 done.
Configuring client 16...
Client 16 done.
Configuring client 17...
Client 17 done.
Configuring client 18...
Client 18 done.
Configuring client 19...
Client 19 done.
Configuring client 20...
Client 20 done.
Configuring client 21...
Client 21 done.
Configuring client 22...
Client 22 done.
Configuring client 23...
Client 23 done.
Configuring client 24...
Client 24 done.
Configuring client 25...
Client 25 done.
Configuring client 26...
Client 26 done.
Configuring client 27...
Client 27 done.
Configuring client 28...
Client 28 done.
Configuring client 29...
Client 29 done.
Configuring client 30...
Client 30 done.
Configuring client 31...
Client 31 done.
Configuring client 32...
Client 32 done.
Configuring client 33...
Client 33 done.
Configuring client 34...
Client 34 done.
Configuring client 35...
Client 35 done.
Configuring client 36...
Client 36 done.
Configuring client 37...
Client 37 done.
Configuring client 38...
Client 38 done.
Configuring client 39...
Client 39 done.
Configuring client 40...
Client 40 done.
heterogeneous_data_handler activated ✅ for clients: ['Client 1', 'Client 2', 'Client 3', 'Client 4', 'Client 5', 'Client 6', 'Client 9', 'Client 10', 'Client 11', 'Client 12', 'Client 13', 'Client 14', 'Client 15', 'Client 16', 'Client 18', 'Client 19', 'Client 20', 'Client 21', 'Client 22', 'Client 23', 'Client 24', 'Client 25', 'Client 26', 'Client 27', 'Client 28', 'Client 30', 'Client 31', 'Client 32', 'Client 33', 'Client 35', 'Client 36', 'Client 37', 'Client 38', 'Client 39', 'Client 40']
Client Client 29 participates in this round. (CPU: 2, RAM: 2)
Client Client 17 participates in this round. (CPU: 2, RAM: 2)
Client Client 8 participates in this round. (CPU: 2, RAM: 2)
Client Client 13 participates in this round. (CPU: 2, RAM: 2)
Client Client 7 participates in this round. (CPU: 2, RAM: 2)
Client Client 16 participates in this round. (CPU: 2, RAM: 2)
Client Client 3 participates in this round. (CPU: 2, RAM: 2)
Client Client 9 participates in this round. (CPU: 2, RAM: 2)
Client Client 23 participates in this round. (CPU: 2, RAM: 2)
Client Client 25 participates in this round. (CPU: 2, RAM: 2)
Client Client 22 participates in this round. (CPU: 2, RAM: 2)
Client Client 19 participates in this round. (CPU: 2, RAM: 2)
Client Client 15 participates in this round. (CPU: 2, RAM: 2)
Client Client 20 participates in this round. (CPU: 2, RAM: 2)
Client Client 24 participates in this round. (CPU: 2, RAM: 2)
Client Client 6 participates in this round. (CPU: 2, RAM: 2)
Client Client 28 participates in this round. (CPU: 2, RAM: 2)
Client Client 12 participates in this round. (CPU: 2, RAM: 2)
Client Client 10 participates in this round. (CPU: 2, RAM: 2)
Client Client 11 participates in this round. (CPU: 2, RAM: 2)
Client Client 4 participates in this round. (CPU: 2, RAM: 2)
Client Client 38 has insufficient CPU (1). Will not participate in the next FL round.
Client Client 26 participates in this round. (CPU: 2, RAM: 2)
Client Client 35 has insufficient CPU (1). Will not participate in the next FL round.
Client Client 34 has insufficient CPU (1). Will not participate in the next FL round.
Client Client 33 has insufficient CPU (1). Will not participate in the next FL round.
Client Client 39 has insufficient CPU (1). Will not participate in the next FL round.
Client Client 32 has insufficient CPU (1). Will not participate in the next FL round.
Client Client 36 has insufficient CPU (1). Will not participate in the next FL round.
Client Client 14 participates in this round. (CPU: 2, RAM: 2)
Client Client 18 participates in this round. (CPU: 2, RAM: 2)
Client Client 21 participates in this round. (CPU: 2, RAM: 2)
Client Client 27 participates in this round. (CPU: 2, RAM: 2)
Client Client 5 participates in this round. (CPU: 2, RAM: 2)
Client Client 1 participates in this round. (CPU: 2, RAM: 2)
Client Client 31 has insufficient CPU (1). Will not participate in the next FL round.
Client Client 37 has insufficient CPU (1). Will not participate in the next FL round.
Client Client 30 participates in this round. (CPU: 2, RAM: 2)
Client Client 2 participates in this round. (CPU: 2, RAM: 2)
Client Client 40 has insufficient CPU (1). Will not participate in the next FL round.
Results Aggregated in 0.39 seconds.
{'prostate_logreg': {'train_loss': [0.50196045165575, 0.5410262663263224, 0.5479556574447922, 0.5506327694819018, 0.548674642513353], 'train_accuracy': [0.8544303797468354, 0.7824933687002652, 0.7773972602739726, 0.7760736196319018, 0.7685749086479903], 'train_f1': [0.7614681907403426, 0.6476426035776106, 0.703222491723727, 0.7244836793836318, 0.7446661959934157], 'train_mae': [0.14556962025316456, 0.21750663129973474, 0.2226027397260274, 0.22392638036809817, 0.23142509135200975], 'val_loss': [0.6946436870739162, 0.6646617022959954, 0.6402687532791971, 0.6214927899844236, 0.607737331660556], 'val_accuracy': [0.5699961845767124, 0.617437496472713, 0.6489559044982027, 0.6694078231736501, 0.6851389932706179], 'val_f1': [0.5610243003164092, 0.6149903913967318, 0.648228300757542, 0.6688579702083185, 0.6841293596472754], 'val_mae': [0.4300038154232876, 0.38256250352728705, 0.3510440955017974, 0.33059217682634995, 0.3148610067293821], 'jsd': [(0, 0, 0, 0, 0, 0.0207208396239082, 0.31127812445913283, 0.31127812445913283, 0.31127812445913283, 0.11009182675183558, 0.31127812445913283, 0.31127812445913283, 0.31127812445913283, 0.0037024515418363386, 0.31127812445913283, 0.31127812445913283, 0.31127812445913283, 0.31127812445913283, 0.31127812445913283, 0.31127812445913283, 0.31127812445913283, 0.31127812445913283, 0.07310400793180982, 0.31127812445913283, 0.07310400793180982, 0.31127812445913283, 0.31127812445913283, 0.0037024515418363386, 0.31127812445913283, 0.31127812445913283, 0.31127812445913283, 0.0350583482647871, 0.31127812445913283, 0.31127812445913283, 0.31127812445913283, 0, 0, 0, 0, 0), (0.0207208396239082, 0.31127812445913283, 0.31127812445913283, 0.31127812445913283, 0.06548833004089114, 0.0014939931791539789, 0.31127812445913283, 0.07310400793180982, 0, 0.1711038312803313, 0.31127812445913283, 0, 0.007299156760473963, 0.009756534087137225, 0.31127812445913283, 0.31127812445913283, 0.31127812445913283, 0, 0.31127812445913283, 0.07310400793180982, 0.007299156760473963, 0.0037024515418363386, 0.015085156698935967, 0.31127812445913283, 0.31127812445913283, 0.31127812445913283, 0, 0.31127812445913283, 0.11009182675183558, 0.31127812445913283, 0.07310400793180982, 0.31127812445913283, 0.0487949406953985, 0.0207208396239082, 0.31127812445913283, 0.16395604408354778, 0.0350583482647871, 0.31127812445913283, 0.31127812445913283, 0.16395604408354778), (0, 0.16395604408354778, 0.31127812445913283, 0, 0, 0.18850340411986471, 0, 0.11009182675183558, 0, 0, 0, 0.1711038312803313, 0.042041899344894246, 0, 0, 0.31127812445913283, 0, 0, 0, 0, 0.31127812445913283, 0, 0, 0.31127812445913283, 0.31127812445913283, 0, 0.12425601093475921, 0.31127812445913283, 0.17750440524619315, 0, 0, 0.31127812445913283, 0.31127812445913283, 0, 0, 0, 0, 0, 0.31127812445913283, 0), (0, 0, 0, 0, 0, 0, 0.31127812445913283, 0.2087803925185126, 0, 0, 0, 0, 0, 0, 0, 0, 0.19326958066820893, 0, 0, 0, 0, 0, 0, 0, 0, 0, 0, 0, 0.2292798117148899, 0, 0, 0.0002145058924891757, 0, 0.2227619806994962, 0, 0, 0, 0, 0, 0), (0, 0, 0, 0, 0, 0, 0, 0.2227619806994962, 0, 0, 0, 0, 0, 0.01423921619075233, 0, 0, 0, 0, 0, 0, 0, 0, 0, 0, 0, 0, 0.009036677434107646, 0, 0, 0, 0, 0, 0.07310400793180982, 0.004167970681504568, 0, 0, 0, 0, 0, 0)]}}
AdaptationManager: Configuring next round...
{'client_registry': {'enabled': True, 'params': {}}, 'client_selector': {'enabled': True, 'params': {'selection_strategy': 'Resource-Based', 'selection_criteria': 'CPU', 'selection_value': 2}}, 'client_cluster': {'enabled': False, 'params': {}}, 'message_compressor': {'enabled': False, 'params': {}}, 'model_co-versioning_registry': {'enabled': False, 'params': {}}, 'multi-task_model_trainer': {'enabled': False, 'params': {}}, 'heterogeneous_data_handler': {'enabled': True, 'params': {'enabled_clients': []}}}
{'client_selector': {'enabled': True}, 'client_cluster': {'enabled': False}, 'message_compressor': {'enabled': False}, 'model_co-versioning_registry': {'enabled': False}, 'multi-task_model_trainer': {'enabled': False}, 'heterogeneous_data_handler': {'enabled': True, 'params': {'enabled_clients': ['Client 1', 'Client 2', 'Client 3', 'Client 4', 'Client 5', 'Client 6', 'Client 9', 'Client 10', 'Client 11', 'Client 12', 'Client 13', 'Client 14', 'Client 15', 'Client 16', 'Client 18', 'Client 19', 'Client 20', 'Client 21', 'Client 22', 'Client 23', 'Client 24', 'Client 25', 'Client 26', 'Client 27', 'Client 28', 'Client 30', 'Client 31', 'Client 32', 'Client 33', 'Client 35', 'Client 36', 'Client 37', 'Client 38', 'Client 39', 'Client 40']}}, 'client_registry': {'enabled': True, 'params': {}}}
round 6, 30 high, 10 low, 0.0-iid clients, predicted best policy: client_selector de-activated ❌
Configuring client 1...
Client 1 done.
Configuring client 2...
Client 2 done.
Configuring client 3...
Client 3 done.
Configuring client 4...
Client 4 done.
Configuring client 5...
Client 5 done.
Configuring client 6...
Client 6 done.
Configuring client 7...
Client 7 done.
Configuring client 8...
Client 8 done.
Configuring client 9...
Client 9 done.
Configuring client 10...
Client 10 done.
Configuring client 11...
Client 11 done.
Configuring client 12...
Client 12 done.
Configuring client 13...
Client 13 done.
Configuring client 14...
Client 14 done.
Configuring client 15...
Client 15 done.
Configuring client 16...
Client 16 done.
Configuring client 17...
Client 17 done.
Configuring client 18...
Client 18 done.
Configuring client 19...
Client 19 done.
Configuring client 20...
Client 20 done.
Configuring client 21...
Client 21 done.
Configuring client 22...
Client 22 done.
Configuring client 23...
Client 23 done.
Configuring client 24...
Client 24 done.
Configuring client 25...
Client 25 done.
Configuring client 26...
Client 26 done.
Configuring client 27...
Client 27 done.
Configuring client 28...
Client 28 done.
Configuring client 29...
Client 29 done.
Configuring client 30...
Client 30 done.
Configuring client 31...
Client 31 done.
Configuring client 32...
Client 32 done.
Configuring client 33...
Client 33 done.
Configuring client 34...
Client 34 done.
Configuring client 35...
Client 35 done.
Configuring client 36...
Client 36 done.
Configuring client 37...
Client 37 done.
Configuring client 38...
Client 38 done.
Configuring client 39...
Client 39 done.
Configuring client 40...
Client 40 done.
heterogeneous_data_handler activated ✅ for clients: ['Client 1', 'Client 2', 'Client 3', 'Client 4', 'Client 5', 'Client 6', 'Client 7', 'Client 9', 'Client 10', 'Client 11', 'Client 12', 'Client 13', 'Client 14', 'Client 15', 'Client 16', 'Client 17', 'Client 18', 'Client 19', 'Client 20', 'Client 21', 'Client 22', 'Client 23', 'Client 24', 'Client 25', 'Client 26', 'Client 27', 'Client 28', 'Client 29', 'Client 30', 'Client 31', 'Client 32', 'Client 33', 'Client 34', 'Client 35', 'Client 36', 'Client 37', 'Client 38', 'Client 39', 'Client 40']
Results Aggregated in 0.49 seconds.
{'prostate_logreg': {'train_loss': [0.50196045165575, 0.5410262663263224, 0.5479556574447922, 0.5506327694819018, 0.548674642513353, 0.5386819736366238], 'train_accuracy': [0.8544303797468354, 0.7824933687002652, 0.7773972602739726, 0.7760736196319018, 0.7685749086479903, 0.7811120917917035], 'train_f1': [0.7614681907403426, 0.6476426035776106, 0.703222491723727, 0.7244836793836318, 0.7446661959934157, 0.7489273172782305], 'train_mae': [0.14556962025316456, 0.21750663129973474, 0.2226027397260274, 0.22392638036809817, 0.23142509135200975, 0.21888790820829657], 'val_loss': [0.6946436870739162, 0.6646617022959954, 0.6402687532791971, 0.6214927899844236, 0.607737331660556, 0.5969173509589594], 'val_accuracy': [0.5699961845767124, 0.617437496472713, 0.6489559044982027, 0.6694078231736501, 0.6851389932706179, 0.6973218030334328], 'val_f1': [0.5610243003164092, 0.6149903913967318, 0.648228300757542, 0.6688579702083185, 0.6841293596472754, 0.6957590542360333], 'val_mae': [0.4300038154232876, 0.38256250352728705, 0.3510440955017974, 0.33059217682634995, 0.3148610067293821, 0.30267819696656717], 'jsd': [(0, 0, 0, 0, 0, 0.0207208396239082, 0.31127812445913283, 0.31127812445913283, 0.31127812445913283, 0.11009182675183558, 0.31127812445913283, 0.31127812445913283, 0.31127812445913283, 0.0037024515418363386, 0.31127812445913283, 0.31127812445913283, 0.31127812445913283, 0.31127812445913283, 0.31127812445913283, 0.31127812445913283, 0.31127812445913283, 0.31127812445913283, 0.07310400793180982, 0.31127812445913283, 0.07310400793180982, 0.31127812445913283, 0.31127812445913283, 0.0037024515418363386, 0.31127812445913283, 0.31127812445913283, 0.31127812445913283, 0.0350583482647871, 0.31127812445913283, 0.31127812445913283, 0.31127812445913283, 0, 0, 0, 0, 0), (0.0207208396239082, 0.31127812445913283, 0.31127812445913283, 0.31127812445913283, 0.06548833004089114, 0.0014939931791539789, 0.31127812445913283, 0.07310400793180982, 0, 0.1711038312803313, 0.31127812445913283, 0, 0.007299156760473963, 0.009756534087137225, 0.31127812445913283, 0.31127812445913283, 0.31127812445913283, 0, 0.31127812445913283, 0.07310400793180982, 0.007299156760473963, 0.0037024515418363386, 0.015085156698935967, 0.31127812445913283, 0.31127812445913283, 0.31127812445913283, 0, 0.31127812445913283, 0.11009182675183558, 0.31127812445913283, 0.07310400793180982, 0.31127812445913283, 0.0487949406953985, 0.0207208396239082, 0.31127812445913283, 0.16395604408354778, 0.0350583482647871, 0.31127812445913283, 0.31127812445913283, 0.16395604408354778), (0, 0.16395604408354778, 0.31127812445913283, 0, 0, 0.18850340411986471, 0, 0.11009182675183558, 0, 0, 0, 0.1711038312803313, 0.042041899344894246, 0, 0, 0.31127812445913283, 0, 0, 0, 0, 0.31127812445913283, 0, 0, 0.31127812445913283, 0.31127812445913283, 0, 0.12425601093475921, 0.31127812445913283, 0.17750440524619315, 0, 0, 0.31127812445913283, 0.31127812445913283, 0, 0, 0, 0, 0, 0.31127812445913283, 0), (0, 0, 0, 0, 0, 0, 0.31127812445913283, 0.2087803925185126, 0, 0, 0, 0, 0, 0, 0, 0, 0.19326958066820893, 0, 0, 0, 0, 0, 0, 0, 0, 0, 0, 0, 0.2292798117148899, 0, 0, 0.0002145058924891757, 0, 0.2227619806994962, 0, 0, 0, 0, 0, 0), (0, 0, 0, 0, 0, 0, 0, 0.2227619806994962, 0, 0, 0, 0, 0, 0.01423921619075233, 0, 0, 0, 0, 0, 0, 0, 0, 0, 0, 0, 0, 0.009036677434107646, 0, 0, 0, 0, 0, 0.07310400793180982, 0.004167970681504568, 0, 0, 0, 0, 0, 0), (0, 0, 0.23305878051279882, 0, 0, 0, 0, 0, 0, 0, 0, 0, 0, 0, 0, 0, 0, 0, 0, 0, 0, 0, 0, 0, 0.31127812445913283, 0, 0, 0, 0.2087803925185126, 0, 0, 0.20534969973663775, 0, 0, 0.16395604408354778, 0, 0, 0, 0.0207208396239082, 0)]}}
AdaptationManager: Configuring next round...
{'client_registry': {'enabled': True, 'params': {}}, 'client_selector': {'enabled': True, 'params': {'selection_strategy': 'Resource-Based', 'selection_criteria': 'CPU', 'selection_value': 2}}, 'client_cluster': {'enabled': False, 'params': {}}, 'message_compressor': {'enabled': False, 'params': {}}, 'model_co-versioning_registry': {'enabled': False, 'params': {}}, 'multi-task_model_trainer': {'enabled': False, 'params': {}}, 'heterogeneous_data_handler': {'enabled': True, 'params': {'enabled_clients': []}}}
{'client_selector': {'enabled': False}, 'client_cluster': {'enabled': False}, 'message_compressor': {'enabled': False}, 'model_co-versioning_registry': {'enabled': False}, 'multi-task_model_trainer': {'enabled': False}, 'heterogeneous_data_handler': {'enabled': True, 'params': {'enabled_clients': ['Client 1', 'Client 2', 'Client 3', 'Client 4', 'Client 5', 'Client 6', 'Client 7', 'Client 9', 'Client 10', 'Client 11', 'Client 12', 'Client 13', 'Client 14', 'Client 15', 'Client 16', 'Client 17', 'Client 18', 'Client 19', 'Client 20', 'Client 21', 'Client 22', 'Client 23', 'Client 24', 'Client 25', 'Client 26', 'Client 27', 'Client 28', 'Client 29', 'Client 30', 'Client 31', 'Client 32', 'Client 33', 'Client 34', 'Client 35', 'Client 36', 'Client 37', 'Client 38', 'Client 39', 'Client 40']}}, 'client_registry': {'enabled': True, 'params': {}}}
round 7, 30 high, 10 low, 0.0-iid clients, predicted best policy: client_selector de-activated ❌
Configuring client 1...
Client 1 done.
Configuring client 2...
Client 2 done.
Configuring client 3...
Client 3 done.
Configuring client 4...
Client 4 done.
Configuring client 5...
Client 5 done.
Configuring client 6...
Client 6 done.
Configuring client 7...
Client 7 done.
Configuring client 8...
Client 8 done.
Configuring client 9...
Client 9 done.
Configuring client 10...
Client 10 done.
Configuring client 11...
Client 11 done.
Configuring client 12...
Client 12 done.
Configuring client 13...
Client 13 done.
Configuring client 14...
Client 14 done.
Configuring client 15...
Client 15 done.
Configuring client 16...
Client 16 done.
Configuring client 17...
Client 17 done.
Configuring client 18...
Client 18 done.
Configuring client 19...
Client 19 done.
Configuring client 20...
Client 20 done.
Configuring client 21...
Client 21 done.
Configuring client 22...
Client 22 done.
Configuring client 23...
Client 23 done.
Configuring client 24...
Client 24 done.
Configuring client 25...
Client 25 done.
Configuring client 26...
Client 26 done.
Configuring client 27...
Client 27 done.
Configuring client 28...
Client 28 done.
Configuring client 29...
Client 29 done.
Configuring client 30...
Client 30 done.
Configuring client 31...
Client 31 done.
Configuring client 32...
Client 32 done.
Configuring client 33...
Client 33 done.
Configuring client 34...
Client 34 done.
Configuring client 35...
Client 35 done.
Configuring client 36...
Client 36 done.
Configuring client 37...
Client 37 done.
Configuring client 38...
Client 38 done.
Configuring client 39...
Client 39 done.
Configuring client 40...
Client 40 done.
heterogeneous_data_handler activated ✅ for clients: ['Client 3']
Results Aggregated in 0.45 seconds.
{'prostate_logreg': {'train_loss': [0.50196045165575, 0.5410262663263224, 0.5479556574447922, 0.5506327694819018, 0.548674642513353, 0.5386819736366238, 0.5375252926066422], 'train_accuracy': [0.8544303797468354, 0.7824933687002652, 0.7773972602739726, 0.7760736196319018, 0.7685749086479903, 0.7811120917917035, 0.7710583153347732], 'train_f1': [0.7614681907403426, 0.6476426035776106, 0.703222491723727, 0.7244836793836318, 0.7446661959934157, 0.7489273172782305, 0.7227091285487196], 'train_mae': [0.14556962025316456, 0.21750663129973474, 0.2226027397260274, 0.22392638036809817, 0.23142509135200975, 0.21888790820829657, 0.22894168466522677], 'val_loss': [0.6946436870739162, 0.6646617022959954, 0.6402687532791971, 0.6214927899844236, 0.607737331660556, 0.5969173509589594, 0.5857895968261642], 'val_accuracy': [0.5699961845767124, 0.617437496472713, 0.6489559044982027, 0.6694078231736501, 0.6851389932706179, 0.6973218030334328, 0.7089211586477338], 'val_f1': [0.5610243003164092, 0.6149903913967318, 0.648228300757542, 0.6688579702083185, 0.6841293596472754, 0.6957590542360333, 0.7063534329067086], 'val_mae': [0.4300038154232876, 0.38256250352728705, 0.3510440955017974, 0.33059217682634995, 0.3148610067293821, 0.30267819696656717, 0.2910788413522663], 'jsd': [(0, 0, 0, 0, 0, 0.0207208396239082, 0.31127812445913283, 0.31127812445913283, 0.31127812445913283, 0.11009182675183558, 0.31127812445913283, 0.31127812445913283, 0.31127812445913283, 0.0037024515418363386, 0.31127812445913283, 0.31127812445913283, 0.31127812445913283, 0.31127812445913283, 0.31127812445913283, 0.31127812445913283, 0.31127812445913283, 0.31127812445913283, 0.07310400793180982, 0.31127812445913283, 0.07310400793180982, 0.31127812445913283, 0.31127812445913283, 0.0037024515418363386, 0.31127812445913283, 0.31127812445913283, 0.31127812445913283, 0.0350583482647871, 0.31127812445913283, 0.31127812445913283, 0.31127812445913283, 0, 0, 0, 0, 0), (0.0207208396239082, 0.31127812445913283, 0.31127812445913283, 0.31127812445913283, 0.06548833004089114, 0.0014939931791539789, 0.31127812445913283, 0.07310400793180982, 0, 0.1711038312803313, 0.31127812445913283, 0, 0.007299156760473963, 0.009756534087137225, 0.31127812445913283, 0.31127812445913283, 0.31127812445913283, 0, 0.31127812445913283, 0.07310400793180982, 0.007299156760473963, 0.0037024515418363386, 0.015085156698935967, 0.31127812445913283, 0.31127812445913283, 0.31127812445913283, 0, 0.31127812445913283, 0.11009182675183558, 0.31127812445913283, 0.07310400793180982, 0.31127812445913283, 0.0487949406953985, 0.0207208396239082, 0.31127812445913283, 0.16395604408354778, 0.0350583482647871, 0.31127812445913283, 0.31127812445913283, 0.16395604408354778), (0, 0.16395604408354778, 0.31127812445913283, 0, 0, 0.18850340411986471, 0, 0.11009182675183558, 0, 0, 0, 0.1711038312803313, 0.042041899344894246, 0, 0, 0.31127812445913283, 0, 0, 0, 0, 0.31127812445913283, 0, 0, 0.31127812445913283, 0.31127812445913283, 0, 0.12425601093475921, 0.31127812445913283, 0.17750440524619315, 0, 0, 0.31127812445913283, 0.31127812445913283, 0, 0, 0, 0, 0, 0.31127812445913283, 0), (0, 0, 0, 0, 0, 0, 0.31127812445913283, 0.2087803925185126, 0, 0, 0, 0, 0, 0, 0, 0, 0.19326958066820893, 0, 0, 0, 0, 0, 0, 0, 0, 0, 0, 0, 0.2292798117148899, 0, 0, 0.0002145058924891757, 0, 0.2227619806994962, 0, 0, 0, 0, 0, 0), (0, 0, 0, 0, 0, 0, 0, 0.2227619806994962, 0, 0, 0, 0, 0, 0.01423921619075233, 0, 0, 0, 0, 0, 0, 0, 0, 0, 0, 0, 0, 0.009036677434107646, 0, 0, 0, 0, 0, 0.07310400793180982, 0.004167970681504568, 0, 0, 0, 0, 0, 0), (0, 0, 0.23305878051279882, 0, 0, 0, 0, 0, 0, 0, 0, 0, 0, 0, 0, 0, 0, 0, 0, 0, 0, 0, 0, 0, 0.31127812445913283, 0, 0, 0, 0.2087803925185126, 0, 0, 0.20534969973663775, 0, 0, 0.16395604408354778, 0, 0, 0, 0.0207208396239082, 0), (0.012033410127123681, 0.0037024515418363386, 0.24237412989240623, 0.01717496977609681, 0.016009512159686483, 0.0010689285835955437, 0.11385563424028564, 0.0022344421708708415, 0.07310400793180982, 0.04432065423178154, 0.04674406725931858, 0.09328462323031235, 0.0231107894081813, 0.0055031961632630196, 0.02276859998040022, 0.006019887358649001, 0.03857581598654605, 0.06149937804507184, 0.2149397901480957, 0.04066211490300797, 0.0207208396239082, 0.07529706740701966, 0, 0.00566775380589651, 0.15591489886228305, 0.05253690168806249, 0.011482406826014972, 0.00028867375520897666, 0.03857581598654605, 0.05400884513974839, 0.05400884513974839, 0.2227619806994962, 0.03221357089614439, 0.039737267151773975, 0.002830694750015385, 0.008003048984193635, 0.0017382218522886302, 0.0009214584011009545, 0.036145614849311655, 0.09587355378511578)]}}
AdaptationManager: Configuring next round...
{'client_registry': {'enabled': True, 'params': {}}, 'client_selector': {'enabled': True, 'params': {'selection_strategy': 'Resource-Based', 'selection_criteria': 'CPU', 'selection_value': 2}}, 'client_cluster': {'enabled': False, 'params': {}}, 'message_compressor': {'enabled': False, 'params': {}}, 'model_co-versioning_registry': {'enabled': False, 'params': {}}, 'multi-task_model_trainer': {'enabled': False, 'params': {}}, 'heterogeneous_data_handler': {'enabled': True, 'params': {'enabled_clients': []}}}
{'client_selector': {'enabled': False}, 'client_cluster': {'enabled': False}, 'message_compressor': {'enabled': False}, 'model_co-versioning_registry': {'enabled': False}, 'multi-task_model_trainer': {'enabled': False}, 'heterogeneous_data_handler': {'enabled': True, 'params': {'enabled_clients': ['Client 3']}}, 'client_registry': {'enabled': True, 'params': {}}}
round 8, 30 high, 10 low, 0.0-iid clients, predicted best policy: client_selector activated ✅
Configuring client 1...
Client 1 done.
Configuring client 2...
Client 2 done.
Configuring client 3...
Client 3 done.
Configuring client 4...
Client 4 done.
Configuring client 5...
Client 5 done.
Configuring client 6...
Client 6 done.
Configuring client 7...
Client 7 done.
Configuring client 8...
Client 8 done.
Configuring client 9...
Client 9 done.
Configuring client 10...
Client 10 done.
Configuring client 11...
Client 11 done.
Configuring client 12...
Client 12 done.
Configuring client 13...
Client 13 done.
Configuring client 14...
Client 14 done.
Configuring client 15...
Client 15 done.
Configuring client 16...
Client 16 done.
Configuring client 17...
Client 17 done.
Configuring client 18...
Client 18 done.
Configuring client 19...
Client 19 done.
Configuring client 20...
Client 20 done.
Configuring client 21...
Client 21 done.
Configuring client 22...
Client 22 done.
Configuring client 23...
Client 23 done.
Configuring client 24...
Client 24 done.
Configuring client 25...
Client 25 done.
Configuring client 26...
Client 26 done.
Configuring client 27...
Client 27 done.
Configuring client 28...
Client 28 done.
Configuring client 29...
Client 29 done.
Configuring client 30...
Client 30 done.
Configuring client 31...
Client 31 done.
Configuring client 32...
Client 32 done.
Configuring client 33...
Client 33 done.
Configuring client 34...
Client 34 done.
Configuring client 35...
Client 35 done.
Configuring client 36...
Client 36 done.
Configuring client 37...
Client 37 done.
Configuring client 38...
Client 38 done.
Configuring client 39...
Client 39 done.
Configuring client 40...
Client 40 done.
heterogeneous_data_handler activated ✅ for clients: ['Client 3', 'Client 9', 'Client 12', 'Client 22', 'Client 40']
Client Client 16 participates in this round. (CPU: 2, RAM: 2)
Client Client 27 participates in this round. (CPU: 2, RAM: 2)
Client Client 17 participates in this round. (CPU: 2, RAM: 2)
Client Client 28 participates in this round. (CPU: 2, RAM: 2)
Client Client 6 participates in this round. (CPU: 2, RAM: 2)
Client Client 23 participates in this round. (CPU: 2, RAM: 2)
Client Client 10 participates in this round. (CPU: 2, RAM: 2)
Client Client 18 participates in this round. (CPU: 2, RAM: 2)
Client Client 2 participates in this round. (CPU: 2, RAM: 2)
Client Client 4 participates in this round. (CPU: 2, RAM: 2)
Client Client 9 participates in this round. (CPU: 2, RAM: 2)
Client Client 7 participates in this round. (CPU: 2, RAM: 2)
Client Client 24 participates in this round. (CPU: 2, RAM: 2)
Client Client 39 has insufficient CPU (1). Will not participate in the next FL round.
Client Client 8 participates in this round. (CPU: 2, RAM: 2)
Client Client 20 participates in this round. (CPU: 2, RAM: 2)
Client Client 3 participates in this round. (CPU: 2, RAM: 2)
Client Client 15 participates in this round. (CPU: 2, RAM: 2)
Client Client 14 participates in this round. (CPU: 2, RAM: 2)
Client Client 1 participates in this round. (CPU: 2, RAM: 2)
Client Client 30 participates in this round. (CPU: 2, RAM: 2)
Client Client 5 participates in this round. (CPU: 2, RAM: 2)
Client Client 36 has insufficient CPU (1). Will not participate in the next FL round.
Client Client 25 participates in this round. (CPU: 2, RAM: 2)
Client Client 37 has insufficient CPU (1). Will not participate in the next FL round.
Client Client 33 has insufficient CPU (1). Will not participate in the next FL round.
Client Client 31 has insufficient CPU (1). Will not participate in the next FL round.
Client Client 40 has insufficient CPU (1). Will not participate in the next FL round.
Client Client 21 participates in this round. (CPU: 2, RAM: 2)
Client Client 29 participates in this round. (CPU: 2, RAM: 2)
Client Client 19 participates in this round. (CPU: 2, RAM: 2)
Client Client 26 participates in this round. (CPU: 2, RAM: 2)
Client Client 38 has insufficient CPU (1). Will not participate in the next FL round.
Client Client 35 has insufficient CPU (1). Will not participate in the next FL round.
Client Client 11 participates in this round. (CPU: 2, RAM: 2)
Client Client 32 has insufficient CPU (1). Will not participate in the next FL round.
Client Client 22 participates in this round. (CPU: 2, RAM: 2)
Client Client 12 participates in this round. (CPU: 2, RAM: 2)
Client Client 13 participates in this round. (CPU: 2, RAM: 2)
Client Client 34 has insufficient CPU (1). Will not participate in the next FL round.
Results Aggregated in 0.43 seconds.
{'prostate_logreg': {'train_loss': [0.50196045165575, 0.5410262663263224, 0.5479556574447922, 0.5506327694819018, 0.548674642513353, 0.5386819736366238, 0.5375252926066422, 0.5317521926026803], 'train_accuracy': [0.8544303797468354, 0.7824933687002652, 0.7773972602739726, 0.7760736196319018, 0.7685749086479903, 0.7811120917917035, 0.7710583153347732, 0.7747747747747747], 'train_f1': [0.7614681907403426, 0.6476426035776106, 0.703222491723727, 0.7244836793836318, 0.7446661959934157, 0.7489273172782305, 0.7227091285487196, 0.7331948557236515], 'train_mae': [0.14556962025316456, 0.21750663129973474, 0.2226027397260274, 0.22392638036809817, 0.23142509135200975, 0.21888790820829657, 0.22894168466522677, 0.22522522522522523], 'val_loss': [0.6946436870739162, 0.6646617022959954, 0.6402687532791971, 0.6214927899844236, 0.607737331660556, 0.5969173509589594, 0.5857895968261642, 0.5768255165659109], 'val_accuracy': [0.5699961845767124, 0.617437496472713, 0.6489559044982027, 0.6694078231736501, 0.6851389932706179, 0.6973218030334328, 0.7089211586477338, 0.7177436745255894], 'val_f1': [0.5610243003164092, 0.6149903913967318, 0.648228300757542, 0.6688579702083185, 0.6841293596472754, 0.6957590542360333, 0.7063534329067086, 0.7144612252906846], 'val_mae': [0.4300038154232876, 0.38256250352728705, 0.3510440955017974, 0.33059217682634995, 0.3148610067293821, 0.30267819696656717, 0.2910788413522663, 0.2822563254744106], 'jsd': [(0, 0, 0, 0, 0, 0.0207208396239082, 0.31127812445913283, 0.31127812445913283, 0.31127812445913283, 0.11009182675183558, 0.31127812445913283, 0.31127812445913283, 0.31127812445913283, 0.0037024515418363386, 0.31127812445913283, 0.31127812445913283, 0.31127812445913283, 0.31127812445913283, 0.31127812445913283, 0.31127812445913283, 0.31127812445913283, 0.31127812445913283, 0.07310400793180982, 0.31127812445913283, 0.07310400793180982, 0.31127812445913283, 0.31127812445913283, 0.0037024515418363386, 0.31127812445913283, 0.31127812445913283, 0.31127812445913283, 0.0350583482647871, 0.31127812445913283, 0.31127812445913283, 0.31127812445913283, 0, 0, 0, 0, 0), (0.0207208396239082, 0.31127812445913283, 0.31127812445913283, 0.31127812445913283, 0.06548833004089114, 0.0014939931791539789, 0.31127812445913283, 0.07310400793180982, 0, 0.1711038312803313, 0.31127812445913283, 0, 0.007299156760473963, 0.009756534087137225, 0.31127812445913283, 0.31127812445913283, 0.31127812445913283, 0, 0.31127812445913283, 0.07310400793180982, 0.007299156760473963, 0.0037024515418363386, 0.015085156698935967, 0.31127812445913283, 0.31127812445913283, 0.31127812445913283, 0, 0.31127812445913283, 0.11009182675183558, 0.31127812445913283, 0.07310400793180982, 0.31127812445913283, 0.0487949406953985, 0.0207208396239082, 0.31127812445913283, 0.16395604408354778, 0.0350583482647871, 0.31127812445913283, 0.31127812445913283, 0.16395604408354778), (0, 0.16395604408354778, 0.31127812445913283, 0, 0, 0.18850340411986471, 0, 0.11009182675183558, 0, 0, 0, 0.1711038312803313, 0.042041899344894246, 0, 0, 0.31127812445913283, 0, 0, 0, 0, 0.31127812445913283, 0, 0, 0.31127812445913283, 0.31127812445913283, 0, 0.12425601093475921, 0.31127812445913283, 0.17750440524619315, 0, 0, 0.31127812445913283, 0.31127812445913283, 0, 0, 0, 0, 0, 0.31127812445913283, 0), (0, 0, 0, 0, 0, 0, 0.31127812445913283, 0.2087803925185126, 0, 0, 0, 0, 0, 0, 0, 0, 0.19326958066820893, 0, 0, 0, 0, 0, 0, 0, 0, 0, 0, 0, 0.2292798117148899, 0, 0, 0.0002145058924891757, 0, 0.2227619806994962, 0, 0, 0, 0, 0, 0), (0, 0, 0, 0, 0, 0, 0, 0.2227619806994962, 0, 0, 0, 0, 0, 0.01423921619075233, 0, 0, 0, 0, 0, 0, 0, 0, 0, 0, 0, 0, 0.009036677434107646, 0, 0, 0, 0, 0, 0.07310400793180982, 0.004167970681504568, 0, 0, 0, 0, 0, 0), (0, 0, 0.23305878051279882, 0, 0, 0, 0, 0, 0, 0, 0, 0, 0, 0, 0, 0, 0, 0, 0, 0, 0, 0, 0, 0, 0.31127812445913283, 0, 0, 0, 0.2087803925185126, 0, 0, 0.20534969973663775, 0, 0, 0.16395604408354778, 0, 0, 0, 0.0207208396239082, 0), (0.012033410127123681, 0.0037024515418363386, 0.24237412989240623, 0.01717496977609681, 0.016009512159686483, 0.0010689285835955437, 0.11385563424028564, 0.0022344421708708415, 0.07310400793180982, 0.04432065423178154, 0.04674406725931858, 0.09328462323031235, 0.0231107894081813, 0.0055031961632630196, 0.02276859998040022, 0.006019887358649001, 0.03857581598654605, 0.06149937804507184, 0.2149397901480957, 0.04066211490300797, 0.0207208396239082, 0.07529706740701966, 0, 0.00566775380589651, 0.15591489886228305, 0.05253690168806249, 0.011482406826014972, 0.00028867375520897666, 0.03857581598654605, 0.05400884513974839, 0.05400884513974839, 0.2227619806994962, 0.03221357089614439, 0.039737267151773975, 0.002830694750015385, 0.008003048984193635, 0.0017382218522886302, 0.0009214584011009545, 0.036145614849311655, 0.09587355378511578), (0, 0, 0, 0, 0, 0.0061446088533262735, 0.002830694750015385, 0.24844401300050659, 0, 0.014038937565777093, 0.0014939931791539789, 0.10372355040574062, 0.0037024515418363386, 0.07898885115561567, 0.0031619139529965624, 0.02711041372683346, 0.08697257500448134, 0.010396593705431272, 0.0010689285835955437, 0, 0.007299156760473963, 0.039737267151773975, 0.12931448059938455, 0.17276905508286108, 0.0350583482647871, 0.0037024515418363386, 0.0693557217943376, 0, 0, 0.05738732460549023, 0.0350583482647871, 0.0008589183281813573, 0.018135571823116266, 0.03600088831260688, 0, 0, 0, 0, 0, 0)]}}
AdaptationManager: Configuring next round...
{'client_registry': {'enabled': True, 'params': {}}, 'client_selector': {'enabled': True, 'params': {'selection_strategy': 'Resource-Based', 'selection_criteria': 'CPU', 'selection_value': 2}}, 'client_cluster': {'enabled': False, 'params': {}}, 'message_compressor': {'enabled': False, 'params': {}}, 'model_co-versioning_registry': {'enabled': False, 'params': {}}, 'multi-task_model_trainer': {'enabled': False, 'params': {}}, 'heterogeneous_data_handler': {'enabled': True, 'params': {'enabled_clients': []}}}
{'client_selector': {'enabled': True}, 'client_cluster': {'enabled': False}, 'message_compressor': {'enabled': False}, 'model_co-versioning_registry': {'enabled': False}, 'multi-task_model_trainer': {'enabled': False}, 'heterogeneous_data_handler': {'enabled': True, 'params': {'enabled_clients': ['Client 3', 'Client 9', 'Client 12', 'Client 22', 'Client 40']}}, 'client_registry': {'enabled': True, 'params': {}}}
round 9, 30 high, 10 low, 0.0-iid clients, predicted best policy: client_selector activated ✅
Configuring client 1...
Client 1 done.
Configuring client 2...
Client 2 done.
Configuring client 3...
Client 3 done.
Configuring client 4...
Client 4 done.
Configuring client 5...
Client 5 done.
Configuring client 6...
Client 6 done.
Configuring client 7...
Client 7 done.
Configuring client 8...
Client 8 done.
Configuring client 9...
Client 9 done.
Configuring client 10...
Client 10 done.
Configuring client 11...
Client 11 done.
Configuring client 12...
Client 12 done.
Configuring client 13...
Client 13 done.
Configuring client 14...
Client 14 done.
Configuring client 15...
Client 15 done.
Configuring client 16...
Client 16 done.
Configuring client 17...
Client 17 done.
Configuring client 18...
Client 18 done.
Configuring client 19...
Client 19 done.
Configuring client 20...
Client 20 done.
Configuring client 21...
Client 21 done.
Configuring client 22...
Client 22 done.
Configuring client 23...
Client 23 done.
Configuring client 24...
Client 24 done.
Configuring client 25...
Client 25 done.
Configuring client 26...
Client 26 done.
Configuring client 27...
Client 27 done.
Configuring client 28...
Client 28 done.
Configuring client 29...
Client 29 done.
Configuring client 30...
Client 30 done.
Configuring client 31...
Client 31 done.
Configuring client 32...
Client 32 done.
Configuring client 33...
Client 33 done.
Configuring client 34...
Client 34 done.
Configuring client 35...
Client 35 done.
Configuring client 36...
Client 36 done.
Configuring client 37...
Client 37 done.
Configuring client 38...
Client 38 done.
Configuring client 39...
Client 39 done.
Configuring client 40...
Client 40 done.
heterogeneous_data_handler activated ✅ for clients: ['Client 1', 'Client 2', 'Client 3', 'Client 4', 'Client 5', 'Client 6', 'Client 7', 'Client 8', 'Client 9', 'Client 10', 'Client 11', 'Client 12', 'Client 13', 'Client 14', 'Client 15', 'Client 16', 'Client 17', 'Client 18', 'Client 19', 'Client 20', 'Client 21', 'Client 22', 'Client 23', 'Client 25', 'Client 26', 'Client 27', 'Client 28', 'Client 29', 'Client 31', 'Client 32', 'Client 33', 'Client 34', 'Client 35', 'Client 36', 'Client 37', 'Client 38', 'Client 39', 'Client 40']
Client Client 21 participates in this round. (CPU: 2, RAM: 2)
Client Client 18 participates in this round. (CPU: 2, RAM: 2)
Client Client 14 participates in this round. (CPU: 2, RAM: 2)
Client Client 13 participates in this round. (CPU: 2, RAM: 2)
Client Client 22 participates in this round. (CPU: 2, RAM: 2)
Client Client 1 participates in this round. (CPU: 2, RAM: 2)
Client Client 2 participates in this round. (CPU: 2, RAM: 2)
Client Client 19 participates in this round. (CPU: 2, RAM: 2)
Client Client 23 participates in this round. (CPU: 2, RAM: 2)
Client Client 29 participates in this round. (CPU: 2, RAM: 2)
Client Client 16 participates in this round. (CPU: 2, RAM: 2)
Client Client 27 participates in this round. (CPU: 2, RAM: 2)
Client Client 28 participates in this round. (CPU: 2, RAM: 2)
Client Client 30 participates in this round. (CPU: 2, RAM: 2)
Client Client 36 has insufficient CPU (1). Will not participate in the next FL round.
Client Client 6 participates in this round. (CPU: 2, RAM: 2)
Client Client 5 participates in this round. (CPU: 2, RAM: 2)
Client Client 4 participates in this round. (CPU: 2, RAM: 2)
Client Client 15 participates in this round. (CPU: 2, RAM: 2)
Client Client 24 participates in this round. (CPU: 2, RAM: 2)
Client Client 20 participates in this round. (CPU: 2, RAM: 2)
Client Client 10 participates in this round. (CPU: 2, RAM: 2)
Client Client 9 participates in this round. (CPU: 2, RAM: 2)
Client Client 25 participates in this round. (CPU: 2, RAM: 2)
Client Client 12 participates in this round. (CPU: 2, RAM: 2)
Client Client 39 has insufficient CPU (1). Will not participate in the next FL round.
Client Client 26 participates in this round. (CPU: 2, RAM: 2)
Client Client 17 participates in this round. (CPU: 2, RAM: 2)
Client Client 7 participates in this round. (CPU: 2, RAM: 2)
Client Client 34 has insufficient CPU (1). Will not participate in the next FL round.
Client Client 11 participates in this round. (CPU: 2, RAM: 2)
Client Client 3 participates in this round. (CPU: 2, RAM: 2)
Client Client 8 participates in this round. (CPU: 2, RAM: 2)
Client Client 33 has insufficient CPU (1). Will not participate in the next FL round.
Client Client 38 has insufficient CPU (1). Will not participate in the next FL round.
Client Client 35 has insufficient CPU (1). Will not participate in the next FL round.
Client Client 37 has insufficient CPU (1). Will not participate in the next FL round.
Client Client 32 has insufficient CPU (1). Will not participate in the next FL round.
Client Client 31 has insufficient CPU (1). Will not participate in the next FL round.
Client Client 40 has insufficient CPU (1). Will not participate in the next FL round.
Results Aggregated in 0.46 seconds.
{'prostate_logreg': {'train_loss': [0.50196045165575, 0.5410262663263224, 0.5479556574447922, 0.5506327694819018, 0.548674642513353, 0.5386819736366238, 0.5375252926066422, 0.5317521926026803, 0.5189982665972394], 'train_accuracy': [0.8544303797468354, 0.7824933687002652, 0.7773972602739726, 0.7760736196319018, 0.7685749086479903, 0.7811120917917035, 0.7710583153347732, 0.7747747747747747, 0.790257104194858], 'train_f1': [0.7614681907403426, 0.6476426035776106, 0.703222491723727, 0.7244836793836318, 0.7446661959934157, 0.7489273172782305, 0.7227091285487196, 0.7331948557236515, 0.7862888204986092], 'train_mae': [0.14556962025316456, 0.21750663129973474, 0.2226027397260274, 0.22392638036809817, 0.23142509135200975, 0.21888790820829657, 0.22894168466522677, 0.22522522522522523, 0.20974289580514208], 'val_loss': [0.6946436870739162, 0.6646617022959954, 0.6402687532791971, 0.6214927899844236, 0.607737331660556, 0.5969173509589594, 0.5857895968261642, 0.5768255165659109, 0.5710957460795785], 'val_accuracy': [0.5699961845767124, 0.617437496472713, 0.6489559044982027, 0.6694078231736501, 0.6851389932706179, 0.6973218030334328, 0.7089211586477338, 0.7177436745255894, 0.7207578767550553], 'val_f1': [0.5610243003164092, 0.6149903913967318, 0.648228300757542, 0.6688579702083185, 0.6841293596472754, 0.6957590542360333, 0.7063534329067086, 0.7144612252906846, 0.7171971948761587], 'val_mae': [0.4300038154232876, 0.38256250352728705, 0.3510440955017974, 0.33059217682634995, 0.3148610067293821, 0.30267819696656717, 0.2910788413522663, 0.2822563254744106, 0.27924212324494474], 'jsd': [(0, 0, 0, 0, 0, 0.0207208396239082, 0.31127812445913283, 0.31127812445913283, 0.31127812445913283, 0.11009182675183558, 0.31127812445913283, 0.31127812445913283, 0.31127812445913283, 0.0037024515418363386, 0.31127812445913283, 0.31127812445913283, 0.31127812445913283, 0.31127812445913283, 0.31127812445913283, 0.31127812445913283, 0.31127812445913283, 0.31127812445913283, 0.07310400793180982, 0.31127812445913283, 0.07310400793180982, 0.31127812445913283, 0.31127812445913283, 0.0037024515418363386, 0.31127812445913283, 0.31127812445913283, 0.31127812445913283, 0.0350583482647871, 0.31127812445913283, 0.31127812445913283, 0.31127812445913283, 0, 0, 0, 0, 0), (0.0207208396239082, 0.31127812445913283, 0.31127812445913283, 0.31127812445913283, 0.06548833004089114, 0.0014939931791539789, 0.31127812445913283, 0.07310400793180982, 0, 0.1711038312803313, 0.31127812445913283, 0, 0.007299156760473963, 0.009756534087137225, 0.31127812445913283, 0.31127812445913283, 0.31127812445913283, 0, 0.31127812445913283, 0.07310400793180982, 0.007299156760473963, 0.0037024515418363386, 0.015085156698935967, 0.31127812445913283, 0.31127812445913283, 0.31127812445913283, 0, 0.31127812445913283, 0.11009182675183558, 0.31127812445913283, 0.07310400793180982, 0.31127812445913283, 0.0487949406953985, 0.0207208396239082, 0.31127812445913283, 0.16395604408354778, 0.0350583482647871, 0.31127812445913283, 0.31127812445913283, 0.16395604408354778), (0, 0.16395604408354778, 0.31127812445913283, 0, 0, 0.18850340411986471, 0, 0.11009182675183558, 0, 0, 0, 0.1711038312803313, 0.042041899344894246, 0, 0, 0.31127812445913283, 0, 0, 0, 0, 0.31127812445913283, 0, 0, 0.31127812445913283, 0.31127812445913283, 0, 0.12425601093475921, 0.31127812445913283, 0.17750440524619315, 0, 0, 0.31127812445913283, 0.31127812445913283, 0, 0, 0, 0, 0, 0.31127812445913283, 0), (0, 0, 0, 0, 0, 0, 0.31127812445913283, 0.2087803925185126, 0, 0, 0, 0, 0, 0, 0, 0, 0.19326958066820893, 0, 0, 0, 0, 0, 0, 0, 0, 0, 0, 0, 0.2292798117148899, 0, 0, 0.0002145058924891757, 0, 0.2227619806994962, 0, 0, 0, 0, 0, 0), (0, 0, 0, 0, 0, 0, 0, 0.2227619806994962, 0, 0, 0, 0, 0, 0.01423921619075233, 0, 0, 0, 0, 0, 0, 0, 0, 0, 0, 0, 0, 0.009036677434107646, 0, 0, 0, 0, 0, 0.07310400793180982, 0.004167970681504568, 0, 0, 0, 0, 0, 0), (0, 0, 0.23305878051279882, 0, 0, 0, 0, 0, 0, 0, 0, 0, 0, 0, 0, 0, 0, 0, 0, 0, 0, 0, 0, 0, 0.31127812445913283, 0, 0, 0, 0.2087803925185126, 0, 0, 0.20534969973663775, 0, 0, 0.16395604408354778, 0, 0, 0, 0.0207208396239082, 0), (0.012033410127123681, 0.0037024515418363386, 0.24237412989240623, 0.01717496977609681, 0.016009512159686483, 0.0010689285835955437, 0.11385563424028564, 0.0022344421708708415, 0.07310400793180982, 0.04432065423178154, 0.04674406725931858, 0.09328462323031235, 0.0231107894081813, 0.0055031961632630196, 0.02276859998040022, 0.006019887358649001, 0.03857581598654605, 0.06149937804507184, 0.2149397901480957, 0.04066211490300797, 0.0207208396239082, 0.07529706740701966, 0, 0.00566775380589651, 0.15591489886228305, 0.05253690168806249, 0.011482406826014972, 0.00028867375520897666, 0.03857581598654605, 0.05400884513974839, 0.05400884513974839, 0.2227619806994962, 0.03221357089614439, 0.039737267151773975, 0.002830694750015385, 0.008003048984193635, 0.0017382218522886302, 0.0009214584011009545, 0.036145614849311655, 0.09587355378511578), (0, 0, 0, 0, 0, 0.0061446088533262735, 0.002830694750015385, 0.24844401300050659, 0, 0.014038937565777093, 0.0014939931791539789, 0.10372355040574062, 0.0037024515418363386, 0.07898885115561567, 0.0031619139529965624, 0.02711041372683346, 0.08697257500448134, 0.010396593705431272, 0.0010689285835955437, 0, 0.007299156760473963, 0.039737267151773975, 0.12931448059938455, 0.17276905508286108, 0.0350583482647871, 0.0037024515418363386, 0.0693557217943376, 0, 0, 0.05738732460549023, 0.0350583482647871, 0.0008589183281813573, 0.018135571823116266, 0.03600088831260688, 0, 0, 0, 0, 0, 0), (0, 0, 0, 0, 0, 0, 0, 0, 0, 0, 0, 0, 0, 0, 0, 0, 0, 0, 0, 0, 0, 0.031173613118524304, 0, 0, 0, 0, 0, 0, 4.2686232120132256e-05, 0, 0, 0, 0, 0, 0, 0, 0, 0, 0, 0)]}}
AdaptationManager: Configuring next round...
{'client_registry': {'enabled': True, 'params': {}}, 'client_selector': {'enabled': True, 'params': {'selection_strategy': 'Resource-Based', 'selection_criteria': 'CPU', 'selection_value': 2}}, 'client_cluster': {'enabled': False, 'params': {}}, 'message_compressor': {'enabled': False, 'params': {}}, 'model_co-versioning_registry': {'enabled': False, 'params': {}}, 'multi-task_model_trainer': {'enabled': False, 'params': {}}, 'heterogeneous_data_handler': {'enabled': True, 'params': {'enabled_clients': []}}}
{'client_selector': {'enabled': True}, 'client_cluster': {'enabled': False}, 'message_compressor': {'enabled': False}, 'model_co-versioning_registry': {'enabled': False}, 'multi-task_model_trainer': {'enabled': False}, 'heterogeneous_data_handler': {'enabled': True, 'params': {'enabled_clients': ['Client 1', 'Client 2', 'Client 3', 'Client 4', 'Client 5', 'Client 6', 'Client 7', 'Client 8', 'Client 9', 'Client 10', 'Client 11', 'Client 12', 'Client 13', 'Client 14', 'Client 15', 'Client 16', 'Client 17', 'Client 18', 'Client 19', 'Client 20', 'Client 21', 'Client 22', 'Client 23', 'Client 25', 'Client 26', 'Client 27', 'Client 28', 'Client 29', 'Client 31', 'Client 32', 'Client 33', 'Client 34', 'Client 35', 'Client 36', 'Client 37', 'Client 38', 'Client 39', 'Client 40']}}, 'client_registry': {'enabled': True, 'params': {}}}
round 10, 30 high, 10 low, 0.0-iid clients, predicted best policy: client_selector activated ✅
Configuring client 1...
Client 1 done.
Configuring client 2...
Client 2 done.
Configuring client 3...
Client 3 done.
Configuring client 4...
Client 4 done.
Configuring client 5...
Client 5 done.
Configuring client 6...
Client 6 done.
Configuring client 7...
Client 7 done.
Configuring client 8...
Client 8 done.
Configuring client 9...
Client 9 done.
Configuring client 10...
Client 10 done.
Configuring client 11...
Client 11 done.
Configuring client 12...
Client 12 done.
Configuring client 13...
Client 13 done.
Configuring client 14...
Client 14 done.
Configuring client 15...
Client 15 done.
Configuring client 16...
Client 16 done.
Configuring client 17...
Client 17 done.
Configuring client 18...
Client 18 done.
Configuring client 19...
Client 19 done.
Configuring client 20...
Client 20 done.
Configuring client 21...
Client 21 done.
Configuring client 22...
Client 22 done.
Configuring client 23...
Client 23 done.
Configuring client 24...
Client 24 done.
Configuring client 25...
Client 25 done.
Configuring client 26...
Client 26 done.
Configuring client 27...
Client 27 done.
Configuring client 28...
Client 28 done.
Configuring client 29...
Client 29 done.
Configuring client 30...
Client 30 done.
Configuring client 31...
Client 31 done.
Configuring client 32...
Client 32 done.
Configuring client 33...
Client 33 done.
Configuring client 34...
Client 34 done.
Configuring client 35...
Client 35 done.
Configuring client 36...
Client 36 done.
Configuring client 37...
Client 37 done.
Configuring client 38...
Client 38 done.
Configuring client 39...
Client 39 done.
Configuring client 40...
Client 40 done.
heterogeneous_data_handler activated ✅ for clients: ['Client 1', 'Client 2', 'Client 3', 'Client 4', 'Client 5', 'Client 6', 'Client 7', 'Client 8', 'Client 9', 'Client 10', 'Client 11', 'Client 12', 'Client 13', 'Client 14', 'Client 15', 'Client 16', 'Client 17', 'Client 18', 'Client 19', 'Client 20', 'Client 21', 'Client 22', 'Client 23', 'Client 24', 'Client 25', 'Client 26', 'Client 27', 'Client 28', 'Client 29', 'Client 30', 'Client 31', 'Client 32', 'Client 33', 'Client 34', 'Client 35', 'Client 36', 'Client 37', 'Client 38', 'Client 39', 'Client 40']
Client Client 19 participates in this round. (CPU: 2, RAM: 2)
Client Client 14 participates in this round. (CPU: 2, RAM: 2)
Client Client 30 participates in this round. (CPU: 2, RAM: 2)
Client Client 3 participates in this round. (CPU: 2, RAM: 2)
Client Client 24 participates in this round. (CPU: 2, RAM: 2)
Client Client 22 participates in this round. (CPU: 2, RAM: 2)
Client Client 29 participates in this round. (CPU: 2, RAM: 2)
Client Client 12 participates in this round. (CPU: 2, RAM: 2)
Client Client 5 participates in this round. (CPU: 2, RAM: 2)
Client Client 1 participates in this round. (CPU: 2, RAM: 2)
Client Client 13 participates in this round. (CPU: 2, RAM: 2)
Client Client 18 participates in this round. (CPU: 2, RAM: 2)
Client Client 8 participates in this round. (CPU: 2, RAM: 2)
Client Client 21 participates in this round. (CPU: 2, RAM: 2)
Client Client 2 participates in this round. (CPU: 2, RAM: 2)
Client Client 27 participates in this round. (CPU: 2, RAM: 2)
Client Client 6 participates in this round. (CPU: 2, RAM: 2)
Client Client 38 has insufficient CPU (1). Will not participate in the next FL round.
Client Client 26 participates in this round. (CPU: 2, RAM: 2)
Client Client 16 participates in this round. (CPU: 2, RAM: 2)
Client Client 17 participates in this round. (CPU: 2, RAM: 2)
Client Client 7 participates in this round. (CPU: 2, RAM: 2)
Client Client 25 participates in this round. (CPU: 2, RAM: 2)
Client Client 28 participates in this round. (CPU: 2, RAM: 2)
Client Client 4 participates in this round. (CPU: 2, RAM: 2)
Client Client 23 participates in this round. (CPU: 2, RAM: 2)
Client Client 31 has insufficient CPU (1). Will not participate in the next FL round.
Client Client 39 has insufficient CPU (1). Will not participate in the next FL round.
Client Client 40 has insufficient CPU (1). Will not participate in the next FL round.
Client Client 34 has insufficient CPU (1). Will not participate in the next FL round.
Client Client 36 has insufficient CPU (1). Will not participate in the next FL round.
Client Client 11 participates in this round. (CPU: 2, RAM: 2)
Client Client 9 participates in this round. (CPU: 2, RAM: 2)
Client Client 20 participates in this round. (CPU: 2, RAM: 2)
Client Client 15 participates in this round. (CPU: 2, RAM: 2)
Client Client 35 has insufficient CPU (1). Will not participate in the next FL round.
Client Client 10 participates in this round. (CPU: 2, RAM: 2)
Client Client 32 has insufficient CPU (1). Will not participate in the next FL round.
Client Client 33 has insufficient CPU (1). Will not participate in the next FL round.
Client Client 37 has insufficient CPU (1). Will not participate in the next FL round.
Results Aggregated in 0.52 seconds.
{'prostate_logreg': {'train_loss': [0.50196045165575, 0.5410262663263224, 0.5479556574447922, 0.5506327694819018, 0.548674642513353, 0.5386819736366238, 0.5375252926066422, 0.5317521926026803, 0.5189982665972394, 0.525585335852152], 'train_accuracy': [0.8544303797468354, 0.7824933687002652, 0.7773972602739726, 0.7760736196319018, 0.7685749086479903, 0.7811120917917035, 0.7710583153347732, 0.7747747747747747, 0.790257104194858, 0.7807228915662651], 'train_f1': [0.7614681907403426, 0.6476426035776106, 0.703222491723727, 0.7244836793836318, 0.7446661959934157, 0.7489273172782305, 0.7227091285487196, 0.7331948557236515, 0.7862888204986092, 0.7773005734822158], 'train_mae': [0.14556962025316456, 0.21750663129973474, 0.2226027397260274, 0.22392638036809817, 0.23142509135200975, 0.21888790820829657, 0.22894168466522677, 0.22522522522522523, 0.20974289580514208, 0.21927710843373494], 'val_loss': [0.6946436870739162, 0.6646617022959954, 0.6402687532791971, 0.6214927899844236, 0.607737331660556, 0.5969173509589594, 0.5857895968261642, 0.5768255165659109, 0.5710957460795785, 0.5660660457200579], 'val_accuracy': [0.5699961845767124, 0.617437496472713, 0.6489559044982027, 0.6694078231736501, 0.6851389932706179, 0.6973218030334328, 0.7089211586477338, 0.7177436745255894, 0.7207578767550553, 0.724939118174827], 'val_f1': [0.5610243003164092, 0.6149903913967318, 0.648228300757542, 0.6688579702083185, 0.6841293596472754, 0.6957590542360333, 0.7063534329067086, 0.7144612252906846, 0.7171971948761587, 0.7209513340031964], 'val_mae': [0.4300038154232876, 0.38256250352728705, 0.3510440955017974, 0.33059217682634995, 0.3148610067293821, 0.30267819696656717, 0.2910788413522663, 0.2822563254744106, 0.27924212324494474, 0.275060881825173], 'jsd': [(0, 0, 0, 0, 0, 0.0207208396239082, 0.31127812445913283, 0.31127812445913283, 0.31127812445913283, 0.11009182675183558, 0.31127812445913283, 0.31127812445913283, 0.31127812445913283, 0.0037024515418363386, 0.31127812445913283, 0.31127812445913283, 0.31127812445913283, 0.31127812445913283, 0.31127812445913283, 0.31127812445913283, 0.31127812445913283, 0.31127812445913283, 0.07310400793180982, 0.31127812445913283, 0.07310400793180982, 0.31127812445913283, 0.31127812445913283, 0.0037024515418363386, 0.31127812445913283, 0.31127812445913283, 0.31127812445913283, 0.0350583482647871, 0.31127812445913283, 0.31127812445913283, 0.31127812445913283, 0, 0, 0, 0, 0), (0.0207208396239082, 0.31127812445913283, 0.31127812445913283, 0.31127812445913283, 0.06548833004089114, 0.0014939931791539789, 0.31127812445913283, 0.07310400793180982, 0, 0.1711038312803313, 0.31127812445913283, 0, 0.007299156760473963, 0.009756534087137225, 0.31127812445913283, 0.31127812445913283, 0.31127812445913283, 0, 0.31127812445913283, 0.07310400793180982, 0.007299156760473963, 0.0037024515418363386, 0.015085156698935967, 0.31127812445913283, 0.31127812445913283, 0.31127812445913283, 0, 0.31127812445913283, 0.11009182675183558, 0.31127812445913283, 0.07310400793180982, 0.31127812445913283, 0.0487949406953985, 0.0207208396239082, 0.31127812445913283, 0.16395604408354778, 0.0350583482647871, 0.31127812445913283, 0.31127812445913283, 0.16395604408354778), (0, 0.16395604408354778, 0.31127812445913283, 0, 0, 0.18850340411986471, 0, 0.11009182675183558, 0, 0, 0, 0.1711038312803313, 0.042041899344894246, 0, 0, 0.31127812445913283, 0, 0, 0, 0, 0.31127812445913283, 0, 0, 0.31127812445913283, 0.31127812445913283, 0, 0.12425601093475921, 0.31127812445913283, 0.17750440524619315, 0, 0, 0.31127812445913283, 0.31127812445913283, 0, 0, 0, 0, 0, 0.31127812445913283, 0), (0, 0, 0, 0, 0, 0, 0.31127812445913283, 0.2087803925185126, 0, 0, 0, 0, 0, 0, 0, 0, 0.19326958066820893, 0, 0, 0, 0, 0, 0, 0, 0, 0, 0, 0, 0.2292798117148899, 0, 0, 0.0002145058924891757, 0, 0.2227619806994962, 0, 0, 0, 0, 0, 0), (0, 0, 0, 0, 0, 0, 0, 0.2227619806994962, 0, 0, 0, 0, 0, 0.01423921619075233, 0, 0, 0, 0, 0, 0, 0, 0, 0, 0, 0, 0, 0.009036677434107646, 0, 0, 0, 0, 0, 0.07310400793180982, 0.004167970681504568, 0, 0, 0, 0, 0, 0), (0, 0, 0.23305878051279882, 0, 0, 0, 0, 0, 0, 0, 0, 0, 0, 0, 0, 0, 0, 0, 0, 0, 0, 0, 0, 0, 0.31127812445913283, 0, 0, 0, 0.2087803925185126, 0, 0, 0.20534969973663775, 0, 0, 0.16395604408354778, 0, 0, 0, 0.0207208396239082, 0), (0.012033410127123681, 0.0037024515418363386, 0.24237412989240623, 0.01717496977609681, 0.016009512159686483, 0.0010689285835955437, 0.11385563424028564, 0.0022344421708708415, 0.07310400793180982, 0.04432065423178154, 0.04674406725931858, 0.09328462323031235, 0.0231107894081813, 0.0055031961632630196, 0.02276859998040022, 0.006019887358649001, 0.03857581598654605, 0.06149937804507184, 0.2149397901480957, 0.04066211490300797, 0.0207208396239082, 0.07529706740701966, 0, 0.00566775380589651, 0.15591489886228305, 0.05253690168806249, 0.011482406826014972, 0.00028867375520897666, 0.03857581598654605, 0.05400884513974839, 0.05400884513974839, 0.2227619806994962, 0.03221357089614439, 0.039737267151773975, 0.002830694750015385, 0.008003048984193635, 0.0017382218522886302, 0.0009214584011009545, 0.036145614849311655, 0.09587355378511578), (0, 0, 0, 0, 0, 0.0061446088533262735, 0.002830694750015385, 0.24844401300050659, 0, 0.014038937565777093, 0.0014939931791539789, 0.10372355040574062, 0.0037024515418363386, 0.07898885115561567, 0.0031619139529965624, 0.02711041372683346, 0.08697257500448134, 0.010396593705431272, 0.0010689285835955437, 0, 0.007299156760473963, 0.039737267151773975, 0.12931448059938455, 0.17276905508286108, 0.0350583482647871, 0.0037024515418363386, 0.0693557217943376, 0, 0, 0.05738732460549023, 0.0350583482647871, 0.0008589183281813573, 0.018135571823116266, 0.03600088831260688, 0, 0, 0, 0, 0, 0), (0, 0, 0, 0, 0, 0, 0, 0, 0, 0, 0, 0, 0, 0, 0, 0, 0, 0, 0, 0, 0, 0.031173613118524304, 0, 0, 0, 0, 0, 0, 4.2686232120132256e-05, 0, 0, 0, 0, 0, 0, 0, 0, 0, 0, 0), (0, 0, 0, 0, 0, 0, 0, 0, 0, 0, 0, 0, 0, 0, 0, 0, 0, 0, 0, 0, 0, 0, 0, 0, 0, 0, 0, 0, 0, 0, 0, 0, 0, 0, 0, 0, 0, 0, 0, 0)]}}
AdaptationManager: Configuring next round...
{'client_registry': {'enabled': True, 'params': {}}, 'client_selector': {'enabled': True, 'params': {'selection_strategy': 'Resource-Based', 'selection_criteria': 'CPU', 'selection_value': 2}}, 'client_cluster': {'enabled': False, 'params': {}}, 'message_compressor': {'enabled': False, 'params': {}}, 'model_co-versioning_registry': {'enabled': False, 'params': {}}, 'multi-task_model_trainer': {'enabled': False, 'params': {}}, 'heterogeneous_data_handler': {'enabled': True, 'params': {'enabled_clients': []}}}
{'client_selector': {'enabled': True}, 'client_cluster': {'enabled': False}, 'message_compressor': {'enabled': False}, 'model_co-versioning_registry': {'enabled': False}, 'multi-task_model_trainer': {'enabled': False}, 'heterogeneous_data_handler': {'enabled': True, 'params': {'enabled_clients': ['Client 1', 'Client 2', 'Client 3', 'Client 4', 'Client 5', 'Client 6', 'Client 7', 'Client 8', 'Client 9', 'Client 10', 'Client 11', 'Client 12', 'Client 13', 'Client 14', 'Client 15', 'Client 16', 'Client 17', 'Client 18', 'Client 19', 'Client 20', 'Client 21', 'Client 22', 'Client 23', 'Client 24', 'Client 25', 'Client 26', 'Client 27', 'Client 28', 'Client 29', 'Client 30', 'Client 31', 'Client 32', 'Client 33', 'Client 34', 'Client 35', 'Client 36', 'Client 37', 'Client 38', 'Client 39', 'Client 40']}}, 'client_registry': {'enabled': True, 'params': {}}}
round 11, 30 high, 10 low, 0.0-iid clients, predicted best policy: client_selector de-activated ❌
Configuring client 1...
Client 1 done.
Configuring client 2...
Client 2 done.
Configuring client 3...
Client 3 done.
Configuring client 4...
Client 4 done.
Configuring client 5...
Client 5 done.
Configuring client 6...
Client 6 done.
Configuring client 7...
Client 7 done.
Configuring client 8...
Client 8 done.
Configuring client 9...
Client 9 done.
Configuring client 10...
Client 10 done.
Configuring client 11...
Client 11 done.
Configuring client 12...
Client 12 done.
Configuring client 13...
Client 13 done.
Configuring client 14...
Client 14 done.
Configuring client 15...
Client 15 done.
Configuring client 16...
Client 16 done.
Configuring client 17...
Client 17 done.
Configuring client 18...
Client 18 done.
Configuring client 19...
Client 19 done.
Configuring client 20...
Client 20 done.
Configuring client 21...
Client 21 done.
Configuring client 22...
Client 22 done.
Configuring client 23...
Client 23 done.
Configuring client 24...
Client 24 done.
Configuring client 25...
Client 25 done.
Configuring client 26...
Client 26 done.
Configuring client 27...
Client 27 done.
Configuring client 28...
Client 28 done.
Configuring client 29...
Client 29 done.
Configuring client 30...
Client 30 done.
Configuring client 31...
Client 31 done.
Configuring client 32...
Client 32 done.
Configuring client 33...
Client 33 done.
Configuring client 34...
Client 34 done.
Configuring client 35...
Client 35 done.
Configuring client 36...
Client 36 done.
Configuring client 37...
Client 37 done.
Configuring client 38...
Client 38 done.
Configuring client 39...
Client 39 done.
Configuring client 40...
Client 40 done.
heterogeneous_data_handler activated ✅ for clients: ['Client 1', 'Client 2', 'Client 3', 'Client 4', 'Client 5', 'Client 6', 'Client 7', 'Client 8', 'Client 9', 'Client 10', 'Client 11', 'Client 12', 'Client 13', 'Client 14', 'Client 15', 'Client 16', 'Client 17', 'Client 18', 'Client 19', 'Client 20', 'Client 21', 'Client 22', 'Client 23', 'Client 24', 'Client 25', 'Client 26', 'Client 27', 'Client 28', 'Client 29', 'Client 30', 'Client 31', 'Client 32', 'Client 33', 'Client 34', 'Client 35', 'Client 36', 'Client 37', 'Client 38', 'Client 39', 'Client 40']
Results Aggregated in 0.49 seconds.
{'prostate_logreg': {'train_loss': [0.50196045165575, 0.5410262663263224, 0.5479556574447922, 0.5506327694819018, 0.548674642513353, 0.5386819736366238, 0.5375252926066422, 0.5317521926026803, 0.5189982665972394, 0.525585335852152, 0.5077002510947163], 'train_accuracy': [0.8544303797468354, 0.7824933687002652, 0.7773972602739726, 0.7760736196319018, 0.7685749086479903, 0.7811120917917035, 0.7710583153347732, 0.7747747747747747, 0.790257104194858, 0.7807228915662651, 0.7892226990939437], 'train_f1': [0.7614681907403426, 0.6476426035776106, 0.703222491723727, 0.7244836793836318, 0.7446661959934157, 0.7489273172782305, 0.7227091285487196, 0.7331948557236515, 0.7862888204986092, 0.7773005734822158, 0.7824002466143535], 'train_mae': [0.14556962025316456, 0.21750663129973474, 0.2226027397260274, 0.22392638036809817, 0.23142509135200975, 0.21888790820829657, 0.22894168466522677, 0.22522522522522523, 0.20974289580514208, 0.21927710843373494, 0.21077730090605626], 'val_loss': [0.6946436870739162, 0.6646617022959954, 0.6402687532791971, 0.6214927899844236, 0.607737331660556, 0.5969173509589594, 0.5857895968261642, 0.5768255165659109, 0.5710957460795785, 0.5660660457200579, 0.5616484874694094], 'val_accuracy': [0.5699961845767124, 0.617437496472713, 0.6489559044982027, 0.6694078231736501, 0.6851389932706179, 0.6973218030334328, 0.7089211586477338, 0.7177436745255894, 0.7207578767550553, 0.724939118174827, 0.7284896187393676], 'val_f1': [0.5610243003164092, 0.6149903913967318, 0.648228300757542, 0.6688579702083185, 0.6841293596472754, 0.6957590542360333, 0.7063534329067086, 0.7144612252906846, 0.7171971948761587, 0.7209513340031964, 0.7241219803514007], 'val_mae': [0.4300038154232876, 0.38256250352728705, 0.3510440955017974, 0.33059217682634995, 0.3148610067293821, 0.30267819696656717, 0.2910788413522663, 0.2822563254744106, 0.27924212324494474, 0.275060881825173, 0.27151038126063237], 'jsd': [(0, 0, 0, 0, 0, 0.0207208396239082, 0.31127812445913283, 0.31127812445913283, 0.31127812445913283, 0.11009182675183558, 0.31127812445913283, 0.31127812445913283, 0.31127812445913283, 0.0037024515418363386, 0.31127812445913283, 0.31127812445913283, 0.31127812445913283, 0.31127812445913283, 0.31127812445913283, 0.31127812445913283, 0.31127812445913283, 0.31127812445913283, 0.07310400793180982, 0.31127812445913283, 0.07310400793180982, 0.31127812445913283, 0.31127812445913283, 0.0037024515418363386, 0.31127812445913283, 0.31127812445913283, 0.31127812445913283, 0.0350583482647871, 0.31127812445913283, 0.31127812445913283, 0.31127812445913283, 0, 0, 0, 0, 0), (0.0207208396239082, 0.31127812445913283, 0.31127812445913283, 0.31127812445913283, 0.06548833004089114, 0.0014939931791539789, 0.31127812445913283, 0.07310400793180982, 0, 0.1711038312803313, 0.31127812445913283, 0, 0.007299156760473963, 0.009756534087137225, 0.31127812445913283, 0.31127812445913283, 0.31127812445913283, 0, 0.31127812445913283, 0.07310400793180982, 0.007299156760473963, 0.0037024515418363386, 0.015085156698935967, 0.31127812445913283, 0.31127812445913283, 0.31127812445913283, 0, 0.31127812445913283, 0.11009182675183558, 0.31127812445913283, 0.07310400793180982, 0.31127812445913283, 0.0487949406953985, 0.0207208396239082, 0.31127812445913283, 0.16395604408354778, 0.0350583482647871, 0.31127812445913283, 0.31127812445913283, 0.16395604408354778), (0, 0.16395604408354778, 0.31127812445913283, 0, 0, 0.18850340411986471, 0, 0.11009182675183558, 0, 0, 0, 0.1711038312803313, 0.042041899344894246, 0, 0, 0.31127812445913283, 0, 0, 0, 0, 0.31127812445913283, 0, 0, 0.31127812445913283, 0.31127812445913283, 0, 0.12425601093475921, 0.31127812445913283, 0.17750440524619315, 0, 0, 0.31127812445913283, 0.31127812445913283, 0, 0, 0, 0, 0, 0.31127812445913283, 0), (0, 0, 0, 0, 0, 0, 0.31127812445913283, 0.2087803925185126, 0, 0, 0, 0, 0, 0, 0, 0, 0.19326958066820893, 0, 0, 0, 0, 0, 0, 0, 0, 0, 0, 0, 0.2292798117148899, 0, 0, 0.0002145058924891757, 0, 0.2227619806994962, 0, 0, 0, 0, 0, 0), (0, 0, 0, 0, 0, 0, 0, 0.2227619806994962, 0, 0, 0, 0, 0, 0.01423921619075233, 0, 0, 0, 0, 0, 0, 0, 0, 0, 0, 0, 0, 0.009036677434107646, 0, 0, 0, 0, 0, 0.07310400793180982, 0.004167970681504568, 0, 0, 0, 0, 0, 0), (0, 0, 0.23305878051279882, 0, 0, 0, 0, 0, 0, 0, 0, 0, 0, 0, 0, 0, 0, 0, 0, 0, 0, 0, 0, 0, 0.31127812445913283, 0, 0, 0, 0.2087803925185126, 0, 0, 0.20534969973663775, 0, 0, 0.16395604408354778, 0, 0, 0, 0.0207208396239082, 0), (0.012033410127123681, 0.0037024515418363386, 0.24237412989240623, 0.01717496977609681, 0.016009512159686483, 0.0010689285835955437, 0.11385563424028564, 0.0022344421708708415, 0.07310400793180982, 0.04432065423178154, 0.04674406725931858, 0.09328462323031235, 0.0231107894081813, 0.0055031961632630196, 0.02276859998040022, 0.006019887358649001, 0.03857581598654605, 0.06149937804507184, 0.2149397901480957, 0.04066211490300797, 0.0207208396239082, 0.07529706740701966, 0, 0.00566775380589651, 0.15591489886228305, 0.05253690168806249, 0.011482406826014972, 0.00028867375520897666, 0.03857581598654605, 0.05400884513974839, 0.05400884513974839, 0.2227619806994962, 0.03221357089614439, 0.039737267151773975, 0.002830694750015385, 0.008003048984193635, 0.0017382218522886302, 0.0009214584011009545, 0.036145614849311655, 0.09587355378511578), (0, 0, 0, 0, 0, 0.0061446088533262735, 0.002830694750015385, 0.24844401300050659, 0, 0.014038937565777093, 0.0014939931791539789, 0.10372355040574062, 0.0037024515418363386, 0.07898885115561567, 0.0031619139529965624, 0.02711041372683346, 0.08697257500448134, 0.010396593705431272, 0.0010689285835955437, 0, 0.007299156760473963, 0.039737267151773975, 0.12931448059938455, 0.17276905508286108, 0.0350583482647871, 0.0037024515418363386, 0.0693557217943376, 0, 0, 0.05738732460549023, 0.0350583482647871, 0.0008589183281813573, 0.018135571823116266, 0.03600088831260688, 0, 0, 0, 0, 0, 0), (0, 0, 0, 0, 0, 0, 0, 0, 0, 0, 0, 0, 0, 0, 0, 0, 0, 0, 0, 0, 0, 0.031173613118524304, 0, 0, 0, 0, 0, 0, 4.2686232120132256e-05, 0, 0, 0, 0, 0, 0, 0, 0, 0, 0, 0), (0, 0, 0, 0, 0, 0, 0, 0, 0, 0, 0, 0, 0, 0, 0, 0, 0, 0, 0, 0, 0, 0, 0, 0, 0, 0, 0, 0, 0, 0, 0, 0, 0, 0, 0, 0, 0, 0, 0, 0), (0, 0, 0, 0, 0, 0, 0, 0, 0, 0, 0, 0, 0, 0, 0, 0, 0, 0, 0, 0, 0, 0, 0, 0, 0, 0, 0, 0, 0, 0, 0, 0.23646636812449032, 0, 0, 0, 0, 0, 0, 0, 0)]}}
AdaptationManager: Configuring next round...
{'client_registry': {'enabled': True, 'params': {}}, 'client_selector': {'enabled': True, 'params': {'selection_strategy': 'Resource-Based', 'selection_criteria': 'CPU', 'selection_value': 2}}, 'client_cluster': {'enabled': False, 'params': {}}, 'message_compressor': {'enabled': False, 'params': {}}, 'model_co-versioning_registry': {'enabled': False, 'params': {}}, 'multi-task_model_trainer': {'enabled': False, 'params': {}}, 'heterogeneous_data_handler': {'enabled': True, 'params': {'enabled_clients': []}}}
{'client_selector': {'enabled': False}, 'client_cluster': {'enabled': False}, 'message_compressor': {'enabled': False}, 'model_co-versioning_registry': {'enabled': False}, 'multi-task_model_trainer': {'enabled': False}, 'heterogeneous_data_handler': {'enabled': True, 'params': {'enabled_clients': ['Client 1', 'Client 2', 'Client 3', 'Client 4', 'Client 5', 'Client 6', 'Client 7', 'Client 8', 'Client 9', 'Client 10', 'Client 11', 'Client 12', 'Client 13', 'Client 14', 'Client 15', 'Client 16', 'Client 17', 'Client 18', 'Client 19', 'Client 20', 'Client 21', 'Client 22', 'Client 23', 'Client 24', 'Client 25', 'Client 26', 'Client 27', 'Client 28', 'Client 29', 'Client 30', 'Client 31', 'Client 32', 'Client 33', 'Client 34', 'Client 35', 'Client 36', 'Client 37', 'Client 38', 'Client 39', 'Client 40']}}, 'client_registry': {'enabled': True, 'params': {}}}
round 12, 30 high, 10 low, 0.0-iid clients, predicted best policy: client_selector de-activated ❌
Configuring client 1...
Client 1 done.
Configuring client 2...
Client 2 done.
Configuring client 3...
Client 3 done.
Configuring client 4...
Client 4 done.
Configuring client 5...
Client 5 done.
Configuring client 6...
Client 6 done.
Configuring client 7...
Client 7 done.
Configuring client 8...
Client 8 done.
Configuring client 9...
Client 9 done.
Configuring client 10...
Client 10 done.
Configuring client 11...
Client 11 done.
Configuring client 12...
Client 12 done.
Configuring client 13...
Client 13 done.
Configuring client 14...
Client 14 done.
Configuring client 15...
Client 15 done.
Configuring client 16...
Client 16 done.
Configuring client 17...
Client 17 done.
Configuring client 18...
Client 18 done.
Configuring client 19...
Client 19 done.
Configuring client 20...
Client 20 done.
Configuring client 21...
Client 21 done.
Configuring client 22...
Client 22 done.
Configuring client 23...
Client 23 done.
Configuring client 24...
Client 24 done.
Configuring client 25...
Client 25 done.
Configuring client 26...
Client 26 done.
Configuring client 27...
Client 27 done.
Configuring client 28...
Client 28 done.
Configuring client 29...
Client 29 done.
Configuring client 30...
Client 30 done.
Configuring client 31...
Client 31 done.
Configuring client 32...
Client 32 done.
Configuring client 33...
Client 33 done.
Configuring client 34...
Client 34 done.
Configuring client 35...
Client 35 done.
Configuring client 36...
Client 36 done.
Configuring client 37...
Client 37 done.
Configuring client 38...
Client 38 done.
Configuring client 39...
Client 39 done.
Configuring client 40...
Client 40 done.
heterogeneous_data_handler activated ✅ for clients: ['Client 32']
Results Aggregated in 0.41 seconds.
{'prostate_logreg': {'train_loss': [0.50196045165575, 0.5410262663263224, 0.5479556574447922, 0.5506327694819018, 0.548674642513353, 0.5386819736366238, 0.5375252926066422, 0.5317521926026803, 0.5189982665972394, 0.525585335852152, 0.5077002510947163, 0.5231764823160094], 'train_accuracy': [0.8544303797468354, 0.7824933687002652, 0.7773972602739726, 0.7760736196319018, 0.7685749086479903, 0.7811120917917035, 0.7710583153347732, 0.7747747747747747, 0.790257104194858, 0.7807228915662651, 0.7892226990939437, 0.758016246259085], 'train_f1': [0.7614681907403426, 0.6476426035776106, 0.703222491723727, 0.7244836793836318, 0.7446661959934157, 0.7489273172782305, 0.7227091285487196, 0.7331948557236515, 0.7862888204986092, 0.7773005734822158, 0.7824002466143535, 0.7287233122983735], 'train_mae': [0.14556962025316456, 0.21750663129973474, 0.2226027397260274, 0.22392638036809817, 0.23142509135200975, 0.21888790820829657, 0.22894168466522677, 0.22522522522522523, 0.20974289580514208, 0.21927710843373494, 0.21077730090605626, 0.2419837537409149], 'val_loss': [0.6946436870739162, 0.6646617022959954, 0.6402687532791971, 0.6214927899844236, 0.607737331660556, 0.5969173509589594, 0.5857895968261642, 0.5768255165659109, 0.5710957460795785, 0.5660660457200579, 0.5616484874694094, 0.5560348181924885], 'val_accuracy': [0.5699961845767124, 0.617437496472713, 0.6489559044982027, 0.6694078231736501, 0.6851389932706179, 0.6973218030334328, 0.7089211586477338, 0.7177436745255894, 0.7207578767550553, 0.724939118174827, 0.7284896187393676, 0.7352671627263879], 'val_f1': [0.5610243003164092, 0.6149903913967318, 0.648228300757542, 0.6688579702083185, 0.6841293596472754, 0.6957590542360333, 0.7063534329067086, 0.7144612252906846, 0.7171971948761587, 0.7209513340031964, 0.7241219803514007, 0.7293613442248242], 'val_mae': [0.4300038154232876, 0.38256250352728705, 0.3510440955017974, 0.33059217682634995, 0.3148610067293821, 0.30267819696656717, 0.2910788413522663, 0.2822563254744106, 0.27924212324494474, 0.275060881825173, 0.27151038126063237, 0.26473283727361213], 'jsd': [(0, 0, 0, 0, 0, 0.0207208396239082, 0.31127812445913283, 0.31127812445913283, 0.31127812445913283, 0.11009182675183558, 0.31127812445913283, 0.31127812445913283, 0.31127812445913283, 0.0037024515418363386, 0.31127812445913283, 0.31127812445913283, 0.31127812445913283, 0.31127812445913283, 0.31127812445913283, 0.31127812445913283, 0.31127812445913283, 0.31127812445913283, 0.07310400793180982, 0.31127812445913283, 0.07310400793180982, 0.31127812445913283, 0.31127812445913283, 0.0037024515418363386, 0.31127812445913283, 0.31127812445913283, 0.31127812445913283, 0.0350583482647871, 0.31127812445913283, 0.31127812445913283, 0.31127812445913283, 0, 0, 0, 0, 0), (0.0207208396239082, 0.31127812445913283, 0.31127812445913283, 0.31127812445913283, 0.06548833004089114, 0.0014939931791539789, 0.31127812445913283, 0.07310400793180982, 0, 0.1711038312803313, 0.31127812445913283, 0, 0.007299156760473963, 0.009756534087137225, 0.31127812445913283, 0.31127812445913283, 0.31127812445913283, 0, 0.31127812445913283, 0.07310400793180982, 0.007299156760473963, 0.0037024515418363386, 0.015085156698935967, 0.31127812445913283, 0.31127812445913283, 0.31127812445913283, 0, 0.31127812445913283, 0.11009182675183558, 0.31127812445913283, 0.07310400793180982, 0.31127812445913283, 0.0487949406953985, 0.0207208396239082, 0.31127812445913283, 0.16395604408354778, 0.0350583482647871, 0.31127812445913283, 0.31127812445913283, 0.16395604408354778), (0, 0.16395604408354778, 0.31127812445913283, 0, 0, 0.18850340411986471, 0, 0.11009182675183558, 0, 0, 0, 0.1711038312803313, 0.042041899344894246, 0, 0, 0.31127812445913283, 0, 0, 0, 0, 0.31127812445913283, 0, 0, 0.31127812445913283, 0.31127812445913283, 0, 0.12425601093475921, 0.31127812445913283, 0.17750440524619315, 0, 0, 0.31127812445913283, 0.31127812445913283, 0, 0, 0, 0, 0, 0.31127812445913283, 0), (0, 0, 0, 0, 0, 0, 0.31127812445913283, 0.2087803925185126, 0, 0, 0, 0, 0, 0, 0, 0, 0.19326958066820893, 0, 0, 0, 0, 0, 0, 0, 0, 0, 0, 0, 0.2292798117148899, 0, 0, 0.0002145058924891757, 0, 0.2227619806994962, 0, 0, 0, 0, 0, 0), (0, 0, 0, 0, 0, 0, 0, 0.2227619806994962, 0, 0, 0, 0, 0, 0.01423921619075233, 0, 0, 0, 0, 0, 0, 0, 0, 0, 0, 0, 0, 0.009036677434107646, 0, 0, 0, 0, 0, 0.07310400793180982, 0.004167970681504568, 0, 0, 0, 0, 0, 0), (0, 0, 0.23305878051279882, 0, 0, 0, 0, 0, 0, 0, 0, 0, 0, 0, 0, 0, 0, 0, 0, 0, 0, 0, 0, 0, 0.31127812445913283, 0, 0, 0, 0.2087803925185126, 0, 0, 0.20534969973663775, 0, 0, 0.16395604408354778, 0, 0, 0, 0.0207208396239082, 0), (0.012033410127123681, 0.0037024515418363386, 0.24237412989240623, 0.01717496977609681, 0.016009512159686483, 0.0010689285835955437, 0.11385563424028564, 0.0022344421708708415, 0.07310400793180982, 0.04432065423178154, 0.04674406725931858, 0.09328462323031235, 0.0231107894081813, 0.0055031961632630196, 0.02276859998040022, 0.006019887358649001, 0.03857581598654605, 0.06149937804507184, 0.2149397901480957, 0.04066211490300797, 0.0207208396239082, 0.07529706740701966, 0, 0.00566775380589651, 0.15591489886228305, 0.05253690168806249, 0.011482406826014972, 0.00028867375520897666, 0.03857581598654605, 0.05400884513974839, 0.05400884513974839, 0.2227619806994962, 0.03221357089614439, 0.039737267151773975, 0.002830694750015385, 0.008003048984193635, 0.0017382218522886302, 0.0009214584011009545, 0.036145614849311655, 0.09587355378511578), (0, 0, 0, 0, 0, 0.0061446088533262735, 0.002830694750015385, 0.24844401300050659, 0, 0.014038937565777093, 0.0014939931791539789, 0.10372355040574062, 0.0037024515418363386, 0.07898885115561567, 0.0031619139529965624, 0.02711041372683346, 0.08697257500448134, 0.010396593705431272, 0.0010689285835955437, 0, 0.007299156760473963, 0.039737267151773975, 0.12931448059938455, 0.17276905508286108, 0.0350583482647871, 0.0037024515418363386, 0.0693557217943376, 0, 0, 0.05738732460549023, 0.0350583482647871, 0.0008589183281813573, 0.018135571823116266, 0.03600088831260688, 0, 0, 0, 0, 0, 0), (0, 0, 0, 0, 0, 0, 0, 0, 0, 0, 0, 0, 0, 0, 0, 0, 0, 0, 0, 0, 0, 0.031173613118524304, 0, 0, 0, 0, 0, 0, 4.2686232120132256e-05, 0, 0, 0, 0, 0, 0, 0, 0, 0, 0, 0), (0, 0, 0, 0, 0, 0, 0, 0, 0, 0, 0, 0, 0, 0, 0, 0, 0, 0, 0, 0, 0, 0, 0, 0, 0, 0, 0, 0, 0, 0, 0, 0, 0, 0, 0, 0, 0, 0, 0, 0), (0, 0, 0, 0, 0, 0, 0, 0, 0, 0, 0, 0, 0, 0, 0, 0, 0, 0, 0, 0, 0, 0, 0, 0, 0, 0, 0, 0, 0, 0, 0, 0.23646636812449032, 0, 0, 0, 0, 0, 0, 0, 0), (0.0016626576184457752, 0.0006767219177472479, 0.06149937804507184, 0.06502539038278278, 0.008723329471708632, 0.00036176918093652755, 0.09555361251896813, 0.0001877124226694997, 0.023795695918608258, 0.0010160633509259717, 0.006963639137030152, 0.15058560986911712, 0.007775948452200233, 0.002349447614504129, 0.04066211490300797, 0.004528991295546424, 0.0350583482647871, 0.1363471521273121, 0.15948141288667683, 0.04244595986303425, 0.0001877124226694997, 0.005407888490294582, 0.01286900199539727, 0.0028964502514318494, 0.12745428142147208, 0, 0.0026078279567117203, 0.006523190206172563, 0.004816452941871073, 0.015588395748542892, 0.0001877124226694997, 0.24616505675524458, 0.027910215332363916, 0.03634284572901042, 0.03302877414247969, 0.015297775930101544, 0.006963639137030152, 0.0006767219177472479, 0.04746468216969184, 0)]}}
AdaptationManager: Configuring next round...
{'client_registry': {'enabled': True, 'params': {}}, 'client_selector': {'enabled': True, 'params': {'selection_strategy': 'Resource-Based', 'selection_criteria': 'CPU', 'selection_value': 2}}, 'client_cluster': {'enabled': False, 'params': {}}, 'message_compressor': {'enabled': False, 'params': {}}, 'model_co-versioning_registry': {'enabled': False, 'params': {}}, 'multi-task_model_trainer': {'enabled': False, 'params': {}}, 'heterogeneous_data_handler': {'enabled': True, 'params': {'enabled_clients': []}}}
{'client_selector': {'enabled': False}, 'client_cluster': {'enabled': False}, 'message_compressor': {'enabled': False}, 'model_co-versioning_registry': {'enabled': False}, 'multi-task_model_trainer': {'enabled': False}, 'heterogeneous_data_handler': {'enabled': True, 'params': {'enabled_clients': ['Client 32']}}, 'client_registry': {'enabled': True, 'params': {}}}
round 13, 30 high, 10 low, 0.0-iid clients, predicted best policy: client_selector de-activated ❌
Configuring client 1...
Client 1 done.
Configuring client 2...
Client 2 done.
Configuring client 3...
Client 3 done.
Configuring client 4...
Client 4 done.
Configuring client 5...
Client 5 done.
Configuring client 6...
Client 6 done.
Configuring client 7...
Client 7 done.
Configuring client 8...
Client 8 done.
Configuring client 9...
Client 9 done.
Configuring client 10...
Client 10 done.
Configuring client 11...
Client 11 done.
Configuring client 12...
Client 12 done.
Configuring client 13...
Client 13 done.
Configuring client 14...
Client 14 done.
Configuring client 15...
Client 15 done.
Configuring client 16...
Client 16 done.
Configuring client 17...
Client 17 done.
Configuring client 18...
Client 18 done.
Configuring client 19...
Client 19 done.
Configuring client 20...
Client 20 done.
Configuring client 21...
Client 21 done.
Configuring client 22...
Client 22 done.
Configuring client 23...
Client 23 done.
Configuring client 24...
Client 24 done.
Configuring client 25...
Client 25 done.
Configuring client 26...
Client 26 done.
Configuring client 27...
Client 27 done.
Configuring client 28...
Client 28 done.
Configuring client 29...
Client 29 done.
Configuring client 30...
Client 30 done.
Configuring client 31...
Client 31 done.
Configuring client 32...
Client 32 done.
Configuring client 33...
Client 33 done.
Configuring client 34...
Client 34 done.
Configuring client 35...
Client 35 done.
Configuring client 36...
Client 36 done.
Configuring client 37...
Client 37 done.
Configuring client 38...
Client 38 done.
Configuring client 39...
Client 39 done.
Configuring client 40...
Client 40 done.
heterogeneous_data_handler activated ✅ for clients: ['Client 3', 'Client 4', 'Client 7', 'Client 9', 'Client 12', 'Client 15', 'Client 17', 'Client 18', 'Client 19', 'Client 20', 'Client 23', 'Client 25', 'Client 30', 'Client 32', 'Client 33', 'Client 34', 'Client 35', 'Client 36', 'Client 39']
Results Aggregated in 0.49 seconds.
{'prostate_logreg': {'train_loss': [0.50196045165575, 0.5410262663263224, 0.5479556574447922, 0.5506327694819018, 0.548674642513353, 0.5386819736366238, 0.5375252926066422, 0.5317521926026803, 0.5189982665972394, 0.525585335852152, 0.5077002510947163, 0.5231764823160094, 0.5187765141733014], 'train_accuracy': [0.8544303797468354, 0.7824933687002652, 0.7773972602739726, 0.7760736196319018, 0.7685749086479903, 0.7811120917917035, 0.7710583153347732, 0.7747747747747747, 0.790257104194858, 0.7807228915662651, 0.7892226990939437, 0.758016246259085, 0.7609717868338558], 'train_f1': [0.7614681907403426, 0.6476426035776106, 0.703222491723727, 0.7244836793836318, 0.7446661959934157, 0.7489273172782305, 0.7227091285487196, 0.7331948557236515, 0.7862888204986092, 0.7773005734822158, 0.7824002466143535, 0.7287233122983735, 0.7386758593209455], 'train_mae': [0.14556962025316456, 0.21750663129973474, 0.2226027397260274, 0.22392638036809817, 0.23142509135200975, 0.21888790820829657, 0.22894168466522677, 0.22522522522522523, 0.20974289580514208, 0.21927710843373494, 0.21077730090605626, 0.2419837537409149, 0.2390282131661442], 'val_loss': [0.6946436870739162, 0.6646617022959954, 0.6402687532791971, 0.6214927899844236, 0.607737331660556, 0.5969173509589594, 0.5857895968261642, 0.5768255165659109, 0.5710957460795785, 0.5660660457200579, 0.5616484874694094, 0.5560348181924885, 0.5520591881891366], 'val_accuracy': [0.5699961845767124, 0.617437496472713, 0.6489559044982027, 0.6694078231736501, 0.6851389932706179, 0.6973218030334328, 0.7089211586477338, 0.7177436745255894, 0.7207578767550553, 0.724939118174827, 0.7284896187393676, 0.7352671627263879, 0.738248682718602], 'val_f1': [0.5610243003164092, 0.6149903913967318, 0.648228300757542, 0.6688579702083185, 0.6841293596472754, 0.6957590542360333, 0.7063534329067086, 0.7144612252906846, 0.7171971948761587, 0.7209513340031964, 0.7241219803514007, 0.7293613442248242, 0.7311926622562047], 'val_mae': [0.4300038154232876, 0.38256250352728705, 0.3510440955017974, 0.33059217682634995, 0.3148610067293821, 0.30267819696656717, 0.2910788413522663, 0.2822563254744106, 0.27924212324494474, 0.275060881825173, 0.27151038126063237, 0.26473283727361213, 0.261751317281398], 'jsd': [(0, 0, 0, 0, 0, 0.0207208396239082, 0.31127812445913283, 0.31127812445913283, 0.31127812445913283, 0.11009182675183558, 0.31127812445913283, 0.31127812445913283, 0.31127812445913283, 0.0037024515418363386, 0.31127812445913283, 0.31127812445913283, 0.31127812445913283, 0.31127812445913283, 0.31127812445913283, 0.31127812445913283, 0.31127812445913283, 0.31127812445913283, 0.07310400793180982, 0.31127812445913283, 0.07310400793180982, 0.31127812445913283, 0.31127812445913283, 0.0037024515418363386, 0.31127812445913283, 0.31127812445913283, 0.31127812445913283, 0.0350583482647871, 0.31127812445913283, 0.31127812445913283, 0.31127812445913283, 0, 0, 0, 0, 0), (0.0207208396239082, 0.31127812445913283, 0.31127812445913283, 0.31127812445913283, 0.06548833004089114, 0.0014939931791539789, 0.31127812445913283, 0.07310400793180982, 0, 0.1711038312803313, 0.31127812445913283, 0, 0.007299156760473963, 0.009756534087137225, 0.31127812445913283, 0.31127812445913283, 0.31127812445913283, 0, 0.31127812445913283, 0.07310400793180982, 0.007299156760473963, 0.0037024515418363386, 0.015085156698935967, 0.31127812445913283, 0.31127812445913283, 0.31127812445913283, 0, 0.31127812445913283, 0.11009182675183558, 0.31127812445913283, 0.07310400793180982, 0.31127812445913283, 0.0487949406953985, 0.0207208396239082, 0.31127812445913283, 0.16395604408354778, 0.0350583482647871, 0.31127812445913283, 0.31127812445913283, 0.16395604408354778), (0, 0.16395604408354778, 0.31127812445913283, 0, 0, 0.18850340411986471, 0, 0.11009182675183558, 0, 0, 0, 0.1711038312803313, 0.042041899344894246, 0, 0, 0.31127812445913283, 0, 0, 0, 0, 0.31127812445913283, 0, 0, 0.31127812445913283, 0.31127812445913283, 0, 0.12425601093475921, 0.31127812445913283, 0.17750440524619315, 0, 0, 0.31127812445913283, 0.31127812445913283, 0, 0, 0, 0, 0, 0.31127812445913283, 0), (0, 0, 0, 0, 0, 0, 0.31127812445913283, 0.2087803925185126, 0, 0, 0, 0, 0, 0, 0, 0, 0.19326958066820893, 0, 0, 0, 0, 0, 0, 0, 0, 0, 0, 0, 0.2292798117148899, 0, 0, 0.0002145058924891757, 0, 0.2227619806994962, 0, 0, 0, 0, 0, 0), (0, 0, 0, 0, 0, 0, 0, 0.2227619806994962, 0, 0, 0, 0, 0, 0.01423921619075233, 0, 0, 0, 0, 0, 0, 0, 0, 0, 0, 0, 0, 0.009036677434107646, 0, 0, 0, 0, 0, 0.07310400793180982, 0.004167970681504568, 0, 0, 0, 0, 0, 0), (0, 0, 0.23305878051279882, 0, 0, 0, 0, 0, 0, 0, 0, 0, 0, 0, 0, 0, 0, 0, 0, 0, 0, 0, 0, 0, 0.31127812445913283, 0, 0, 0, 0.2087803925185126, 0, 0, 0.20534969973663775, 0, 0, 0.16395604408354778, 0, 0, 0, 0.0207208396239082, 0), (0.012033410127123681, 0.0037024515418363386, 0.24237412989240623, 0.01717496977609681, 0.016009512159686483, 0.0010689285835955437, 0.11385563424028564, 0.0022344421708708415, 0.07310400793180982, 0.04432065423178154, 0.04674406725931858, 0.09328462323031235, 0.0231107894081813, 0.0055031961632630196, 0.02276859998040022, 0.006019887358649001, 0.03857581598654605, 0.06149937804507184, 0.2149397901480957, 0.04066211490300797, 0.0207208396239082, 0.07529706740701966, 0, 0.00566775380589651, 0.15591489886228305, 0.05253690168806249, 0.011482406826014972, 0.00028867375520897666, 0.03857581598654605, 0.05400884513974839, 0.05400884513974839, 0.2227619806994962, 0.03221357089614439, 0.039737267151773975, 0.002830694750015385, 0.008003048984193635, 0.0017382218522886302, 0.0009214584011009545, 0.036145614849311655, 0.09587355378511578), (0, 0, 0, 0, 0, 0.0061446088533262735, 0.002830694750015385, 0.24844401300050659, 0, 0.014038937565777093, 0.0014939931791539789, 0.10372355040574062, 0.0037024515418363386, 0.07898885115561567, 0.0031619139529965624, 0.02711041372683346, 0.08697257500448134, 0.010396593705431272, 0.0010689285835955437, 0, 0.007299156760473963, 0.039737267151773975, 0.12931448059938455, 0.17276905508286108, 0.0350583482647871, 0.0037024515418363386, 0.0693557217943376, 0, 0, 0.05738732460549023, 0.0350583482647871, 0.0008589183281813573, 0.018135571823116266, 0.03600088831260688, 0, 0, 0, 0, 0, 0), (0, 0, 0, 0, 0, 0, 0, 0, 0, 0, 0, 0, 0, 0, 0, 0, 0, 0, 0, 0, 0, 0.031173613118524304, 0, 0, 0, 0, 0, 0, 4.2686232120132256e-05, 0, 0, 0, 0, 0, 0, 0, 0, 0, 0, 0), (0, 0, 0, 0, 0, 0, 0, 0, 0, 0, 0, 0, 0, 0, 0, 0, 0, 0, 0, 0, 0, 0, 0, 0, 0, 0, 0, 0, 0, 0, 0, 0, 0, 0, 0, 0, 0, 0, 0, 0), (0, 0, 0, 0, 0, 0, 0, 0, 0, 0, 0, 0, 0, 0, 0, 0, 0, 0, 0, 0, 0, 0, 0, 0, 0, 0, 0, 0, 0, 0, 0, 0.23646636812449032, 0, 0, 0, 0, 0, 0, 0, 0), (0.0016626576184457752, 0.0006767219177472479, 0.06149937804507184, 0.06502539038278278, 0.008723329471708632, 0.00036176918093652755, 0.09555361251896813, 0.0001877124226694997, 0.023795695918608258, 0.0010160633509259717, 0.006963639137030152, 0.15058560986911712, 0.007775948452200233, 0.002349447614504129, 0.04066211490300797, 0.004528991295546424, 0.0350583482647871, 0.1363471521273121, 0.15948141288667683, 0.04244595986303425, 0.0001877124226694997, 0.005407888490294582, 0.01286900199539727, 0.0028964502514318494, 0.12745428142147208, 0, 0.0026078279567117203, 0.006523190206172563, 0.004816452941871073, 0.015588395748542892, 0.0001877124226694997, 0.24616505675524458, 0.027910215332363916, 0.03634284572901042, 0.03302877414247969, 0.015297775930101544, 0.006963639137030152, 0.0006767219177472479, 0.04746468216969184, 0), (0.0014191336441856193, 0.00057833776936193, 0.0487949406953985, 0, 0.005269516232494085, 0, 0, 0.0025061505903558393, 0, 0, 0, 0.1399942004868045, 0, 0.0030350376967938353, 0.03889315594457522, 0, 0.04302177187503205, 0, 0.14347226067529725, 0.04432065423178154, 0.0025061505903558393, 0.00668451772448856, 0, 0, 0.14431677453762248, 0, 0, 0, 0, 0, 0.00013175698573951195, 0.2149397901480957, 0, 0, 0.03857581598654605, 0.015678504950564255, 0.00402636741089939, 0, 0.05129937439493795, 0)]}}
AdaptationManager: Configuring next round...
{'client_registry': {'enabled': True, 'params': {}}, 'client_selector': {'enabled': True, 'params': {'selection_strategy': 'Resource-Based', 'selection_criteria': 'CPU', 'selection_value': 2}}, 'client_cluster': {'enabled': False, 'params': {}}, 'message_compressor': {'enabled': False, 'params': {}}, 'model_co-versioning_registry': {'enabled': False, 'params': {}}, 'multi-task_model_trainer': {'enabled': False, 'params': {}}, 'heterogeneous_data_handler': {'enabled': True, 'params': {'enabled_clients': []}}}
{'client_selector': {'enabled': False}, 'client_cluster': {'enabled': False}, 'message_compressor': {'enabled': False}, 'model_co-versioning_registry': {'enabled': False}, 'multi-task_model_trainer': {'enabled': False}, 'heterogeneous_data_handler': {'enabled': True, 'params': {'enabled_clients': ['Client 3', 'Client 4', 'Client 7', 'Client 9', 'Client 12', 'Client 15', 'Client 17', 'Client 18', 'Client 19', 'Client 20', 'Client 23', 'Client 25', 'Client 30', 'Client 32', 'Client 33', 'Client 34', 'Client 35', 'Client 36', 'Client 39']}}, 'client_registry': {'enabled': True, 'params': {}}}
round 14, 30 high, 10 low, 0.0-iid clients, predicted best policy: client_selector de-activated ❌
Configuring client 1...
Client 1 done.
Configuring client 2...
Client 2 done.
Configuring client 3...
Client 3 done.
Configuring client 4...
Client 4 done.
Configuring client 5...
Client 5 done.
Configuring client 6...
Client 6 done.
Configuring client 7...
Client 7 done.
Configuring client 8...
Client 8 done.
Configuring client 9...
Client 9 done.
Configuring client 10...
Client 10 done.
Configuring client 11...
Client 11 done.
Configuring client 12...
Client 12 done.
Configuring client 13...
Client 13 done.
Configuring client 14...
Client 14 done.
Configuring client 15...
Client 15 done.
Configuring client 16...
Client 16 done.
Configuring client 17...
Client 17 done.
Configuring client 18...
Client 18 done.
Configuring client 19...
Client 19 done.
Configuring client 20...
Client 20 done.
Configuring client 21...
Client 21 done.
Configuring client 22...
Client 22 done.
Configuring client 23...
Client 23 done.
Configuring client 24...
Client 24 done.
Configuring client 25...
Client 25 done.
Configuring client 26...
Client 26 done.
Configuring client 27...
Client 27 done.
Configuring client 28...
Client 28 done.
Configuring client 29...
Client 29 done.
Configuring client 30...
Client 30 done.
Configuring client 31...
Client 31 done.
Configuring client 32...
Client 32 done.
Configuring client 33...
Client 33 done.
Configuring client 34...
Client 34 done.
Configuring client 35...
Client 35 done.
Configuring client 36...
Client 36 done.
Configuring client 37...
Client 37 done.
Configuring client 38...
Client 38 done.
Configuring client 39...
Client 39 done.
Configuring client 40...
Client 40 done.
heterogeneous_data_handler activated ✅ for clients: ['Client 1', 'Client 2', 'Client 3', 'Client 4', 'Client 5', 'Client 6', 'Client 7', 'Client 8', 'Client 9', 'Client 10', 'Client 11', 'Client 12', 'Client 13', 'Client 14', 'Client 15', 'Client 16', 'Client 17', 'Client 18', 'Client 19', 'Client 20', 'Client 21', 'Client 22', 'Client 23', 'Client 24', 'Client 25', 'Client 26', 'Client 27', 'Client 28', 'Client 29', 'Client 30', 'Client 31', 'Client 33', 'Client 34', 'Client 35', 'Client 36', 'Client 37', 'Client 38', 'Client 39', 'Client 40']
Results Aggregated in 0.41 seconds.
{'prostate_logreg': {'train_loss': [0.50196045165575, 0.5410262663263224, 0.5479556574447922, 0.5506327694819018, 0.548674642513353, 0.5386819736366238, 0.5375252926066422, 0.5317521926026803, 0.5189982665972394, 0.525585335852152, 0.5077002510947163, 0.5231764823160094, 0.5187765141733014, 0.5108508268491827], 'train_accuracy': [0.8544303797468354, 0.7824933687002652, 0.7773972602739726, 0.7760736196319018, 0.7685749086479903, 0.7811120917917035, 0.7710583153347732, 0.7747747747747747, 0.790257104194858, 0.7807228915662651, 0.7892226990939437, 0.758016246259085, 0.7609717868338558, 0.7758992805755396], 'train_f1': [0.7614681907403426, 0.6476426035776106, 0.703222491723727, 0.7244836793836318, 0.7446661959934157, 0.7489273172782305, 0.7227091285487196, 0.7331948557236515, 0.7862888204986092, 0.7773005734822158, 0.7824002466143535, 0.7287233122983735, 0.7386758593209455, 0.7731501307798663], 'train_mae': [0.14556962025316456, 0.21750663129973474, 0.2226027397260274, 0.22392638036809817, 0.23142509135200975, 0.21888790820829657, 0.22894168466522677, 0.22522522522522523, 0.20974289580514208, 0.21927710843373494, 0.21077730090605626, 0.2419837537409149, 0.2390282131661442, 0.22410071942446044], 'val_loss': [0.6946436870739162, 0.6646617022959954, 0.6402687532791971, 0.6214927899844236, 0.607737331660556, 0.5969173509589594, 0.5857895968261642, 0.5768255165659109, 0.5710957460795785, 0.5660660457200579, 0.5616484874694094, 0.5560348181924885, 0.5520591881891366, 0.5496950648099684], 'val_accuracy': [0.5699961845767124, 0.617437496472713, 0.6489559044982027, 0.6694078231736501, 0.6851389932706179, 0.6973218030334328, 0.7089211586477338, 0.7177436745255894, 0.7207578767550553, 0.724939118174827, 0.7284896187393676, 0.7352671627263879, 0.738248682718602, 0.7382959589774988], 'val_f1': [0.5610243003164092, 0.6149903913967318, 0.648228300757542, 0.6688579702083185, 0.6841293596472754, 0.6957590542360333, 0.7063534329067086, 0.7144612252906846, 0.7171971948761587, 0.7209513340031964, 0.7241219803514007, 0.7293613442248242, 0.7311926622562047, 0.7314598164846391], 'val_mae': [0.4300038154232876, 0.38256250352728705, 0.3510440955017974, 0.33059217682634995, 0.3148610067293821, 0.30267819696656717, 0.2910788413522663, 0.2822563254744106, 0.27924212324494474, 0.275060881825173, 0.27151038126063237, 0.26473283727361213, 0.261751317281398, 0.26170404102250117], 'jsd': [(0, 0, 0, 0, 0, 0.0207208396239082, 0.31127812445913283, 0.31127812445913283, 0.31127812445913283, 0.11009182675183558, 0.31127812445913283, 0.31127812445913283, 0.31127812445913283, 0.0037024515418363386, 0.31127812445913283, 0.31127812445913283, 0.31127812445913283, 0.31127812445913283, 0.31127812445913283, 0.31127812445913283, 0.31127812445913283, 0.31127812445913283, 0.07310400793180982, 0.31127812445913283, 0.07310400793180982, 0.31127812445913283, 0.31127812445913283, 0.0037024515418363386, 0.31127812445913283, 0.31127812445913283, 0.31127812445913283, 0.0350583482647871, 0.31127812445913283, 0.31127812445913283, 0.31127812445913283, 0, 0, 0, 0, 0), (0.0207208396239082, 0.31127812445913283, 0.31127812445913283, 0.31127812445913283, 0.06548833004089114, 0.0014939931791539789, 0.31127812445913283, 0.07310400793180982, 0, 0.1711038312803313, 0.31127812445913283, 0, 0.007299156760473963, 0.009756534087137225, 0.31127812445913283, 0.31127812445913283, 0.31127812445913283, 0, 0.31127812445913283, 0.07310400793180982, 0.007299156760473963, 0.0037024515418363386, 0.015085156698935967, 0.31127812445913283, 0.31127812445913283, 0.31127812445913283, 0, 0.31127812445913283, 0.11009182675183558, 0.31127812445913283, 0.07310400793180982, 0.31127812445913283, 0.0487949406953985, 0.0207208396239082, 0.31127812445913283, 0.16395604408354778, 0.0350583482647871, 0.31127812445913283, 0.31127812445913283, 0.16395604408354778), (0, 0.16395604408354778, 0.31127812445913283, 0, 0, 0.18850340411986471, 0, 0.11009182675183558, 0, 0, 0, 0.1711038312803313, 0.042041899344894246, 0, 0, 0.31127812445913283, 0, 0, 0, 0, 0.31127812445913283, 0, 0, 0.31127812445913283, 0.31127812445913283, 0, 0.12425601093475921, 0.31127812445913283, 0.17750440524619315, 0, 0, 0.31127812445913283, 0.31127812445913283, 0, 0, 0, 0, 0, 0.31127812445913283, 0), (0, 0, 0, 0, 0, 0, 0.31127812445913283, 0.2087803925185126, 0, 0, 0, 0, 0, 0, 0, 0, 0.19326958066820893, 0, 0, 0, 0, 0, 0, 0, 0, 0, 0, 0, 0.2292798117148899, 0, 0, 0.0002145058924891757, 0, 0.2227619806994962, 0, 0, 0, 0, 0, 0), (0, 0, 0, 0, 0, 0, 0, 0.2227619806994962, 0, 0, 0, 0, 0, 0.01423921619075233, 0, 0, 0, 0, 0, 0, 0, 0, 0, 0, 0, 0, 0.009036677434107646, 0, 0, 0, 0, 0, 0.07310400793180982, 0.004167970681504568, 0, 0, 0, 0, 0, 0), (0, 0, 0.23305878051279882, 0, 0, 0, 0, 0, 0, 0, 0, 0, 0, 0, 0, 0, 0, 0, 0, 0, 0, 0, 0, 0, 0.31127812445913283, 0, 0, 0, 0.2087803925185126, 0, 0, 0.20534969973663775, 0, 0, 0.16395604408354778, 0, 0, 0, 0.0207208396239082, 0), (0.012033410127123681, 0.0037024515418363386, 0.24237412989240623, 0.01717496977609681, 0.016009512159686483, 0.0010689285835955437, 0.11385563424028564, 0.0022344421708708415, 0.07310400793180982, 0.04432065423178154, 0.04674406725931858, 0.09328462323031235, 0.0231107894081813, 0.0055031961632630196, 0.02276859998040022, 0.006019887358649001, 0.03857581598654605, 0.06149937804507184, 0.2149397901480957, 0.04066211490300797, 0.0207208396239082, 0.07529706740701966, 0, 0.00566775380589651, 0.15591489886228305, 0.05253690168806249, 0.011482406826014972, 0.00028867375520897666, 0.03857581598654605, 0.05400884513974839, 0.05400884513974839, 0.2227619806994962, 0.03221357089614439, 0.039737267151773975, 0.002830694750015385, 0.008003048984193635, 0.0017382218522886302, 0.0009214584011009545, 0.036145614849311655, 0.09587355378511578), (0, 0, 0, 0, 0, 0.0061446088533262735, 0.002830694750015385, 0.24844401300050659, 0, 0.014038937565777093, 0.0014939931791539789, 0.10372355040574062, 0.0037024515418363386, 0.07898885115561567, 0.0031619139529965624, 0.02711041372683346, 0.08697257500448134, 0.010396593705431272, 0.0010689285835955437, 0, 0.007299156760473963, 0.039737267151773975, 0.12931448059938455, 0.17276905508286108, 0.0350583482647871, 0.0037024515418363386, 0.0693557217943376, 0, 0, 0.05738732460549023, 0.0350583482647871, 0.0008589183281813573, 0.018135571823116266, 0.03600088831260688, 0, 0, 0, 0, 0, 0), (0, 0, 0, 0, 0, 0, 0, 0, 0, 0, 0, 0, 0, 0, 0, 0, 0, 0, 0, 0, 0, 0.031173613118524304, 0, 0, 0, 0, 0, 0, 4.2686232120132256e-05, 0, 0, 0, 0, 0, 0, 0, 0, 0, 0, 0), (0, 0, 0, 0, 0, 0, 0, 0, 0, 0, 0, 0, 0, 0, 0, 0, 0, 0, 0, 0, 0, 0, 0, 0, 0, 0, 0, 0, 0, 0, 0, 0, 0, 0, 0, 0, 0, 0, 0, 0), (0, 0, 0, 0, 0, 0, 0, 0, 0, 0, 0, 0, 0, 0, 0, 0, 0, 0, 0, 0, 0, 0, 0, 0, 0, 0, 0, 0, 0, 0, 0, 0.23646636812449032, 0, 0, 0, 0, 0, 0, 0, 0), (0.0016626576184457752, 0.0006767219177472479, 0.06149937804507184, 0.06502539038278278, 0.008723329471708632, 0.00036176918093652755, 0.09555361251896813, 0.0001877124226694997, 0.023795695918608258, 0.0010160633509259717, 0.006963639137030152, 0.15058560986911712, 0.007775948452200233, 0.002349447614504129, 0.04066211490300797, 0.004528991295546424, 0.0350583482647871, 0.1363471521273121, 0.15948141288667683, 0.04244595986303425, 0.0001877124226694997, 0.005407888490294582, 0.01286900199539727, 0.0028964502514318494, 0.12745428142147208, 0, 0.0026078279567117203, 0.006523190206172563, 0.004816452941871073, 0.015588395748542892, 0.0001877124226694997, 0.24616505675524458, 0.027910215332363916, 0.03634284572901042, 0.03302877414247969, 0.015297775930101544, 0.006963639137030152, 0.0006767219177472479, 0.04746468216969184, 0), (0.0014191336441856193, 0.00057833776936193, 0.0487949406953985, 0, 0.005269516232494085, 0, 0, 0.0025061505903558393, 0, 0, 0, 0.1399942004868045, 0, 0.0030350376967938353, 0.03889315594457522, 0, 0.04302177187503205, 0, 0.14347226067529725, 0.04432065423178154, 0.0025061505903558393, 0.00668451772448856, 0, 0, 0.14431677453762248, 0, 0, 0, 0, 0, 0.00013175698573951195, 0.2149397901480957, 0, 0, 0.03857581598654605, 0.015678504950564255, 0.00402636741089939, 0, 0.05129937439493795, 0), (0, 0, 0, 0, 0, 0, 0, 0, 0, 0, 0, 0, 0, 0, 0, 0, 0, 0, 0, 0, 0, 0, 0, 0, 0, 0.045224567067496654, 0, 0, 0, 0, 0, 0, 0, 0, 0, 0, 0, 0, 0, 0)]}}
AdaptationManager: Configuring next round...
{'client_registry': {'enabled': True, 'params': {}}, 'client_selector': {'enabled': True, 'params': {'selection_strategy': 'Resource-Based', 'selection_criteria': 'CPU', 'selection_value': 2}}, 'client_cluster': {'enabled': False, 'params': {}}, 'message_compressor': {'enabled': False, 'params': {}}, 'model_co-versioning_registry': {'enabled': False, 'params': {}}, 'multi-task_model_trainer': {'enabled': False, 'params': {}}, 'heterogeneous_data_handler': {'enabled': True, 'params': {'enabled_clients': []}}}
{'client_selector': {'enabled': False}, 'client_cluster': {'enabled': False}, 'message_compressor': {'enabled': False}, 'model_co-versioning_registry': {'enabled': False}, 'multi-task_model_trainer': {'enabled': False}, 'heterogeneous_data_handler': {'enabled': True, 'params': {'enabled_clients': ['Client 1', 'Client 2', 'Client 3', 'Client 4', 'Client 5', 'Client 6', 'Client 7', 'Client 8', 'Client 9', 'Client 10', 'Client 11', 'Client 12', 'Client 13', 'Client 14', 'Client 15', 'Client 16', 'Client 17', 'Client 18', 'Client 19', 'Client 20', 'Client 21', 'Client 22', 'Client 23', 'Client 24', 'Client 25', 'Client 26', 'Client 27', 'Client 28', 'Client 29', 'Client 30', 'Client 31', 'Client 33', 'Client 34', 'Client 35', 'Client 36', 'Client 37', 'Client 38', 'Client 39', 'Client 40']}}, 'client_registry': {'enabled': True, 'params': {}}}
round 15, 30 high, 10 low, 0.0-iid clients, predicted best policy: client_selector de-activated ❌
Configuring client 1...
Client 1 done.
Configuring client 2...
Client 2 done.
Configuring client 3...
Client 3 done.
Configuring client 4...
Client 4 done.
Configuring client 5...
Client 5 done.
Configuring client 6...
Client 6 done.
Configuring client 7...
Client 7 done.
Configuring client 8...
Client 8 done.
Configuring client 9...
Client 9 done.
Configuring client 10...
Client 10 done.
Configuring client 11...
Client 11 done.
Configuring client 12...
Client 12 done.
Configuring client 13...
Client 13 done.
Configuring client 14...
Client 14 done.
Configuring client 15...
Client 15 done.
Configuring client 16...
Client 16 done.
Configuring client 17...
Client 17 done.
Configuring client 18...
Client 18 done.
Configuring client 19...
Client 19 done.
Configuring client 20...
Client 20 done.
Configuring client 21...
Client 21 done.
Configuring client 22...
Client 22 done.
Configuring client 23...
Client 23 done.
Configuring client 24...
Client 24 done.
Configuring client 25...
Client 25 done.
Configuring client 26...
Client 26 done.
Configuring client 27...
Client 27 done.
Configuring client 28...
Client 28 done.
Configuring client 29...
Client 29 done.
Configuring client 30...
Client 30 done.
Configuring client 31...
Client 31 done.
Configuring client 32...
Client 32 done.
Configuring client 33...
Client 33 done.
Configuring client 34...
Client 34 done.
Configuring client 35...
Client 35 done.
Configuring client 36...
Client 36 done.
Configuring client 37...
Client 37 done.
Configuring client 38...
Client 38 done.
Configuring client 39...
Client 39 done.
Configuring client 40...
Client 40 done.
heterogeneous_data_handler activated ✅ for clients: ['Client 1', 'Client 2', 'Client 3', 'Client 4', 'Client 5', 'Client 6', 'Client 7', 'Client 8', 'Client 9', 'Client 10', 'Client 11', 'Client 12', 'Client 13', 'Client 14', 'Client 15', 'Client 16', 'Client 17', 'Client 18', 'Client 19', 'Client 20', 'Client 21', 'Client 22', 'Client 23', 'Client 24', 'Client 25', 'Client 26', 'Client 27', 'Client 28', 'Client 29', 'Client 30', 'Client 31', 'Client 32', 'Client 33', 'Client 34', 'Client 35', 'Client 36', 'Client 37', 'Client 38', 'Client 39', 'Client 40']
Results Aggregated in 0.50 seconds.
{'prostate_logreg': {'train_loss': [0.50196045165575, 0.5410262663263224, 0.5479556574447922, 0.5506327694819018, 0.548674642513353, 0.5386819736366238, 0.5375252926066422, 0.5317521926026803, 0.5189982665972394, 0.525585335852152, 0.5077002510947163, 0.5231764823160094, 0.5187765141733014, 0.5108508268491827, 0.5128076147626747], 'train_accuracy': [0.8544303797468354, 0.7824933687002652, 0.7773972602739726, 0.7760736196319018, 0.7685749086479903, 0.7811120917917035, 0.7710583153347732, 0.7747747747747747, 0.790257104194858, 0.7807228915662651, 0.7892226990939437, 0.758016246259085, 0.7609717868338558, 0.7758992805755396, 0.7710561497326203], 'train_f1': [0.7614681907403426, 0.6476426035776106, 0.703222491723727, 0.7244836793836318, 0.7446661959934157, 0.7489273172782305, 0.7227091285487196, 0.7331948557236515, 0.7862888204986092, 0.7773005734822158, 0.7824002466143535, 0.7287233122983735, 0.7386758593209455, 0.7731501307798663, 0.7688849832027048], 'train_mae': [0.14556962025316456, 0.21750663129973474, 0.2226027397260274, 0.22392638036809817, 0.23142509135200975, 0.21888790820829657, 0.22894168466522677, 0.22522522522522523, 0.20974289580514208, 0.21927710843373494, 0.21077730090605626, 0.2419837537409149, 0.2390282131661442, 0.22410071942446044, 0.22894385026737968], 'val_loss': [0.6946436870739162, 0.6646617022959954, 0.6402687532791971, 0.6214927899844236, 0.607737331660556, 0.5969173509589594, 0.5857895968261642, 0.5768255165659109, 0.5710957460795785, 0.5660660457200579, 0.5616484874694094, 0.5560348181924885, 0.5520591881891366, 0.5496950648099684, 0.547655065272857], 'val_accuracy': [0.5699961845767124, 0.617437496472713, 0.6489559044982027, 0.6694078231736501, 0.6851389932706179, 0.6973218030334328, 0.7089211586477338, 0.7177436745255894, 0.7207578767550553, 0.724939118174827, 0.7284896187393676, 0.7352671627263879, 0.738248682718602, 0.7382959589774988, 0.7385065849357151], 'val_f1': [0.5610243003164092, 0.6149903913967318, 0.648228300757542, 0.6688579702083185, 0.6841293596472754, 0.6957590542360333, 0.7063534329067086, 0.7144612252906846, 0.7171971948761587, 0.7209513340031964, 0.7241219803514007, 0.7293613442248242, 0.7311926622562047, 0.7314598164846391, 0.731717139206663], 'val_mae': [0.4300038154232876, 0.38256250352728705, 0.3510440955017974, 0.33059217682634995, 0.3148610067293821, 0.30267819696656717, 0.2910788413522663, 0.2822563254744106, 0.27924212324494474, 0.275060881825173, 0.27151038126063237, 0.26473283727361213, 0.261751317281398, 0.26170404102250117, 0.2614934150642849], 'jsd': [(0, 0, 0, 0, 0, 0.0207208396239082, 0.31127812445913283, 0.31127812445913283, 0.31127812445913283, 0.11009182675183558, 0.31127812445913283, 0.31127812445913283, 0.31127812445913283, 0.0037024515418363386, 0.31127812445913283, 0.31127812445913283, 0.31127812445913283, 0.31127812445913283, 0.31127812445913283, 0.31127812445913283, 0.31127812445913283, 0.31127812445913283, 0.07310400793180982, 0.31127812445913283, 0.07310400793180982, 0.31127812445913283, 0.31127812445913283, 0.0037024515418363386, 0.31127812445913283, 0.31127812445913283, 0.31127812445913283, 0.0350583482647871, 0.31127812445913283, 0.31127812445913283, 0.31127812445913283, 0, 0, 0, 0, 0), (0.0207208396239082, 0.31127812445913283, 0.31127812445913283, 0.31127812445913283, 0.06548833004089114, 0.0014939931791539789, 0.31127812445913283, 0.07310400793180982, 0, 0.1711038312803313, 0.31127812445913283, 0, 0.007299156760473963, 0.009756534087137225, 0.31127812445913283, 0.31127812445913283, 0.31127812445913283, 0, 0.31127812445913283, 0.07310400793180982, 0.007299156760473963, 0.0037024515418363386, 0.015085156698935967, 0.31127812445913283, 0.31127812445913283, 0.31127812445913283, 0, 0.31127812445913283, 0.11009182675183558, 0.31127812445913283, 0.07310400793180982, 0.31127812445913283, 0.0487949406953985, 0.0207208396239082, 0.31127812445913283, 0.16395604408354778, 0.0350583482647871, 0.31127812445913283, 0.31127812445913283, 0.16395604408354778), (0, 0.16395604408354778, 0.31127812445913283, 0, 0, 0.18850340411986471, 0, 0.11009182675183558, 0, 0, 0, 0.1711038312803313, 0.042041899344894246, 0, 0, 0.31127812445913283, 0, 0, 0, 0, 0.31127812445913283, 0, 0, 0.31127812445913283, 0.31127812445913283, 0, 0.12425601093475921, 0.31127812445913283, 0.17750440524619315, 0, 0, 0.31127812445913283, 0.31127812445913283, 0, 0, 0, 0, 0, 0.31127812445913283, 0), (0, 0, 0, 0, 0, 0, 0.31127812445913283, 0.2087803925185126, 0, 0, 0, 0, 0, 0, 0, 0, 0.19326958066820893, 0, 0, 0, 0, 0, 0, 0, 0, 0, 0, 0, 0.2292798117148899, 0, 0, 0.0002145058924891757, 0, 0.2227619806994962, 0, 0, 0, 0, 0, 0), (0, 0, 0, 0, 0, 0, 0, 0.2227619806994962, 0, 0, 0, 0, 0, 0.01423921619075233, 0, 0, 0, 0, 0, 0, 0, 0, 0, 0, 0, 0, 0.009036677434107646, 0, 0, 0, 0, 0, 0.07310400793180982, 0.004167970681504568, 0, 0, 0, 0, 0, 0), (0, 0, 0.23305878051279882, 0, 0, 0, 0, 0, 0, 0, 0, 0, 0, 0, 0, 0, 0, 0, 0, 0, 0, 0, 0, 0, 0.31127812445913283, 0, 0, 0, 0.2087803925185126, 0, 0, 0.20534969973663775, 0, 0, 0.16395604408354778, 0, 0, 0, 0.0207208396239082, 0), (0.012033410127123681, 0.0037024515418363386, 0.24237412989240623, 0.01717496977609681, 0.016009512159686483, 0.0010689285835955437, 0.11385563424028564, 0.0022344421708708415, 0.07310400793180982, 0.04432065423178154, 0.04674406725931858, 0.09328462323031235, 0.0231107894081813, 0.0055031961632630196, 0.02276859998040022, 0.006019887358649001, 0.03857581598654605, 0.06149937804507184, 0.2149397901480957, 0.04066211490300797, 0.0207208396239082, 0.07529706740701966, 0, 0.00566775380589651, 0.15591489886228305, 0.05253690168806249, 0.011482406826014972, 0.00028867375520897666, 0.03857581598654605, 0.05400884513974839, 0.05400884513974839, 0.2227619806994962, 0.03221357089614439, 0.039737267151773975, 0.002830694750015385, 0.008003048984193635, 0.0017382218522886302, 0.0009214584011009545, 0.036145614849311655, 0.09587355378511578), (0, 0, 0, 0, 0, 0.0061446088533262735, 0.002830694750015385, 0.24844401300050659, 0, 0.014038937565777093, 0.0014939931791539789, 0.10372355040574062, 0.0037024515418363386, 0.07898885115561567, 0.0031619139529965624, 0.02711041372683346, 0.08697257500448134, 0.010396593705431272, 0.0010689285835955437, 0, 0.007299156760473963, 0.039737267151773975, 0.12931448059938455, 0.17276905508286108, 0.0350583482647871, 0.0037024515418363386, 0.0693557217943376, 0, 0, 0.05738732460549023, 0.0350583482647871, 0.0008589183281813573, 0.018135571823116266, 0.03600088831260688, 0, 0, 0, 0, 0, 0), (0, 0, 0, 0, 0, 0, 0, 0, 0, 0, 0, 0, 0, 0, 0, 0, 0, 0, 0, 0, 0, 0.031173613118524304, 0, 0, 0, 0, 0, 0, 4.2686232120132256e-05, 0, 0, 0, 0, 0, 0, 0, 0, 0, 0, 0), (0, 0, 0, 0, 0, 0, 0, 0, 0, 0, 0, 0, 0, 0, 0, 0, 0, 0, 0, 0, 0, 0, 0, 0, 0, 0, 0, 0, 0, 0, 0, 0, 0, 0, 0, 0, 0, 0, 0, 0), (0, 0, 0, 0, 0, 0, 0, 0, 0, 0, 0, 0, 0, 0, 0, 0, 0, 0, 0, 0, 0, 0, 0, 0, 0, 0, 0, 0, 0, 0, 0, 0.23646636812449032, 0, 0, 0, 0, 0, 0, 0, 0), (0.0016626576184457752, 0.0006767219177472479, 0.06149937804507184, 0.06502539038278278, 0.008723329471708632, 0.00036176918093652755, 0.09555361251896813, 0.0001877124226694997, 0.023795695918608258, 0.0010160633509259717, 0.006963639137030152, 0.15058560986911712, 0.007775948452200233, 0.002349447614504129, 0.04066211490300797, 0.004528991295546424, 0.0350583482647871, 0.1363471521273121, 0.15948141288667683, 0.04244595986303425, 0.0001877124226694997, 0.005407888490294582, 0.01286900199539727, 0.0028964502514318494, 0.12745428142147208, 0, 0.0026078279567117203, 0.006523190206172563, 0.004816452941871073, 0.015588395748542892, 0.0001877124226694997, 0.24616505675524458, 0.027910215332363916, 0.03634284572901042, 0.03302877414247969, 0.015297775930101544, 0.006963639137030152, 0.0006767219177472479, 0.04746468216969184, 0), (0.0014191336441856193, 0.00057833776936193, 0.0487949406953985, 0, 0.005269516232494085, 0, 0, 0.0025061505903558393, 0, 0, 0, 0.1399942004868045, 0, 0.0030350376967938353, 0.03889315594457522, 0, 0.04302177187503205, 0, 0.14347226067529725, 0.04432065423178154, 0.0025061505903558393, 0.00668451772448856, 0, 0, 0.14431677453762248, 0, 0, 0, 0, 0, 0.00013175698573951195, 0.2149397901480957, 0, 0, 0.03857581598654605, 0.015678504950564255, 0.00402636741089939, 0, 0.05129937439493795, 0), (0, 0, 0, 0, 0, 0, 0, 0, 0, 0, 0, 0, 0, 0, 0, 0, 0, 0, 0, 0, 0, 0, 0, 0, 0, 0.045224567067496654, 0, 0, 0, 0, 0, 0, 0, 0, 0, 0, 0, 0, 0, 0), (0, 0, 0, 0, 0, 0, 0, 0, 0, 0, 0, 0, 0, 0, 0, 0, 0, 0, 0, 0, 0, 0, 0, 0, 0, 0, 0, 0, 0, 0, 0, 0, 0, 0, 0, 0, 0, 0, 0, 0)]}}
AdaptationManager: Configuring next round...
{'client_registry': {'enabled': True, 'params': {}}, 'client_selector': {'enabled': True, 'params': {'selection_strategy': 'Resource-Based', 'selection_criteria': 'CPU', 'selection_value': 2}}, 'client_cluster': {'enabled': False, 'params': {}}, 'message_compressor': {'enabled': False, 'params': {}}, 'model_co-versioning_registry': {'enabled': False, 'params': {}}, 'multi-task_model_trainer': {'enabled': False, 'params': {}}, 'heterogeneous_data_handler': {'enabled': True, 'params': {'enabled_clients': []}}}
{'client_selector': {'enabled': False}, 'client_cluster': {'enabled': False}, 'message_compressor': {'enabled': False}, 'model_co-versioning_registry': {'enabled': False}, 'multi-task_model_trainer': {'enabled': False}, 'heterogeneous_data_handler': {'enabled': True, 'params': {'enabled_clients': ['Client 1', 'Client 2', 'Client 3', 'Client 4', 'Client 5', 'Client 6', 'Client 7', 'Client 8', 'Client 9', 'Client 10', 'Client 11', 'Client 12', 'Client 13', 'Client 14', 'Client 15', 'Client 16', 'Client 17', 'Client 18', 'Client 19', 'Client 20', 'Client 21', 'Client 22', 'Client 23', 'Client 24', 'Client 25', 'Client 26', 'Client 27', 'Client 28', 'Client 29', 'Client 30', 'Client 31', 'Client 32', 'Client 33', 'Client 34', 'Client 35', 'Client 36', 'Client 37', 'Client 38', 'Client 39', 'Client 40']}}, 'client_registry': {'enabled': True, 'params': {}}}
round 16, 30 high, 10 low, 0.0-iid clients, predicted best policy: client_selector activated ✅
Configuring client 1...
Client 1 done.
Configuring client 2...
Client 2 done.
Configuring client 3...
Client 3 done.
Configuring client 4...
Client 4 done.
Configuring client 5...
Client 5 done.
Configuring client 6...
Client 6 done.
Configuring client 7...
Client 7 done.
Configuring client 8...
Client 8 done.
Configuring client 9...
Client 9 done.
Configuring client 10...
Client 10 done.
Configuring client 11...
Client 11 done.
Configuring client 12...
Client 12 done.
Configuring client 13...
Client 13 done.
Configuring client 14...
Client 14 done.
Configuring client 15...
Client 15 done.
Configuring client 16...
Client 16 done.
Configuring client 17...
Client 17 done.
Configuring client 18...
Client 18 done.
Configuring client 19...
Client 19 done.
Configuring client 20...
Client 20 done.
Configuring client 21...
Client 21 done.
Configuring client 22...
Client 22 done.
Configuring client 23...
Client 23 done.
Configuring client 24...
Client 24 done.
Configuring client 25...
Client 25 done.
Configuring client 26...
Client 26 done.
Configuring client 27...
Client 27 done.
Configuring client 28...
Client 28 done.
Configuring client 29...
Client 29 done.
Configuring client 30...
Client 30 done.
Configuring client 31...
Client 31 done.
Configuring client 32...
Client 32 done.
Configuring client 33...
Client 33 done.
Configuring client 34...
Client 34 done.
Configuring client 35...
Client 35 done.
Configuring client 36...
Client 36 done.
Configuring client 37...
Client 37 done.
Configuring client 38...
Client 38 done.
Configuring client 39...
Client 39 done.
Configuring client 40...
Client 40 done.
heterogeneous_data_handler activated ✅ for clients: ['Client 1', 'Client 2', 'Client 3', 'Client 4', 'Client 5', 'Client 6', 'Client 7', 'Client 8', 'Client 9', 'Client 10', 'Client 11', 'Client 12', 'Client 13', 'Client 14', 'Client 15', 'Client 16', 'Client 17', 'Client 18', 'Client 19', 'Client 20', 'Client 21', 'Client 22', 'Client 23', 'Client 24', 'Client 25', 'Client 26', 'Client 27', 'Client 28', 'Client 29', 'Client 30', 'Client 31', 'Client 32', 'Client 33', 'Client 34', 'Client 35', 'Client 36', 'Client 37', 'Client 38', 'Client 39', 'Client 40']
Client Client 13 participates in this round. (CPU: 2, RAM: 2)
Client Client 6 participates in this round. (CPU: 2, RAM: 2)
Client Client 8 participates in this round. (CPU: 2, RAM: 2)
Client Client 27 participates in this round. (CPU: 2, RAM: 2)
Client Client 23 participates in this round. (CPU: 2, RAM: 2)
Client Client 2 participates in this round. (CPU: 2, RAM: 2)
Client Client 14 participates in this round. (CPU: 2, RAM: 2)
Client Client 17 participates in this round. (CPU: 2, RAM: 2)
Client Client 29 participates in this round. (CPU: 2, RAM: 2)
Client Client 9 participates in this round. (CPU: 2, RAM: 2)
Client Client 5 participates in this round. (CPU: 2, RAM: 2)
Client Client 16 participates in this round. (CPU: 2, RAM: 2)
Client Client 22 participates in this round. (CPU: 2, RAM: 2)
Client Client 25 participates in this round. (CPU: 2, RAM: 2)
Client Client 26 participates in this round. (CPU: 2, RAM: 2)
Client Client 1 participates in this round. (CPU: 2, RAM: 2)
Client Client 28 participates in this round. (CPU: 2, RAM: 2)
Client Client 11 participates in this round. (CPU: 2, RAM: 2)
Client Client 18 participates in this round. (CPU: 2, RAM: 2)
Client Client 19 participates in this round. (CPU: 2, RAM: 2)
Client Client 12 participates in this round. (CPU: 2, RAM: 2)
Client Client 21 participates in this round. (CPU: 2, RAM: 2)
Client Client 10 participates in this round. (CPU: 2, RAM: 2)
Client Client 33 has insufficient CPU (1). Will not participate in the next FL round.
Client Client 31 has insufficient CPU (1). Will not participate in the next FL round.
Client Client 35 has insufficient CPU (1). Will not participate in the next FL round.
Client Client 32 has insufficient CPU (1). Will not participate in the next FL round.
Client Client 39 has insufficient CPU (1). Will not participate in the next FL round.
Client Client 3 participates in this round. (CPU: 2, RAM: 2)
Client Client 24 participates in this round. (CPU: 2, RAM: 2)
Client Client 7 participates in this round. (CPU: 2, RAM: 2)
Client Client 20 participates in this round. (CPU: 2, RAM: 2)
Client Client 30 participates in this round. (CPU: 2, RAM: 2)
Client Client 15 participates in this round. (CPU: 2, RAM: 2)
Client Client 4 participates in this round. (CPU: 2, RAM: 2)
Client Client 37 has insufficient CPU (1). Will not participate in the next FL round.
Client Client 40 has insufficient CPU (1). Will not participate in the next FL round.
Client Client 38 has insufficient CPU (1). Will not participate in the next FL round.
Client Client 34 has insufficient CPU (1). Will not participate in the next FL round.
Client Client 36 has insufficient CPU (1). Will not participate in the next FL round.
Results Aggregated in 0.44 seconds.
{'prostate_logreg': {'train_loss': [0.50196045165575, 0.5410262663263224, 0.5479556574447922, 0.5506327694819018, 0.548674642513353, 0.5386819736366238, 0.5375252926066422, 0.5317521926026803, 0.5189982665972394, 0.525585335852152, 0.5077002510947163, 0.5231764823160094, 0.5187765141733014, 0.5108508268491827, 0.5128076147626747, 0.5157816389176263], 'train_accuracy': [0.8544303797468354, 0.7824933687002652, 0.7773972602739726, 0.7760736196319018, 0.7685749086479903, 0.7811120917917035, 0.7710583153347732, 0.7747747747747747, 0.790257104194858, 0.7807228915662651, 0.7892226990939437, 0.758016246259085, 0.7609717868338558, 0.7758992805755396, 0.7710561497326203, 0.7668665667166417], 'train_f1': [0.7614681907403426, 0.6476426035776106, 0.703222491723727, 0.7244836793836318, 0.7446661959934157, 0.7489273172782305, 0.7227091285487196, 0.7331948557236515, 0.7862888204986092, 0.7773005734822158, 0.7824002466143535, 0.7287233122983735, 0.7386758593209455, 0.7731501307798663, 0.7688849832027048, 0.7648653844367315], 'train_mae': [0.14556962025316456, 0.21750663129973474, 0.2226027397260274, 0.22392638036809817, 0.23142509135200975, 0.21888790820829657, 0.22894168466522677, 0.22522522522522523, 0.20974289580514208, 0.21927710843373494, 0.21077730090605626, 0.2419837537409149, 0.2390282131661442, 0.22410071942446044, 0.22894385026737968, 0.2331334332833583], 'val_loss': [0.6946436870739162, 0.6646617022959954, 0.6402687532791971, 0.6214927899844236, 0.607737331660556, 0.5969173509589594, 0.5857895968261642, 0.5768255165659109, 0.5710957460795785, 0.5660660457200579, 0.5616484874694094, 0.5560348181924885, 0.5520591881891366, 0.5496950648099684, 0.547655065272857, 0.544668985645586], 'val_accuracy': [0.5699961845767124, 0.617437496472713, 0.6489559044982027, 0.6694078231736501, 0.6851389932706179, 0.6973218030334328, 0.7089211586477338, 0.7177436745255894, 0.7207578767550553, 0.724939118174827, 0.7284896187393676, 0.7352671627263879, 0.738248682718602, 0.7382959589774988, 0.7385065849357151, 0.7410330738885876], 'val_f1': [0.5610243003164092, 0.6149903913967318, 0.648228300757542, 0.6688579702083185, 0.6841293596472754, 0.6957590542360333, 0.7063534329067086, 0.7144612252906846, 0.7171971948761587, 0.7209513340031964, 0.7241219803514007, 0.7293613442248242, 0.7311926622562047, 0.7314598164846391, 0.731717139206663, 0.7340938003077383], 'val_mae': [0.4300038154232876, 0.38256250352728705, 0.3510440955017974, 0.33059217682634995, 0.3148610067293821, 0.30267819696656717, 0.2910788413522663, 0.2822563254744106, 0.27924212324494474, 0.275060881825173, 0.27151038126063237, 0.26473283727361213, 0.261751317281398, 0.26170404102250117, 0.2614934150642849, 0.25896692611141237], 'jsd': [(0, 0, 0, 0, 0, 0.0207208396239082, 0.31127812445913283, 0.31127812445913283, 0.31127812445913283, 0.11009182675183558, 0.31127812445913283, 0.31127812445913283, 0.31127812445913283, 0.0037024515418363386, 0.31127812445913283, 0.31127812445913283, 0.31127812445913283, 0.31127812445913283, 0.31127812445913283, 0.31127812445913283, 0.31127812445913283, 0.31127812445913283, 0.07310400793180982, 0.31127812445913283, 0.07310400793180982, 0.31127812445913283, 0.31127812445913283, 0.0037024515418363386, 0.31127812445913283, 0.31127812445913283, 0.31127812445913283, 0.0350583482647871, 0.31127812445913283, 0.31127812445913283, 0.31127812445913283, 0, 0, 0, 0, 0), (0.0207208396239082, 0.31127812445913283, 0.31127812445913283, 0.31127812445913283, 0.06548833004089114, 0.0014939931791539789, 0.31127812445913283, 0.07310400793180982, 0, 0.1711038312803313, 0.31127812445913283, 0, 0.007299156760473963, 0.009756534087137225, 0.31127812445913283, 0.31127812445913283, 0.31127812445913283, 0, 0.31127812445913283, 0.07310400793180982, 0.007299156760473963, 0.0037024515418363386, 0.015085156698935967, 0.31127812445913283, 0.31127812445913283, 0.31127812445913283, 0, 0.31127812445913283, 0.11009182675183558, 0.31127812445913283, 0.07310400793180982, 0.31127812445913283, 0.0487949406953985, 0.0207208396239082, 0.31127812445913283, 0.16395604408354778, 0.0350583482647871, 0.31127812445913283, 0.31127812445913283, 0.16395604408354778), (0, 0.16395604408354778, 0.31127812445913283, 0, 0, 0.18850340411986471, 0, 0.11009182675183558, 0, 0, 0, 0.1711038312803313, 0.042041899344894246, 0, 0, 0.31127812445913283, 0, 0, 0, 0, 0.31127812445913283, 0, 0, 0.31127812445913283, 0.31127812445913283, 0, 0.12425601093475921, 0.31127812445913283, 0.17750440524619315, 0, 0, 0.31127812445913283, 0.31127812445913283, 0, 0, 0, 0, 0, 0.31127812445913283, 0), (0, 0, 0, 0, 0, 0, 0.31127812445913283, 0.2087803925185126, 0, 0, 0, 0, 0, 0, 0, 0, 0.19326958066820893, 0, 0, 0, 0, 0, 0, 0, 0, 0, 0, 0, 0.2292798117148899, 0, 0, 0.0002145058924891757, 0, 0.2227619806994962, 0, 0, 0, 0, 0, 0), (0, 0, 0, 0, 0, 0, 0, 0.2227619806994962, 0, 0, 0, 0, 0, 0.01423921619075233, 0, 0, 0, 0, 0, 0, 0, 0, 0, 0, 0, 0, 0.009036677434107646, 0, 0, 0, 0, 0, 0.07310400793180982, 0.004167970681504568, 0, 0, 0, 0, 0, 0), (0, 0, 0.23305878051279882, 0, 0, 0, 0, 0, 0, 0, 0, 0, 0, 0, 0, 0, 0, 0, 0, 0, 0, 0, 0, 0, 0.31127812445913283, 0, 0, 0, 0.2087803925185126, 0, 0, 0.20534969973663775, 0, 0, 0.16395604408354778, 0, 0, 0, 0.0207208396239082, 0), (0.012033410127123681, 0.0037024515418363386, 0.24237412989240623, 0.01717496977609681, 0.016009512159686483, 0.0010689285835955437, 0.11385563424028564, 0.0022344421708708415, 0.07310400793180982, 0.04432065423178154, 0.04674406725931858, 0.09328462323031235, 0.0231107894081813, 0.0055031961632630196, 0.02276859998040022, 0.006019887358649001, 0.03857581598654605, 0.06149937804507184, 0.2149397901480957, 0.04066211490300797, 0.0207208396239082, 0.07529706740701966, 0, 0.00566775380589651, 0.15591489886228305, 0.05253690168806249, 0.011482406826014972, 0.00028867375520897666, 0.03857581598654605, 0.05400884513974839, 0.05400884513974839, 0.2227619806994962, 0.03221357089614439, 0.039737267151773975, 0.002830694750015385, 0.008003048984193635, 0.0017382218522886302, 0.0009214584011009545, 0.036145614849311655, 0.09587355378511578), (0, 0, 0, 0, 0, 0.0061446088533262735, 0.002830694750015385, 0.24844401300050659, 0, 0.014038937565777093, 0.0014939931791539789, 0.10372355040574062, 0.0037024515418363386, 0.07898885115561567, 0.0031619139529965624, 0.02711041372683346, 0.08697257500448134, 0.010396593705431272, 0.0010689285835955437, 0, 0.007299156760473963, 0.039737267151773975, 0.12931448059938455, 0.17276905508286108, 0.0350583482647871, 0.0037024515418363386, 0.0693557217943376, 0, 0, 0.05738732460549023, 0.0350583482647871, 0.0008589183281813573, 0.018135571823116266, 0.03600088831260688, 0, 0, 0, 0, 0, 0), (0, 0, 0, 0, 0, 0, 0, 0, 0, 0, 0, 0, 0, 0, 0, 0, 0, 0, 0, 0, 0, 0.031173613118524304, 0, 0, 0, 0, 0, 0, 4.2686232120132256e-05, 0, 0, 0, 0, 0, 0, 0, 0, 0, 0, 0), (0, 0, 0, 0, 0, 0, 0, 0, 0, 0, 0, 0, 0, 0, 0, 0, 0, 0, 0, 0, 0, 0, 0, 0, 0, 0, 0, 0, 0, 0, 0, 0, 0, 0, 0, 0, 0, 0, 0, 0), (0, 0, 0, 0, 0, 0, 0, 0, 0, 0, 0, 0, 0, 0, 0, 0, 0, 0, 0, 0, 0, 0, 0, 0, 0, 0, 0, 0, 0, 0, 0, 0.23646636812449032, 0, 0, 0, 0, 0, 0, 0, 0), (0.0016626576184457752, 0.0006767219177472479, 0.06149937804507184, 0.06502539038278278, 0.008723329471708632, 0.00036176918093652755, 0.09555361251896813, 0.0001877124226694997, 0.023795695918608258, 0.0010160633509259717, 0.006963639137030152, 0.15058560986911712, 0.007775948452200233, 0.002349447614504129, 0.04066211490300797, 0.004528991295546424, 0.0350583482647871, 0.1363471521273121, 0.15948141288667683, 0.04244595986303425, 0.0001877124226694997, 0.005407888490294582, 0.01286900199539727, 0.0028964502514318494, 0.12745428142147208, 0, 0.0026078279567117203, 0.006523190206172563, 0.004816452941871073, 0.015588395748542892, 0.0001877124226694997, 0.24616505675524458, 0.027910215332363916, 0.03634284572901042, 0.03302877414247969, 0.015297775930101544, 0.006963639137030152, 0.0006767219177472479, 0.04746468216969184, 0), (0.0014191336441856193, 0.00057833776936193, 0.0487949406953985, 0, 0.005269516232494085, 0, 0, 0.0025061505903558393, 0, 0, 0, 0.1399942004868045, 0, 0.0030350376967938353, 0.03889315594457522, 0, 0.04302177187503205, 0, 0.14347226067529725, 0.04432065423178154, 0.0025061505903558393, 0.00668451772448856, 0, 0, 0.14431677453762248, 0, 0, 0, 0, 0, 0.00013175698573951195, 0.2149397901480957, 0, 0, 0.03857581598654605, 0.015678504950564255, 0.00402636741089939, 0, 0.05129937439493795, 0), (0, 0, 0, 0, 0, 0, 0, 0, 0, 0, 0, 0, 0, 0, 0, 0, 0, 0, 0, 0, 0, 0, 0, 0, 0, 0.045224567067496654, 0, 0, 0, 0, 0, 0, 0, 0, 0, 0, 0, 0, 0, 0), (0, 0, 0, 0, 0, 0, 0, 0, 0, 0, 0, 0, 0, 0, 0, 0, 0, 0, 0, 0, 0, 0, 0, 0, 0, 0, 0, 0, 0, 0, 0, 0, 0, 0, 0, 0, 0, 0, 0, 0), (0, 0, 0, 0, 0, 0, 0, 0, 0, 0, 0, 0, 0, 0, 0, 0, 0, 0, 0, 0, 0, 0, 0, 0, 0, 0, 0, 0, 0, 0, 0, 0, 0, 0, 0, 0, 0, 0, 0, 0)]}}
AdaptationManager: Configuring next round...
{'client_registry': {'enabled': True, 'params': {}}, 'client_selector': {'enabled': True, 'params': {'selection_strategy': 'Resource-Based', 'selection_criteria': 'CPU', 'selection_value': 2}}, 'client_cluster': {'enabled': False, 'params': {}}, 'message_compressor': {'enabled': False, 'params': {}}, 'model_co-versioning_registry': {'enabled': False, 'params': {}}, 'multi-task_model_trainer': {'enabled': False, 'params': {}}, 'heterogeneous_data_handler': {'enabled': True, 'params': {'enabled_clients': []}}}
{'client_selector': {'enabled': True}, 'client_cluster': {'enabled': False}, 'message_compressor': {'enabled': False}, 'model_co-versioning_registry': {'enabled': False}, 'multi-task_model_trainer': {'enabled': False}, 'heterogeneous_data_handler': {'enabled': True, 'params': {'enabled_clients': ['Client 1', 'Client 2', 'Client 3', 'Client 4', 'Client 5', 'Client 6', 'Client 7', 'Client 8', 'Client 9', 'Client 10', 'Client 11', 'Client 12', 'Client 13', 'Client 14', 'Client 15', 'Client 16', 'Client 17', 'Client 18', 'Client 19', 'Client 20', 'Client 21', 'Client 22', 'Client 23', 'Client 24', 'Client 25', 'Client 26', 'Client 27', 'Client 28', 'Client 29', 'Client 30', 'Client 31', 'Client 32', 'Client 33', 'Client 34', 'Client 35', 'Client 36', 'Client 37', 'Client 38', 'Client 39', 'Client 40']}}, 'client_registry': {'enabled': True, 'params': {}}}
round 17, 30 high, 10 low, 0.0-iid clients, predicted best policy: client_selector activated ✅
Configuring client 1...
Client 1 done.
Configuring client 2...
Client 2 done.
Configuring client 3...
Client 3 done.
Configuring client 4...
Client 4 done.
Configuring client 5...
Client 5 done.
Configuring client 6...
Client 6 done.
Configuring client 7...
Client 7 done.
Configuring client 8...
Client 8 done.
Configuring client 9...
Client 9 done.
Configuring client 10...
Client 10 done.
Configuring client 11...
Client 11 done.
Configuring client 12...
Client 12 done.
Configuring client 13...
Client 13 done.
Configuring client 14...
Client 14 done.
Configuring client 15...
Client 15 done.
Configuring client 16...
Client 16 done.
Configuring client 17...
Client 17 done.
Configuring client 18...
Client 18 done.
Configuring client 19...
Client 19 done.
Configuring client 20...
Client 20 done.
Configuring client 21...
Client 21 done.
Configuring client 22...
Client 22 done.
Configuring client 23...
Client 23 done.
Configuring client 24...
Client 24 done.
Configuring client 25...
Client 25 done.
Configuring client 26...
Client 26 done.
Configuring client 27...
Client 27 done.
Configuring client 28...
Client 28 done.
Configuring client 29...
Client 29 done.
Configuring client 30...
Client 30 done.
Configuring client 31...
Client 31 done.
Configuring client 32...
Client 32 done.
Configuring client 33...
Client 33 done.
Configuring client 34...
Client 34 done.
Configuring client 35...
Client 35 done.
Configuring client 36...
Client 36 done.
Configuring client 37...
Client 37 done.
Configuring client 38...
Client 38 done.
Configuring client 39...
Client 39 done.
Configuring client 40...
Client 40 done.
heterogeneous_data_handler activated ✅ for clients: ['Client 1', 'Client 2', 'Client 3', 'Client 4', 'Client 5', 'Client 6', 'Client 7', 'Client 8', 'Client 9', 'Client 10', 'Client 11', 'Client 12', 'Client 13', 'Client 14', 'Client 15', 'Client 16', 'Client 17', 'Client 18', 'Client 19', 'Client 20', 'Client 21', 'Client 22', 'Client 23', 'Client 24', 'Client 25', 'Client 26', 'Client 27', 'Client 28', 'Client 29', 'Client 30', 'Client 31', 'Client 32', 'Client 33', 'Client 34', 'Client 35', 'Client 36', 'Client 37', 'Client 38', 'Client 39', 'Client 40']
Client Client 23 participates in this round. (CPU: 2, RAM: 2)
Client Client 7 participates in this round. (CPU: 2, RAM: 2)
Client Client 6 participates in this round. (CPU: 2, RAM: 2)
Client Client 21 participates in this round. (CPU: 2, RAM: 2)
Client Client 27 participates in this round. (CPU: 2, RAM: 2)
Client Client 20 participates in this round. (CPU: 2, RAM: 2)
Client Client 9 participates in this round. (CPU: 2, RAM: 2)
Client Client 29 participates in this round. (CPU: 2, RAM: 2)
Client Client 22 participates in this round. (CPU: 2, RAM: 2)
Client Client 1 participates in this round. (CPU: 2, RAM: 2)
Client Client 24 participates in this round. (CPU: 2, RAM: 2)
Client Client 11 participates in this round. (CPU: 2, RAM: 2)
Client Client 5 participates in this round. (CPU: 2, RAM: 2)
Client Client 28 participates in this round. (CPU: 2, RAM: 2)
Client Client 14 participates in this round. (CPU: 2, RAM: 2)
Client Client 18 participates in this round. (CPU: 2, RAM: 2)
Client Client 3 participates in this round. (CPU: 2, RAM: 2)
Client Client 4 participates in this round. (CPU: 2, RAM: 2)
Client Client 10 participates in this round. (CPU: 2, RAM: 2)
Client Client 19 participates in this round. (CPU: 2, RAM: 2)
Client Client 25 participates in this round. (CPU: 2, RAM: 2)
Client Client 2 participates in this round. (CPU: 2, RAM: 2)
Client Client 26 participates in this round. (CPU: 2, RAM: 2)
Client Client 15 participates in this round. (CPU: 2, RAM: 2)
Client Client 35 has insufficient CPU (1). Will not participate in the next FL round.
Client Client 31 has insufficient CPU (1). Will not participate in the next FL round.
Client Client 33 has insufficient CPU (1). Will not participate in the next FL round.
Client Client 32 has insufficient CPU (1). Will not participate in the next FL round.
Client Client 36 has insufficient CPU (1). Will not participate in the next FL round.
Client Client 34 has insufficient CPU (1). Will not participate in the next FL round.
Client Client 38 has insufficient CPU (1). Will not participate in the next FL round.
Client Client 17 participates in this round. (CPU: 2, RAM: 2)
Client Client 8 participates in this round. (CPU: 2, RAM: 2)
Client Client 16 participates in this round. (CPU: 2, RAM: 2)
Client Client 30 participates in this round. (CPU: 2, RAM: 2)
Client Client 13 participates in this round. (CPU: 2, RAM: 2)
Client Client 12 participates in this round. (CPU: 2, RAM: 2)
Client Client 39 has insufficient CPU (1). Will not participate in the next FL round.
Client Client 37 has insufficient CPU (1). Will not participate in the next FL round.
Client Client 40 has insufficient CPU (1). Will not participate in the next FL round.
Results Aggregated in 0.57 seconds.
{'prostate_logreg': {'train_loss': [0.50196045165575, 0.5410262663263224, 0.5479556574447922, 0.5506327694819018, 0.548674642513353, 0.5386819736366238, 0.5375252926066422, 0.5317521926026803, 0.5189982665972394, 0.525585335852152, 0.5077002510947163, 0.5231764823160094, 0.5187765141733014, 0.5108508268491827, 0.5128076147626747, 0.5157816389176263, 0.5167638388337007], 'train_accuracy': [0.8544303797468354, 0.7824933687002652, 0.7773972602739726, 0.7760736196319018, 0.7685749086479903, 0.7811120917917035, 0.7710583153347732, 0.7747747747747747, 0.790257104194858, 0.7807228915662651, 0.7892226990939437, 0.758016246259085, 0.7609717868338558, 0.7758992805755396, 0.7710561497326203, 0.7668665667166417, 0.7674418604651163], 'train_f1': [0.7614681907403426, 0.6476426035776106, 0.703222491723727, 0.7244836793836318, 0.7446661959934157, 0.7489273172782305, 0.7227091285487196, 0.7331948557236515, 0.7862888204986092, 0.7773005734822158, 0.7824002466143535, 0.7287233122983735, 0.7386758593209455, 0.7731501307798663, 0.7688849832027048, 0.7648653844367315, 0.765542640237831], 'train_mae': [0.14556962025316456, 0.21750663129973474, 0.2226027397260274, 0.22392638036809817, 0.23142509135200975, 0.21888790820829657, 0.22894168466522677, 0.22522522522522523, 0.20974289580514208, 0.21927710843373494, 0.21077730090605626, 0.2419837537409149, 0.2390282131661442, 0.22410071942446044, 0.22894385026737968, 0.2331334332833583, 0.23255813953488372], 'val_loss': [0.6946436870739162, 0.6646617022959954, 0.6402687532791971, 0.6214927899844236, 0.607737331660556, 0.5969173509589594, 0.5857895968261642, 0.5768255165659109, 0.5710957460795785, 0.5660660457200579, 0.5616484874694094, 0.5560348181924885, 0.5520591881891366, 0.5496950648099684, 0.547655065272857, 0.544668985645586, 0.5429443265333367], 'val_accuracy': [0.5699961845767124, 0.617437496472713, 0.6489559044982027, 0.6694078231736501, 0.6851389932706179, 0.6973218030334328, 0.7089211586477338, 0.7177436745255894, 0.7207578767550553, 0.724939118174827, 0.7284896187393676, 0.7352671627263879, 0.738248682718602, 0.7382959589774988, 0.7385065849357151, 0.7410330738885876, 0.7413053094027858], 'val_f1': [0.5610243003164092, 0.6149903913967318, 0.648228300757542, 0.6688579702083185, 0.6841293596472754, 0.6957590542360333, 0.7063534329067086, 0.7144612252906846, 0.7171971948761587, 0.7209513340031964, 0.7241219803514007, 0.7293613442248242, 0.7311926622562047, 0.7314598164846391, 0.731717139206663, 0.7340938003077383, 0.7344094932126717], 'val_mae': [0.4300038154232876, 0.38256250352728705, 0.3510440955017974, 0.33059217682634995, 0.3148610067293821, 0.30267819696656717, 0.2910788413522663, 0.2822563254744106, 0.27924212324494474, 0.275060881825173, 0.27151038126063237, 0.26473283727361213, 0.261751317281398, 0.26170404102250117, 0.2614934150642849, 0.25896692611141237, 0.2586946905972141], 'jsd': [(0, 0, 0, 0, 0, 0.0207208396239082, 0.31127812445913283, 0.31127812445913283, 0.31127812445913283, 0.11009182675183558, 0.31127812445913283, 0.31127812445913283, 0.31127812445913283, 0.0037024515418363386, 0.31127812445913283, 0.31127812445913283, 0.31127812445913283, 0.31127812445913283, 0.31127812445913283, 0.31127812445913283, 0.31127812445913283, 0.31127812445913283, 0.07310400793180982, 0.31127812445913283, 0.07310400793180982, 0.31127812445913283, 0.31127812445913283, 0.0037024515418363386, 0.31127812445913283, 0.31127812445913283, 0.31127812445913283, 0.0350583482647871, 0.31127812445913283, 0.31127812445913283, 0.31127812445913283, 0, 0, 0, 0, 0), (0.0207208396239082, 0.31127812445913283, 0.31127812445913283, 0.31127812445913283, 0.06548833004089114, 0.0014939931791539789, 0.31127812445913283, 0.07310400793180982, 0, 0.1711038312803313, 0.31127812445913283, 0, 0.007299156760473963, 0.009756534087137225, 0.31127812445913283, 0.31127812445913283, 0.31127812445913283, 0, 0.31127812445913283, 0.07310400793180982, 0.007299156760473963, 0.0037024515418363386, 0.015085156698935967, 0.31127812445913283, 0.31127812445913283, 0.31127812445913283, 0, 0.31127812445913283, 0.11009182675183558, 0.31127812445913283, 0.07310400793180982, 0.31127812445913283, 0.0487949406953985, 0.0207208396239082, 0.31127812445913283, 0.16395604408354778, 0.0350583482647871, 0.31127812445913283, 0.31127812445913283, 0.16395604408354778), (0, 0.16395604408354778, 0.31127812445913283, 0, 0, 0.18850340411986471, 0, 0.11009182675183558, 0, 0, 0, 0.1711038312803313, 0.042041899344894246, 0, 0, 0.31127812445913283, 0, 0, 0, 0, 0.31127812445913283, 0, 0, 0.31127812445913283, 0.31127812445913283, 0, 0.12425601093475921, 0.31127812445913283, 0.17750440524619315, 0, 0, 0.31127812445913283, 0.31127812445913283, 0, 0, 0, 0, 0, 0.31127812445913283, 0), (0, 0, 0, 0, 0, 0, 0.31127812445913283, 0.2087803925185126, 0, 0, 0, 0, 0, 0, 0, 0, 0.19326958066820893, 0, 0, 0, 0, 0, 0, 0, 0, 0, 0, 0, 0.2292798117148899, 0, 0, 0.0002145058924891757, 0, 0.2227619806994962, 0, 0, 0, 0, 0, 0), (0, 0, 0, 0, 0, 0, 0, 0.2227619806994962, 0, 0, 0, 0, 0, 0.01423921619075233, 0, 0, 0, 0, 0, 0, 0, 0, 0, 0, 0, 0, 0.009036677434107646, 0, 0, 0, 0, 0, 0.07310400793180982, 0.004167970681504568, 0, 0, 0, 0, 0, 0), (0, 0, 0.23305878051279882, 0, 0, 0, 0, 0, 0, 0, 0, 0, 0, 0, 0, 0, 0, 0, 0, 0, 0, 0, 0, 0, 0.31127812445913283, 0, 0, 0, 0.2087803925185126, 0, 0, 0.20534969973663775, 0, 0, 0.16395604408354778, 0, 0, 0, 0.0207208396239082, 0), (0.012033410127123681, 0.0037024515418363386, 0.24237412989240623, 0.01717496977609681, 0.016009512159686483, 0.0010689285835955437, 0.11385563424028564, 0.0022344421708708415, 0.07310400793180982, 0.04432065423178154, 0.04674406725931858, 0.09328462323031235, 0.0231107894081813, 0.0055031961632630196, 0.02276859998040022, 0.006019887358649001, 0.03857581598654605, 0.06149937804507184, 0.2149397901480957, 0.04066211490300797, 0.0207208396239082, 0.07529706740701966, 0, 0.00566775380589651, 0.15591489886228305, 0.05253690168806249, 0.011482406826014972, 0.00028867375520897666, 0.03857581598654605, 0.05400884513974839, 0.05400884513974839, 0.2227619806994962, 0.03221357089614439, 0.039737267151773975, 0.002830694750015385, 0.008003048984193635, 0.0017382218522886302, 0.0009214584011009545, 0.036145614849311655, 0.09587355378511578), (0, 0, 0, 0, 0, 0.0061446088533262735, 0.002830694750015385, 0.24844401300050659, 0, 0.014038937565777093, 0.0014939931791539789, 0.10372355040574062, 0.0037024515418363386, 0.07898885115561567, 0.0031619139529965624, 0.02711041372683346, 0.08697257500448134, 0.010396593705431272, 0.0010689285835955437, 0, 0.007299156760473963, 0.039737267151773975, 0.12931448059938455, 0.17276905508286108, 0.0350583482647871, 0.0037024515418363386, 0.0693557217943376, 0, 0, 0.05738732460549023, 0.0350583482647871, 0.0008589183281813573, 0.018135571823116266, 0.03600088831260688, 0, 0, 0, 0, 0, 0), (0, 0, 0, 0, 0, 0, 0, 0, 0, 0, 0, 0, 0, 0, 0, 0, 0, 0, 0, 0, 0, 0.031173613118524304, 0, 0, 0, 0, 0, 0, 4.2686232120132256e-05, 0, 0, 0, 0, 0, 0, 0, 0, 0, 0, 0), (0, 0, 0, 0, 0, 0, 0, 0, 0, 0, 0, 0, 0, 0, 0, 0, 0, 0, 0, 0, 0, 0, 0, 0, 0, 0, 0, 0, 0, 0, 0, 0, 0, 0, 0, 0, 0, 0, 0, 0), (0, 0, 0, 0, 0, 0, 0, 0, 0, 0, 0, 0, 0, 0, 0, 0, 0, 0, 0, 0, 0, 0, 0, 0, 0, 0, 0, 0, 0, 0, 0, 0.23646636812449032, 0, 0, 0, 0, 0, 0, 0, 0), (0.0016626576184457752, 0.0006767219177472479, 0.06149937804507184, 0.06502539038278278, 0.008723329471708632, 0.00036176918093652755, 0.09555361251896813, 0.0001877124226694997, 0.023795695918608258, 0.0010160633509259717, 0.006963639137030152, 0.15058560986911712, 0.007775948452200233, 0.002349447614504129, 0.04066211490300797, 0.004528991295546424, 0.0350583482647871, 0.1363471521273121, 0.15948141288667683, 0.04244595986303425, 0.0001877124226694997, 0.005407888490294582, 0.01286900199539727, 0.0028964502514318494, 0.12745428142147208, 0, 0.0026078279567117203, 0.006523190206172563, 0.004816452941871073, 0.015588395748542892, 0.0001877124226694997, 0.24616505675524458, 0.027910215332363916, 0.03634284572901042, 0.03302877414247969, 0.015297775930101544, 0.006963639137030152, 0.0006767219177472479, 0.04746468216969184, 0), (0.0014191336441856193, 0.00057833776936193, 0.0487949406953985, 0, 0.005269516232494085, 0, 0, 0.0025061505903558393, 0, 0, 0, 0.1399942004868045, 0, 0.0030350376967938353, 0.03889315594457522, 0, 0.04302177187503205, 0, 0.14347226067529725, 0.04432065423178154, 0.0025061505903558393, 0.00668451772448856, 0, 0, 0.14431677453762248, 0, 0, 0, 0, 0, 0.00013175698573951195, 0.2149397901480957, 0, 0, 0.03857581598654605, 0.015678504950564255, 0.00402636741089939, 0, 0.05129937439493795, 0), (0, 0, 0, 0, 0, 0, 0, 0, 0, 0, 0, 0, 0, 0, 0, 0, 0, 0, 0, 0, 0, 0, 0, 0, 0, 0.045224567067496654, 0, 0, 0, 0, 0, 0, 0, 0, 0, 0, 0, 0, 0, 0), (0, 0, 0, 0, 0, 0, 0, 0, 0, 0, 0, 0, 0, 0, 0, 0, 0, 0, 0, 0, 0, 0, 0, 0, 0, 0, 0, 0, 0, 0, 0, 0, 0, 0, 0, 0, 0, 0, 0, 0), (0, 0, 0, 0, 0, 0, 0, 0, 0, 0, 0, 0, 0, 0, 0, 0, 0, 0, 0, 0, 0, 0, 0, 0, 0, 0, 0, 0, 0, 0, 0, 0, 0, 0, 0, 0, 0, 0, 0, 0), (0, 0, 0, 0, 0, 0, 0, 0, 0, 0, 0, 0, 0, 0, 0, 0, 0, 0, 0, 0, 0, 0, 0, 0, 0, 0, 0, 0, 0, 0, 0, 0, 0, 0, 0, 0, 0, 0, 0, 0)]}}
AdaptationManager: Configuring next round...
{'client_registry': {'enabled': True, 'params': {}}, 'client_selector': {'enabled': True, 'params': {'selection_strategy': 'Resource-Based', 'selection_criteria': 'CPU', 'selection_value': 2}}, 'client_cluster': {'enabled': False, 'params': {}}, 'message_compressor': {'enabled': False, 'params': {}}, 'model_co-versioning_registry': {'enabled': False, 'params': {}}, 'multi-task_model_trainer': {'enabled': False, 'params': {}}, 'heterogeneous_data_handler': {'enabled': True, 'params': {'enabled_clients': []}}}
{'client_selector': {'enabled': True}, 'client_cluster': {'enabled': False}, 'message_compressor': {'enabled': False}, 'model_co-versioning_registry': {'enabled': False}, 'multi-task_model_trainer': {'enabled': False}, 'heterogeneous_data_handler': {'enabled': True, 'params': {'enabled_clients': ['Client 1', 'Client 2', 'Client 3', 'Client 4', 'Client 5', 'Client 6', 'Client 7', 'Client 8', 'Client 9', 'Client 10', 'Client 11', 'Client 12', 'Client 13', 'Client 14', 'Client 15', 'Client 16', 'Client 17', 'Client 18', 'Client 19', 'Client 20', 'Client 21', 'Client 22', 'Client 23', 'Client 24', 'Client 25', 'Client 26', 'Client 27', 'Client 28', 'Client 29', 'Client 30', 'Client 31', 'Client 32', 'Client 33', 'Client 34', 'Client 35', 'Client 36', 'Client 37', 'Client 38', 'Client 39', 'Client 40']}}, 'client_registry': {'enabled': True, 'params': {}}}
round 18, 30 high, 10 low, 0.0-iid clients, predicted best policy: client_selector activated ✅
Configuring client 1...
Client 1 done.
Configuring client 2...
Client 2 done.
Configuring client 3...
Client 3 done.
Configuring client 4...
Client 4 done.
Configuring client 5...
Client 5 done.
Configuring client 6...
Client 6 done.
Configuring client 7...
Client 7 done.
Configuring client 8...
Client 8 done.
Configuring client 9...
Client 9 done.
Configuring client 10...
Client 10 done.
Configuring client 11...
Client 11 done.
Configuring client 12...
Client 12 done.
Configuring client 13...
Client 13 done.
Configuring client 14...
Client 14 done.
Configuring client 15...
Client 15 done.
Configuring client 16...
Client 16 done.
Configuring client 17...
Client 17 done.
Configuring client 18...
Client 18 done.
Configuring client 19...
Client 19 done.
Configuring client 20...
Client 20 done.
Configuring client 21...
Client 21 done.
Configuring client 22...
Client 22 done.
Configuring client 23...
Client 23 done.
Configuring client 24...
Client 24 done.
Configuring client 25...
Client 25 done.
Configuring client 26...
Client 26 done.
Configuring client 27...
Client 27 done.
Configuring client 28...
Client 28 done.
Configuring client 29...
Client 29 done.
Configuring client 30...
Client 30 done.
Configuring client 31...
Client 31 done.
Configuring client 32...
Client 32 done.
Configuring client 33...
Client 33 done.
Configuring client 34...
Client 34 done.
Configuring client 35...
Client 35 done.
Configuring client 36...
Client 36 done.
Configuring client 37...
Client 37 done.
Configuring client 38...
Client 38 done.
Configuring client 39...
Client 39 done.
Configuring client 40...
Client 40 done.
heterogeneous_data_handler activated ✅ for clients: ['Client 1', 'Client 2', 'Client 3', 'Client 4', 'Client 5', 'Client 6', 'Client 7', 'Client 8', 'Client 9', 'Client 10', 'Client 11', 'Client 12', 'Client 13', 'Client 14', 'Client 15', 'Client 16', 'Client 17', 'Client 18', 'Client 19', 'Client 20', 'Client 21', 'Client 22', 'Client 23', 'Client 24', 'Client 25', 'Client 26', 'Client 27', 'Client 28', 'Client 29', 'Client 30', 'Client 31', 'Client 32', 'Client 33', 'Client 34', 'Client 35', 'Client 36', 'Client 37', 'Client 38', 'Client 39', 'Client 40']
Client Client 21 participates in this round. (CPU: 2, RAM: 2)
Client Client 23 participates in this round. (CPU: 2, RAM: 2)
Client Client 10 participates in this round. (CPU: 2, RAM: 2)
Client Client 4 participates in this round. (CPU: 2, RAM: 2)
Client Client 2 participates in this round. (CPU: 2, RAM: 2)
Client Client 3 participates in this round. (CPU: 2, RAM: 2)
Client Client 30 participates in this round. (CPU: 2, RAM: 2)
Client Client 18 participates in this round. (CPU: 2, RAM: 2)
Client Client 1 participates in this round. (CPU: 2, RAM: 2)
Client Client 25 participates in this round. (CPU: 2, RAM: 2)
Client Client 29 participates in this round. (CPU: 2, RAM: 2)
Client Client 20 participates in this round. (CPU: 2, RAM: 2)
Client Client 15 participates in this round. (CPU: 2, RAM: 2)
Client Client 16 participates in this round. (CPU: 2, RAM: 2)
Client Client 27 participates in this round. (CPU: 2, RAM: 2)
Client Client 8 participates in this round. (CPU: 2, RAM: 2)
Client Client 14 participates in this round. (CPU: 2, RAM: 2)
Client Client 39 has insufficient CPU (1). Will not participate in the next FL round.
Client Client 26 participates in this round. (CPU: 2, RAM: 2)
Client Client 7 participates in this round. (CPU: 2, RAM: 2)
Client Client 9 participates in this round. (CPU: 2, RAM: 2)
Client Client 6 participates in this round. (CPU: 2, RAM: 2)
Client Client 36 has insufficient CPU (1). Will not participate in the next FL round.
Client Client 28 participates in this round. (CPU: 2, RAM: 2)
Client Client 37 has insufficient CPU (1). Will not participate in the next FL round.
Client Client 13 participates in this round. (CPU: 2, RAM: 2)
Client Client 33 has insufficient CPU (1). Will not participate in the next FL round.
Client Client 22 participates in this round. (CPU: 2, RAM: 2)
Client Client 31 has insufficient CPU (1). Will not participate in the next FL round.
Client Client 32 has insufficient CPU (1). Will not participate in the next FL round.
Client Client 12 participates in this round. (CPU: 2, RAM: 2)
Client Client 17 participates in this round. (CPU: 2, RAM: 2)
Client Client 38 has insufficient CPU (1). Will not participate in the next FL round.
Client Client 24 participates in this round. (CPU: 2, RAM: 2)
Client Client 19 participates in this round. (CPU: 2, RAM: 2)
Client Client 11 participates in this round. (CPU: 2, RAM: 2)
Client Client 35 has insufficient CPU (1). Will not participate in the next FL round.
Client Client 5 participates in this round. (CPU: 2, RAM: 2)
Client Client 40 has insufficient CPU (1). Will not participate in the next FL round.
Client Client 34 has insufficient CPU (1). Will not participate in the next FL round.
Results Aggregated in 0.52 seconds.
{'prostate_logreg': {'train_loss': [0.50196045165575, 0.5410262663263224, 0.5479556574447922, 0.5506327694819018, 0.548674642513353, 0.5386819736366238, 0.5375252926066422, 0.5317521926026803, 0.5189982665972394, 0.525585335852152, 0.5077002510947163, 0.5231764823160094, 0.5187765141733014, 0.5108508268491827, 0.5128076147626747, 0.5157816389176263, 0.5167638388337007, 0.5125077363051439], 'train_accuracy': [0.8544303797468354, 0.7824933687002652, 0.7773972602739726, 0.7760736196319018, 0.7685749086479903, 0.7811120917917035, 0.7710583153347732, 0.7747747747747747, 0.790257104194858, 0.7807228915662651, 0.7892226990939437, 0.758016246259085, 0.7609717868338558, 0.7758992805755396, 0.7710561497326203, 0.7668665667166417, 0.7674418604651163, 0.7751834556370913], 'train_f1': [0.7614681907403426, 0.6476426035776106, 0.703222491723727, 0.7244836793836318, 0.7446661959934157, 0.7489273172782305, 0.7227091285487196, 0.7331948557236515, 0.7862888204986092, 0.7773005734822158, 0.7824002466143535, 0.7287233122983735, 0.7386758593209455, 0.7731501307798663, 0.7688849832027048, 0.7648653844367315, 0.765542640237831, 0.7736386708965554], 'train_mae': [0.14556962025316456, 0.21750663129973474, 0.2226027397260274, 0.22392638036809817, 0.23142509135200975, 0.21888790820829657, 0.22894168466522677, 0.22522522522522523, 0.20974289580514208, 0.21927710843373494, 0.21077730090605626, 0.2419837537409149, 0.2390282131661442, 0.22410071942446044, 0.22894385026737968, 0.2331334332833583, 0.23255813953488372, 0.2248165443629086], 'val_loss': [0.6946436870739162, 0.6646617022959954, 0.6402687532791971, 0.6214927899844236, 0.607737331660556, 0.5969173509589594, 0.5857895968261642, 0.5768255165659109, 0.5710957460795785, 0.5660660457200579, 0.5616484874694094, 0.5560348181924885, 0.5520591881891366, 0.5496950648099684, 0.547655065272857, 0.544668985645586, 0.5429443265333367, 0.5414356277172614], 'val_accuracy': [0.5699961845767124, 0.617437496472713, 0.6489559044982027, 0.6694078231736501, 0.6851389932706179, 0.6973218030334328, 0.7089211586477338, 0.7177436745255894, 0.7207578767550553, 0.724939118174827, 0.7284896187393676, 0.7352671627263879, 0.738248682718602, 0.7382959589774988, 0.7385065849357151, 0.7410330738885876, 0.7413053094027858, 0.741661698815759], 'val_f1': [0.5610243003164092, 0.6149903913967318, 0.648228300757542, 0.6688579702083185, 0.6841293596472754, 0.6957590542360333, 0.7063534329067086, 0.7144612252906846, 0.7171971948761587, 0.7209513340031964, 0.7241219803514007, 0.7293613442248242, 0.7311926622562047, 0.7314598164846391, 0.731717139206663, 0.7340938003077383, 0.7344094932126717, 0.7348282150996075], 'val_mae': [0.4300038154232876, 0.38256250352728705, 0.3510440955017974, 0.33059217682634995, 0.3148610067293821, 0.30267819696656717, 0.2910788413522663, 0.2822563254744106, 0.27924212324494474, 0.275060881825173, 0.27151038126063237, 0.26473283727361213, 0.261751317281398, 0.26170404102250117, 0.2614934150642849, 0.25896692611141237, 0.2586946905972141, 0.258338301184241], 'jsd': [(0, 0, 0, 0, 0, 0.0207208396239082, 0.31127812445913283, 0.31127812445913283, 0.31127812445913283, 0.11009182675183558, 0.31127812445913283, 0.31127812445913283, 0.31127812445913283, 0.0037024515418363386, 0.31127812445913283, 0.31127812445913283, 0.31127812445913283, 0.31127812445913283, 0.31127812445913283, 0.31127812445913283, 0.31127812445913283, 0.31127812445913283, 0.07310400793180982, 0.31127812445913283, 0.07310400793180982, 0.31127812445913283, 0.31127812445913283, 0.0037024515418363386, 0.31127812445913283, 0.31127812445913283, 0.31127812445913283, 0.0350583482647871, 0.31127812445913283, 0.31127812445913283, 0.31127812445913283, 0, 0, 0, 0, 0), (0.0207208396239082, 0.31127812445913283, 0.31127812445913283, 0.31127812445913283, 0.06548833004089114, 0.0014939931791539789, 0.31127812445913283, 0.07310400793180982, 0, 0.1711038312803313, 0.31127812445913283, 0, 0.007299156760473963, 0.009756534087137225, 0.31127812445913283, 0.31127812445913283, 0.31127812445913283, 0, 0.31127812445913283, 0.07310400793180982, 0.007299156760473963, 0.0037024515418363386, 0.015085156698935967, 0.31127812445913283, 0.31127812445913283, 0.31127812445913283, 0, 0.31127812445913283, 0.11009182675183558, 0.31127812445913283, 0.07310400793180982, 0.31127812445913283, 0.0487949406953985, 0.0207208396239082, 0.31127812445913283, 0.16395604408354778, 0.0350583482647871, 0.31127812445913283, 0.31127812445913283, 0.16395604408354778), (0, 0.16395604408354778, 0.31127812445913283, 0, 0, 0.18850340411986471, 0, 0.11009182675183558, 0, 0, 0, 0.1711038312803313, 0.042041899344894246, 0, 0, 0.31127812445913283, 0, 0, 0, 0, 0.31127812445913283, 0, 0, 0.31127812445913283, 0.31127812445913283, 0, 0.12425601093475921, 0.31127812445913283, 0.17750440524619315, 0, 0, 0.31127812445913283, 0.31127812445913283, 0, 0, 0, 0, 0, 0.31127812445913283, 0), (0, 0, 0, 0, 0, 0, 0.31127812445913283, 0.2087803925185126, 0, 0, 0, 0, 0, 0, 0, 0, 0.19326958066820893, 0, 0, 0, 0, 0, 0, 0, 0, 0, 0, 0, 0.2292798117148899, 0, 0, 0.0002145058924891757, 0, 0.2227619806994962, 0, 0, 0, 0, 0, 0), (0, 0, 0, 0, 0, 0, 0, 0.2227619806994962, 0, 0, 0, 0, 0, 0.01423921619075233, 0, 0, 0, 0, 0, 0, 0, 0, 0, 0, 0, 0, 0.009036677434107646, 0, 0, 0, 0, 0, 0.07310400793180982, 0.004167970681504568, 0, 0, 0, 0, 0, 0), (0, 0, 0.23305878051279882, 0, 0, 0, 0, 0, 0, 0, 0, 0, 0, 0, 0, 0, 0, 0, 0, 0, 0, 0, 0, 0, 0.31127812445913283, 0, 0, 0, 0.2087803925185126, 0, 0, 0.20534969973663775, 0, 0, 0.16395604408354778, 0, 0, 0, 0.0207208396239082, 0), (0.012033410127123681, 0.0037024515418363386, 0.24237412989240623, 0.01717496977609681, 0.016009512159686483, 0.0010689285835955437, 0.11385563424028564, 0.0022344421708708415, 0.07310400793180982, 0.04432065423178154, 0.04674406725931858, 0.09328462323031235, 0.0231107894081813, 0.0055031961632630196, 0.02276859998040022, 0.006019887358649001, 0.03857581598654605, 0.06149937804507184, 0.2149397901480957, 0.04066211490300797, 0.0207208396239082, 0.07529706740701966, 0, 0.00566775380589651, 0.15591489886228305, 0.05253690168806249, 0.011482406826014972, 0.00028867375520897666, 0.03857581598654605, 0.05400884513974839, 0.05400884513974839, 0.2227619806994962, 0.03221357089614439, 0.039737267151773975, 0.002830694750015385, 0.008003048984193635, 0.0017382218522886302, 0.0009214584011009545, 0.036145614849311655, 0.09587355378511578), (0, 0, 0, 0, 0, 0.0061446088533262735, 0.002830694750015385, 0.24844401300050659, 0, 0.014038937565777093, 0.0014939931791539789, 0.10372355040574062, 0.0037024515418363386, 0.07898885115561567, 0.0031619139529965624, 0.02711041372683346, 0.08697257500448134, 0.010396593705431272, 0.0010689285835955437, 0, 0.007299156760473963, 0.039737267151773975, 0.12931448059938455, 0.17276905508286108, 0.0350583482647871, 0.0037024515418363386, 0.0693557217943376, 0, 0, 0.05738732460549023, 0.0350583482647871, 0.0008589183281813573, 0.018135571823116266, 0.03600088831260688, 0, 0, 0, 0, 0, 0), (0, 0, 0, 0, 0, 0, 0, 0, 0, 0, 0, 0, 0, 0, 0, 0, 0, 0, 0, 0, 0, 0.031173613118524304, 0, 0, 0, 0, 0, 0, 4.2686232120132256e-05, 0, 0, 0, 0, 0, 0, 0, 0, 0, 0, 0), (0, 0, 0, 0, 0, 0, 0, 0, 0, 0, 0, 0, 0, 0, 0, 0, 0, 0, 0, 0, 0, 0, 0, 0, 0, 0, 0, 0, 0, 0, 0, 0, 0, 0, 0, 0, 0, 0, 0, 0), (0, 0, 0, 0, 0, 0, 0, 0, 0, 0, 0, 0, 0, 0, 0, 0, 0, 0, 0, 0, 0, 0, 0, 0, 0, 0, 0, 0, 0, 0, 0, 0.23646636812449032, 0, 0, 0, 0, 0, 0, 0, 0), (0.0016626576184457752, 0.0006767219177472479, 0.06149937804507184, 0.06502539038278278, 0.008723329471708632, 0.00036176918093652755, 0.09555361251896813, 0.0001877124226694997, 0.023795695918608258, 0.0010160633509259717, 0.006963639137030152, 0.15058560986911712, 0.007775948452200233, 0.002349447614504129, 0.04066211490300797, 0.004528991295546424, 0.0350583482647871, 0.1363471521273121, 0.15948141288667683, 0.04244595986303425, 0.0001877124226694997, 0.005407888490294582, 0.01286900199539727, 0.0028964502514318494, 0.12745428142147208, 0, 0.0026078279567117203, 0.006523190206172563, 0.004816452941871073, 0.015588395748542892, 0.0001877124226694997, 0.24616505675524458, 0.027910215332363916, 0.03634284572901042, 0.03302877414247969, 0.015297775930101544, 0.006963639137030152, 0.0006767219177472479, 0.04746468216969184, 0), (0.0014191336441856193, 0.00057833776936193, 0.0487949406953985, 0, 0.005269516232494085, 0, 0, 0.0025061505903558393, 0, 0, 0, 0.1399942004868045, 0, 0.0030350376967938353, 0.03889315594457522, 0, 0.04302177187503205, 0, 0.14347226067529725, 0.04432065423178154, 0.0025061505903558393, 0.00668451772448856, 0, 0, 0.14431677453762248, 0, 0, 0, 0, 0, 0.00013175698573951195, 0.2149397901480957, 0, 0, 0.03857581598654605, 0.015678504950564255, 0.00402636741089939, 0, 0.05129937439493795, 0), (0, 0, 0, 0, 0, 0, 0, 0, 0, 0, 0, 0, 0, 0, 0, 0, 0, 0, 0, 0, 0, 0, 0, 0, 0, 0.045224567067496654, 0, 0, 0, 0, 0, 0, 0, 0, 0, 0, 0, 0, 0, 0), (0, 0, 0, 0, 0, 0, 0, 0, 0, 0, 0, 0, 0, 0, 0, 0, 0, 0, 0, 0, 0, 0, 0, 0, 0, 0, 0, 0, 0, 0, 0, 0, 0, 0, 0, 0, 0, 0, 0, 0), (0, 0, 0, 0, 0, 0, 0, 0, 0, 0, 0, 0, 0, 0, 0, 0, 0, 0, 0, 0, 0, 0, 0, 0, 0, 0, 0, 0, 0, 0, 0, 0, 0, 0, 0, 0, 0, 0, 0, 0), (0, 0, 0, 0, 0, 0, 0, 0, 0, 0, 0, 0, 0, 0, 0, 0, 0, 0, 0, 0, 0, 0, 0, 0, 0, 0, 0, 0, 0, 0, 0, 0, 0, 0, 0, 0, 0, 0, 0, 0), (0, 0, 0, 0, 0, 0, 0, 0, 0, 0, 0, 0, 0, 0, 0, 0, 0, 0, 0, 0, 0, 0, 0, 0, 0, 0, 0, 0, 0, 0, 0, 0, 0, 0, 0, 0, 0, 0, 0, 0)]}}
AdaptationManager: Configuring next round...
{'client_registry': {'enabled': True, 'params': {}}, 'client_selector': {'enabled': True, 'params': {'selection_strategy': 'Resource-Based', 'selection_criteria': 'CPU', 'selection_value': 2}}, 'client_cluster': {'enabled': False, 'params': {}}, 'message_compressor': {'enabled': False, 'params': {}}, 'model_co-versioning_registry': {'enabled': False, 'params': {}}, 'multi-task_model_trainer': {'enabled': False, 'params': {}}, 'heterogeneous_data_handler': {'enabled': True, 'params': {'enabled_clients': []}}}
{'client_selector': {'enabled': True}, 'client_cluster': {'enabled': False}, 'message_compressor': {'enabled': False}, 'model_co-versioning_registry': {'enabled': False}, 'multi-task_model_trainer': {'enabled': False}, 'heterogeneous_data_handler': {'enabled': True, 'params': {'enabled_clients': ['Client 1', 'Client 2', 'Client 3', 'Client 4', 'Client 5', 'Client 6', 'Client 7', 'Client 8', 'Client 9', 'Client 10', 'Client 11', 'Client 12', 'Client 13', 'Client 14', 'Client 15', 'Client 16', 'Client 17', 'Client 18', 'Client 19', 'Client 20', 'Client 21', 'Client 22', 'Client 23', 'Client 24', 'Client 25', 'Client 26', 'Client 27', 'Client 28', 'Client 29', 'Client 30', 'Client 31', 'Client 32', 'Client 33', 'Client 34', 'Client 35', 'Client 36', 'Client 37', 'Client 38', 'Client 39', 'Client 40']}}, 'client_registry': {'enabled': True, 'params': {}}}
round 19, 30 high, 10 low, 0.0-iid clients, predicted best policy: client_selector de-activated ❌
Configuring client 1...
Client 1 done.
Configuring client 2...
Client 2 done.
Configuring client 3...
Client 3 done.
Configuring client 4...
Client 4 done.
Configuring client 5...
Client 5 done.
Configuring client 6...
Client 6 done.
Configuring client 7...
Client 7 done.
Configuring client 8...
Client 8 done.
Configuring client 9...
Client 9 done.
Configuring client 10...
Client 10 done.
Configuring client 11...
Client 11 done.
Configuring client 12...
Client 12 done.
Configuring client 13...
Client 13 done.
Configuring client 14...
Client 14 done.
Configuring client 15...
Client 15 done.
Configuring client 16...
Client 16 done.
Configuring client 17...
Client 17 done.
Configuring client 18...
Client 18 done.
Configuring client 19...
Client 19 done.
Configuring client 20...
Client 20 done.
Configuring client 21...
Client 21 done.
Configuring client 22...
Client 22 done.
Configuring client 23...
Client 23 done.
Configuring client 24...
Client 24 done.
Configuring client 25...
Client 25 done.
Configuring client 26...
Client 26 done.
Configuring client 27...
Client 27 done.
Configuring client 28...
Client 28 done.
Configuring client 29...
Client 29 done.
Configuring client 30...
Client 30 done.
Configuring client 31...
Client 31 done.
Configuring client 32...
Client 32 done.
Configuring client 33...
Client 33 done.
Configuring client 34...
Client 34 done.
Configuring client 35...
Client 35 done.
Configuring client 36...
Client 36 done.
Configuring client 37...
Client 37 done.
Configuring client 38...
Client 38 done.
Configuring client 39...
Client 39 done.
Configuring client 40...
Client 40 done.
heterogeneous_data_handler activated ✅ for clients: ['Client 1', 'Client 2', 'Client 3', 'Client 4', 'Client 5', 'Client 6', 'Client 7', 'Client 8', 'Client 9', 'Client 10', 'Client 11', 'Client 12', 'Client 13', 'Client 14', 'Client 15', 'Client 16', 'Client 17', 'Client 18', 'Client 19', 'Client 20', 'Client 21', 'Client 22', 'Client 23', 'Client 24', 'Client 25', 'Client 26', 'Client 27', 'Client 28', 'Client 29', 'Client 30', 'Client 31', 'Client 32', 'Client 33', 'Client 34', 'Client 35', 'Client 36', 'Client 37', 'Client 38', 'Client 39', 'Client 40']
Results Aggregated in 0.49 seconds.
{'prostate_logreg': {'train_loss': [0.50196045165575, 0.5410262663263224, 0.5479556574447922, 0.5506327694819018, 0.548674642513353, 0.5386819736366238, 0.5375252926066422, 0.5317521926026803, 0.5189982665972394, 0.525585335852152, 0.5077002510947163, 0.5231764823160094, 0.5187765141733014, 0.5108508268491827, 0.5128076147626747, 0.5157816389176263, 0.5167638388337007, 0.5125077363051439, 0.5004199516632375], 'train_accuracy': [0.8544303797468354, 0.7824933687002652, 0.7773972602739726, 0.7760736196319018, 0.7685749086479903, 0.7811120917917035, 0.7710583153347732, 0.7747747747747747, 0.790257104194858, 0.7807228915662651, 0.7892226990939437, 0.758016246259085, 0.7609717868338558, 0.7758992805755396, 0.7710561497326203, 0.7668665667166417, 0.7674418604651163, 0.7751834556370913, 0.7808807733619764], 'train_f1': [0.7614681907403426, 0.6476426035776106, 0.703222491723727, 0.7244836793836318, 0.7446661959934157, 0.7489273172782305, 0.7227091285487196, 0.7331948557236515, 0.7862888204986092, 0.7773005734822158, 0.7824002466143535, 0.7287233122983735, 0.7386758593209455, 0.7731501307798663, 0.7688849832027048, 0.7648653844367315, 0.765542640237831, 0.7736386708965554, 0.7794722379001583], 'train_mae': [0.14556962025316456, 0.21750663129973474, 0.2226027397260274, 0.22392638036809817, 0.23142509135200975, 0.21888790820829657, 0.22894168466522677, 0.22522522522522523, 0.20974289580514208, 0.21927710843373494, 0.21077730090605626, 0.2419837537409149, 0.2390282131661442, 0.22410071942446044, 0.22894385026737968, 0.2331334332833583, 0.23255813953488372, 0.2248165443629086, 0.21911922663802363], 'val_loss': [0.6946436870739162, 0.6646617022959954, 0.6402687532791971, 0.6214927899844236, 0.607737331660556, 0.5969173509589594, 0.5857895968261642, 0.5768255165659109, 0.5710957460795785, 0.5660660457200579, 0.5616484874694094, 0.5560348181924885, 0.5520591881891366, 0.5496950648099684, 0.547655065272857, 0.544668985645586, 0.5429443265333367, 0.5414356277172614, 0.5406535794836828], 'val_accuracy': [0.5699961845767124, 0.617437496472713, 0.6489559044982027, 0.6694078231736501, 0.6851389932706179, 0.6973218030334328, 0.7089211586477338, 0.7177436745255894, 0.7207578767550553, 0.724939118174827, 0.7284896187393676, 0.7352671627263879, 0.738248682718602, 0.7382959589774988, 0.7385065849357151, 0.7410330738885876, 0.7413053094027858, 0.741661698815759, 0.7415775380700993], 'val_f1': [0.5610243003164092, 0.6149903913967318, 0.648228300757542, 0.6688579702083185, 0.6841293596472754, 0.6957590542360333, 0.7063534329067086, 0.7144612252906846, 0.7171971948761587, 0.7209513340031964, 0.7241219803514007, 0.7293613442248242, 0.7311926622562047, 0.7314598164846391, 0.731717139206663, 0.7340938003077383, 0.7344094932126717, 0.7348282150996075, 0.734714239711299], 'val_mae': [0.4300038154232876, 0.38256250352728705, 0.3510440955017974, 0.33059217682634995, 0.3148610067293821, 0.30267819696656717, 0.2910788413522663, 0.2822563254744106, 0.27924212324494474, 0.275060881825173, 0.27151038126063237, 0.26473283727361213, 0.261751317281398, 0.26170404102250117, 0.2614934150642849, 0.25896692611141237, 0.2586946905972141, 0.258338301184241, 0.25842246192990076], 'jsd': [(0, 0, 0, 0, 0, 0.0207208396239082, 0.31127812445913283, 0.31127812445913283, 0.31127812445913283, 0.11009182675183558, 0.31127812445913283, 0.31127812445913283, 0.31127812445913283, 0.0037024515418363386, 0.31127812445913283, 0.31127812445913283, 0.31127812445913283, 0.31127812445913283, 0.31127812445913283, 0.31127812445913283, 0.31127812445913283, 0.31127812445913283, 0.07310400793180982, 0.31127812445913283, 0.07310400793180982, 0.31127812445913283, 0.31127812445913283, 0.0037024515418363386, 0.31127812445913283, 0.31127812445913283, 0.31127812445913283, 0.0350583482647871, 0.31127812445913283, 0.31127812445913283, 0.31127812445913283, 0, 0, 0, 0, 0), (0.0207208396239082, 0.31127812445913283, 0.31127812445913283, 0.31127812445913283, 0.06548833004089114, 0.0014939931791539789, 0.31127812445913283, 0.07310400793180982, 0, 0.1711038312803313, 0.31127812445913283, 0, 0.007299156760473963, 0.009756534087137225, 0.31127812445913283, 0.31127812445913283, 0.31127812445913283, 0, 0.31127812445913283, 0.07310400793180982, 0.007299156760473963, 0.0037024515418363386, 0.015085156698935967, 0.31127812445913283, 0.31127812445913283, 0.31127812445913283, 0, 0.31127812445913283, 0.11009182675183558, 0.31127812445913283, 0.07310400793180982, 0.31127812445913283, 0.0487949406953985, 0.0207208396239082, 0.31127812445913283, 0.16395604408354778, 0.0350583482647871, 0.31127812445913283, 0.31127812445913283, 0.16395604408354778), (0, 0.16395604408354778, 0.31127812445913283, 0, 0, 0.18850340411986471, 0, 0.11009182675183558, 0, 0, 0, 0.1711038312803313, 0.042041899344894246, 0, 0, 0.31127812445913283, 0, 0, 0, 0, 0.31127812445913283, 0, 0, 0.31127812445913283, 0.31127812445913283, 0, 0.12425601093475921, 0.31127812445913283, 0.17750440524619315, 0, 0, 0.31127812445913283, 0.31127812445913283, 0, 0, 0, 0, 0, 0.31127812445913283, 0), (0, 0, 0, 0, 0, 0, 0.31127812445913283, 0.2087803925185126, 0, 0, 0, 0, 0, 0, 0, 0, 0.19326958066820893, 0, 0, 0, 0, 0, 0, 0, 0, 0, 0, 0, 0.2292798117148899, 0, 0, 0.0002145058924891757, 0, 0.2227619806994962, 0, 0, 0, 0, 0, 0), (0, 0, 0, 0, 0, 0, 0, 0.2227619806994962, 0, 0, 0, 0, 0, 0.01423921619075233, 0, 0, 0, 0, 0, 0, 0, 0, 0, 0, 0, 0, 0.009036677434107646, 0, 0, 0, 0, 0, 0.07310400793180982, 0.004167970681504568, 0, 0, 0, 0, 0, 0), (0, 0, 0.23305878051279882, 0, 0, 0, 0, 0, 0, 0, 0, 0, 0, 0, 0, 0, 0, 0, 0, 0, 0, 0, 0, 0, 0.31127812445913283, 0, 0, 0, 0.2087803925185126, 0, 0, 0.20534969973663775, 0, 0, 0.16395604408354778, 0, 0, 0, 0.0207208396239082, 0), (0.012033410127123681, 0.0037024515418363386, 0.24237412989240623, 0.01717496977609681, 0.016009512159686483, 0.0010689285835955437, 0.11385563424028564, 0.0022344421708708415, 0.07310400793180982, 0.04432065423178154, 0.04674406725931858, 0.09328462323031235, 0.0231107894081813, 0.0055031961632630196, 0.02276859998040022, 0.006019887358649001, 0.03857581598654605, 0.06149937804507184, 0.2149397901480957, 0.04066211490300797, 0.0207208396239082, 0.07529706740701966, 0, 0.00566775380589651, 0.15591489886228305, 0.05253690168806249, 0.011482406826014972, 0.00028867375520897666, 0.03857581598654605, 0.05400884513974839, 0.05400884513974839, 0.2227619806994962, 0.03221357089614439, 0.039737267151773975, 0.002830694750015385, 0.008003048984193635, 0.0017382218522886302, 0.0009214584011009545, 0.036145614849311655, 0.09587355378511578), (0, 0, 0, 0, 0, 0.0061446088533262735, 0.002830694750015385, 0.24844401300050659, 0, 0.014038937565777093, 0.0014939931791539789, 0.10372355040574062, 0.0037024515418363386, 0.07898885115561567, 0.0031619139529965624, 0.02711041372683346, 0.08697257500448134, 0.010396593705431272, 0.0010689285835955437, 0, 0.007299156760473963, 0.039737267151773975, 0.12931448059938455, 0.17276905508286108, 0.0350583482647871, 0.0037024515418363386, 0.0693557217943376, 0, 0, 0.05738732460549023, 0.0350583482647871, 0.0008589183281813573, 0.018135571823116266, 0.03600088831260688, 0, 0, 0, 0, 0, 0), (0, 0, 0, 0, 0, 0, 0, 0, 0, 0, 0, 0, 0, 0, 0, 0, 0, 0, 0, 0, 0, 0.031173613118524304, 0, 0, 0, 0, 0, 0, 4.2686232120132256e-05, 0, 0, 0, 0, 0, 0, 0, 0, 0, 0, 0), (0, 0, 0, 0, 0, 0, 0, 0, 0, 0, 0, 0, 0, 0, 0, 0, 0, 0, 0, 0, 0, 0, 0, 0, 0, 0, 0, 0, 0, 0, 0, 0, 0, 0, 0, 0, 0, 0, 0, 0), (0, 0, 0, 0, 0, 0, 0, 0, 0, 0, 0, 0, 0, 0, 0, 0, 0, 0, 0, 0, 0, 0, 0, 0, 0, 0, 0, 0, 0, 0, 0, 0.23646636812449032, 0, 0, 0, 0, 0, 0, 0, 0), (0.0016626576184457752, 0.0006767219177472479, 0.06149937804507184, 0.06502539038278278, 0.008723329471708632, 0.00036176918093652755, 0.09555361251896813, 0.0001877124226694997, 0.023795695918608258, 0.0010160633509259717, 0.006963639137030152, 0.15058560986911712, 0.007775948452200233, 0.002349447614504129, 0.04066211490300797, 0.004528991295546424, 0.0350583482647871, 0.1363471521273121, 0.15948141288667683, 0.04244595986303425, 0.0001877124226694997, 0.005407888490294582, 0.01286900199539727, 0.0028964502514318494, 0.12745428142147208, 0, 0.0026078279567117203, 0.006523190206172563, 0.004816452941871073, 0.015588395748542892, 0.0001877124226694997, 0.24616505675524458, 0.027910215332363916, 0.03634284572901042, 0.03302877414247969, 0.015297775930101544, 0.006963639137030152, 0.0006767219177472479, 0.04746468216969184, 0), (0.0014191336441856193, 0.00057833776936193, 0.0487949406953985, 0, 0.005269516232494085, 0, 0, 0.0025061505903558393, 0, 0, 0, 0.1399942004868045, 0, 0.0030350376967938353, 0.03889315594457522, 0, 0.04302177187503205, 0, 0.14347226067529725, 0.04432065423178154, 0.0025061505903558393, 0.00668451772448856, 0, 0, 0.14431677453762248, 0, 0, 0, 0, 0, 0.00013175698573951195, 0.2149397901480957, 0, 0, 0.03857581598654605, 0.015678504950564255, 0.00402636741089939, 0, 0.05129937439493795, 0), (0, 0, 0, 0, 0, 0, 0, 0, 0, 0, 0, 0, 0, 0, 0, 0, 0, 0, 0, 0, 0, 0, 0, 0, 0, 0.045224567067496654, 0, 0, 0, 0, 0, 0, 0, 0, 0, 0, 0, 0, 0, 0), (0, 0, 0, 0, 0, 0, 0, 0, 0, 0, 0, 0, 0, 0, 0, 0, 0, 0, 0, 0, 0, 0, 0, 0, 0, 0, 0, 0, 0, 0, 0, 0, 0, 0, 0, 0, 0, 0, 0, 0), (0, 0, 0, 0, 0, 0, 0, 0, 0, 0, 0, 0, 0, 0, 0, 0, 0, 0, 0, 0, 0, 0, 0, 0, 0, 0, 0, 0, 0, 0, 0, 0, 0, 0, 0, 0, 0, 0, 0, 0), (0, 0, 0, 0, 0, 0, 0, 0, 0, 0, 0, 0, 0, 0, 0, 0, 0, 0, 0, 0, 0, 0, 0, 0, 0, 0, 0, 0, 0, 0, 0, 0, 0, 0, 0, 0, 0, 0, 0, 0), (0, 0, 0, 0, 0, 0, 0, 0, 0, 0, 0, 0, 0, 0, 0, 0, 0, 0, 0, 0, 0, 0, 0, 0, 0, 0, 0, 0, 0, 0, 0, 0, 0, 0, 0, 0, 0, 0, 0, 0), (0, 0, 0, 0, 0, 0, 0, 0, 0, 0, 0, 0, 0, 0, 0, 0, 0, 0, 0, 0, 0, 0, 0, 0, 0, 0, 0, 0, 0, 0, 0, 0, 0, 0, 0, 0, 0, 0, 0, 0)]}}
AdaptationManager: Configuring next round...
{'client_registry': {'enabled': True, 'params': {}}, 'client_selector': {'enabled': True, 'params': {'selection_strategy': 'Resource-Based', 'selection_criteria': 'CPU', 'selection_value': 2}}, 'client_cluster': {'enabled': False, 'params': {}}, 'message_compressor': {'enabled': False, 'params': {}}, 'model_co-versioning_registry': {'enabled': False, 'params': {}}, 'multi-task_model_trainer': {'enabled': False, 'params': {}}, 'heterogeneous_data_handler': {'enabled': True, 'params': {'enabled_clients': []}}}
{'client_selector': {'enabled': False}, 'client_cluster': {'enabled': False}, 'message_compressor': {'enabled': False}, 'model_co-versioning_registry': {'enabled': False}, 'multi-task_model_trainer': {'enabled': False}, 'heterogeneous_data_handler': {'enabled': True, 'params': {'enabled_clients': ['Client 1', 'Client 2', 'Client 3', 'Client 4', 'Client 5', 'Client 6', 'Client 7', 'Client 8', 'Client 9', 'Client 10', 'Client 11', 'Client 12', 'Client 13', 'Client 14', 'Client 15', 'Client 16', 'Client 17', 'Client 18', 'Client 19', 'Client 20', 'Client 21', 'Client 22', 'Client 23', 'Client 24', 'Client 25', 'Client 26', 'Client 27', 'Client 28', 'Client 29', 'Client 30', 'Client 31', 'Client 32', 'Client 33', 'Client 34', 'Client 35', 'Client 36', 'Client 37', 'Client 38', 'Client 39', 'Client 40']}}, 'client_registry': {'enabled': True, 'params': {}}}
round 20, 30 high, 10 low, 0.0-iid clients, predicted best policy: client_selector de-activated ❌
Configuring client 1...
Client 1 done.
Configuring client 2...
Client 2 done.
Configuring client 3...
Client 3 done.
Configuring client 4...
Client 4 done.
Configuring client 5...
Client 5 done.
Configuring client 6...
Client 6 done.
Configuring client 7...
Client 7 done.
Configuring client 8...
Client 8 done.
Configuring client 9...
Client 9 done.
Configuring client 10...
Client 10 done.
Configuring client 11...
Client 11 done.
Configuring client 12...
Client 12 done.
Configuring client 13...
Client 13 done.
Configuring client 14...
Client 14 done.
Configuring client 15...
Client 15 done.
Configuring client 16...
Client 16 done.
Configuring client 17...
Client 17 done.
Configuring client 18...
Client 18 done.
Configuring client 19...
Client 19 done.
Configuring client 20...
Client 20 done.
Configuring client 21...
Client 21 done.
Configuring client 22...
Client 22 done.
Configuring client 23...
Client 23 done.
Configuring client 24...
Client 24 done.
Configuring client 25...
Client 25 done.
Configuring client 26...
Client 26 done.
Configuring client 27...
Client 27 done.
Configuring client 28...
Client 28 done.
Configuring client 29...
Client 29 done.
Configuring client 30...
Client 30 done.
Configuring client 31...
Client 31 done.
Configuring client 32...
Client 32 done.
Configuring client 33...
Client 33 done.
Configuring client 34...
Client 34 done.
Configuring client 35...
Client 35 done.
Configuring client 36...
Client 36 done.
Configuring client 37...
Client 37 done.
Configuring client 38...
Client 38 done.
Configuring client 39...
Client 39 done.
Configuring client 40...
Client 40 done.
heterogeneous_data_handler activated ✅ for clients: ['Client 1', 'Client 2', 'Client 3', 'Client 4', 'Client 5', 'Client 6', 'Client 7', 'Client 8', 'Client 9', 'Client 10', 'Client 11', 'Client 12', 'Client 13', 'Client 14', 'Client 15', 'Client 16', 'Client 17', 'Client 18', 'Client 19', 'Client 20', 'Client 21', 'Client 22', 'Client 23', 'Client 24', 'Client 25', 'Client 26', 'Client 27', 'Client 28', 'Client 29', 'Client 30', 'Client 31', 'Client 32', 'Client 33', 'Client 34', 'Client 35', 'Client 36', 'Client 37', 'Client 38', 'Client 39', 'Client 40']
Results Aggregated in 0.48 seconds.
{'prostate_logreg': {'train_loss': [0.50196045165575, 0.5410262663263224, 0.5479556574447922, 0.5506327694819018, 0.548674642513353, 0.5386819736366238, 0.5375252926066422, 0.5317521926026803, 0.5189982665972394, 0.525585335852152, 0.5077002510947163, 0.5231764823160094, 0.5187765141733014, 0.5108508268491827, 0.5128076147626747, 0.5157816389176263, 0.5167638388337007, 0.5125077363051439, 0.5004199516632375, 0.5040606884149608], 'train_accuracy': [0.8544303797468354, 0.7824933687002652, 0.7773972602739726, 0.7760736196319018, 0.7685749086479903, 0.7811120917917035, 0.7710583153347732, 0.7747747747747747, 0.790257104194858, 0.7807228915662651, 0.7892226990939437, 0.758016246259085, 0.7609717868338558, 0.7758992805755396, 0.7710561497326203, 0.7668665667166417, 0.7674418604651163, 0.7751834556370913, 0.7808807733619764, 0.7773575390821987], 'train_f1': [0.7614681907403426, 0.6476426035776106, 0.703222491723727, 0.7244836793836318, 0.7446661959934157, 0.7489273172782305, 0.7227091285487196, 0.7331948557236515, 0.7862888204986092, 0.7773005734822158, 0.7824002466143535, 0.7287233122983735, 0.7386758593209455, 0.7731501307798663, 0.7688849832027048, 0.7648653844367315, 0.765542640237831, 0.7736386708965554, 0.7794722379001583, 0.7758286871029514], 'train_mae': [0.14556962025316456, 0.21750663129973474, 0.2226027397260274, 0.22392638036809817, 0.23142509135200975, 0.21888790820829657, 0.22894168466522677, 0.22522522522522523, 0.20974289580514208, 0.21927710843373494, 0.21077730090605626, 0.2419837537409149, 0.2390282131661442, 0.22410071942446044, 0.22894385026737968, 0.2331334332833583, 0.23255813953488372, 0.2248165443629086, 0.21911922663802363, 0.22264246091780132], 'val_loss': [0.6946436870739162, 0.6646617022959954, 0.6402687532791971, 0.6214927899844236, 0.607737331660556, 0.5969173509589594, 0.5857895968261642, 0.5768255165659109, 0.5710957460795785, 0.5660660457200579, 0.5616484874694094, 0.5560348181924885, 0.5520591881891366, 0.5496950648099684, 0.547655065272857, 0.544668985645586, 0.5429443265333367, 0.5414356277172614, 0.5406535794836828, 0.5395175340755443], 'val_accuracy': [0.5699961845767124, 0.617437496472713, 0.6489559044982027, 0.6694078231736501, 0.6851389932706179, 0.6973218030334328, 0.7089211586477338, 0.7177436745255894, 0.7207578767550553, 0.724939118174827, 0.7284896187393676, 0.7352671627263879, 0.738248682718602, 0.7382959589774988, 0.7385065849357151, 0.7410330738885876, 0.7413053094027858, 0.741661698815759, 0.7415775380700993, 0.7415572257808393], 'val_f1': [0.5610243003164092, 0.6149903913967318, 0.648228300757542, 0.6688579702083185, 0.6841293596472754, 0.6957590542360333, 0.7063534329067086, 0.7144612252906846, 0.7171971948761587, 0.7209513340031964, 0.7241219803514007, 0.7293613442248242, 0.7311926622562047, 0.7314598164846391, 0.731717139206663, 0.7340938003077383, 0.7344094932126717, 0.7348282150996075, 0.734714239711299, 0.7346456246850777], 'val_mae': [0.4300038154232876, 0.38256250352728705, 0.3510440955017974, 0.33059217682634995, 0.3148610067293821, 0.30267819696656717, 0.2910788413522663, 0.2822563254744106, 0.27924212324494474, 0.275060881825173, 0.27151038126063237, 0.26473283727361213, 0.261751317281398, 0.26170404102250117, 0.2614934150642849, 0.25896692611141237, 0.2586946905972141, 0.258338301184241, 0.25842246192990076, 0.25844277421916073], 'jsd': [(0, 0, 0, 0, 0, 0.0207208396239082, 0.31127812445913283, 0.31127812445913283, 0.31127812445913283, 0.11009182675183558, 0.31127812445913283, 0.31127812445913283, 0.31127812445913283, 0.0037024515418363386, 0.31127812445913283, 0.31127812445913283, 0.31127812445913283, 0.31127812445913283, 0.31127812445913283, 0.31127812445913283, 0.31127812445913283, 0.31127812445913283, 0.07310400793180982, 0.31127812445913283, 0.07310400793180982, 0.31127812445913283, 0.31127812445913283, 0.0037024515418363386, 0.31127812445913283, 0.31127812445913283, 0.31127812445913283, 0.0350583482647871, 0.31127812445913283, 0.31127812445913283, 0.31127812445913283, 0, 0, 0, 0, 0), (0.0207208396239082, 0.31127812445913283, 0.31127812445913283, 0.31127812445913283, 0.06548833004089114, 0.0014939931791539789, 0.31127812445913283, 0.07310400793180982, 0, 0.1711038312803313, 0.31127812445913283, 0, 0.007299156760473963, 0.009756534087137225, 0.31127812445913283, 0.31127812445913283, 0.31127812445913283, 0, 0.31127812445913283, 0.07310400793180982, 0.007299156760473963, 0.0037024515418363386, 0.015085156698935967, 0.31127812445913283, 0.31127812445913283, 0.31127812445913283, 0, 0.31127812445913283, 0.11009182675183558, 0.31127812445913283, 0.07310400793180982, 0.31127812445913283, 0.0487949406953985, 0.0207208396239082, 0.31127812445913283, 0.16395604408354778, 0.0350583482647871, 0.31127812445913283, 0.31127812445913283, 0.16395604408354778), (0, 0.16395604408354778, 0.31127812445913283, 0, 0, 0.18850340411986471, 0, 0.11009182675183558, 0, 0, 0, 0.1711038312803313, 0.042041899344894246, 0, 0, 0.31127812445913283, 0, 0, 0, 0, 0.31127812445913283, 0, 0, 0.31127812445913283, 0.31127812445913283, 0, 0.12425601093475921, 0.31127812445913283, 0.17750440524619315, 0, 0, 0.31127812445913283, 0.31127812445913283, 0, 0, 0, 0, 0, 0.31127812445913283, 0), (0, 0, 0, 0, 0, 0, 0.31127812445913283, 0.2087803925185126, 0, 0, 0, 0, 0, 0, 0, 0, 0.19326958066820893, 0, 0, 0, 0, 0, 0, 0, 0, 0, 0, 0, 0.2292798117148899, 0, 0, 0.0002145058924891757, 0, 0.2227619806994962, 0, 0, 0, 0, 0, 0), (0, 0, 0, 0, 0, 0, 0, 0.2227619806994962, 0, 0, 0, 0, 0, 0.01423921619075233, 0, 0, 0, 0, 0, 0, 0, 0, 0, 0, 0, 0, 0.009036677434107646, 0, 0, 0, 0, 0, 0.07310400793180982, 0.004167970681504568, 0, 0, 0, 0, 0, 0), (0, 0, 0.23305878051279882, 0, 0, 0, 0, 0, 0, 0, 0, 0, 0, 0, 0, 0, 0, 0, 0, 0, 0, 0, 0, 0, 0.31127812445913283, 0, 0, 0, 0.2087803925185126, 0, 0, 0.20534969973663775, 0, 0, 0.16395604408354778, 0, 0, 0, 0.0207208396239082, 0), (0.012033410127123681, 0.0037024515418363386, 0.24237412989240623, 0.01717496977609681, 0.016009512159686483, 0.0010689285835955437, 0.11385563424028564, 0.0022344421708708415, 0.07310400793180982, 0.04432065423178154, 0.04674406725931858, 0.09328462323031235, 0.0231107894081813, 0.0055031961632630196, 0.02276859998040022, 0.006019887358649001, 0.03857581598654605, 0.06149937804507184, 0.2149397901480957, 0.04066211490300797, 0.0207208396239082, 0.07529706740701966, 0, 0.00566775380589651, 0.15591489886228305, 0.05253690168806249, 0.011482406826014972, 0.00028867375520897666, 0.03857581598654605, 0.05400884513974839, 0.05400884513974839, 0.2227619806994962, 0.03221357089614439, 0.039737267151773975, 0.002830694750015385, 0.008003048984193635, 0.0017382218522886302, 0.0009214584011009545, 0.036145614849311655, 0.09587355378511578), (0, 0, 0, 0, 0, 0.0061446088533262735, 0.002830694750015385, 0.24844401300050659, 0, 0.014038937565777093, 0.0014939931791539789, 0.10372355040574062, 0.0037024515418363386, 0.07898885115561567, 0.0031619139529965624, 0.02711041372683346, 0.08697257500448134, 0.010396593705431272, 0.0010689285835955437, 0, 0.007299156760473963, 0.039737267151773975, 0.12931448059938455, 0.17276905508286108, 0.0350583482647871, 0.0037024515418363386, 0.0693557217943376, 0, 0, 0.05738732460549023, 0.0350583482647871, 0.0008589183281813573, 0.018135571823116266, 0.03600088831260688, 0, 0, 0, 0, 0, 0), (0, 0, 0, 0, 0, 0, 0, 0, 0, 0, 0, 0, 0, 0, 0, 0, 0, 0, 0, 0, 0, 0.031173613118524304, 0, 0, 0, 0, 0, 0, 4.2686232120132256e-05, 0, 0, 0, 0, 0, 0, 0, 0, 0, 0, 0), (0, 0, 0, 0, 0, 0, 0, 0, 0, 0, 0, 0, 0, 0, 0, 0, 0, 0, 0, 0, 0, 0, 0, 0, 0, 0, 0, 0, 0, 0, 0, 0, 0, 0, 0, 0, 0, 0, 0, 0), (0, 0, 0, 0, 0, 0, 0, 0, 0, 0, 0, 0, 0, 0, 0, 0, 0, 0, 0, 0, 0, 0, 0, 0, 0, 0, 0, 0, 0, 0, 0, 0.23646636812449032, 0, 0, 0, 0, 0, 0, 0, 0), (0.0016626576184457752, 0.0006767219177472479, 0.06149937804507184, 0.06502539038278278, 0.008723329471708632, 0.00036176918093652755, 0.09555361251896813, 0.0001877124226694997, 0.023795695918608258, 0.0010160633509259717, 0.006963639137030152, 0.15058560986911712, 0.007775948452200233, 0.002349447614504129, 0.04066211490300797, 0.004528991295546424, 0.0350583482647871, 0.1363471521273121, 0.15948141288667683, 0.04244595986303425, 0.0001877124226694997, 0.005407888490294582, 0.01286900199539727, 0.0028964502514318494, 0.12745428142147208, 0, 0.0026078279567117203, 0.006523190206172563, 0.004816452941871073, 0.015588395748542892, 0.0001877124226694997, 0.24616505675524458, 0.027910215332363916, 0.03634284572901042, 0.03302877414247969, 0.015297775930101544, 0.006963639137030152, 0.0006767219177472479, 0.04746468216969184, 0), (0.0014191336441856193, 0.00057833776936193, 0.0487949406953985, 0, 0.005269516232494085, 0, 0, 0.0025061505903558393, 0, 0, 0, 0.1399942004868045, 0, 0.0030350376967938353, 0.03889315594457522, 0, 0.04302177187503205, 0, 0.14347226067529725, 0.04432065423178154, 0.0025061505903558393, 0.00668451772448856, 0, 0, 0.14431677453762248, 0, 0, 0, 0, 0, 0.00013175698573951195, 0.2149397901480957, 0, 0, 0.03857581598654605, 0.015678504950564255, 0.00402636741089939, 0, 0.05129937439493795, 0), (0, 0, 0, 0, 0, 0, 0, 0, 0, 0, 0, 0, 0, 0, 0, 0, 0, 0, 0, 0, 0, 0, 0, 0, 0, 0.045224567067496654, 0, 0, 0, 0, 0, 0, 0, 0, 0, 0, 0, 0, 0, 0), (0, 0, 0, 0, 0, 0, 0, 0, 0, 0, 0, 0, 0, 0, 0, 0, 0, 0, 0, 0, 0, 0, 0, 0, 0, 0, 0, 0, 0, 0, 0, 0, 0, 0, 0, 0, 0, 0, 0, 0), (0, 0, 0, 0, 0, 0, 0, 0, 0, 0, 0, 0, 0, 0, 0, 0, 0, 0, 0, 0, 0, 0, 0, 0, 0, 0, 0, 0, 0, 0, 0, 0, 0, 0, 0, 0, 0, 0, 0, 0), (0, 0, 0, 0, 0, 0, 0, 0, 0, 0, 0, 0, 0, 0, 0, 0, 0, 0, 0, 0, 0, 0, 0, 0, 0, 0, 0, 0, 0, 0, 0, 0, 0, 0, 0, 0, 0, 0, 0, 0), (0, 0, 0, 0, 0, 0, 0, 0, 0, 0, 0, 0, 0, 0, 0, 0, 0, 0, 0, 0, 0, 0, 0, 0, 0, 0, 0, 0, 0, 0, 0, 0, 0, 0, 0, 0, 0, 0, 0, 0), (0, 0, 0, 0, 0, 0, 0, 0, 0, 0, 0, 0, 0, 0, 0, 0, 0, 0, 0, 0, 0, 0, 0, 0, 0, 0, 0, 0, 0, 0, 0, 0, 0, 0, 0, 0, 0, 0, 0, 0), (0, 0, 0, 0, 0, 0, 0, 0, 0, 0, 0, 0, 0, 0, 0, 0, 0, 0, 0, 0, 0, 0, 0, 0, 0, 0, 0, 0, 0, 0, 0, 0, 0, 0, 0, 0, 0, 0, 0, 0)]}}
AdaptationManager: Configuring next round...
{'client_registry': {'enabled': True, 'params': {}}, 'client_selector': {'enabled': True, 'params': {'selection_strategy': 'Resource-Based', 'selection_criteria': 'CPU', 'selection_value': 2}}, 'client_cluster': {'enabled': False, 'params': {}}, 'message_compressor': {'enabled': False, 'params': {}}, 'model_co-versioning_registry': {'enabled': False, 'params': {}}, 'multi-task_model_trainer': {'enabled': False, 'params': {}}, 'heterogeneous_data_handler': {'enabled': True, 'params': {'enabled_clients': []}}}
{'client_selector': {'enabled': False}, 'client_cluster': {'enabled': False}, 'message_compressor': {'enabled': False}, 'model_co-versioning_registry': {'enabled': False}, 'multi-task_model_trainer': {'enabled': False}, 'heterogeneous_data_handler': {'enabled': True, 'params': {'enabled_clients': ['Client 1', 'Client 2', 'Client 3', 'Client 4', 'Client 5', 'Client 6', 'Client 7', 'Client 8', 'Client 9', 'Client 10', 'Client 11', 'Client 12', 'Client 13', 'Client 14', 'Client 15', 'Client 16', 'Client 17', 'Client 18', 'Client 19', 'Client 20', 'Client 21', 'Client 22', 'Client 23', 'Client 24', 'Client 25', 'Client 26', 'Client 27', 'Client 28', 'Client 29', 'Client 30', 'Client 31', 'Client 32', 'Client 33', 'Client 34', 'Client 35', 'Client 36', 'Client 37', 'Client 38', 'Client 39', 'Client 40']}}, 'client_registry': {'enabled': True, 'params': {}}}
round 21, 30 high, 10 low, 0.0-iid clients, predicted best policy: client_selector de-activated ❌
Configuring client 1...
Client 1 done.
Configuring client 2...
Client 2 done.
Configuring client 3...
Client 3 done.
Configuring client 4...
Client 4 done.
Configuring client 5...
Client 5 done.
Configuring client 6...
Client 6 done.
Configuring client 7...
Client 7 done.
Configuring client 8...
Client 8 done.
Configuring client 9...
Client 9 done.
Configuring client 10...
Client 10 done.
Configuring client 11...
Client 11 done.
Configuring client 12...
Client 12 done.
Configuring client 13...
Client 13 done.
Configuring client 14...
Client 14 done.
Configuring client 15...
Client 15 done.
Configuring client 16...
Client 16 done.
Configuring client 17...
Client 17 done.
Configuring client 18...
Client 18 done.
Configuring client 19...
Client 19 done.
Configuring client 20...
Client 20 done.
Configuring client 21...
Client 21 done.
Configuring client 22...
Client 22 done.
Configuring client 23...
Client 23 done.
Configuring client 24...
Client 24 done.
Configuring client 25...
Client 25 done.
Configuring client 26...
Client 26 done.
Configuring client 27...
Client 27 done.
Configuring client 28...
Client 28 done.
Configuring client 29...
Client 29 done.
Configuring client 30...
Client 30 done.
Configuring client 31...
Client 31 done.
Configuring client 32...
Client 32 done.
Configuring client 33...
Client 33 done.
Configuring client 34...
Client 34 done.
Configuring client 35...
Client 35 done.
Configuring client 36...
Client 36 done.
Configuring client 37...
Client 37 done.
Configuring client 38...
Client 38 done.
Configuring client 39...
Client 39 done.
Configuring client 40...
Client 40 done.
heterogeneous_data_handler activated ✅ for clients: ['Client 1', 'Client 2', 'Client 3', 'Client 4', 'Client 5', 'Client 6', 'Client 7', 'Client 8', 'Client 9', 'Client 10', 'Client 11', 'Client 12', 'Client 13', 'Client 14', 'Client 15', 'Client 16', 'Client 17', 'Client 18', 'Client 19', 'Client 20', 'Client 21', 'Client 22', 'Client 23', 'Client 24', 'Client 25', 'Client 26', 'Client 27', 'Client 28', 'Client 29', 'Client 30', 'Client 31', 'Client 32', 'Client 33', 'Client 34', 'Client 35', 'Client 36', 'Client 37', 'Client 38', 'Client 39', 'Client 40']
