==========================================
  ___  ______  ___ ______       _ 
 / _ \ | ___ \/   ||  ___|     | |
/ /_\ \| |_/ / /| || |_ ___  __| |
|  _  ||  __/ /_| ||  _/ _ \/ _` |
| | | || |  \___  || ||  __/ (_| |
\_| |_/\_|      |_/\_| \___|\__,_| v.1.5.0

==========================================
Simulation Started!
List of the Architectural Patterns enabled:
Adaptation Enabled ✅
Metric: val_f1,jsd, local predictor-based: predictors/f1overtime_tree_hdh-pca_45600.pkl
Client Registry ✅
Heterogeneous Data Handler ✅
 AP Parameters: {'enabled_clients': []}
==========================================
Results Aggregated in 1.71 seconds.
{'prostate_logreg': {'train_loss': [0.671476195543156], 'train_accuracy': [0.5983096085409253], 'train_f1': [0.5439991964960171], 'train_mae': [0.40169039145907476], 'val_loss': [0.6894595481082806], 'val_accuracy': [0.5654340501249338], 'val_f1': [0.5155910240748541], 'val_mae': [0.4345659498750663], 'jsd': [(0.0034642219743328505, 0.00042941623229211627, 0.021538652516748455, 0.02272086873228655, 0.0012206713952879027, 0.0014409891346113153, 0.042666013215726564, 0.03600088831260688, 0.001452967385689341, 0.022022771157485542, 0.0012206713952879027, 0.12306145811218505, 0.021538652516748455, 0.02272086873228655, 0.0030171758098115793, 0.0007052449150227041, 0.042666013215726564, 0.045824702319694016, 0.022022771157485542, 0.04399676213315208, 0.03600088831260688, 0.0012206713952879027, 0.0012206713952879027, 0.0012206713952879027, 0.0014409891346113153, 0.0012206713952879027, 0.00040919789219141973, 0.0033536538076340758, 0.001452967385689341, 0.021538652516748455, 0.021538652516748455, 0.022022771157485542, 0.12306145811218505, 0.0003843884653275346, 0.042666013215726564, 0.0034642219743328505, 0.0012206713952879027, 0.00042941623229211627, 0.021371214021228643, 0.0030171758098115793)]}}
AdaptationManager: Configuring next round...
{'client_registry': {'enabled': True, 'params': {}}, 'client_selector': {'enabled': False, 'params': {}}, 'client_cluster': {'enabled': False, 'params': {}}, 'message_compressor': {'enabled': False, 'params': {}}, 'model_co-versioning_registry': {'enabled': False, 'params': {}}, 'multi-task_model_trainer': {'enabled': False, 'params': {}}, 'heterogeneous_data_handler': {'enabled': True, 'params': {'enabled_clients': []}}}
{'client_selector': {'enabled': False}, 'client_cluster': {'enabled': False}, 'message_compressor': {'enabled': False}, 'model_co-versioning_registry': {'enabled': False}, 'multi-task_model_trainer': {'enabled': False}, 'heterogeneous_data_handler': {'enabled': True}, 'client_registry': {'enabled': True, 'params': {}}}
client 1, predicted wo:0.3579 vs w:0.3579
client 2, predicted wo:0.3579 vs w:0.3579
client 3, predicted wo:0.3579 vs w:0.3579
client 4, predicted wo:0.3579 vs w:0.3579
client 5, predicted wo:0.3579 vs w:0.3579
client 6, predicted wo:0.3579 vs w:0.3579
client 7, predicted wo:0.3579 vs w:0.3579
client 8, predicted wo:0.3579 vs w:0.3579
client 9, predicted wo:0.3579 vs w:0.3579
client 10, predicted wo:0.3579 vs w:0.3579
client 11, predicted wo:0.3579 vs w:0.3579
client 12, predicted wo:0.3579 vs w:0.3579
client 13, predicted wo:0.3579 vs w:0.3579
client 14, predicted wo:0.3579 vs w:0.3579
client 15, predicted wo:0.3579 vs w:0.3579
client 16, predicted wo:0.3579 vs w:0.3579
client 17, predicted wo:0.3579 vs w:0.3579
client 18, predicted wo:0.3579 vs w:0.3579
client 19, predicted wo:0.3579 vs w:0.3579
client 20, predicted wo:0.3579 vs w:0.3579
client 21, predicted wo:0.3579 vs w:0.3579
client 22, predicted wo:0.3579 vs w:0.3579
client 23, predicted wo:0.3579 vs w:0.3579
client 24, predicted wo:0.3579 vs w:0.3579
client 25, predicted wo:0.3579 vs w:0.3579
client 26, predicted wo:0.3579 vs w:0.3579
client 27, predicted wo:0.3579 vs w:0.3579
client 28, predicted wo:0.3579 vs w:0.3579
client 29, predicted wo:0.3579 vs w:0.3579
client 30, predicted wo:0.3579 vs w:0.3579
client 31, predicted wo:0.3579 vs w:0.3579
client 32, predicted wo:0.3579 vs w:0.3579
client 33, predicted wo:0.3579 vs w:0.3579
client 34, predicted wo:0.3579 vs w:0.3579
client 35, predicted wo:0.3579 vs w:0.3579
client 36, predicted wo:0.3579 vs w:0.3579
client 37, predicted wo:0.3579 vs w:0.3579
client 38, predicted wo:0.3579 vs w:0.3579
client 39, predicted wo:0.3579 vs w:0.3579
client 40, predicted wo:0.3579 vs w:0.3579
heterogeneous_data_handler activated ✅ for clients: ['Client 1', 'Client 2', 'Client 3', 'Client 4', 'Client 5', 'Client 6', 'Client 7', 'Client 8', 'Client 9', 'Client 10', 'Client 11', 'Client 12', 'Client 13', 'Client 14', 'Client 15', 'Client 16', 'Client 17', 'Client 18', 'Client 19', 'Client 20', 'Client 21', 'Client 22', 'Client 23', 'Client 24', 'Client 25', 'Client 26', 'Client 27', 'Client 28', 'Client 29', 'Client 30', 'Client 31', 'Client 32', 'Client 33', 'Client 34', 'Client 35', 'Client 36', 'Client 37', 'Client 38', 'Client 39', 'Client 40']
Results Aggregated in 0.66 seconds.
{'prostate_logreg': {'train_loss': [0.671476195543156, 0.65496635325253], 'train_accuracy': [0.5983096085409253, 0.6200892857142857], 'train_f1': [0.5439991964960171, 0.6104410673228823], 'train_mae': [0.40169039145907476, 0.37991071428571427], 'val_loss': [0.6894595481082806, 0.6613943262680564], 'val_accuracy': [0.5654340501249338, 0.6215306800911854], 'val_f1': [0.5155910240748541, 0.5858082664015432], 'val_mae': [0.4345659498750663, 0.3784693199088146], 'jsd': [(0.0034642219743328505, 0.00042941623229211627, 0.021538652516748455, 0.02272086873228655, 0.0012206713952879027, 0.0014409891346113153, 0.042666013215726564, 0.03600088831260688, 0.001452967385689341, 0.022022771157485542, 0.0012206713952879027, 0.12306145811218505, 0.021538652516748455, 0.02272086873228655, 0.0030171758098115793, 0.0007052449150227041, 0.042666013215726564, 0.045824702319694016, 0.022022771157485542, 0.04399676213315208, 0.03600088831260688, 0.0012206713952879027, 0.0012206713952879027, 0.0012206713952879027, 0.0014409891346113153, 0.0012206713952879027, 0.00040919789219141973, 0.0033536538076340758, 0.001452967385689341, 0.021538652516748455, 0.021538652516748455, 0.022022771157485542, 0.12306145811218505, 0.0003843884653275346, 0.042666013215726564, 0.0034642219743328505, 0.0012206713952879027, 0.00042941623229211627, 0.021371214021228643, 0.0030171758098115793), (0, 0, 0, 0, 0, 0, 0, 0, 0, 0, 0, 0, 0, 0, 0, 0, 0, 0, 0, 0, 0, 0, 0, 0, 0, 0, 0, 0, 0, 0, 0, 0, 0, 0, 0, 0, 0, 0, 0, 0)]}}
AdaptationManager: Configuring next round...
{'client_registry': {'enabled': True, 'params': {}}, 'client_selector': {'enabled': False, 'params': {}}, 'client_cluster': {'enabled': False, 'params': {}}, 'message_compressor': {'enabled': False, 'params': {}}, 'model_co-versioning_registry': {'enabled': False, 'params': {}}, 'multi-task_model_trainer': {'enabled': False, 'params': {}}, 'heterogeneous_data_handler': {'enabled': True, 'params': {'enabled_clients': []}}}
{'client_selector': {'enabled': False}, 'client_cluster': {'enabled': False}, 'message_compressor': {'enabled': False}, 'model_co-versioning_registry': {'enabled': False}, 'multi-task_model_trainer': {'enabled': False}, 'heterogeneous_data_handler': {'enabled': True, 'params': {'enabled_clients': ['Client 1', 'Client 2', 'Client 3', 'Client 4', 'Client 5', 'Client 6', 'Client 7', 'Client 8', 'Client 9', 'Client 10', 'Client 11', 'Client 12', 'Client 13', 'Client 14', 'Client 15', 'Client 16', 'Client 17', 'Client 18', 'Client 19', 'Client 20', 'Client 21', 'Client 22', 'Client 23', 'Client 24', 'Client 25', 'Client 26', 'Client 27', 'Client 28', 'Client 29', 'Client 30', 'Client 31', 'Client 32', 'Client 33', 'Client 34', 'Client 35', 'Client 36', 'Client 37', 'Client 38', 'Client 39', 'Client 40']}}, 'client_registry': {'enabled': True, 'params': {}}}
client 1, predicted wo:0.7445 vs w:0.7445
client 2, predicted wo:0.7445 vs w:0.7445
client 3, predicted wo:0.7445 vs w:0.7445
client 4, predicted wo:0.7445 vs w:0.7445
client 5, predicted wo:0.7445 vs w:0.7445
client 6, predicted wo:0.7445 vs w:0.7445
client 7, predicted wo:0.7445 vs w:0.7445
client 8, predicted wo:0.7445 vs w:0.7445
client 9, predicted wo:0.7445 vs w:0.7445
client 10, predicted wo:0.7445 vs w:0.7445
client 11, predicted wo:0.7445 vs w:0.7445
client 12, predicted wo:0.7445 vs w:0.7445
client 13, predicted wo:0.7445 vs w:0.7445
client 14, predicted wo:0.7445 vs w:0.7445
client 15, predicted wo:0.7445 vs w:0.7445
client 16, predicted wo:0.7445 vs w:0.7445
client 17, predicted wo:0.7445 vs w:0.7445
client 18, predicted wo:0.7445 vs w:0.7445
client 19, predicted wo:0.7445 vs w:0.7445
client 20, predicted wo:0.7445 vs w:0.7445
client 21, predicted wo:0.7445 vs w:0.7445
client 22, predicted wo:0.7445 vs w:0.7445
client 23, predicted wo:0.7445 vs w:0.7445
client 24, predicted wo:0.7445 vs w:0.7445
client 25, predicted wo:0.7445 vs w:0.7445
client 26, predicted wo:0.7445 vs w:0.7445
client 27, predicted wo:0.7445 vs w:0.7445
client 28, predicted wo:0.7445 vs w:0.7445
client 29, predicted wo:0.7445 vs w:0.7445
client 30, predicted wo:0.7445 vs w:0.7445
client 31, predicted wo:0.7445 vs w:0.7445
client 32, predicted wo:0.7445 vs w:0.7445
client 33, predicted wo:0.7445 vs w:0.7445
client 34, predicted wo:0.7445 vs w:0.7445
client 35, predicted wo:0.7445 vs w:0.7445
client 36, predicted wo:0.7445 vs w:0.7445
client 37, predicted wo:0.7445 vs w:0.7445
client 38, predicted wo:0.7445 vs w:0.7445
client 39, predicted wo:0.7445 vs w:0.7445
client 40, predicted wo:0.7445 vs w:0.7445
heterogeneous_data_handler activated ✅ for clients: ['Client 1', 'Client 2', 'Client 3', 'Client 4', 'Client 5', 'Client 6', 'Client 7', 'Client 8', 'Client 9', 'Client 10', 'Client 11', 'Client 12', 'Client 13', 'Client 14', 'Client 15', 'Client 16', 'Client 17', 'Client 18', 'Client 19', 'Client 20', 'Client 21', 'Client 22', 'Client 23', 'Client 24', 'Client 25', 'Client 26', 'Client 27', 'Client 28', 'Client 29', 'Client 30', 'Client 31', 'Client 32', 'Client 33', 'Client 34', 'Client 35', 'Client 36', 'Client 37', 'Client 38', 'Client 39', 'Client 40']
Results Aggregated in 0.27 seconds.
{'prostate_logreg': {'train_loss': [0.671476195543156, 0.65496635325253, 0.6286483978985675], 'train_accuracy': [0.5983096085409253, 0.6200892857142857, 0.6629464285714286], 'train_f1': [0.5439991964960171, 0.6104410673228823, 0.6581591955491977], 'train_mae': [0.40169039145907476, 0.37991071428571427, 0.33705357142857145], 'val_loss': [0.6894595481082806, 0.6613943262680564, 0.639485404980317], 'val_accuracy': [0.5654340501249338, 0.6215306800911854, 0.6552589918946302], 'val_f1': [0.5155910240748541, 0.5858082664015432, 0.628779516742462], 'val_mae': [0.4345659498750663, 0.3784693199088146, 0.34474100810536984], 'jsd': [(0.0034642219743328505, 0.00042941623229211627, 0.021538652516748455, 0.02272086873228655, 0.0012206713952879027, 0.0014409891346113153, 0.042666013215726564, 0.03600088831260688, 0.001452967385689341, 0.022022771157485542, 0.0012206713952879027, 0.12306145811218505, 0.021538652516748455, 0.02272086873228655, 0.0030171758098115793, 0.0007052449150227041, 0.042666013215726564, 0.045824702319694016, 0.022022771157485542, 0.04399676213315208, 0.03600088831260688, 0.0012206713952879027, 0.0012206713952879027, 0.0012206713952879027, 0.0014409891346113153, 0.0012206713952879027, 0.00040919789219141973, 0.0033536538076340758, 0.001452967385689341, 0.021538652516748455, 0.021538652516748455, 0.022022771157485542, 0.12306145811218505, 0.0003843884653275346, 0.042666013215726564, 0.0034642219743328505, 0.0012206713952879027, 0.00042941623229211627, 0.021371214021228643, 0.0030171758098115793), (0, 0, 0, 0, 0, 0, 0, 0, 0, 0, 0, 0, 0, 0, 0, 0, 0, 0, 0, 0, 0, 0, 0, 0, 0, 0, 0, 0, 0, 0, 0, 0, 0, 0, 0, 0, 0, 0, 0, 0), (0, 0, 0, 0, 0, 0, 0, 0, 0, 0, 0, 0, 0, 0, 0, 0, 0, 0, 0, 0, 0, 0, 0, 0, 0, 0, 0, 0, 0, 0, 0, 0, 0, 0, 0, 0, 0, 0, 0, 0)]}}
AdaptationManager: Configuring next round...
{'client_registry': {'enabled': True, 'params': {}}, 'client_selector': {'enabled': False, 'params': {}}, 'client_cluster': {'enabled': False, 'params': {}}, 'message_compressor': {'enabled': False, 'params': {}}, 'model_co-versioning_registry': {'enabled': False, 'params': {}}, 'multi-task_model_trainer': {'enabled': False, 'params': {}}, 'heterogeneous_data_handler': {'enabled': True, 'params': {'enabled_clients': []}}}
{'client_selector': {'enabled': False}, 'client_cluster': {'enabled': False}, 'message_compressor': {'enabled': False}, 'model_co-versioning_registry': {'enabled': False}, 'multi-task_model_trainer': {'enabled': False}, 'heterogeneous_data_handler': {'enabled': True, 'params': {'enabled_clients': ['Client 1', 'Client 2', 'Client 3', 'Client 4', 'Client 5', 'Client 6', 'Client 7', 'Client 8', 'Client 9', 'Client 10', 'Client 11', 'Client 12', 'Client 13', 'Client 14', 'Client 15', 'Client 16', 'Client 17', 'Client 18', 'Client 19', 'Client 20', 'Client 21', 'Client 22', 'Client 23', 'Client 24', 'Client 25', 'Client 26', 'Client 27', 'Client 28', 'Client 29', 'Client 30', 'Client 31', 'Client 32', 'Client 33', 'Client 34', 'Client 35', 'Client 36', 'Client 37', 'Client 38', 'Client 39', 'Client 40']}}, 'client_registry': {'enabled': True, 'params': {}}}
client 1, predicted wo:0.7445 vs w:0.7445
client 2, predicted wo:0.7445 vs w:0.7445
client 3, predicted wo:0.7445 vs w:0.7445
client 4, predicted wo:0.7445 vs w:0.7445
client 5, predicted wo:0.7445 vs w:0.7445
client 6, predicted wo:0.7445 vs w:0.7445
client 7, predicted wo:0.7445 vs w:0.7445
client 8, predicted wo:0.7445 vs w:0.7445
client 9, predicted wo:0.7445 vs w:0.7445
client 10, predicted wo:0.7445 vs w:0.7445
client 11, predicted wo:0.7445 vs w:0.7445
client 12, predicted wo:0.7445 vs w:0.7445
client 13, predicted wo:0.7445 vs w:0.7445
client 14, predicted wo:0.7445 vs w:0.7445
client 15, predicted wo:0.7445 vs w:0.7445
client 16, predicted wo:0.7445 vs w:0.7445
client 17, predicted wo:0.7445 vs w:0.7445
client 18, predicted wo:0.7445 vs w:0.7445
client 19, predicted wo:0.7445 vs w:0.7445
client 20, predicted wo:0.7445 vs w:0.7445
client 21, predicted wo:0.7445 vs w:0.7445
client 22, predicted wo:0.7445 vs w:0.7445
client 23, predicted wo:0.7445 vs w:0.7445
client 24, predicted wo:0.7445 vs w:0.7445
client 25, predicted wo:0.7445 vs w:0.7445
client 26, predicted wo:0.7445 vs w:0.7445
client 27, predicted wo:0.7445 vs w:0.7445
client 28, predicted wo:0.7445 vs w:0.7445
client 29, predicted wo:0.7445 vs w:0.7445
client 30, predicted wo:0.7445 vs w:0.7445
client 31, predicted wo:0.7445 vs w:0.7445
client 32, predicted wo:0.7445 vs w:0.7445
client 33, predicted wo:0.7445 vs w:0.7445
client 34, predicted wo:0.7445 vs w:0.7445
client 35, predicted wo:0.7445 vs w:0.7445
client 36, predicted wo:0.7445 vs w:0.7445
client 37, predicted wo:0.7445 vs w:0.7445
client 38, predicted wo:0.7445 vs w:0.7445
client 39, predicted wo:0.7445 vs w:0.7445
client 40, predicted wo:0.7445 vs w:0.7445
heterogeneous_data_handler activated ✅ for clients: ['Client 1', 'Client 2', 'Client 3', 'Client 4', 'Client 5', 'Client 6', 'Client 7', 'Client 8', 'Client 9', 'Client 10', 'Client 11', 'Client 12', 'Client 13', 'Client 14', 'Client 15', 'Client 16', 'Client 17', 'Client 18', 'Client 19', 'Client 20', 'Client 21', 'Client 22', 'Client 23', 'Client 24', 'Client 25', 'Client 26', 'Client 27', 'Client 28', 'Client 29', 'Client 30', 'Client 31', 'Client 32', 'Client 33', 'Client 34', 'Client 35', 'Client 36', 'Client 37', 'Client 38', 'Client 39', 'Client 40']
Results Aggregated in 0.23 seconds.
{'prostate_logreg': {'train_loss': [0.671476195543156, 0.65496635325253, 0.6286483978985675, 0.6079667026975325], 'train_accuracy': [0.5983096085409253, 0.6200892857142857, 0.6629464285714286, 0.6941964285714286], 'train_f1': [0.5439991964960171, 0.6104410673228823, 0.6581591955491977, 0.6916671342790752], 'train_mae': [0.40169039145907476, 0.37991071428571427, 0.33705357142857145, 0.30580357142857145], 'val_loss': [0.6894595481082806, 0.6613943262680564, 0.639485404980317, 0.6222129593757119], 'val_accuracy': [0.5654340501249338, 0.6215306800911854, 0.6552589918946302, 0.6773959916413373], 'val_f1': [0.5155910240748541, 0.5858082664015432, 0.628779516742462, 0.6570726656806324], 'val_mae': [0.4345659498750663, 0.3784693199088146, 0.34474100810536984, 0.3226040083586626], 'jsd': [(0.0034642219743328505, 0.00042941623229211627, 0.021538652516748455, 0.02272086873228655, 0.0012206713952879027, 0.0014409891346113153, 0.042666013215726564, 0.03600088831260688, 0.001452967385689341, 0.022022771157485542, 0.0012206713952879027, 0.12306145811218505, 0.021538652516748455, 0.02272086873228655, 0.0030171758098115793, 0.0007052449150227041, 0.042666013215726564, 0.045824702319694016, 0.022022771157485542, 0.04399676213315208, 0.03600088831260688, 0.0012206713952879027, 0.0012206713952879027, 0.0012206713952879027, 0.0014409891346113153, 0.0012206713952879027, 0.00040919789219141973, 0.0033536538076340758, 0.001452967385689341, 0.021538652516748455, 0.021538652516748455, 0.022022771157485542, 0.12306145811218505, 0.0003843884653275346, 0.042666013215726564, 0.0034642219743328505, 0.0012206713952879027, 0.00042941623229211627, 0.021371214021228643, 0.0030171758098115793), (0, 0, 0, 0, 0, 0, 0, 0, 0, 0, 0, 0, 0, 0, 0, 0, 0, 0, 0, 0, 0, 0, 0, 0, 0, 0, 0, 0, 0, 0, 0, 0, 0, 0, 0, 0, 0, 0, 0, 0), (0, 0, 0, 0, 0, 0, 0, 0, 0, 0, 0, 0, 0, 0, 0, 0, 0, 0, 0, 0, 0, 0, 0, 0, 0, 0, 0, 0, 0, 0, 0, 0, 0, 0, 0, 0, 0, 0, 0, 0), (0, 0, 0, 0, 0, 0, 0, 0, 0, 0, 0, 0, 0, 0, 0, 0, 0, 0, 0, 0, 0, 0, 0, 0, 0, 0, 0, 0, 0, 0, 0, 0, 0, 0, 0, 0, 0, 0, 0, 0)]}}
AdaptationManager: Configuring next round...
{'client_registry': {'enabled': True, 'params': {}}, 'client_selector': {'enabled': False, 'params': {}}, 'client_cluster': {'enabled': False, 'params': {}}, 'message_compressor': {'enabled': False, 'params': {}}, 'model_co-versioning_registry': {'enabled': False, 'params': {}}, 'multi-task_model_trainer': {'enabled': False, 'params': {}}, 'heterogeneous_data_handler': {'enabled': True, 'params': {'enabled_clients': []}}}
{'client_selector': {'enabled': False}, 'client_cluster': {'enabled': False}, 'message_compressor': {'enabled': False}, 'model_co-versioning_registry': {'enabled': False}, 'multi-task_model_trainer': {'enabled': False}, 'heterogeneous_data_handler': {'enabled': True, 'params': {'enabled_clients': ['Client 1', 'Client 2', 'Client 3', 'Client 4', 'Client 5', 'Client 6', 'Client 7', 'Client 8', 'Client 9', 'Client 10', 'Client 11', 'Client 12', 'Client 13', 'Client 14', 'Client 15', 'Client 16', 'Client 17', 'Client 18', 'Client 19', 'Client 20', 'Client 21', 'Client 22', 'Client 23', 'Client 24', 'Client 25', 'Client 26', 'Client 27', 'Client 28', 'Client 29', 'Client 30', 'Client 31', 'Client 32', 'Client 33', 'Client 34', 'Client 35', 'Client 36', 'Client 37', 'Client 38', 'Client 39', 'Client 40']}}, 'client_registry': {'enabled': True, 'params': {}}}
client 1, predicted wo:0.7445 vs w:0.7445
client 2, predicted wo:0.7445 vs w:0.7445
client 3, predicted wo:0.7445 vs w:0.7445
client 4, predicted wo:0.7445 vs w:0.7445
client 5, predicted wo:0.7445 vs w:0.7445
client 6, predicted wo:0.7445 vs w:0.7445
client 7, predicted wo:0.7445 vs w:0.7445
client 8, predicted wo:0.7445 vs w:0.7445
client 9, predicted wo:0.7445 vs w:0.7445
client 10, predicted wo:0.7445 vs w:0.7445
client 11, predicted wo:0.7445 vs w:0.7445
client 12, predicted wo:0.7445 vs w:0.7445
client 13, predicted wo:0.7445 vs w:0.7445
client 14, predicted wo:0.7445 vs w:0.7445
client 15, predicted wo:0.7445 vs w:0.7445
client 16, predicted wo:0.7445 vs w:0.7445
client 17, predicted wo:0.7445 vs w:0.7445
client 18, predicted wo:0.7445 vs w:0.7445
client 19, predicted wo:0.7445 vs w:0.7445
client 20, predicted wo:0.7445 vs w:0.7445
client 21, predicted wo:0.7445 vs w:0.7445
client 22, predicted wo:0.7445 vs w:0.7445
client 23, predicted wo:0.7445 vs w:0.7445
client 24, predicted wo:0.7445 vs w:0.7445
client 25, predicted wo:0.7445 vs w:0.7445
client 26, predicted wo:0.7445 vs w:0.7445
client 27, predicted wo:0.7445 vs w:0.7445
client 28, predicted wo:0.7445 vs w:0.7445
client 29, predicted wo:0.7445 vs w:0.7445
client 30, predicted wo:0.7445 vs w:0.7445
client 31, predicted wo:0.7445 vs w:0.7445
client 32, predicted wo:0.7445 vs w:0.7445
client 33, predicted wo:0.7445 vs w:0.7445
client 34, predicted wo:0.7445 vs w:0.7445
client 35, predicted wo:0.7445 vs w:0.7445
client 36, predicted wo:0.7445 vs w:0.7445
client 37, predicted wo:0.7445 vs w:0.7445
client 38, predicted wo:0.7445 vs w:0.7445
client 39, predicted wo:0.7445 vs w:0.7445
client 40, predicted wo:0.7445 vs w:0.7445
heterogeneous_data_handler activated ✅ for clients: ['Client 1', 'Client 2', 'Client 3', 'Client 4', 'Client 5', 'Client 6', 'Client 7', 'Client 8', 'Client 9', 'Client 10', 'Client 11', 'Client 12', 'Client 13', 'Client 14', 'Client 15', 'Client 16', 'Client 17', 'Client 18', 'Client 19', 'Client 20', 'Client 21', 'Client 22', 'Client 23', 'Client 24', 'Client 25', 'Client 26', 'Client 27', 'Client 28', 'Client 29', 'Client 30', 'Client 31', 'Client 32', 'Client 33', 'Client 34', 'Client 35', 'Client 36', 'Client 37', 'Client 38', 'Client 39', 'Client 40']
Results Aggregated in 0.28 seconds.
{'prostate_logreg': {'train_loss': [0.671476195543156, 0.65496635325253, 0.6286483978985675, 0.6079667026975325, 0.5915096537609186], 'train_accuracy': [0.5983096085409253, 0.6200892857142857, 0.6629464285714286, 0.6941964285714286, 0.7127232142857143], 'train_f1': [0.5439991964960171, 0.6104410673228823, 0.6581591955491977, 0.6916671342790752, 0.7113674561837041], 'train_mae': [0.40169039145907476, 0.37991071428571427, 0.33705357142857145, 0.30580357142857145, 0.2872767857142857], 'val_loss': [0.6894595481082806, 0.6613943262680564, 0.639485404980317, 0.6222129593757119, 0.6084750378764827], 'val_accuracy': [0.5654340501249338, 0.6215306800911854, 0.6552589918946302, 0.6773959916413373, 0.6907310663627152], 'val_f1': [0.5155910240748541, 0.5858082664015432, 0.628779516742462, 0.6570726656806324, 0.6732385008175275], 'val_mae': [0.4345659498750663, 0.3784693199088146, 0.34474100810536984, 0.3226040083586626, 0.3092689336372847], 'jsd': [(0.0034642219743328505, 0.00042941623229211627, 0.021538652516748455, 0.02272086873228655, 0.0012206713952879027, 0.0014409891346113153, 0.042666013215726564, 0.03600088831260688, 0.001452967385689341, 0.022022771157485542, 0.0012206713952879027, 0.12306145811218505, 0.021538652516748455, 0.02272086873228655, 0.0030171758098115793, 0.0007052449150227041, 0.042666013215726564, 0.045824702319694016, 0.022022771157485542, 0.04399676213315208, 0.03600088831260688, 0.0012206713952879027, 0.0012206713952879027, 0.0012206713952879027, 0.0014409891346113153, 0.0012206713952879027, 0.00040919789219141973, 0.0033536538076340758, 0.001452967385689341, 0.021538652516748455, 0.021538652516748455, 0.022022771157485542, 0.12306145811218505, 0.0003843884653275346, 0.042666013215726564, 0.0034642219743328505, 0.0012206713952879027, 0.00042941623229211627, 0.021371214021228643, 0.0030171758098115793), (0, 0, 0, 0, 0, 0, 0, 0, 0, 0, 0, 0, 0, 0, 0, 0, 0, 0, 0, 0, 0, 0, 0, 0, 0, 0, 0, 0, 0, 0, 0, 0, 0, 0, 0, 0, 0, 0, 0, 0), (0, 0, 0, 0, 0, 0, 0, 0, 0, 0, 0, 0, 0, 0, 0, 0, 0, 0, 0, 0, 0, 0, 0, 0, 0, 0, 0, 0, 0, 0, 0, 0, 0, 0, 0, 0, 0, 0, 0, 0), (0, 0, 0, 0, 0, 0, 0, 0, 0, 0, 0, 0, 0, 0, 0, 0, 0, 0, 0, 0, 0, 0, 0, 0, 0, 0, 0, 0, 0, 0, 0, 0, 0, 0, 0, 0, 0, 0, 0, 0), (0, 0, 0, 0, 0, 0, 0, 0, 0, 0, 0, 0, 0, 0, 0, 0, 0, 0, 0, 0, 0, 0, 0, 0, 0, 0, 0, 0, 0, 0, 0, 0, 0, 0, 0, 0, 0, 0, 0, 0)]}}
AdaptationManager: Configuring next round...
{'client_registry': {'enabled': True, 'params': {}}, 'client_selector': {'enabled': False, 'params': {}}, 'client_cluster': {'enabled': False, 'params': {}}, 'message_compressor': {'enabled': False, 'params': {}}, 'model_co-versioning_registry': {'enabled': False, 'params': {}}, 'multi-task_model_trainer': {'enabled': False, 'params': {}}, 'heterogeneous_data_handler': {'enabled': True, 'params': {'enabled_clients': []}}}
{'client_selector': {'enabled': False}, 'client_cluster': {'enabled': False}, 'message_compressor': {'enabled': False}, 'model_co-versioning_registry': {'enabled': False}, 'multi-task_model_trainer': {'enabled': False}, 'heterogeneous_data_handler': {'enabled': True, 'params': {'enabled_clients': ['Client 1', 'Client 2', 'Client 3', 'Client 4', 'Client 5', 'Client 6', 'Client 7', 'Client 8', 'Client 9', 'Client 10', 'Client 11', 'Client 12', 'Client 13', 'Client 14', 'Client 15', 'Client 16', 'Client 17', 'Client 18', 'Client 19', 'Client 20', 'Client 21', 'Client 22', 'Client 23', 'Client 24', 'Client 25', 'Client 26', 'Client 27', 'Client 28', 'Client 29', 'Client 30', 'Client 31', 'Client 32', 'Client 33', 'Client 34', 'Client 35', 'Client 36', 'Client 37', 'Client 38', 'Client 39', 'Client 40']}}, 'client_registry': {'enabled': True, 'params': {}}}
client 1, predicted wo:0.7445 vs w:0.7445
client 2, predicted wo:0.7445 vs w:0.7445
client 3, predicted wo:0.7445 vs w:0.7445
client 4, predicted wo:0.7445 vs w:0.7445
client 5, predicted wo:0.7445 vs w:0.7445
client 6, predicted wo:0.7445 vs w:0.7445
client 7, predicted wo:0.7445 vs w:0.7445
client 8, predicted wo:0.7445 vs w:0.7445
client 9, predicted wo:0.7445 vs w:0.7445
client 10, predicted wo:0.7445 vs w:0.7445
client 11, predicted wo:0.7445 vs w:0.7445
client 12, predicted wo:0.7445 vs w:0.7445
client 13, predicted wo:0.7445 vs w:0.7445
client 14, predicted wo:0.7445 vs w:0.7445
client 15, predicted wo:0.7445 vs w:0.7445
client 16, predicted wo:0.7445 vs w:0.7445
client 17, predicted wo:0.7445 vs w:0.7445
client 18, predicted wo:0.7445 vs w:0.7445
client 19, predicted wo:0.7445 vs w:0.7445
client 20, predicted wo:0.7445 vs w:0.7445
client 21, predicted wo:0.7445 vs w:0.7445
client 22, predicted wo:0.7445 vs w:0.7445
client 23, predicted wo:0.7445 vs w:0.7445
client 24, predicted wo:0.7445 vs w:0.7445
client 25, predicted wo:0.7445 vs w:0.7445
client 26, predicted wo:0.7445 vs w:0.7445
client 27, predicted wo:0.7445 vs w:0.7445
client 28, predicted wo:0.7445 vs w:0.7445
client 29, predicted wo:0.7445 vs w:0.7445
client 30, predicted wo:0.7445 vs w:0.7445
client 31, predicted wo:0.7445 vs w:0.7445
client 32, predicted wo:0.7445 vs w:0.7445
client 33, predicted wo:0.7445 vs w:0.7445
client 34, predicted wo:0.7445 vs w:0.7445
client 35, predicted wo:0.7445 vs w:0.7445
client 36, predicted wo:0.7445 vs w:0.7445
client 37, predicted wo:0.7445 vs w:0.7445
client 38, predicted wo:0.7445 vs w:0.7445
client 39, predicted wo:0.7445 vs w:0.7445
client 40, predicted wo:0.7445 vs w:0.7445
heterogeneous_data_handler activated ✅ for clients: ['Client 1', 'Client 2', 'Client 3', 'Client 4', 'Client 5', 'Client 6', 'Client 7', 'Client 8', 'Client 9', 'Client 10', 'Client 11', 'Client 12', 'Client 13', 'Client 14', 'Client 15', 'Client 16', 'Client 17', 'Client 18', 'Client 19', 'Client 20', 'Client 21', 'Client 22', 'Client 23', 'Client 24', 'Client 25', 'Client 26', 'Client 27', 'Client 28', 'Client 29', 'Client 30', 'Client 31', 'Client 32', 'Client 33', 'Client 34', 'Client 35', 'Client 36', 'Client 37', 'Client 38', 'Client 39', 'Client 40']
Results Aggregated in 0.23 seconds.
{'prostate_logreg': {'train_loss': [0.671476195543156, 0.65496635325253, 0.6286483978985675, 0.6079667026975325, 0.5915096537609186, 0.5782627394955073], 'train_accuracy': [0.5983096085409253, 0.6200892857142857, 0.6629464285714286, 0.6941964285714286, 0.7127232142857143, 0.7263392857142857], 'train_f1': [0.5439991964960171, 0.6104410673228823, 0.6581591955491977, 0.6916671342790752, 0.7113674561837041, 0.7251976547029317], 'train_mae': [0.40169039145907476, 0.37991071428571427, 0.33705357142857145, 0.30580357142857145, 0.2872767857142857, 0.2736607142857143], 'val_loss': [0.6894595481082806, 0.6613943262680564, 0.639485404980317, 0.6222129593757119, 0.6084750378764827, 0.5975053555444412], 'val_accuracy': [0.5654340501249338, 0.6215306800911854, 0.6552589918946302, 0.6773959916413373, 0.6907310663627152, 0.6993845776342452], 'val_f1': [0.5155910240748541, 0.5858082664015432, 0.628779516742462, 0.6570726656806324, 0.6732385008175275, 0.683673148720071], 'val_mae': [0.4345659498750663, 0.3784693199088146, 0.34474100810536984, 0.3226040083586626, 0.3092689336372847, 0.30061542236575484], 'jsd': [(0.0034642219743328505, 0.00042941623229211627, 0.021538652516748455, 0.02272086873228655, 0.0012206713952879027, 0.0014409891346113153, 0.042666013215726564, 0.03600088831260688, 0.001452967385689341, 0.022022771157485542, 0.0012206713952879027, 0.12306145811218505, 0.021538652516748455, 0.02272086873228655, 0.0030171758098115793, 0.0007052449150227041, 0.042666013215726564, 0.045824702319694016, 0.022022771157485542, 0.04399676213315208, 0.03600088831260688, 0.0012206713952879027, 0.0012206713952879027, 0.0012206713952879027, 0.0014409891346113153, 0.0012206713952879027, 0.00040919789219141973, 0.0033536538076340758, 0.001452967385689341, 0.021538652516748455, 0.021538652516748455, 0.022022771157485542, 0.12306145811218505, 0.0003843884653275346, 0.042666013215726564, 0.0034642219743328505, 0.0012206713952879027, 0.00042941623229211627, 0.021371214021228643, 0.0030171758098115793), (0, 0, 0, 0, 0, 0, 0, 0, 0, 0, 0, 0, 0, 0, 0, 0, 0, 0, 0, 0, 0, 0, 0, 0, 0, 0, 0, 0, 0, 0, 0, 0, 0, 0, 0, 0, 0, 0, 0, 0), (0, 0, 0, 0, 0, 0, 0, 0, 0, 0, 0, 0, 0, 0, 0, 0, 0, 0, 0, 0, 0, 0, 0, 0, 0, 0, 0, 0, 0, 0, 0, 0, 0, 0, 0, 0, 0, 0, 0, 0), (0, 0, 0, 0, 0, 0, 0, 0, 0, 0, 0, 0, 0, 0, 0, 0, 0, 0, 0, 0, 0, 0, 0, 0, 0, 0, 0, 0, 0, 0, 0, 0, 0, 0, 0, 0, 0, 0, 0, 0), (0, 0, 0, 0, 0, 0, 0, 0, 0, 0, 0, 0, 0, 0, 0, 0, 0, 0, 0, 0, 0, 0, 0, 0, 0, 0, 0, 0, 0, 0, 0, 0, 0, 0, 0, 0, 0, 0, 0, 0), (0, 0, 0, 0, 0, 0, 0, 0, 0, 0, 0, 0, 0, 0, 0, 0, 0, 0, 0, 0, 0, 0, 0, 0, 0, 0, 0, 0, 0, 0, 0, 0, 0, 0, 0, 0, 0, 0, 0, 0)]}}
AdaptationManager: Configuring next round...
{'client_registry': {'enabled': True, 'params': {}}, 'client_selector': {'enabled': False, 'params': {}}, 'client_cluster': {'enabled': False, 'params': {}}, 'message_compressor': {'enabled': False, 'params': {}}, 'model_co-versioning_registry': {'enabled': False, 'params': {}}, 'multi-task_model_trainer': {'enabled': False, 'params': {}}, 'heterogeneous_data_handler': {'enabled': True, 'params': {'enabled_clients': []}}}
{'client_selector': {'enabled': False}, 'client_cluster': {'enabled': False}, 'message_compressor': {'enabled': False}, 'model_co-versioning_registry': {'enabled': False}, 'multi-task_model_trainer': {'enabled': False}, 'heterogeneous_data_handler': {'enabled': True, 'params': {'enabled_clients': ['Client 1', 'Client 2', 'Client 3', 'Client 4', 'Client 5', 'Client 6', 'Client 7', 'Client 8', 'Client 9', 'Client 10', 'Client 11', 'Client 12', 'Client 13', 'Client 14', 'Client 15', 'Client 16', 'Client 17', 'Client 18', 'Client 19', 'Client 20', 'Client 21', 'Client 22', 'Client 23', 'Client 24', 'Client 25', 'Client 26', 'Client 27', 'Client 28', 'Client 29', 'Client 30', 'Client 31', 'Client 32', 'Client 33', 'Client 34', 'Client 35', 'Client 36', 'Client 37', 'Client 38', 'Client 39', 'Client 40']}}, 'client_registry': {'enabled': True, 'params': {}}}
client 1, predicted wo:0.7445 vs w:0.7445
client 2, predicted wo:0.7445 vs w:0.7445
client 3, predicted wo:0.7445 vs w:0.7445
client 4, predicted wo:0.7445 vs w:0.7445
client 5, predicted wo:0.7445 vs w:0.7445
client 6, predicted wo:0.7445 vs w:0.7445
client 7, predicted wo:0.7445 vs w:0.7445
client 8, predicted wo:0.7445 vs w:0.7445
client 9, predicted wo:0.7445 vs w:0.7445
client 10, predicted wo:0.7445 vs w:0.7445
client 11, predicted wo:0.7445 vs w:0.7445
client 12, predicted wo:0.7445 vs w:0.7445
client 13, predicted wo:0.7445 vs w:0.7445
client 14, predicted wo:0.7445 vs w:0.7445
client 15, predicted wo:0.7445 vs w:0.7445
client 16, predicted wo:0.7445 vs w:0.7445
client 17, predicted wo:0.7445 vs w:0.7445
client 18, predicted wo:0.7445 vs w:0.7445
client 19, predicted wo:0.7445 vs w:0.7445
client 20, predicted wo:0.7445 vs w:0.7445
client 21, predicted wo:0.7445 vs w:0.7445
client 22, predicted wo:0.7445 vs w:0.7445
client 23, predicted wo:0.7445 vs w:0.7445
client 24, predicted wo:0.7445 vs w:0.7445
client 25, predicted wo:0.7445 vs w:0.7445
client 26, predicted wo:0.7445 vs w:0.7445
client 27, predicted wo:0.7445 vs w:0.7445
client 28, predicted wo:0.7445 vs w:0.7445
client 29, predicted wo:0.7445 vs w:0.7445
client 30, predicted wo:0.7445 vs w:0.7445
client 31, predicted wo:0.7445 vs w:0.7445
client 32, predicted wo:0.7445 vs w:0.7445
client 33, predicted wo:0.7445 vs w:0.7445
client 34, predicted wo:0.7445 vs w:0.7445
client 35, predicted wo:0.7445 vs w:0.7445
client 36, predicted wo:0.7445 vs w:0.7445
client 37, predicted wo:0.7445 vs w:0.7445
client 38, predicted wo:0.7445 vs w:0.7445
client 39, predicted wo:0.7445 vs w:0.7445
client 40, predicted wo:0.7445 vs w:0.7445
heterogeneous_data_handler activated ✅ for clients: ['Client 1', 'Client 2', 'Client 3', 'Client 4', 'Client 5', 'Client 6', 'Client 7', 'Client 8', 'Client 9', 'Client 10', 'Client 11', 'Client 12', 'Client 13', 'Client 14', 'Client 15', 'Client 16', 'Client 17', 'Client 18', 'Client 19', 'Client 20', 'Client 21', 'Client 22', 'Client 23', 'Client 24', 'Client 25', 'Client 26', 'Client 27', 'Client 28', 'Client 29', 'Client 30', 'Client 31', 'Client 32', 'Client 33', 'Client 34', 'Client 35', 'Client 36', 'Client 37', 'Client 38', 'Client 39', 'Client 40']
Results Aggregated in 0.23 seconds.
{'prostate_logreg': {'train_loss': [0.671476195543156, 0.65496635325253, 0.6286483978985675, 0.6079667026975325, 0.5915096537609186, 0.5782627394955073, 0.5675149603480739], 'train_accuracy': [0.5983096085409253, 0.6200892857142857, 0.6629464285714286, 0.6941964285714286, 0.7127232142857143, 0.7263392857142857, 0.7339285714285714], 'train_f1': [0.5439991964960171, 0.6104410673228823, 0.6581591955491977, 0.6916671342790752, 0.7113674561837041, 0.7251976547029317, 0.7328910678990316], 'train_mae': [0.40169039145907476, 0.37991071428571427, 0.33705357142857145, 0.30580357142857145, 0.2872767857142857, 0.2736607142857143, 0.26607142857142857], 'val_loss': [0.6894595481082806, 0.6613943262680564, 0.639485404980317, 0.6222129593757119, 0.6084750378764827, 0.5975053555444412, 0.5887946323686956], 'val_accuracy': [0.5654340501249338, 0.6215306800911854, 0.6552589918946302, 0.6773959916413373, 0.6907310663627152, 0.6993845776342452, 0.7054006775582574], 'val_f1': [0.5155910240748541, 0.5858082664015432, 0.628779516742462, 0.6570726656806324, 0.6732385008175275, 0.683673148720071, 0.691102484395094], 'val_mae': [0.4345659498750663, 0.3784693199088146, 0.34474100810536984, 0.3226040083586626, 0.3092689336372847, 0.30061542236575484, 0.2945993224417427], 'jsd': [(0.0034642219743328505, 0.00042941623229211627, 0.021538652516748455, 0.02272086873228655, 0.0012206713952879027, 0.0014409891346113153, 0.042666013215726564, 0.03600088831260688, 0.001452967385689341, 0.022022771157485542, 0.0012206713952879027, 0.12306145811218505, 0.021538652516748455, 0.02272086873228655, 0.0030171758098115793, 0.0007052449150227041, 0.042666013215726564, 0.045824702319694016, 0.022022771157485542, 0.04399676213315208, 0.03600088831260688, 0.0012206713952879027, 0.0012206713952879027, 0.0012206713952879027, 0.0014409891346113153, 0.0012206713952879027, 0.00040919789219141973, 0.0033536538076340758, 0.001452967385689341, 0.021538652516748455, 0.021538652516748455, 0.022022771157485542, 0.12306145811218505, 0.0003843884653275346, 0.042666013215726564, 0.0034642219743328505, 0.0012206713952879027, 0.00042941623229211627, 0.021371214021228643, 0.0030171758098115793), (0, 0, 0, 0, 0, 0, 0, 0, 0, 0, 0, 0, 0, 0, 0, 0, 0, 0, 0, 0, 0, 0, 0, 0, 0, 0, 0, 0, 0, 0, 0, 0, 0, 0, 0, 0, 0, 0, 0, 0), (0, 0, 0, 0, 0, 0, 0, 0, 0, 0, 0, 0, 0, 0, 0, 0, 0, 0, 0, 0, 0, 0, 0, 0, 0, 0, 0, 0, 0, 0, 0, 0, 0, 0, 0, 0, 0, 0, 0, 0), (0, 0, 0, 0, 0, 0, 0, 0, 0, 0, 0, 0, 0, 0, 0, 0, 0, 0, 0, 0, 0, 0, 0, 0, 0, 0, 0, 0, 0, 0, 0, 0, 0, 0, 0, 0, 0, 0, 0, 0), (0, 0, 0, 0, 0, 0, 0, 0, 0, 0, 0, 0, 0, 0, 0, 0, 0, 0, 0, 0, 0, 0, 0, 0, 0, 0, 0, 0, 0, 0, 0, 0, 0, 0, 0, 0, 0, 0, 0, 0), (0, 0, 0, 0, 0, 0, 0, 0, 0, 0, 0, 0, 0, 0, 0, 0, 0, 0, 0, 0, 0, 0, 0, 0, 0, 0, 0, 0, 0, 0, 0, 0, 0, 0, 0, 0, 0, 0, 0, 0), (0, 0, 0, 0, 0, 0, 0, 0, 0, 0, 0, 0, 0, 0, 0, 0, 0, 0, 0, 0, 0, 0, 0, 0, 0, 0, 0, 0, 0, 0, 0, 0, 0, 0, 0, 0, 0, 0, 0, 0)]}}
AdaptationManager: Configuring next round...
{'client_registry': {'enabled': True, 'params': {}}, 'client_selector': {'enabled': False, 'params': {}}, 'client_cluster': {'enabled': False, 'params': {}}, 'message_compressor': {'enabled': False, 'params': {}}, 'model_co-versioning_registry': {'enabled': False, 'params': {}}, 'multi-task_model_trainer': {'enabled': False, 'params': {}}, 'heterogeneous_data_handler': {'enabled': True, 'params': {'enabled_clients': []}}}
{'client_selector': {'enabled': False}, 'client_cluster': {'enabled': False}, 'message_compressor': {'enabled': False}, 'model_co-versioning_registry': {'enabled': False}, 'multi-task_model_trainer': {'enabled': False}, 'heterogeneous_data_handler': {'enabled': True, 'params': {'enabled_clients': ['Client 1', 'Client 2', 'Client 3', 'Client 4', 'Client 5', 'Client 6', 'Client 7', 'Client 8', 'Client 9', 'Client 10', 'Client 11', 'Client 12', 'Client 13', 'Client 14', 'Client 15', 'Client 16', 'Client 17', 'Client 18', 'Client 19', 'Client 20', 'Client 21', 'Client 22', 'Client 23', 'Client 24', 'Client 25', 'Client 26', 'Client 27', 'Client 28', 'Client 29', 'Client 30', 'Client 31', 'Client 32', 'Client 33', 'Client 34', 'Client 35', 'Client 36', 'Client 37', 'Client 38', 'Client 39', 'Client 40']}}, 'client_registry': {'enabled': True, 'params': {}}}
client 1, predicted wo:0.7445 vs w:0.7445
client 2, predicted wo:0.7445 vs w:0.7445
client 3, predicted wo:0.7445 vs w:0.7445
client 4, predicted wo:0.7445 vs w:0.7445
client 5, predicted wo:0.7445 vs w:0.7445
client 6, predicted wo:0.7445 vs w:0.7445
client 7, predicted wo:0.7445 vs w:0.7445
client 8, predicted wo:0.7445 vs w:0.7445
client 9, predicted wo:0.7445 vs w:0.7445
client 10, predicted wo:0.7445 vs w:0.7445
client 11, predicted wo:0.7445 vs w:0.7445
client 12, predicted wo:0.7445 vs w:0.7445
client 13, predicted wo:0.7445 vs w:0.7445
client 14, predicted wo:0.7445 vs w:0.7445
client 15, predicted wo:0.7445 vs w:0.7445
client 16, predicted wo:0.7445 vs w:0.7445
client 17, predicted wo:0.7445 vs w:0.7445
client 18, predicted wo:0.7445 vs w:0.7445
client 19, predicted wo:0.7445 vs w:0.7445
client 20, predicted wo:0.7445 vs w:0.7445
client 21, predicted wo:0.7445 vs w:0.7445
client 22, predicted wo:0.7445 vs w:0.7445
client 23, predicted wo:0.7445 vs w:0.7445
client 24, predicted wo:0.7445 vs w:0.7445
client 25, predicted wo:0.7445 vs w:0.7445
client 26, predicted wo:0.7445 vs w:0.7445
client 27, predicted wo:0.7445 vs w:0.7445
client 28, predicted wo:0.7445 vs w:0.7445
client 29, predicted wo:0.7445 vs w:0.7445
client 30, predicted wo:0.7445 vs w:0.7445
client 31, predicted wo:0.7445 vs w:0.7445
client 32, predicted wo:0.7445 vs w:0.7445
client 33, predicted wo:0.7445 vs w:0.7445
client 34, predicted wo:0.7445 vs w:0.7445
client 35, predicted wo:0.7445 vs w:0.7445
client 36, predicted wo:0.7445 vs w:0.7445
client 37, predicted wo:0.7445 vs w:0.7445
client 38, predicted wo:0.7445 vs w:0.7445
client 39, predicted wo:0.7445 vs w:0.7445
client 40, predicted wo:0.7445 vs w:0.7445
heterogeneous_data_handler activated ✅ for clients: ['Client 1', 'Client 2', 'Client 3', 'Client 4', 'Client 5', 'Client 6', 'Client 7', 'Client 8', 'Client 9', 'Client 10', 'Client 11', 'Client 12', 'Client 13', 'Client 14', 'Client 15', 'Client 16', 'Client 17', 'Client 18', 'Client 19', 'Client 20', 'Client 21', 'Client 22', 'Client 23', 'Client 24', 'Client 25', 'Client 26', 'Client 27', 'Client 28', 'Client 29', 'Client 30', 'Client 31', 'Client 32', 'Client 33', 'Client 34', 'Client 35', 'Client 36', 'Client 37', 'Client 38', 'Client 39', 'Client 40']
Results Aggregated in 0.23 seconds.
{'prostate_logreg': {'train_loss': [0.671476195543156, 0.65496635325253, 0.6286483978985675, 0.6079667026975325, 0.5915096537609186, 0.5782627394955073, 0.5675149603480739, 0.5587077673391572], 'train_accuracy': [0.5983096085409253, 0.6200892857142857, 0.6629464285714286, 0.6941964285714286, 0.7127232142857143, 0.7263392857142857, 0.7339285714285714, 0.7386160714285714], 'train_f1': [0.5439991964960171, 0.6104410673228823, 0.6581591955491977, 0.6916671342790752, 0.7113674561837041, 0.7251976547029317, 0.7328910678990316, 0.7376820668463098], 'train_mae': [0.40169039145907476, 0.37991071428571427, 0.33705357142857145, 0.30580357142857145, 0.2872767857142857, 0.2736607142857143, 0.26607142857142857, 0.26138392857142856], 'val_loss': [0.6894595481082806, 0.6613943262680564, 0.639485404980317, 0.6222129593757119, 0.6084750378764827, 0.5975053555444412, 0.5887946323686956, 0.5819490396141206], 'val_accuracy': [0.5654340501249338, 0.6215306800911854, 0.6552589918946302, 0.6773959916413373, 0.6907310663627152, 0.6993845776342452, 0.7054006775582574, 0.7087603691742654], 'val_f1': [0.5155910240748541, 0.5858082664015432, 0.628779516742462, 0.6570726656806324, 0.6732385008175275, 0.683673148720071, 0.691102484395094, 0.6955871634208972], 'val_mae': [0.4345659498750663, 0.3784693199088146, 0.34474100810536984, 0.3226040083586626, 0.3092689336372847, 0.30061542236575484, 0.2945993224417427, 0.29123963082573456], 'jsd': [(0.0034642219743328505, 0.00042941623229211627, 0.021538652516748455, 0.02272086873228655, 0.0012206713952879027, 0.0014409891346113153, 0.042666013215726564, 0.03600088831260688, 0.001452967385689341, 0.022022771157485542, 0.0012206713952879027, 0.12306145811218505, 0.021538652516748455, 0.02272086873228655, 0.0030171758098115793, 0.0007052449150227041, 0.042666013215726564, 0.045824702319694016, 0.022022771157485542, 0.04399676213315208, 0.03600088831260688, 0.0012206713952879027, 0.0012206713952879027, 0.0012206713952879027, 0.0014409891346113153, 0.0012206713952879027, 0.00040919789219141973, 0.0033536538076340758, 0.001452967385689341, 0.021538652516748455, 0.021538652516748455, 0.022022771157485542, 0.12306145811218505, 0.0003843884653275346, 0.042666013215726564, 0.0034642219743328505, 0.0012206713952879027, 0.00042941623229211627, 0.021371214021228643, 0.0030171758098115793), (0, 0, 0, 0, 0, 0, 0, 0, 0, 0, 0, 0, 0, 0, 0, 0, 0, 0, 0, 0, 0, 0, 0, 0, 0, 0, 0, 0, 0, 0, 0, 0, 0, 0, 0, 0, 0, 0, 0, 0), (0, 0, 0, 0, 0, 0, 0, 0, 0, 0, 0, 0, 0, 0, 0, 0, 0, 0, 0, 0, 0, 0, 0, 0, 0, 0, 0, 0, 0, 0, 0, 0, 0, 0, 0, 0, 0, 0, 0, 0), (0, 0, 0, 0, 0, 0, 0, 0, 0, 0, 0, 0, 0, 0, 0, 0, 0, 0, 0, 0, 0, 0, 0, 0, 0, 0, 0, 0, 0, 0, 0, 0, 0, 0, 0, 0, 0, 0, 0, 0), (0, 0, 0, 0, 0, 0, 0, 0, 0, 0, 0, 0, 0, 0, 0, 0, 0, 0, 0, 0, 0, 0, 0, 0, 0, 0, 0, 0, 0, 0, 0, 0, 0, 0, 0, 0, 0, 0, 0, 0), (0, 0, 0, 0, 0, 0, 0, 0, 0, 0, 0, 0, 0, 0, 0, 0, 0, 0, 0, 0, 0, 0, 0, 0, 0, 0, 0, 0, 0, 0, 0, 0, 0, 0, 0, 0, 0, 0, 0, 0), (0, 0, 0, 0, 0, 0, 0, 0, 0, 0, 0, 0, 0, 0, 0, 0, 0, 0, 0, 0, 0, 0, 0, 0, 0, 0, 0, 0, 0, 0, 0, 0, 0, 0, 0, 0, 0, 0, 0, 0), (0, 0, 0, 0, 0, 0, 0, 0, 0, 0, 0, 0, 0, 0, 0, 0, 0, 0, 0, 0, 0, 0, 0, 0, 0, 0, 0, 0, 0, 0, 0, 0, 0, 0, 0, 0, 0, 0, 0, 0)]}}
AdaptationManager: Configuring next round...
{'client_registry': {'enabled': True, 'params': {}}, 'client_selector': {'enabled': False, 'params': {}}, 'client_cluster': {'enabled': False, 'params': {}}, 'message_compressor': {'enabled': False, 'params': {}}, 'model_co-versioning_registry': {'enabled': False, 'params': {}}, 'multi-task_model_trainer': {'enabled': False, 'params': {}}, 'heterogeneous_data_handler': {'enabled': True, 'params': {'enabled_clients': []}}}
{'client_selector': {'enabled': False}, 'client_cluster': {'enabled': False}, 'message_compressor': {'enabled': False}, 'model_co-versioning_registry': {'enabled': False}, 'multi-task_model_trainer': {'enabled': False}, 'heterogeneous_data_handler': {'enabled': True, 'params': {'enabled_clients': ['Client 1', 'Client 2', 'Client 3', 'Client 4', 'Client 5', 'Client 6', 'Client 7', 'Client 8', 'Client 9', 'Client 10', 'Client 11', 'Client 12', 'Client 13', 'Client 14', 'Client 15', 'Client 16', 'Client 17', 'Client 18', 'Client 19', 'Client 20', 'Client 21', 'Client 22', 'Client 23', 'Client 24', 'Client 25', 'Client 26', 'Client 27', 'Client 28', 'Client 29', 'Client 30', 'Client 31', 'Client 32', 'Client 33', 'Client 34', 'Client 35', 'Client 36', 'Client 37', 'Client 38', 'Client 39', 'Client 40']}}, 'client_registry': {'enabled': True, 'params': {}}}
client 1, predicted wo:0.7445 vs w:0.7445
client 2, predicted wo:0.7445 vs w:0.7445
client 3, predicted wo:0.7445 vs w:0.7445
client 4, predicted wo:0.7445 vs w:0.7445
client 5, predicted wo:0.7445 vs w:0.7445
client 6, predicted wo:0.7445 vs w:0.7445
client 7, predicted wo:0.7445 vs w:0.7445
client 8, predicted wo:0.7445 vs w:0.7445
client 9, predicted wo:0.7445 vs w:0.7445
client 10, predicted wo:0.7445 vs w:0.7445
client 11, predicted wo:0.7445 vs w:0.7445
client 12, predicted wo:0.7445 vs w:0.7445
client 13, predicted wo:0.7445 vs w:0.7445
client 14, predicted wo:0.7445 vs w:0.7445
client 15, predicted wo:0.7445 vs w:0.7445
client 16, predicted wo:0.7445 vs w:0.7445
client 17, predicted wo:0.7445 vs w:0.7445
client 18, predicted wo:0.7445 vs w:0.7445
client 19, predicted wo:0.7445 vs w:0.7445
client 20, predicted wo:0.7445 vs w:0.7445
client 21, predicted wo:0.7445 vs w:0.7445
client 22, predicted wo:0.7445 vs w:0.7445
client 23, predicted wo:0.7445 vs w:0.7445
client 24, predicted wo:0.7445 vs w:0.7445
client 25, predicted wo:0.7445 vs w:0.7445
client 26, predicted wo:0.7445 vs w:0.7445
client 27, predicted wo:0.7445 vs w:0.7445
client 28, predicted wo:0.7445 vs w:0.7445
client 29, predicted wo:0.7445 vs w:0.7445
client 30, predicted wo:0.7445 vs w:0.7445
client 31, predicted wo:0.7445 vs w:0.7445
client 32, predicted wo:0.7445 vs w:0.7445
client 33, predicted wo:0.7445 vs w:0.7445
client 34, predicted wo:0.7445 vs w:0.7445
client 35, predicted wo:0.7445 vs w:0.7445
client 36, predicted wo:0.7445 vs w:0.7445
client 37, predicted wo:0.7445 vs w:0.7445
client 38, predicted wo:0.7445 vs w:0.7445
client 39, predicted wo:0.7445 vs w:0.7445
client 40, predicted wo:0.7445 vs w:0.7445
heterogeneous_data_handler activated ✅ for clients: ['Client 1', 'Client 2', 'Client 3', 'Client 4', 'Client 5', 'Client 6', 'Client 7', 'Client 8', 'Client 9', 'Client 10', 'Client 11', 'Client 12', 'Client 13', 'Client 14', 'Client 15', 'Client 16', 'Client 17', 'Client 18', 'Client 19', 'Client 20', 'Client 21', 'Client 22', 'Client 23', 'Client 24', 'Client 25', 'Client 26', 'Client 27', 'Client 28', 'Client 29', 'Client 30', 'Client 31', 'Client 32', 'Client 33', 'Client 34', 'Client 35', 'Client 36', 'Client 37', 'Client 38', 'Client 39', 'Client 40']
Results Aggregated in 0.28 seconds.
{'prostate_logreg': {'train_loss': [0.671476195543156, 0.65496635325253, 0.6286483978985675, 0.6079667026975325, 0.5915096537609186, 0.5782627394955073, 0.5675149603480739, 0.5587077673391572, 0.5513721506776554], 'train_accuracy': [0.5983096085409253, 0.6200892857142857, 0.6629464285714286, 0.6941964285714286, 0.7127232142857143, 0.7263392857142857, 0.7339285714285714, 0.7386160714285714, 0.7435267857142858], 'train_f1': [0.5439991964960171, 0.6104410673228823, 0.6581591955491977, 0.6916671342790752, 0.7113674561837041, 0.7251976547029317, 0.7328910678990316, 0.7376820668463098, 0.7426015282399449], 'train_mae': [0.40169039145907476, 0.37991071428571427, 0.33705357142857145, 0.30580357142857145, 0.2872767857142857, 0.2736607142857143, 0.26607142857142857, 0.26138392857142856, 0.2564732142857143], 'val_loss': [0.6894595481082806, 0.6613943262680564, 0.639485404980317, 0.6222129593757119, 0.6084750378764827, 0.5975053555444412, 0.5887946323686956, 0.5819490396141206, 0.5765342236601246], 'val_accuracy': [0.5654340501249338, 0.6215306800911854, 0.6552589918946302, 0.6773959916413373, 0.6907310663627152, 0.6993845776342452, 0.7054006775582574, 0.7087603691742654, 0.7115873543566362], 'val_f1': [0.5155910240748541, 0.5858082664015432, 0.628779516742462, 0.6570726656806324, 0.6732385008175275, 0.683673148720071, 0.691102484395094, 0.6955871634208972, 0.6993545930727898], 'val_mae': [0.4345659498750663, 0.3784693199088146, 0.34474100810536984, 0.3226040083586626, 0.3092689336372847, 0.30061542236575484, 0.2945993224417427, 0.29123963082573456, 0.2884126456433637], 'jsd': [(0.0034642219743328505, 0.00042941623229211627, 0.021538652516748455, 0.02272086873228655, 0.0012206713952879027, 0.0014409891346113153, 0.042666013215726564, 0.03600088831260688, 0.001452967385689341, 0.022022771157485542, 0.0012206713952879027, 0.12306145811218505, 0.021538652516748455, 0.02272086873228655, 0.0030171758098115793, 0.0007052449150227041, 0.042666013215726564, 0.045824702319694016, 0.022022771157485542, 0.04399676213315208, 0.03600088831260688, 0.0012206713952879027, 0.0012206713952879027, 0.0012206713952879027, 0.0014409891346113153, 0.0012206713952879027, 0.00040919789219141973, 0.0033536538076340758, 0.001452967385689341, 0.021538652516748455, 0.021538652516748455, 0.022022771157485542, 0.12306145811218505, 0.0003843884653275346, 0.042666013215726564, 0.0034642219743328505, 0.0012206713952879027, 0.00042941623229211627, 0.021371214021228643, 0.0030171758098115793), (0, 0, 0, 0, 0, 0, 0, 0, 0, 0, 0, 0, 0, 0, 0, 0, 0, 0, 0, 0, 0, 0, 0, 0, 0, 0, 0, 0, 0, 0, 0, 0, 0, 0, 0, 0, 0, 0, 0, 0), (0, 0, 0, 0, 0, 0, 0, 0, 0, 0, 0, 0, 0, 0, 0, 0, 0, 0, 0, 0, 0, 0, 0, 0, 0, 0, 0, 0, 0, 0, 0, 0, 0, 0, 0, 0, 0, 0, 0, 0), (0, 0, 0, 0, 0, 0, 0, 0, 0, 0, 0, 0, 0, 0, 0, 0, 0, 0, 0, 0, 0, 0, 0, 0, 0, 0, 0, 0, 0, 0, 0, 0, 0, 0, 0, 0, 0, 0, 0, 0), (0, 0, 0, 0, 0, 0, 0, 0, 0, 0, 0, 0, 0, 0, 0, 0, 0, 0, 0, 0, 0, 0, 0, 0, 0, 0, 0, 0, 0, 0, 0, 0, 0, 0, 0, 0, 0, 0, 0, 0), (0, 0, 0, 0, 0, 0, 0, 0, 0, 0, 0, 0, 0, 0, 0, 0, 0, 0, 0, 0, 0, 0, 0, 0, 0, 0, 0, 0, 0, 0, 0, 0, 0, 0, 0, 0, 0, 0, 0, 0), (0, 0, 0, 0, 0, 0, 0, 0, 0, 0, 0, 0, 0, 0, 0, 0, 0, 0, 0, 0, 0, 0, 0, 0, 0, 0, 0, 0, 0, 0, 0, 0, 0, 0, 0, 0, 0, 0, 0, 0), (0, 0, 0, 0, 0, 0, 0, 0, 0, 0, 0, 0, 0, 0, 0, 0, 0, 0, 0, 0, 0, 0, 0, 0, 0, 0, 0, 0, 0, 0, 0, 0, 0, 0, 0, 0, 0, 0, 0, 0), (0, 0, 0, 0, 0, 0, 0, 0, 0, 0, 0, 0, 0, 0, 0, 0, 0, 0, 0, 0, 0, 0, 0, 0, 0, 0, 0, 0, 0, 0, 0, 0, 0, 0, 0, 0, 0, 0, 0, 0)]}}
AdaptationManager: Configuring next round...
{'client_registry': {'enabled': True, 'params': {}}, 'client_selector': {'enabled': False, 'params': {}}, 'client_cluster': {'enabled': False, 'params': {}}, 'message_compressor': {'enabled': False, 'params': {}}, 'model_co-versioning_registry': {'enabled': False, 'params': {}}, 'multi-task_model_trainer': {'enabled': False, 'params': {}}, 'heterogeneous_data_handler': {'enabled': True, 'params': {'enabled_clients': []}}}
{'client_selector': {'enabled': False}, 'client_cluster': {'enabled': False}, 'message_compressor': {'enabled': False}, 'model_co-versioning_registry': {'enabled': False}, 'multi-task_model_trainer': {'enabled': False}, 'heterogeneous_data_handler': {'enabled': True, 'params': {'enabled_clients': ['Client 1', 'Client 2', 'Client 3', 'Client 4', 'Client 5', 'Client 6', 'Client 7', 'Client 8', 'Client 9', 'Client 10', 'Client 11', 'Client 12', 'Client 13', 'Client 14', 'Client 15', 'Client 16', 'Client 17', 'Client 18', 'Client 19', 'Client 20', 'Client 21', 'Client 22', 'Client 23', 'Client 24', 'Client 25', 'Client 26', 'Client 27', 'Client 28', 'Client 29', 'Client 30', 'Client 31', 'Client 32', 'Client 33', 'Client 34', 'Client 35', 'Client 36', 'Client 37', 'Client 38', 'Client 39', 'Client 40']}}, 'client_registry': {'enabled': True, 'params': {}}}
client 1, predicted wo:0.7445 vs w:0.7445
client 2, predicted wo:0.7445 vs w:0.7445
client 3, predicted wo:0.7445 vs w:0.7445
client 4, predicted wo:0.7445 vs w:0.7445
client 5, predicted wo:0.7445 vs w:0.7445
client 6, predicted wo:0.7445 vs w:0.7445
client 7, predicted wo:0.7445 vs w:0.7445
client 8, predicted wo:0.7445 vs w:0.7445
client 9, predicted wo:0.7445 vs w:0.7445
client 10, predicted wo:0.7445 vs w:0.7445
client 11, predicted wo:0.7445 vs w:0.7445
client 12, predicted wo:0.7445 vs w:0.7445
client 13, predicted wo:0.7445 vs w:0.7445
client 14, predicted wo:0.7445 vs w:0.7445
client 15, predicted wo:0.7445 vs w:0.7445
client 16, predicted wo:0.7445 vs w:0.7445
client 17, predicted wo:0.7445 vs w:0.7445
client 18, predicted wo:0.7445 vs w:0.7445
client 19, predicted wo:0.7445 vs w:0.7445
client 20, predicted wo:0.7445 vs w:0.7445
client 21, predicted wo:0.7445 vs w:0.7445
client 22, predicted wo:0.7445 vs w:0.7445
client 23, predicted wo:0.7445 vs w:0.7445
client 24, predicted wo:0.7445 vs w:0.7445
client 25, predicted wo:0.7445 vs w:0.7445
client 26, predicted wo:0.7445 vs w:0.7445
client 27, predicted wo:0.7445 vs w:0.7445
client 28, predicted wo:0.7445 vs w:0.7445
client 29, predicted wo:0.7445 vs w:0.7445
client 30, predicted wo:0.7445 vs w:0.7445
client 31, predicted wo:0.7445 vs w:0.7445
client 32, predicted wo:0.7445 vs w:0.7445
client 33, predicted wo:0.7445 vs w:0.7445
client 34, predicted wo:0.7445 vs w:0.7445
client 35, predicted wo:0.7445 vs w:0.7445
client 36, predicted wo:0.7445 vs w:0.7445
client 37, predicted wo:0.7445 vs w:0.7445
client 38, predicted wo:0.7445 vs w:0.7445
client 39, predicted wo:0.7445 vs w:0.7445
client 40, predicted wo:0.7445 vs w:0.7445
heterogeneous_data_handler activated ✅ for clients: ['Client 1', 'Client 2', 'Client 3', 'Client 4', 'Client 5', 'Client 6', 'Client 7', 'Client 8', 'Client 9', 'Client 10', 'Client 11', 'Client 12', 'Client 13', 'Client 14', 'Client 15', 'Client 16', 'Client 17', 'Client 18', 'Client 19', 'Client 20', 'Client 21', 'Client 22', 'Client 23', 'Client 24', 'Client 25', 'Client 26', 'Client 27', 'Client 28', 'Client 29', 'Client 30', 'Client 31', 'Client 32', 'Client 33', 'Client 34', 'Client 35', 'Client 36', 'Client 37', 'Client 38', 'Client 39', 'Client 40']
Results Aggregated in 0.22 seconds.
{'prostate_logreg': {'train_loss': [0.671476195543156, 0.65496635325253, 0.6286483978985675, 0.6079667026975325, 0.5915096537609186, 0.5782627394955073, 0.5675149603480739, 0.5587077673391572, 0.5513721506776554, 0.5451675272413663], 'train_accuracy': [0.5983096085409253, 0.6200892857142857, 0.6629464285714286, 0.6941964285714286, 0.7127232142857143, 0.7263392857142857, 0.7339285714285714, 0.7386160714285714, 0.7435267857142858, 0.7479910714285715], 'train_f1': [0.5439991964960171, 0.6104410673228823, 0.6581591955491977, 0.6916671342790752, 0.7113674561837041, 0.7251976547029317, 0.7328910678990316, 0.7376820668463098, 0.7426015282399449, 0.7471084968937314], 'train_mae': [0.40169039145907476, 0.37991071428571427, 0.33705357142857145, 0.30580357142857145, 0.2872767857142857, 0.2736607142857143, 0.26607142857142857, 0.26138392857142856, 0.2564732142857143, 0.2520089285714286], 'val_loss': [0.6894595481082806, 0.6613943262680564, 0.639485404980317, 0.6222129593757119, 0.6084750378764827, 0.5975053555444412, 0.5887946323686956, 0.5819490396141206, 0.5765342236601246, 0.5721333286816512], 'val_accuracy': [0.5654340501249338, 0.6215306800911854, 0.6552589918946302, 0.6773959916413373, 0.6907310663627152, 0.6993845776342452, 0.7054006775582574, 0.7087603691742654, 0.7115873543566362, 0.7142524696048632], 'val_f1': [0.5155910240748541, 0.5858082664015432, 0.628779516742462, 0.6570726656806324, 0.6732385008175275, 0.683673148720071, 0.691102484395094, 0.6955871634208972, 0.6993545930727898, 0.7029191008481236], 'val_mae': [0.4345659498750663, 0.3784693199088146, 0.34474100810536984, 0.3226040083586626, 0.3092689336372847, 0.30061542236575484, 0.2945993224417427, 0.29123963082573456, 0.2884126456433637, 0.2857475303951368], 'jsd': [(0.0034642219743328505, 0.00042941623229211627, 0.021538652516748455, 0.02272086873228655, 0.0012206713952879027, 0.0014409891346113153, 0.042666013215726564, 0.03600088831260688, 0.001452967385689341, 0.022022771157485542, 0.0012206713952879027, 0.12306145811218505, 0.021538652516748455, 0.02272086873228655, 0.0030171758098115793, 0.0007052449150227041, 0.042666013215726564, 0.045824702319694016, 0.022022771157485542, 0.04399676213315208, 0.03600088831260688, 0.0012206713952879027, 0.0012206713952879027, 0.0012206713952879027, 0.0014409891346113153, 0.0012206713952879027, 0.00040919789219141973, 0.0033536538076340758, 0.001452967385689341, 0.021538652516748455, 0.021538652516748455, 0.022022771157485542, 0.12306145811218505, 0.0003843884653275346, 0.042666013215726564, 0.0034642219743328505, 0.0012206713952879027, 0.00042941623229211627, 0.021371214021228643, 0.0030171758098115793), (0, 0, 0, 0, 0, 0, 0, 0, 0, 0, 0, 0, 0, 0, 0, 0, 0, 0, 0, 0, 0, 0, 0, 0, 0, 0, 0, 0, 0, 0, 0, 0, 0, 0, 0, 0, 0, 0, 0, 0), (0, 0, 0, 0, 0, 0, 0, 0, 0, 0, 0, 0, 0, 0, 0, 0, 0, 0, 0, 0, 0, 0, 0, 0, 0, 0, 0, 0, 0, 0, 0, 0, 0, 0, 0, 0, 0, 0, 0, 0), (0, 0, 0, 0, 0, 0, 0, 0, 0, 0, 0, 0, 0, 0, 0, 0, 0, 0, 0, 0, 0, 0, 0, 0, 0, 0, 0, 0, 0, 0, 0, 0, 0, 0, 0, 0, 0, 0, 0, 0), (0, 0, 0, 0, 0, 0, 0, 0, 0, 0, 0, 0, 0, 0, 0, 0, 0, 0, 0, 0, 0, 0, 0, 0, 0, 0, 0, 0, 0, 0, 0, 0, 0, 0, 0, 0, 0, 0, 0, 0), (0, 0, 0, 0, 0, 0, 0, 0, 0, 0, 0, 0, 0, 0, 0, 0, 0, 0, 0, 0, 0, 0, 0, 0, 0, 0, 0, 0, 0, 0, 0, 0, 0, 0, 0, 0, 0, 0, 0, 0), (0, 0, 0, 0, 0, 0, 0, 0, 0, 0, 0, 0, 0, 0, 0, 0, 0, 0, 0, 0, 0, 0, 0, 0, 0, 0, 0, 0, 0, 0, 0, 0, 0, 0, 0, 0, 0, 0, 0, 0), (0, 0, 0, 0, 0, 0, 0, 0, 0, 0, 0, 0, 0, 0, 0, 0, 0, 0, 0, 0, 0, 0, 0, 0, 0, 0, 0, 0, 0, 0, 0, 0, 0, 0, 0, 0, 0, 0, 0, 0), (0, 0, 0, 0, 0, 0, 0, 0, 0, 0, 0, 0, 0, 0, 0, 0, 0, 0, 0, 0, 0, 0, 0, 0, 0, 0, 0, 0, 0, 0, 0, 0, 0, 0, 0, 0, 0, 0, 0, 0), (0, 0, 0, 0, 0, 0, 0, 0, 0, 0, 0, 0, 0, 0, 0, 0, 0, 0, 0, 0, 0, 0, 0, 0, 0, 0, 0, 0, 0, 0, 0, 0, 0, 0, 0, 0, 0, 0, 0, 0)]}}
AdaptationManager: Configuring next round...
{'client_registry': {'enabled': True, 'params': {}}, 'client_selector': {'enabled': False, 'params': {}}, 'client_cluster': {'enabled': False, 'params': {}}, 'message_compressor': {'enabled': False, 'params': {}}, 'model_co-versioning_registry': {'enabled': False, 'params': {}}, 'multi-task_model_trainer': {'enabled': False, 'params': {}}, 'heterogeneous_data_handler': {'enabled': True, 'params': {'enabled_clients': []}}}
{'client_selector': {'enabled': False}, 'client_cluster': {'enabled': False}, 'message_compressor': {'enabled': False}, 'model_co-versioning_registry': {'enabled': False}, 'multi-task_model_trainer': {'enabled': False}, 'heterogeneous_data_handler': {'enabled': True, 'params': {'enabled_clients': ['Client 1', 'Client 2', 'Client 3', 'Client 4', 'Client 5', 'Client 6', 'Client 7', 'Client 8', 'Client 9', 'Client 10', 'Client 11', 'Client 12', 'Client 13', 'Client 14', 'Client 15', 'Client 16', 'Client 17', 'Client 18', 'Client 19', 'Client 20', 'Client 21', 'Client 22', 'Client 23', 'Client 24', 'Client 25', 'Client 26', 'Client 27', 'Client 28', 'Client 29', 'Client 30', 'Client 31', 'Client 32', 'Client 33', 'Client 34', 'Client 35', 'Client 36', 'Client 37', 'Client 38', 'Client 39', 'Client 40']}}, 'client_registry': {'enabled': True, 'params': {}}}
client 1, predicted wo:0.7445 vs w:0.7445
client 2, predicted wo:0.7445 vs w:0.7445
client 3, predicted wo:0.7445 vs w:0.7445
client 4, predicted wo:0.7445 vs w:0.7445
client 5, predicted wo:0.7445 vs w:0.7445
client 6, predicted wo:0.7445 vs w:0.7445
client 7, predicted wo:0.7445 vs w:0.7445
client 8, predicted wo:0.7445 vs w:0.7445
client 9, predicted wo:0.7445 vs w:0.7445
client 10, predicted wo:0.7445 vs w:0.7445
client 11, predicted wo:0.7445 vs w:0.7445
client 12, predicted wo:0.7445 vs w:0.7445
client 13, predicted wo:0.7445 vs w:0.7445
client 14, predicted wo:0.7445 vs w:0.7445
client 15, predicted wo:0.7445 vs w:0.7445
client 16, predicted wo:0.7445 vs w:0.7445
client 17, predicted wo:0.7445 vs w:0.7445
client 18, predicted wo:0.7445 vs w:0.7445
client 19, predicted wo:0.7445 vs w:0.7445
client 20, predicted wo:0.7445 vs w:0.7445
client 21, predicted wo:0.7445 vs w:0.7445
client 22, predicted wo:0.7445 vs w:0.7445
client 23, predicted wo:0.7445 vs w:0.7445
client 24, predicted wo:0.7445 vs w:0.7445
client 25, predicted wo:0.7445 vs w:0.7445
client 26, predicted wo:0.7445 vs w:0.7445
client 27, predicted wo:0.7445 vs w:0.7445
client 28, predicted wo:0.7445 vs w:0.7445
client 29, predicted wo:0.7445 vs w:0.7445
client 30, predicted wo:0.7445 vs w:0.7445
client 31, predicted wo:0.7445 vs w:0.7445
client 32, predicted wo:0.7445 vs w:0.7445
client 33, predicted wo:0.7445 vs w:0.7445
client 34, predicted wo:0.7445 vs w:0.7445
client 35, predicted wo:0.7445 vs w:0.7445
client 36, predicted wo:0.7445 vs w:0.7445
client 37, predicted wo:0.7445 vs w:0.7445
client 38, predicted wo:0.7445 vs w:0.7445
client 39, predicted wo:0.7445 vs w:0.7445
client 40, predicted wo:0.7445 vs w:0.7445
heterogeneous_data_handler activated ✅ for clients: ['Client 1', 'Client 2', 'Client 3', 'Client 4', 'Client 5', 'Client 6', 'Client 7', 'Client 8', 'Client 9', 'Client 10', 'Client 11', 'Client 12', 'Client 13', 'Client 14', 'Client 15', 'Client 16', 'Client 17', 'Client 18', 'Client 19', 'Client 20', 'Client 21', 'Client 22', 'Client 23', 'Client 24', 'Client 25', 'Client 26', 'Client 27', 'Client 28', 'Client 29', 'Client 30', 'Client 31', 'Client 32', 'Client 33', 'Client 34', 'Client 35', 'Client 36', 'Client 37', 'Client 38', 'Client 39', 'Client 40']
Results Aggregated in 0.22 seconds.
{'prostate_logreg': {'train_loss': [0.671476195543156, 0.65496635325253, 0.6286483978985675, 0.6079667026975325, 0.5915096537609186, 0.5782627394955073, 0.5675149603480739, 0.5587077673391572, 0.5513721506776554, 0.5451675272413663, 0.5398526052811317], 'train_accuracy': [0.5983096085409253, 0.6200892857142857, 0.6629464285714286, 0.6941964285714286, 0.7127232142857143, 0.7263392857142857, 0.7339285714285714, 0.7386160714285714, 0.7435267857142858, 0.7479910714285715, 0.7504464285714286], 'train_f1': [0.5439991964960171, 0.6104410673228823, 0.6581591955491977, 0.6916671342790752, 0.7113674561837041, 0.7251976547029317, 0.7328910678990316, 0.7376820668463098, 0.7426015282399449, 0.7471084968937314, 0.7495613571863087], 'train_mae': [0.40169039145907476, 0.37991071428571427, 0.33705357142857145, 0.30580357142857145, 0.2872767857142857, 0.2736607142857143, 0.26607142857142857, 0.26138392857142856, 0.2564732142857143, 0.2520089285714286, 0.24955357142857143], 'val_loss': [0.6894595481082806, 0.6613943262680564, 0.639485404980317, 0.6222129593757119, 0.6084750378764827, 0.5975053555444412, 0.5887946323686956, 0.5819490396141206, 0.5765342236601246, 0.5721333286816512, 0.5684617301424647], 'val_accuracy': [0.5654340501249338, 0.6215306800911854, 0.6552589918946302, 0.6773959916413373, 0.6907310663627152, 0.6993845776342452, 0.7054006775582574, 0.7087603691742654, 0.7115873543566362, 0.7142524696048632, 0.7169935726950355], 'val_f1': [0.5155910240748541, 0.5858082664015432, 0.628779516742462, 0.6570726656806324, 0.6732385008175275, 0.683673148720071, 0.691102484395094, 0.6955871634208972, 0.6993545930727898, 0.7029191008481236, 0.706528202071599], 'val_mae': [0.4345659498750663, 0.3784693199088146, 0.34474100810536984, 0.3226040083586626, 0.3092689336372847, 0.30061542236575484, 0.2945993224417427, 0.29123963082573456, 0.2884126456433637, 0.2857475303951368, 0.28300642730496456], 'jsd': [(0.0034642219743328505, 0.00042941623229211627, 0.021538652516748455, 0.02272086873228655, 0.0012206713952879027, 0.0014409891346113153, 0.042666013215726564, 0.03600088831260688, 0.001452967385689341, 0.022022771157485542, 0.0012206713952879027, 0.12306145811218505, 0.021538652516748455, 0.02272086873228655, 0.0030171758098115793, 0.0007052449150227041, 0.042666013215726564, 0.045824702319694016, 0.022022771157485542, 0.04399676213315208, 0.03600088831260688, 0.0012206713952879027, 0.0012206713952879027, 0.0012206713952879027, 0.0014409891346113153, 0.0012206713952879027, 0.00040919789219141973, 0.0033536538076340758, 0.001452967385689341, 0.021538652516748455, 0.021538652516748455, 0.022022771157485542, 0.12306145811218505, 0.0003843884653275346, 0.042666013215726564, 0.0034642219743328505, 0.0012206713952879027, 0.00042941623229211627, 0.021371214021228643, 0.0030171758098115793), (0, 0, 0, 0, 0, 0, 0, 0, 0, 0, 0, 0, 0, 0, 0, 0, 0, 0, 0, 0, 0, 0, 0, 0, 0, 0, 0, 0, 0, 0, 0, 0, 0, 0, 0, 0, 0, 0, 0, 0), (0, 0, 0, 0, 0, 0, 0, 0, 0, 0, 0, 0, 0, 0, 0, 0, 0, 0, 0, 0, 0, 0, 0, 0, 0, 0, 0, 0, 0, 0, 0, 0, 0, 0, 0, 0, 0, 0, 0, 0), (0, 0, 0, 0, 0, 0, 0, 0, 0, 0, 0, 0, 0, 0, 0, 0, 0, 0, 0, 0, 0, 0, 0, 0, 0, 0, 0, 0, 0, 0, 0, 0, 0, 0, 0, 0, 0, 0, 0, 0), (0, 0, 0, 0, 0, 0, 0, 0, 0, 0, 0, 0, 0, 0, 0, 0, 0, 0, 0, 0, 0, 0, 0, 0, 0, 0, 0, 0, 0, 0, 0, 0, 0, 0, 0, 0, 0, 0, 0, 0), (0, 0, 0, 0, 0, 0, 0, 0, 0, 0, 0, 0, 0, 0, 0, 0, 0, 0, 0, 0, 0, 0, 0, 0, 0, 0, 0, 0, 0, 0, 0, 0, 0, 0, 0, 0, 0, 0, 0, 0), (0, 0, 0, 0, 0, 0, 0, 0, 0, 0, 0, 0, 0, 0, 0, 0, 0, 0, 0, 0, 0, 0, 0, 0, 0, 0, 0, 0, 0, 0, 0, 0, 0, 0, 0, 0, 0, 0, 0, 0), (0, 0, 0, 0, 0, 0, 0, 0, 0, 0, 0, 0, 0, 0, 0, 0, 0, 0, 0, 0, 0, 0, 0, 0, 0, 0, 0, 0, 0, 0, 0, 0, 0, 0, 0, 0, 0, 0, 0, 0), (0, 0, 0, 0, 0, 0, 0, 0, 0, 0, 0, 0, 0, 0, 0, 0, 0, 0, 0, 0, 0, 0, 0, 0, 0, 0, 0, 0, 0, 0, 0, 0, 0, 0, 0, 0, 0, 0, 0, 0), (0, 0, 0, 0, 0, 0, 0, 0, 0, 0, 0, 0, 0, 0, 0, 0, 0, 0, 0, 0, 0, 0, 0, 0, 0, 0, 0, 0, 0, 0, 0, 0, 0, 0, 0, 0, 0, 0, 0, 0), (0, 0, 0, 0, 0, 0, 0, 0, 0, 0, 0, 0, 0, 0, 0, 0, 0, 0, 0, 0, 0, 0, 0, 0, 0, 0, 0, 0, 0, 0, 0, 0, 0, 0, 0, 0, 0, 0, 0, 0)]}}
AdaptationManager: Configuring next round...
{'client_registry': {'enabled': True, 'params': {}}, 'client_selector': {'enabled': False, 'params': {}}, 'client_cluster': {'enabled': False, 'params': {}}, 'message_compressor': {'enabled': False, 'params': {}}, 'model_co-versioning_registry': {'enabled': False, 'params': {}}, 'multi-task_model_trainer': {'enabled': False, 'params': {}}, 'heterogeneous_data_handler': {'enabled': True, 'params': {'enabled_clients': []}}}
{'client_selector': {'enabled': False}, 'client_cluster': {'enabled': False}, 'message_compressor': {'enabled': False}, 'model_co-versioning_registry': {'enabled': False}, 'multi-task_model_trainer': {'enabled': False}, 'heterogeneous_data_handler': {'enabled': True, 'params': {'enabled_clients': ['Client 1', 'Client 2', 'Client 3', 'Client 4', 'Client 5', 'Client 6', 'Client 7', 'Client 8', 'Client 9', 'Client 10', 'Client 11', 'Client 12', 'Client 13', 'Client 14', 'Client 15', 'Client 16', 'Client 17', 'Client 18', 'Client 19', 'Client 20', 'Client 21', 'Client 22', 'Client 23', 'Client 24', 'Client 25', 'Client 26', 'Client 27', 'Client 28', 'Client 29', 'Client 30', 'Client 31', 'Client 32', 'Client 33', 'Client 34', 'Client 35', 'Client 36', 'Client 37', 'Client 38', 'Client 39', 'Client 40']}}, 'client_registry': {'enabled': True, 'params': {}}}
client 1, predicted wo:0.7445 vs w:0.7445
client 2, predicted wo:0.7445 vs w:0.7445
client 3, predicted wo:0.7445 vs w:0.7445
client 4, predicted wo:0.7445 vs w:0.7445
client 5, predicted wo:0.7445 vs w:0.7445
client 6, predicted wo:0.7445 vs w:0.7445
client 7, predicted wo:0.7445 vs w:0.7445
client 8, predicted wo:0.7445 vs w:0.7445
client 9, predicted wo:0.7445 vs w:0.7445
client 10, predicted wo:0.7445 vs w:0.7445
client 11, predicted wo:0.7445 vs w:0.7445
client 12, predicted wo:0.7445 vs w:0.7445
client 13, predicted wo:0.7445 vs w:0.7445
client 14, predicted wo:0.7445 vs w:0.7445
client 15, predicted wo:0.7445 vs w:0.7445
client 16, predicted wo:0.7445 vs w:0.7445
client 17, predicted wo:0.7445 vs w:0.7445
client 18, predicted wo:0.7445 vs w:0.7445
client 19, predicted wo:0.7445 vs w:0.7445
client 20, predicted wo:0.7445 vs w:0.7445
client 21, predicted wo:0.7445 vs w:0.7445
client 22, predicted wo:0.7445 vs w:0.7445
client 23, predicted wo:0.7445 vs w:0.7445
client 24, predicted wo:0.7445 vs w:0.7445
client 25, predicted wo:0.7445 vs w:0.7445
client 26, predicted wo:0.7445 vs w:0.7445
client 27, predicted wo:0.7445 vs w:0.7445
client 28, predicted wo:0.7445 vs w:0.7445
client 29, predicted wo:0.7445 vs w:0.7445
client 30, predicted wo:0.7445 vs w:0.7445
client 31, predicted wo:0.7445 vs w:0.7445
client 32, predicted wo:0.7445 vs w:0.7445
client 33, predicted wo:0.7445 vs w:0.7445
client 34, predicted wo:0.7445 vs w:0.7445
client 35, predicted wo:0.7445 vs w:0.7445
client 36, predicted wo:0.7445 vs w:0.7445
client 37, predicted wo:0.7445 vs w:0.7445
client 38, predicted wo:0.7445 vs w:0.7445
client 39, predicted wo:0.7445 vs w:0.7445
client 40, predicted wo:0.7445 vs w:0.7445
heterogeneous_data_handler activated ✅ for clients: ['Client 1', 'Client 2', 'Client 3', 'Client 4', 'Client 5', 'Client 6', 'Client 7', 'Client 8', 'Client 9', 'Client 10', 'Client 11', 'Client 12', 'Client 13', 'Client 14', 'Client 15', 'Client 16', 'Client 17', 'Client 18', 'Client 19', 'Client 20', 'Client 21', 'Client 22', 'Client 23', 'Client 24', 'Client 25', 'Client 26', 'Client 27', 'Client 28', 'Client 29', 'Client 30', 'Client 31', 'Client 32', 'Client 33', 'Client 34', 'Client 35', 'Client 36', 'Client 37', 'Client 38', 'Client 39', 'Client 40']
Results Aggregated in 0.24 seconds.
{'prostate_logreg': {'train_loss': [0.671476195543156, 0.65496635325253, 0.6286483978985675, 0.6079667026975325, 0.5915096537609186, 0.5782627394955073, 0.5675149603480739, 0.5587077673391572, 0.5513721506776554, 0.5451675272413663, 0.5398526052811317, 0.535251388778644], 'train_accuracy': [0.5983096085409253, 0.6200892857142857, 0.6629464285714286, 0.6941964285714286, 0.7127232142857143, 0.7263392857142857, 0.7339285714285714, 0.7386160714285714, 0.7435267857142858, 0.7479910714285715, 0.7504464285714286, 0.7560267857142857], 'train_f1': [0.5439991964960171, 0.6104410673228823, 0.6581591955491977, 0.6916671342790752, 0.7113674561837041, 0.7251976547029317, 0.7328910678990316, 0.7376820668463098, 0.7426015282399449, 0.7471084968937314, 0.7495613571863087, 0.7550962739126624], 'train_mae': [0.40169039145907476, 0.37991071428571427, 0.33705357142857145, 0.30580357142857145, 0.2872767857142857, 0.2736607142857143, 0.26607142857142857, 0.26138392857142856, 0.2564732142857143, 0.2520089285714286, 0.24955357142857143, 0.24397321428571428], 'val_loss': [0.6894595481082806, 0.6613943262680564, 0.639485404980317, 0.6222129593757119, 0.6084750378764827, 0.5975053555444412, 0.5887946323686956, 0.5819490396141206, 0.5765342236601246, 0.5721333286816512, 0.5684617301424647, 0.5653413078003199], 'val_accuracy': [0.5654340501249338, 0.6215306800911854, 0.6552589918946302, 0.6773959916413373, 0.6907310663627152, 0.6993845776342452, 0.7054006775582574, 0.7087603691742654, 0.7115873543566362, 0.7142524696048632, 0.7169935726950355, 0.7192443167426545], 'val_f1': [0.5155910240748541, 0.5858082664015432, 0.628779516742462, 0.6570726656806324, 0.6732385008175275, 0.683673148720071, 0.691102484395094, 0.6955871634208972, 0.6993545930727898, 0.7029191008481236, 0.706528202071599, 0.7093617147012438], 'val_mae': [0.4345659498750663, 0.3784693199088146, 0.34474100810536984, 0.3226040083586626, 0.3092689336372847, 0.30061542236575484, 0.2945993224417427, 0.29123963082573456, 0.2884126456433637, 0.2857475303951368, 0.28300642730496456, 0.28075568325734546], 'jsd': [(0.0034642219743328505, 0.00042941623229211627, 0.021538652516748455, 0.02272086873228655, 0.0012206713952879027, 0.0014409891346113153, 0.042666013215726564, 0.03600088831260688, 0.001452967385689341, 0.022022771157485542, 0.0012206713952879027, 0.12306145811218505, 0.021538652516748455, 0.02272086873228655, 0.0030171758098115793, 0.0007052449150227041, 0.042666013215726564, 0.045824702319694016, 0.022022771157485542, 0.04399676213315208, 0.03600088831260688, 0.0012206713952879027, 0.0012206713952879027, 0.0012206713952879027, 0.0014409891346113153, 0.0012206713952879027, 0.00040919789219141973, 0.0033536538076340758, 0.001452967385689341, 0.021538652516748455, 0.021538652516748455, 0.022022771157485542, 0.12306145811218505, 0.0003843884653275346, 0.042666013215726564, 0.0034642219743328505, 0.0012206713952879027, 0.00042941623229211627, 0.021371214021228643, 0.0030171758098115793), (0, 0, 0, 0, 0, 0, 0, 0, 0, 0, 0, 0, 0, 0, 0, 0, 0, 0, 0, 0, 0, 0, 0, 0, 0, 0, 0, 0, 0, 0, 0, 0, 0, 0, 0, 0, 0, 0, 0, 0), (0, 0, 0, 0, 0, 0, 0, 0, 0, 0, 0, 0, 0, 0, 0, 0, 0, 0, 0, 0, 0, 0, 0, 0, 0, 0, 0, 0, 0, 0, 0, 0, 0, 0, 0, 0, 0, 0, 0, 0), (0, 0, 0, 0, 0, 0, 0, 0, 0, 0, 0, 0, 0, 0, 0, 0, 0, 0, 0, 0, 0, 0, 0, 0, 0, 0, 0, 0, 0, 0, 0, 0, 0, 0, 0, 0, 0, 0, 0, 0), (0, 0, 0, 0, 0, 0, 0, 0, 0, 0, 0, 0, 0, 0, 0, 0, 0, 0, 0, 0, 0, 0, 0, 0, 0, 0, 0, 0, 0, 0, 0, 0, 0, 0, 0, 0, 0, 0, 0, 0), (0, 0, 0, 0, 0, 0, 0, 0, 0, 0, 0, 0, 0, 0, 0, 0, 0, 0, 0, 0, 0, 0, 0, 0, 0, 0, 0, 0, 0, 0, 0, 0, 0, 0, 0, 0, 0, 0, 0, 0), (0, 0, 0, 0, 0, 0, 0, 0, 0, 0, 0, 0, 0, 0, 0, 0, 0, 0, 0, 0, 0, 0, 0, 0, 0, 0, 0, 0, 0, 0, 0, 0, 0, 0, 0, 0, 0, 0, 0, 0), (0, 0, 0, 0, 0, 0, 0, 0, 0, 0, 0, 0, 0, 0, 0, 0, 0, 0, 0, 0, 0, 0, 0, 0, 0, 0, 0, 0, 0, 0, 0, 0, 0, 0, 0, 0, 0, 0, 0, 0), (0, 0, 0, 0, 0, 0, 0, 0, 0, 0, 0, 0, 0, 0, 0, 0, 0, 0, 0, 0, 0, 0, 0, 0, 0, 0, 0, 0, 0, 0, 0, 0, 0, 0, 0, 0, 0, 0, 0, 0), (0, 0, 0, 0, 0, 0, 0, 0, 0, 0, 0, 0, 0, 0, 0, 0, 0, 0, 0, 0, 0, 0, 0, 0, 0, 0, 0, 0, 0, 0, 0, 0, 0, 0, 0, 0, 0, 0, 0, 0), (0, 0, 0, 0, 0, 0, 0, 0, 0, 0, 0, 0, 0, 0, 0, 0, 0, 0, 0, 0, 0, 0, 0, 0, 0, 0, 0, 0, 0, 0, 0, 0, 0, 0, 0, 0, 0, 0, 0, 0), (0, 0, 0, 0, 0, 0, 0, 0, 0, 0, 0, 0, 0, 0, 0, 0, 0, 0, 0, 0, 0, 0, 0, 0, 0, 0, 0, 0, 0, 0, 0, 0, 0, 0, 0, 0, 0, 0, 0, 0)]}}
AdaptationManager: Configuring next round...
{'client_registry': {'enabled': True, 'params': {}}, 'client_selector': {'enabled': False, 'params': {}}, 'client_cluster': {'enabled': False, 'params': {}}, 'message_compressor': {'enabled': False, 'params': {}}, 'model_co-versioning_registry': {'enabled': False, 'params': {}}, 'multi-task_model_trainer': {'enabled': False, 'params': {}}, 'heterogeneous_data_handler': {'enabled': True, 'params': {'enabled_clients': []}}}
{'client_selector': {'enabled': False}, 'client_cluster': {'enabled': False}, 'message_compressor': {'enabled': False}, 'model_co-versioning_registry': {'enabled': False}, 'multi-task_model_trainer': {'enabled': False}, 'heterogeneous_data_handler': {'enabled': True, 'params': {'enabled_clients': ['Client 1', 'Client 2', 'Client 3', 'Client 4', 'Client 5', 'Client 6', 'Client 7', 'Client 8', 'Client 9', 'Client 10', 'Client 11', 'Client 12', 'Client 13', 'Client 14', 'Client 15', 'Client 16', 'Client 17', 'Client 18', 'Client 19', 'Client 20', 'Client 21', 'Client 22', 'Client 23', 'Client 24', 'Client 25', 'Client 26', 'Client 27', 'Client 28', 'Client 29', 'Client 30', 'Client 31', 'Client 32', 'Client 33', 'Client 34', 'Client 35', 'Client 36', 'Client 37', 'Client 38', 'Client 39', 'Client 40']}}, 'client_registry': {'enabled': True, 'params': {}}}
client 1, predicted wo:0.7445 vs w:0.7445
client 2, predicted wo:0.7445 vs w:0.7445
client 3, predicted wo:0.7445 vs w:0.7445
client 4, predicted wo:0.7445 vs w:0.7445
client 5, predicted wo:0.7445 vs w:0.7445
client 6, predicted wo:0.7445 vs w:0.7445
client 7, predicted wo:0.7445 vs w:0.7445
client 8, predicted wo:0.7445 vs w:0.7445
client 9, predicted wo:0.7445 vs w:0.7445
client 10, predicted wo:0.7445 vs w:0.7445
client 11, predicted wo:0.7445 vs w:0.7445
client 12, predicted wo:0.7445 vs w:0.7445
client 13, predicted wo:0.7445 vs w:0.7445
client 14, predicted wo:0.7445 vs w:0.7445
client 15, predicted wo:0.7445 vs w:0.7445
client 16, predicted wo:0.7445 vs w:0.7445
client 17, predicted wo:0.7445 vs w:0.7445
client 18, predicted wo:0.7445 vs w:0.7445
client 19, predicted wo:0.7445 vs w:0.7445
client 20, predicted wo:0.7445 vs w:0.7445
client 21, predicted wo:0.7445 vs w:0.7445
client 22, predicted wo:0.7445 vs w:0.7445
client 23, predicted wo:0.7445 vs w:0.7445
client 24, predicted wo:0.7445 vs w:0.7445
client 25, predicted wo:0.7445 vs w:0.7445
client 26, predicted wo:0.7445 vs w:0.7445
client 27, predicted wo:0.7445 vs w:0.7445
client 28, predicted wo:0.7445 vs w:0.7445
client 29, predicted wo:0.7445 vs w:0.7445
client 30, predicted wo:0.7445 vs w:0.7445
client 31, predicted wo:0.7445 vs w:0.7445
client 32, predicted wo:0.7445 vs w:0.7445
client 33, predicted wo:0.7445 vs w:0.7445
client 34, predicted wo:0.7445 vs w:0.7445
client 35, predicted wo:0.7445 vs w:0.7445
client 36, predicted wo:0.7445 vs w:0.7445
client 37, predicted wo:0.7445 vs w:0.7445
client 38, predicted wo:0.7445 vs w:0.7445
client 39, predicted wo:0.7445 vs w:0.7445
client 40, predicted wo:0.7445 vs w:0.7445
heterogeneous_data_handler activated ✅ for clients: ['Client 1', 'Client 2', 'Client 3', 'Client 4', 'Client 5', 'Client 6', 'Client 7', 'Client 8', 'Client 9', 'Client 10', 'Client 11', 'Client 12', 'Client 13', 'Client 14', 'Client 15', 'Client 16', 'Client 17', 'Client 18', 'Client 19', 'Client 20', 'Client 21', 'Client 22', 'Client 23', 'Client 24', 'Client 25', 'Client 26', 'Client 27', 'Client 28', 'Client 29', 'Client 30', 'Client 31', 'Client 32', 'Client 33', 'Client 34', 'Client 35', 'Client 36', 'Client 37', 'Client 38', 'Client 39', 'Client 40']
Results Aggregated in 0.22 seconds.
{'prostate_logreg': {'train_loss': [0.671476195543156, 0.65496635325253, 0.6286483978985675, 0.6079667026975325, 0.5915096537609186, 0.5782627394955073, 0.5675149603480739, 0.5587077673391572, 0.5513721506776554, 0.5451675272413663, 0.5398526052811317, 0.535251388778644, 0.5312308403796383], 'train_accuracy': [0.5983096085409253, 0.6200892857142857, 0.6629464285714286, 0.6941964285714286, 0.7127232142857143, 0.7263392857142857, 0.7339285714285714, 0.7386160714285714, 0.7435267857142858, 0.7479910714285715, 0.7504464285714286, 0.7560267857142857, 0.7591517857142858], 'train_f1': [0.5439991964960171, 0.6104410673228823, 0.6581591955491977, 0.6916671342790752, 0.7113674561837041, 0.7251976547029317, 0.7328910678990316, 0.7376820668463098, 0.7426015282399449, 0.7471084968937314, 0.7495613571863087, 0.7550962739126624, 0.7581903018683611], 'train_mae': [0.40169039145907476, 0.37991071428571427, 0.33705357142857145, 0.30580357142857145, 0.2872767857142857, 0.2736607142857143, 0.26607142857142857, 0.26138392857142856, 0.2564732142857143, 0.2520089285714286, 0.24955357142857143, 0.24397321428571428, 0.2408482142857143], 'val_loss': [0.6894595481082806, 0.6613943262680564, 0.639485404980317, 0.6222129593757119, 0.6084750378764827, 0.5975053555444412, 0.5887946323686956, 0.5819490396141206, 0.5765342236601246, 0.5721333286816512, 0.5684617301424647, 0.5653413078003199, 0.5626514511835867], 'val_accuracy': [0.5654340501249338, 0.6215306800911854, 0.6552589918946302, 0.6773959916413373, 0.6907310663627152, 0.6993845776342452, 0.7054006775582574, 0.7087603691742654, 0.7115873543566362, 0.7142524696048632, 0.7169935726950355, 0.7192443167426545, 0.7227611290526849], 'val_f1': [0.5155910240748541, 0.5858082664015432, 0.628779516742462, 0.6570726656806324, 0.6732385008175275, 0.683673148720071, 0.691102484395094, 0.6955871634208972, 0.6993545930727898, 0.7029191008481236, 0.706528202071599, 0.7093617147012438, 0.7132927447338043], 'val_mae': [0.4345659498750663, 0.3784693199088146, 0.34474100810536984, 0.3226040083586626, 0.3092689336372847, 0.30061542236575484, 0.2945993224417427, 0.29123963082573456, 0.2884126456433637, 0.2857475303951368, 0.28300642730496456, 0.28075568325734546, 0.2772388709473151], 'jsd': [(0.0034642219743328505, 0.00042941623229211627, 0.021538652516748455, 0.02272086873228655, 0.0012206713952879027, 0.0014409891346113153, 0.042666013215726564, 0.03600088831260688, 0.001452967385689341, 0.022022771157485542, 0.0012206713952879027, 0.12306145811218505, 0.021538652516748455, 0.02272086873228655, 0.0030171758098115793, 0.0007052449150227041, 0.042666013215726564, 0.045824702319694016, 0.022022771157485542, 0.04399676213315208, 0.03600088831260688, 0.0012206713952879027, 0.0012206713952879027, 0.0012206713952879027, 0.0014409891346113153, 0.0012206713952879027, 0.00040919789219141973, 0.0033536538076340758, 0.001452967385689341, 0.021538652516748455, 0.021538652516748455, 0.022022771157485542, 0.12306145811218505, 0.0003843884653275346, 0.042666013215726564, 0.0034642219743328505, 0.0012206713952879027, 0.00042941623229211627, 0.021371214021228643, 0.0030171758098115793), (0, 0, 0, 0, 0, 0, 0, 0, 0, 0, 0, 0, 0, 0, 0, 0, 0, 0, 0, 0, 0, 0, 0, 0, 0, 0, 0, 0, 0, 0, 0, 0, 0, 0, 0, 0, 0, 0, 0, 0), (0, 0, 0, 0, 0, 0, 0, 0, 0, 0, 0, 0, 0, 0, 0, 0, 0, 0, 0, 0, 0, 0, 0, 0, 0, 0, 0, 0, 0, 0, 0, 0, 0, 0, 0, 0, 0, 0, 0, 0), (0, 0, 0, 0, 0, 0, 0, 0, 0, 0, 0, 0, 0, 0, 0, 0, 0, 0, 0, 0, 0, 0, 0, 0, 0, 0, 0, 0, 0, 0, 0, 0, 0, 0, 0, 0, 0, 0, 0, 0), (0, 0, 0, 0, 0, 0, 0, 0, 0, 0, 0, 0, 0, 0, 0, 0, 0, 0, 0, 0, 0, 0, 0, 0, 0, 0, 0, 0, 0, 0, 0, 0, 0, 0, 0, 0, 0, 0, 0, 0), (0, 0, 0, 0, 0, 0, 0, 0, 0, 0, 0, 0, 0, 0, 0, 0, 0, 0, 0, 0, 0, 0, 0, 0, 0, 0, 0, 0, 0, 0, 0, 0, 0, 0, 0, 0, 0, 0, 0, 0), (0, 0, 0, 0, 0, 0, 0, 0, 0, 0, 0, 0, 0, 0, 0, 0, 0, 0, 0, 0, 0, 0, 0, 0, 0, 0, 0, 0, 0, 0, 0, 0, 0, 0, 0, 0, 0, 0, 0, 0), (0, 0, 0, 0, 0, 0, 0, 0, 0, 0, 0, 0, 0, 0, 0, 0, 0, 0, 0, 0, 0, 0, 0, 0, 0, 0, 0, 0, 0, 0, 0, 0, 0, 0, 0, 0, 0, 0, 0, 0), (0, 0, 0, 0, 0, 0, 0, 0, 0, 0, 0, 0, 0, 0, 0, 0, 0, 0, 0, 0, 0, 0, 0, 0, 0, 0, 0, 0, 0, 0, 0, 0, 0, 0, 0, 0, 0, 0, 0, 0), (0, 0, 0, 0, 0, 0, 0, 0, 0, 0, 0, 0, 0, 0, 0, 0, 0, 0, 0, 0, 0, 0, 0, 0, 0, 0, 0, 0, 0, 0, 0, 0, 0, 0, 0, 0, 0, 0, 0, 0), (0, 0, 0, 0, 0, 0, 0, 0, 0, 0, 0, 0, 0, 0, 0, 0, 0, 0, 0, 0, 0, 0, 0, 0, 0, 0, 0, 0, 0, 0, 0, 0, 0, 0, 0, 0, 0, 0, 0, 0), (0, 0, 0, 0, 0, 0, 0, 0, 0, 0, 0, 0, 0, 0, 0, 0, 0, 0, 0, 0, 0, 0, 0, 0, 0, 0, 0, 0, 0, 0, 0, 0, 0, 0, 0, 0, 0, 0, 0, 0), (0, 0, 0, 0, 0, 0, 0, 0, 0, 0, 0, 0, 0, 0, 0, 0, 0, 0, 0, 0, 0, 0, 0, 0, 0, 0, 0, 0, 0, 0, 0, 0, 0, 0, 0, 0, 0, 0, 0, 0)]}}
AdaptationManager: Configuring next round...
{'client_registry': {'enabled': True, 'params': {}}, 'client_selector': {'enabled': False, 'params': {}}, 'client_cluster': {'enabled': False, 'params': {}}, 'message_compressor': {'enabled': False, 'params': {}}, 'model_co-versioning_registry': {'enabled': False, 'params': {}}, 'multi-task_model_trainer': {'enabled': False, 'params': {}}, 'heterogeneous_data_handler': {'enabled': True, 'params': {'enabled_clients': []}}}
{'client_selector': {'enabled': False}, 'client_cluster': {'enabled': False}, 'message_compressor': {'enabled': False}, 'model_co-versioning_registry': {'enabled': False}, 'multi-task_model_trainer': {'enabled': False}, 'heterogeneous_data_handler': {'enabled': True, 'params': {'enabled_clients': ['Client 1', 'Client 2', 'Client 3', 'Client 4', 'Client 5', 'Client 6', 'Client 7', 'Client 8', 'Client 9', 'Client 10', 'Client 11', 'Client 12', 'Client 13', 'Client 14', 'Client 15', 'Client 16', 'Client 17', 'Client 18', 'Client 19', 'Client 20', 'Client 21', 'Client 22', 'Client 23', 'Client 24', 'Client 25', 'Client 26', 'Client 27', 'Client 28', 'Client 29', 'Client 30', 'Client 31', 'Client 32', 'Client 33', 'Client 34', 'Client 35', 'Client 36', 'Client 37', 'Client 38', 'Client 39', 'Client 40']}}, 'client_registry': {'enabled': True, 'params': {}}}
client 1, predicted wo:0.7445 vs w:0.7445
client 2, predicted wo:0.7445 vs w:0.7445
client 3, predicted wo:0.7445 vs w:0.7445
client 4, predicted wo:0.7445 vs w:0.7445
client 5, predicted wo:0.7445 vs w:0.7445
client 6, predicted wo:0.7445 vs w:0.7445
client 7, predicted wo:0.7445 vs w:0.7445
client 8, predicted wo:0.7445 vs w:0.7445
client 9, predicted wo:0.7445 vs w:0.7445
client 10, predicted wo:0.7445 vs w:0.7445
client 11, predicted wo:0.7445 vs w:0.7445
client 12, predicted wo:0.7445 vs w:0.7445
client 13, predicted wo:0.7445 vs w:0.7445
client 14, predicted wo:0.7445 vs w:0.7445
client 15, predicted wo:0.7445 vs w:0.7445
client 16, predicted wo:0.7445 vs w:0.7445
client 17, predicted wo:0.7445 vs w:0.7445
client 18, predicted wo:0.7445 vs w:0.7445
client 19, predicted wo:0.7445 vs w:0.7445
client 20, predicted wo:0.7445 vs w:0.7445
client 21, predicted wo:0.7445 vs w:0.7445
client 22, predicted wo:0.7445 vs w:0.7445
client 23, predicted wo:0.7445 vs w:0.7445
client 24, predicted wo:0.7445 vs w:0.7445
client 25, predicted wo:0.7445 vs w:0.7445
client 26, predicted wo:0.7445 vs w:0.7445
client 27, predicted wo:0.7445 vs w:0.7445
client 28, predicted wo:0.7445 vs w:0.7445
client 29, predicted wo:0.7445 vs w:0.7445
client 30, predicted wo:0.7445 vs w:0.7445
client 31, predicted wo:0.7445 vs w:0.7445
client 32, predicted wo:0.7445 vs w:0.7445
client 33, predicted wo:0.7445 vs w:0.7445
client 34, predicted wo:0.7445 vs w:0.7445
client 35, predicted wo:0.7445 vs w:0.7445
client 36, predicted wo:0.7445 vs w:0.7445
client 37, predicted wo:0.7445 vs w:0.7445
client 38, predicted wo:0.7445 vs w:0.7445
client 39, predicted wo:0.7445 vs w:0.7445
client 40, predicted wo:0.7445 vs w:0.7445
heterogeneous_data_handler activated ✅ for clients: ['Client 1', 'Client 2', 'Client 3', 'Client 4', 'Client 5', 'Client 6', 'Client 7', 'Client 8', 'Client 9', 'Client 10', 'Client 11', 'Client 12', 'Client 13', 'Client 14', 'Client 15', 'Client 16', 'Client 17', 'Client 18', 'Client 19', 'Client 20', 'Client 21', 'Client 22', 'Client 23', 'Client 24', 'Client 25', 'Client 26', 'Client 27', 'Client 28', 'Client 29', 'Client 30', 'Client 31', 'Client 32', 'Client 33', 'Client 34', 'Client 35', 'Client 36', 'Client 37', 'Client 38', 'Client 39', 'Client 40']
Results Aggregated in 0.28 seconds.
{'prostate_logreg': {'train_loss': [0.671476195543156, 0.65496635325253, 0.6286483978985675, 0.6079667026975325, 0.5915096537609186, 0.5782627394955073, 0.5675149603480739, 0.5587077673391572, 0.5513721506776554, 0.5451675272413663, 0.5398526052811317, 0.535251388778644, 0.5312308403796383, 0.5276883228149797], 'train_accuracy': [0.5983096085409253, 0.6200892857142857, 0.6629464285714286, 0.6941964285714286, 0.7127232142857143, 0.7263392857142857, 0.7339285714285714, 0.7386160714285714, 0.7435267857142858, 0.7479910714285715, 0.7504464285714286, 0.7560267857142857, 0.7591517857142858, 0.7627232142857143], 'train_f1': [0.5439991964960171, 0.6104410673228823, 0.6581591955491977, 0.6916671342790752, 0.7113674561837041, 0.7251976547029317, 0.7328910678990316, 0.7376820668463098, 0.7426015282399449, 0.7471084968937314, 0.7495613571863087, 0.7550962739126624, 0.7581903018683611, 0.761748362141612], 'train_mae': [0.40169039145907476, 0.37991071428571427, 0.33705357142857145, 0.30580357142857145, 0.2872767857142857, 0.2736607142857143, 0.26607142857142857, 0.26138392857142856, 0.2564732142857143, 0.2520089285714286, 0.24955357142857143, 0.24397321428571428, 0.2408482142857143, 0.2372767857142857], 'val_loss': [0.6894595481082806, 0.6613943262680564, 0.639485404980317, 0.6222129593757119, 0.6084750378764827, 0.5975053555444412, 0.5887946323686956, 0.5819490396141206, 0.5765342236601246, 0.5721333286816512, 0.5684617301424647, 0.5653413078003199, 0.5626514511835867, 0.5603047803283991], 'val_accuracy': [0.5654340501249338, 0.6215306800911854, 0.6552589918946302, 0.6773959916413373, 0.6907310663627152, 0.6993845776342452, 0.7054006775582574, 0.7087603691742654, 0.7115873543566362, 0.7142524696048632, 0.7169935726950355, 0.7192443167426545, 0.7227611290526849, 0.726304457953394], 'val_f1': [0.5155910240748541, 0.5858082664015432, 0.628779516742462, 0.6570726656806324, 0.6732385008175275, 0.683673148720071, 0.691102484395094, 0.6955871634208972, 0.6993545930727898, 0.7029191008481236, 0.706528202071599, 0.7093617147012438, 0.7132927447338043, 0.7170607897578825], 'val_mae': [0.4345659498750663, 0.3784693199088146, 0.34474100810536984, 0.3226040083586626, 0.3092689336372847, 0.30061542236575484, 0.2945993224417427, 0.29123963082573456, 0.2884126456433637, 0.2857475303951368, 0.28300642730496456, 0.28075568325734546, 0.2772388709473151, 0.27369554204660584], 'jsd': [(0.0034642219743328505, 0.00042941623229211627, 0.021538652516748455, 0.02272086873228655, 0.0012206713952879027, 0.0014409891346113153, 0.042666013215726564, 0.03600088831260688, 0.001452967385689341, 0.022022771157485542, 0.0012206713952879027, 0.12306145811218505, 0.021538652516748455, 0.02272086873228655, 0.0030171758098115793, 0.0007052449150227041, 0.042666013215726564, 0.045824702319694016, 0.022022771157485542, 0.04399676213315208, 0.03600088831260688, 0.0012206713952879027, 0.0012206713952879027, 0.0012206713952879027, 0.0014409891346113153, 0.0012206713952879027, 0.00040919789219141973, 0.0033536538076340758, 0.001452967385689341, 0.021538652516748455, 0.021538652516748455, 0.022022771157485542, 0.12306145811218505, 0.0003843884653275346, 0.042666013215726564, 0.0034642219743328505, 0.0012206713952879027, 0.00042941623229211627, 0.021371214021228643, 0.0030171758098115793), (0, 0, 0, 0, 0, 0, 0, 0, 0, 0, 0, 0, 0, 0, 0, 0, 0, 0, 0, 0, 0, 0, 0, 0, 0, 0, 0, 0, 0, 0, 0, 0, 0, 0, 0, 0, 0, 0, 0, 0), (0, 0, 0, 0, 0, 0, 0, 0, 0, 0, 0, 0, 0, 0, 0, 0, 0, 0, 0, 0, 0, 0, 0, 0, 0, 0, 0, 0, 0, 0, 0, 0, 0, 0, 0, 0, 0, 0, 0, 0), (0, 0, 0, 0, 0, 0, 0, 0, 0, 0, 0, 0, 0, 0, 0, 0, 0, 0, 0, 0, 0, 0, 0, 0, 0, 0, 0, 0, 0, 0, 0, 0, 0, 0, 0, 0, 0, 0, 0, 0), (0, 0, 0, 0, 0, 0, 0, 0, 0, 0, 0, 0, 0, 0, 0, 0, 0, 0, 0, 0, 0, 0, 0, 0, 0, 0, 0, 0, 0, 0, 0, 0, 0, 0, 0, 0, 0, 0, 0, 0), (0, 0, 0, 0, 0, 0, 0, 0, 0, 0, 0, 0, 0, 0, 0, 0, 0, 0, 0, 0, 0, 0, 0, 0, 0, 0, 0, 0, 0, 0, 0, 0, 0, 0, 0, 0, 0, 0, 0, 0), (0, 0, 0, 0, 0, 0, 0, 0, 0, 0, 0, 0, 0, 0, 0, 0, 0, 0, 0, 0, 0, 0, 0, 0, 0, 0, 0, 0, 0, 0, 0, 0, 0, 0, 0, 0, 0, 0, 0, 0), (0, 0, 0, 0, 0, 0, 0, 0, 0, 0, 0, 0, 0, 0, 0, 0, 0, 0, 0, 0, 0, 0, 0, 0, 0, 0, 0, 0, 0, 0, 0, 0, 0, 0, 0, 0, 0, 0, 0, 0), (0, 0, 0, 0, 0, 0, 0, 0, 0, 0, 0, 0, 0, 0, 0, 0, 0, 0, 0, 0, 0, 0, 0, 0, 0, 0, 0, 0, 0, 0, 0, 0, 0, 0, 0, 0, 0, 0, 0, 0), (0, 0, 0, 0, 0, 0, 0, 0, 0, 0, 0, 0, 0, 0, 0, 0, 0, 0, 0, 0, 0, 0, 0, 0, 0, 0, 0, 0, 0, 0, 0, 0, 0, 0, 0, 0, 0, 0, 0, 0), (0, 0, 0, 0, 0, 0, 0, 0, 0, 0, 0, 0, 0, 0, 0, 0, 0, 0, 0, 0, 0, 0, 0, 0, 0, 0, 0, 0, 0, 0, 0, 0, 0, 0, 0, 0, 0, 0, 0, 0), (0, 0, 0, 0, 0, 0, 0, 0, 0, 0, 0, 0, 0, 0, 0, 0, 0, 0, 0, 0, 0, 0, 0, 0, 0, 0, 0, 0, 0, 0, 0, 0, 0, 0, 0, 0, 0, 0, 0, 0), (0, 0, 0, 0, 0, 0, 0, 0, 0, 0, 0, 0, 0, 0, 0, 0, 0, 0, 0, 0, 0, 0, 0, 0, 0, 0, 0, 0, 0, 0, 0, 0, 0, 0, 0, 0, 0, 0, 0, 0), (0, 0, 0, 0, 0, 0, 0, 0, 0, 0, 0, 0, 0, 0, 0, 0, 0, 0, 0, 0, 0, 0, 0, 0, 0, 0, 0, 0, 0, 0, 0, 0, 0, 0, 0, 0, 0, 0, 0, 0)]}}
AdaptationManager: Configuring next round...
{'client_registry': {'enabled': True, 'params': {}}, 'client_selector': {'enabled': False, 'params': {}}, 'client_cluster': {'enabled': False, 'params': {}}, 'message_compressor': {'enabled': False, 'params': {}}, 'model_co-versioning_registry': {'enabled': False, 'params': {}}, 'multi-task_model_trainer': {'enabled': False, 'params': {}}, 'heterogeneous_data_handler': {'enabled': True, 'params': {'enabled_clients': []}}}
{'client_selector': {'enabled': False}, 'client_cluster': {'enabled': False}, 'message_compressor': {'enabled': False}, 'model_co-versioning_registry': {'enabled': False}, 'multi-task_model_trainer': {'enabled': False}, 'heterogeneous_data_handler': {'enabled': True, 'params': {'enabled_clients': ['Client 1', 'Client 2', 'Client 3', 'Client 4', 'Client 5', 'Client 6', 'Client 7', 'Client 8', 'Client 9', 'Client 10', 'Client 11', 'Client 12', 'Client 13', 'Client 14', 'Client 15', 'Client 16', 'Client 17', 'Client 18', 'Client 19', 'Client 20', 'Client 21', 'Client 22', 'Client 23', 'Client 24', 'Client 25', 'Client 26', 'Client 27', 'Client 28', 'Client 29', 'Client 30', 'Client 31', 'Client 32', 'Client 33', 'Client 34', 'Client 35', 'Client 36', 'Client 37', 'Client 38', 'Client 39', 'Client 40']}}, 'client_registry': {'enabled': True, 'params': {}}}
client 1, predicted wo:0.7445 vs w:0.7445
client 2, predicted wo:0.7445 vs w:0.7445
client 3, predicted wo:0.7445 vs w:0.7445
client 4, predicted wo:0.7445 vs w:0.7445
client 5, predicted wo:0.7445 vs w:0.7445
client 6, predicted wo:0.7445 vs w:0.7445
client 7, predicted wo:0.7445 vs w:0.7445
client 8, predicted wo:0.7445 vs w:0.7445
client 9, predicted wo:0.7445 vs w:0.7445
client 10, predicted wo:0.7445 vs w:0.7445
client 11, predicted wo:0.7445 vs w:0.7445
client 12, predicted wo:0.7445 vs w:0.7445
client 13, predicted wo:0.7445 vs w:0.7445
client 14, predicted wo:0.7445 vs w:0.7445
client 15, predicted wo:0.7445 vs w:0.7445
client 16, predicted wo:0.7445 vs w:0.7445
client 17, predicted wo:0.7445 vs w:0.7445
client 18, predicted wo:0.7445 vs w:0.7445
client 19, predicted wo:0.7445 vs w:0.7445
client 20, predicted wo:0.7445 vs w:0.7445
client 21, predicted wo:0.7445 vs w:0.7445
client 22, predicted wo:0.7445 vs w:0.7445
client 23, predicted wo:0.7445 vs w:0.7445
client 24, predicted wo:0.7445 vs w:0.7445
client 25, predicted wo:0.7445 vs w:0.7445
client 26, predicted wo:0.7445 vs w:0.7445
client 27, predicted wo:0.7445 vs w:0.7445
client 28, predicted wo:0.7445 vs w:0.7445
client 29, predicted wo:0.7445 vs w:0.7445
client 30, predicted wo:0.7445 vs w:0.7445
client 31, predicted wo:0.7445 vs w:0.7445
client 32, predicted wo:0.7445 vs w:0.7445
client 33, predicted wo:0.7445 vs w:0.7445
client 34, predicted wo:0.7445 vs w:0.7445
client 35, predicted wo:0.7445 vs w:0.7445
client 36, predicted wo:0.7445 vs w:0.7445
client 37, predicted wo:0.7445 vs w:0.7445
client 38, predicted wo:0.7445 vs w:0.7445
client 39, predicted wo:0.7445 vs w:0.7445
client 40, predicted wo:0.7445 vs w:0.7445
heterogeneous_data_handler activated ✅ for clients: ['Client 1', 'Client 2', 'Client 3', 'Client 4', 'Client 5', 'Client 6', 'Client 7', 'Client 8', 'Client 9', 'Client 10', 'Client 11', 'Client 12', 'Client 13', 'Client 14', 'Client 15', 'Client 16', 'Client 17', 'Client 18', 'Client 19', 'Client 20', 'Client 21', 'Client 22', 'Client 23', 'Client 24', 'Client 25', 'Client 26', 'Client 27', 'Client 28', 'Client 29', 'Client 30', 'Client 31', 'Client 32', 'Client 33', 'Client 34', 'Client 35', 'Client 36', 'Client 37', 'Client 38', 'Client 39', 'Client 40']
Results Aggregated in 0.23 seconds.
{'prostate_logreg': {'train_loss': [0.671476195543156, 0.65496635325253, 0.6286483978985675, 0.6079667026975325, 0.5915096537609186, 0.5782627394955073, 0.5675149603480739, 0.5587077673391572, 0.5513721506776554, 0.5451675272413663, 0.5398526052811317, 0.535251388778644, 0.5312308403796383, 0.5276883228149797, 0.5245434090628156], 'train_accuracy': [0.5983096085409253, 0.6200892857142857, 0.6629464285714286, 0.6941964285714286, 0.7127232142857143, 0.7263392857142857, 0.7339285714285714, 0.7386160714285714, 0.7435267857142858, 0.7479910714285715, 0.7504464285714286, 0.7560267857142857, 0.7591517857142858, 0.7627232142857143, 0.7645089285714286], 'train_f1': [0.5439991964960171, 0.6104410673228823, 0.6581591955491977, 0.6916671342790752, 0.7113674561837041, 0.7251976547029317, 0.7328910678990316, 0.7376820668463098, 0.7426015282399449, 0.7471084968937314, 0.7495613571863087, 0.7550962739126624, 0.7581903018683611, 0.761748362141612, 0.763543834135008], 'train_mae': [0.40169039145907476, 0.37991071428571427, 0.33705357142857145, 0.30580357142857145, 0.2872767857142857, 0.2736607142857143, 0.26607142857142857, 0.26138392857142856, 0.2564732142857143, 0.2520089285714286, 0.24955357142857143, 0.24397321428571428, 0.2408482142857143, 0.2372767857142857, 0.23549107142857142], 'val_loss': [0.6894595481082806, 0.6613943262680564, 0.639485404980317, 0.6222129593757119, 0.6084750378764827, 0.5975053555444412, 0.5887946323686956, 0.5819490396141206, 0.5765342236601246, 0.5721333286816512, 0.5684617301424647, 0.5653413078003199, 0.5626514511835867, 0.5603047803283991, 0.5582356094734663], 'val_accuracy': [0.5654340501249338, 0.6215306800911854, 0.6552589918946302, 0.6773959916413373, 0.6907310663627152, 0.6993845776342452, 0.7054006775582574, 0.7087603691742654, 0.7115873543566362, 0.7142524696048632, 0.7169935726950355, 0.7192443167426545, 0.7227611290526849, 0.726304457953394, 0.7279247403748734], 'val_f1': [0.5155910240748541, 0.5858082664015432, 0.628779516742462, 0.6570726656806324, 0.6732385008175275, 0.683673148720071, 0.691102484395094, 0.6955871634208972, 0.6993545930727898, 0.7029191008481236, 0.706528202071599, 0.7093617147012438, 0.7132927447338043, 0.7170607897578825, 0.7187644936998423], 'val_mae': [0.4345659498750663, 0.3784693199088146, 0.34474100810536984, 0.3226040083586626, 0.3092689336372847, 0.30061542236575484, 0.2945993224417427, 0.29123963082573456, 0.2884126456433637, 0.2857475303951368, 0.28300642730496456, 0.28075568325734546, 0.2772388709473151, 0.27369554204660584, 0.27207525962512663], 'jsd': [(0.0034642219743328505, 0.00042941623229211627, 0.021538652516748455, 0.02272086873228655, 0.0012206713952879027, 0.0014409891346113153, 0.042666013215726564, 0.03600088831260688, 0.001452967385689341, 0.022022771157485542, 0.0012206713952879027, 0.12306145811218505, 0.021538652516748455, 0.02272086873228655, 0.0030171758098115793, 0.0007052449150227041, 0.042666013215726564, 0.045824702319694016, 0.022022771157485542, 0.04399676213315208, 0.03600088831260688, 0.0012206713952879027, 0.0012206713952879027, 0.0012206713952879027, 0.0014409891346113153, 0.0012206713952879027, 0.00040919789219141973, 0.0033536538076340758, 0.001452967385689341, 0.021538652516748455, 0.021538652516748455, 0.022022771157485542, 0.12306145811218505, 0.0003843884653275346, 0.042666013215726564, 0.0034642219743328505, 0.0012206713952879027, 0.00042941623229211627, 0.021371214021228643, 0.0030171758098115793), (0, 0, 0, 0, 0, 0, 0, 0, 0, 0, 0, 0, 0, 0, 0, 0, 0, 0, 0, 0, 0, 0, 0, 0, 0, 0, 0, 0, 0, 0, 0, 0, 0, 0, 0, 0, 0, 0, 0, 0), (0, 0, 0, 0, 0, 0, 0, 0, 0, 0, 0, 0, 0, 0, 0, 0, 0, 0, 0, 0, 0, 0, 0, 0, 0, 0, 0, 0, 0, 0, 0, 0, 0, 0, 0, 0, 0, 0, 0, 0), (0, 0, 0, 0, 0, 0, 0, 0, 0, 0, 0, 0, 0, 0, 0, 0, 0, 0, 0, 0, 0, 0, 0, 0, 0, 0, 0, 0, 0, 0, 0, 0, 0, 0, 0, 0, 0, 0, 0, 0), (0, 0, 0, 0, 0, 0, 0, 0, 0, 0, 0, 0, 0, 0, 0, 0, 0, 0, 0, 0, 0, 0, 0, 0, 0, 0, 0, 0, 0, 0, 0, 0, 0, 0, 0, 0, 0, 0, 0, 0), (0, 0, 0, 0, 0, 0, 0, 0, 0, 0, 0, 0, 0, 0, 0, 0, 0, 0, 0, 0, 0, 0, 0, 0, 0, 0, 0, 0, 0, 0, 0, 0, 0, 0, 0, 0, 0, 0, 0, 0), (0, 0, 0, 0, 0, 0, 0, 0, 0, 0, 0, 0, 0, 0, 0, 0, 0, 0, 0, 0, 0, 0, 0, 0, 0, 0, 0, 0, 0, 0, 0, 0, 0, 0, 0, 0, 0, 0, 0, 0), (0, 0, 0, 0, 0, 0, 0, 0, 0, 0, 0, 0, 0, 0, 0, 0, 0, 0, 0, 0, 0, 0, 0, 0, 0, 0, 0, 0, 0, 0, 0, 0, 0, 0, 0, 0, 0, 0, 0, 0), (0, 0, 0, 0, 0, 0, 0, 0, 0, 0, 0, 0, 0, 0, 0, 0, 0, 0, 0, 0, 0, 0, 0, 0, 0, 0, 0, 0, 0, 0, 0, 0, 0, 0, 0, 0, 0, 0, 0, 0), (0, 0, 0, 0, 0, 0, 0, 0, 0, 0, 0, 0, 0, 0, 0, 0, 0, 0, 0, 0, 0, 0, 0, 0, 0, 0, 0, 0, 0, 0, 0, 0, 0, 0, 0, 0, 0, 0, 0, 0), (0, 0, 0, 0, 0, 0, 0, 0, 0, 0, 0, 0, 0, 0, 0, 0, 0, 0, 0, 0, 0, 0, 0, 0, 0, 0, 0, 0, 0, 0, 0, 0, 0, 0, 0, 0, 0, 0, 0, 0), (0, 0, 0, 0, 0, 0, 0, 0, 0, 0, 0, 0, 0, 0, 0, 0, 0, 0, 0, 0, 0, 0, 0, 0, 0, 0, 0, 0, 0, 0, 0, 0, 0, 0, 0, 0, 0, 0, 0, 0), (0, 0, 0, 0, 0, 0, 0, 0, 0, 0, 0, 0, 0, 0, 0, 0, 0, 0, 0, 0, 0, 0, 0, 0, 0, 0, 0, 0, 0, 0, 0, 0, 0, 0, 0, 0, 0, 0, 0, 0), (0, 0, 0, 0, 0, 0, 0, 0, 0, 0, 0, 0, 0, 0, 0, 0, 0, 0, 0, 0, 0, 0, 0, 0, 0, 0, 0, 0, 0, 0, 0, 0, 0, 0, 0, 0, 0, 0, 0, 0), (0, 0, 0, 0, 0, 0, 0, 0, 0, 0, 0, 0, 0, 0, 0, 0, 0, 0, 0, 0, 0, 0, 0, 0, 0, 0, 0, 0, 0, 0, 0, 0, 0, 0, 0, 0, 0, 0, 0, 0)]}}
AdaptationManager: Configuring next round...
{'client_registry': {'enabled': True, 'params': {}}, 'client_selector': {'enabled': False, 'params': {}}, 'client_cluster': {'enabled': False, 'params': {}}, 'message_compressor': {'enabled': False, 'params': {}}, 'model_co-versioning_registry': {'enabled': False, 'params': {}}, 'multi-task_model_trainer': {'enabled': False, 'params': {}}, 'heterogeneous_data_handler': {'enabled': True, 'params': {'enabled_clients': []}}}
{'client_selector': {'enabled': False}, 'client_cluster': {'enabled': False}, 'message_compressor': {'enabled': False}, 'model_co-versioning_registry': {'enabled': False}, 'multi-task_model_trainer': {'enabled': False}, 'heterogeneous_data_handler': {'enabled': True, 'params': {'enabled_clients': ['Client 1', 'Client 2', 'Client 3', 'Client 4', 'Client 5', 'Client 6', 'Client 7', 'Client 8', 'Client 9', 'Client 10', 'Client 11', 'Client 12', 'Client 13', 'Client 14', 'Client 15', 'Client 16', 'Client 17', 'Client 18', 'Client 19', 'Client 20', 'Client 21', 'Client 22', 'Client 23', 'Client 24', 'Client 25', 'Client 26', 'Client 27', 'Client 28', 'Client 29', 'Client 30', 'Client 31', 'Client 32', 'Client 33', 'Client 34', 'Client 35', 'Client 36', 'Client 37', 'Client 38', 'Client 39', 'Client 40']}}, 'client_registry': {'enabled': True, 'params': {}}}
client 1, predicted wo:0.7445 vs w:0.7445
client 2, predicted wo:0.7445 vs w:0.7445
client 3, predicted wo:0.7445 vs w:0.7445
client 4, predicted wo:0.7445 vs w:0.7445
client 5, predicted wo:0.7445 vs w:0.7445
client 6, predicted wo:0.7445 vs w:0.7445
client 7, predicted wo:0.7445 vs w:0.7445
client 8, predicted wo:0.7445 vs w:0.7445
client 9, predicted wo:0.7445 vs w:0.7445
client 10, predicted wo:0.7445 vs w:0.7445
client 11, predicted wo:0.7445 vs w:0.7445
client 12, predicted wo:0.7445 vs w:0.7445
client 13, predicted wo:0.7445 vs w:0.7445
client 14, predicted wo:0.7445 vs w:0.7445
client 15, predicted wo:0.7445 vs w:0.7445
client 16, predicted wo:0.7445 vs w:0.7445
client 17, predicted wo:0.7445 vs w:0.7445
client 18, predicted wo:0.7445 vs w:0.7445
client 19, predicted wo:0.7445 vs w:0.7445
client 20, predicted wo:0.7445 vs w:0.7445
client 21, predicted wo:0.7445 vs w:0.7445
client 22, predicted wo:0.7445 vs w:0.7445
client 23, predicted wo:0.7445 vs w:0.7445
client 24, predicted wo:0.7445 vs w:0.7445
client 25, predicted wo:0.7445 vs w:0.7445
client 26, predicted wo:0.7445 vs w:0.7445
client 27, predicted wo:0.7445 vs w:0.7445
client 28, predicted wo:0.7445 vs w:0.7445
client 29, predicted wo:0.7445 vs w:0.7445
client 30, predicted wo:0.7445 vs w:0.7445
client 31, predicted wo:0.7445 vs w:0.7445
client 32, predicted wo:0.7445 vs w:0.7445
client 33, predicted wo:0.7445 vs w:0.7445
client 34, predicted wo:0.7445 vs w:0.7445
client 35, predicted wo:0.7445 vs w:0.7445
client 36, predicted wo:0.7445 vs w:0.7445
client 37, predicted wo:0.7445 vs w:0.7445
client 38, predicted wo:0.7445 vs w:0.7445
client 39, predicted wo:0.7445 vs w:0.7445
client 40, predicted wo:0.7445 vs w:0.7445
heterogeneous_data_handler activated ✅ for clients: ['Client 1', 'Client 2', 'Client 3', 'Client 4', 'Client 5', 'Client 6', 'Client 7', 'Client 8', 'Client 9', 'Client 10', 'Client 11', 'Client 12', 'Client 13', 'Client 14', 'Client 15', 'Client 16', 'Client 17', 'Client 18', 'Client 19', 'Client 20', 'Client 21', 'Client 22', 'Client 23', 'Client 24', 'Client 25', 'Client 26', 'Client 27', 'Client 28', 'Client 29', 'Client 30', 'Client 31', 'Client 32', 'Client 33', 'Client 34', 'Client 35', 'Client 36', 'Client 37', 'Client 38', 'Client 39', 'Client 40']
Results Aggregated in 0.22 seconds.
{'prostate_logreg': {'train_loss': [0.671476195543156, 0.65496635325253, 0.6286483978985675, 0.6079667026975325, 0.5915096537609186, 0.5782627394955073, 0.5675149603480739, 0.5587077673391572, 0.5513721506776554, 0.5451675272413663, 0.5398526052811317, 0.535251388778644, 0.5312308403796383, 0.5276883228149797, 0.5245434090628156, 0.5217323158468519], 'train_accuracy': [0.5983096085409253, 0.6200892857142857, 0.6629464285714286, 0.6941964285714286, 0.7127232142857143, 0.7263392857142857, 0.7339285714285714, 0.7386160714285714, 0.7435267857142858, 0.7479910714285715, 0.7504464285714286, 0.7560267857142857, 0.7591517857142858, 0.7627232142857143, 0.7645089285714286, 0.7662946428571429], 'train_f1': [0.5439991964960171, 0.6104410673228823, 0.6581591955491977, 0.6916671342790752, 0.7113674561837041, 0.7251976547029317, 0.7328910678990316, 0.7376820668463098, 0.7426015282399449, 0.7471084968937314, 0.7495613571863087, 0.7550962739126624, 0.7581903018683611, 0.761748362141612, 0.763543834135008, 0.7652974363265296], 'train_mae': [0.40169039145907476, 0.37991071428571427, 0.33705357142857145, 0.30580357142857145, 0.2872767857142857, 0.2736607142857143, 0.26607142857142857, 0.26138392857142856, 0.2564732142857143, 0.2520089285714286, 0.24955357142857143, 0.24397321428571428, 0.2408482142857143, 0.2372767857142857, 0.23549107142857142, 0.23370535714285715], 'val_loss': [0.6894595481082806, 0.6613943262680564, 0.639485404980317, 0.6222129593757119, 0.6084750378764827, 0.5975053555444412, 0.5887946323686956, 0.5819490396141206, 0.5765342236601246, 0.5721333286816512, 0.5684617301424647, 0.5653413078003199, 0.5626514511835867, 0.5603047803283991, 0.5582356094734663, 0.55639348848654], 'val_accuracy': [0.5654340501249338, 0.6215306800911854, 0.6552589918946302, 0.6773959916413373, 0.6907310663627152, 0.6993845776342452, 0.7054006775582574, 0.7087603691742654, 0.7115873543566362, 0.7142524696048632, 0.7169935726950355, 0.7192443167426545, 0.7227611290526849, 0.726304457953394, 0.7279247403748734, 0.7308938069908815], 'val_f1': [0.5155910240748541, 0.5858082664015432, 0.628779516742462, 0.6570726656806324, 0.6732385008175275, 0.683673148720071, 0.691102484395094, 0.6955871634208972, 0.6993545930727898, 0.7029191008481236, 0.706528202071599, 0.7093617147012438, 0.7132927447338043, 0.7170607897578825, 0.7187644936998423, 0.7218928663159712], 'val_mae': [0.4345659498750663, 0.3784693199088146, 0.34474100810536984, 0.3226040083586626, 0.3092689336372847, 0.30061542236575484, 0.2945993224417427, 0.29123963082573456, 0.2884126456433637, 0.2857475303951368, 0.28300642730496456, 0.28075568325734546, 0.2772388709473151, 0.27369554204660584, 0.27207525962512663, 0.26910619300911853], 'jsd': [(0.0034642219743328505, 0.00042941623229211627, 0.021538652516748455, 0.02272086873228655, 0.0012206713952879027, 0.0014409891346113153, 0.042666013215726564, 0.03600088831260688, 0.001452967385689341, 0.022022771157485542, 0.0012206713952879027, 0.12306145811218505, 0.021538652516748455, 0.02272086873228655, 0.0030171758098115793, 0.0007052449150227041, 0.042666013215726564, 0.045824702319694016, 0.022022771157485542, 0.04399676213315208, 0.03600088831260688, 0.0012206713952879027, 0.0012206713952879027, 0.0012206713952879027, 0.0014409891346113153, 0.0012206713952879027, 0.00040919789219141973, 0.0033536538076340758, 0.001452967385689341, 0.021538652516748455, 0.021538652516748455, 0.022022771157485542, 0.12306145811218505, 0.0003843884653275346, 0.042666013215726564, 0.0034642219743328505, 0.0012206713952879027, 0.00042941623229211627, 0.021371214021228643, 0.0030171758098115793), (0, 0, 0, 0, 0, 0, 0, 0, 0, 0, 0, 0, 0, 0, 0, 0, 0, 0, 0, 0, 0, 0, 0, 0, 0, 0, 0, 0, 0, 0, 0, 0, 0, 0, 0, 0, 0, 0, 0, 0), (0, 0, 0, 0, 0, 0, 0, 0, 0, 0, 0, 0, 0, 0, 0, 0, 0, 0, 0, 0, 0, 0, 0, 0, 0, 0, 0, 0, 0, 0, 0, 0, 0, 0, 0, 0, 0, 0, 0, 0), (0, 0, 0, 0, 0, 0, 0, 0, 0, 0, 0, 0, 0, 0, 0, 0, 0, 0, 0, 0, 0, 0, 0, 0, 0, 0, 0, 0, 0, 0, 0, 0, 0, 0, 0, 0, 0, 0, 0, 0), (0, 0, 0, 0, 0, 0, 0, 0, 0, 0, 0, 0, 0, 0, 0, 0, 0, 0, 0, 0, 0, 0, 0, 0, 0, 0, 0, 0, 0, 0, 0, 0, 0, 0, 0, 0, 0, 0, 0, 0), (0, 0, 0, 0, 0, 0, 0, 0, 0, 0, 0, 0, 0, 0, 0, 0, 0, 0, 0, 0, 0, 0, 0, 0, 0, 0, 0, 0, 0, 0, 0, 0, 0, 0, 0, 0, 0, 0, 0, 0), (0, 0, 0, 0, 0, 0, 0, 0, 0, 0, 0, 0, 0, 0, 0, 0, 0, 0, 0, 0, 0, 0, 0, 0, 0, 0, 0, 0, 0, 0, 0, 0, 0, 0, 0, 0, 0, 0, 0, 0), (0, 0, 0, 0, 0, 0, 0, 0, 0, 0, 0, 0, 0, 0, 0, 0, 0, 0, 0, 0, 0, 0, 0, 0, 0, 0, 0, 0, 0, 0, 0, 0, 0, 0, 0, 0, 0, 0, 0, 0), (0, 0, 0, 0, 0, 0, 0, 0, 0, 0, 0, 0, 0, 0, 0, 0, 0, 0, 0, 0, 0, 0, 0, 0, 0, 0, 0, 0, 0, 0, 0, 0, 0, 0, 0, 0, 0, 0, 0, 0), (0, 0, 0, 0, 0, 0, 0, 0, 0, 0, 0, 0, 0, 0, 0, 0, 0, 0, 0, 0, 0, 0, 0, 0, 0, 0, 0, 0, 0, 0, 0, 0, 0, 0, 0, 0, 0, 0, 0, 0), (0, 0, 0, 0, 0, 0, 0, 0, 0, 0, 0, 0, 0, 0, 0, 0, 0, 0, 0, 0, 0, 0, 0, 0, 0, 0, 0, 0, 0, 0, 0, 0, 0, 0, 0, 0, 0, 0, 0, 0), (0, 0, 0, 0, 0, 0, 0, 0, 0, 0, 0, 0, 0, 0, 0, 0, 0, 0, 0, 0, 0, 0, 0, 0, 0, 0, 0, 0, 0, 0, 0, 0, 0, 0, 0, 0, 0, 0, 0, 0), (0, 0, 0, 0, 0, 0, 0, 0, 0, 0, 0, 0, 0, 0, 0, 0, 0, 0, 0, 0, 0, 0, 0, 0, 0, 0, 0, 0, 0, 0, 0, 0, 0, 0, 0, 0, 0, 0, 0, 0), (0, 0, 0, 0, 0, 0, 0, 0, 0, 0, 0, 0, 0, 0, 0, 0, 0, 0, 0, 0, 0, 0, 0, 0, 0, 0, 0, 0, 0, 0, 0, 0, 0, 0, 0, 0, 0, 0, 0, 0), (0, 0, 0, 0, 0, 0, 0, 0, 0, 0, 0, 0, 0, 0, 0, 0, 0, 0, 0, 0, 0, 0, 0, 0, 0, 0, 0, 0, 0, 0, 0, 0, 0, 0, 0, 0, 0, 0, 0, 0), (0, 0, 0, 0, 0, 0, 0, 0, 0, 0, 0, 0, 0, 0, 0, 0, 0, 0, 0, 0, 0, 0, 0, 0, 0, 0, 0, 0, 0, 0, 0, 0, 0, 0, 0, 0, 0, 0, 0, 0)]}}
AdaptationManager: Configuring next round...
{'client_registry': {'enabled': True, 'params': {}}, 'client_selector': {'enabled': False, 'params': {}}, 'client_cluster': {'enabled': False, 'params': {}}, 'message_compressor': {'enabled': False, 'params': {}}, 'model_co-versioning_registry': {'enabled': False, 'params': {}}, 'multi-task_model_trainer': {'enabled': False, 'params': {}}, 'heterogeneous_data_handler': {'enabled': True, 'params': {'enabled_clients': []}}}
{'client_selector': {'enabled': False}, 'client_cluster': {'enabled': False}, 'message_compressor': {'enabled': False}, 'model_co-versioning_registry': {'enabled': False}, 'multi-task_model_trainer': {'enabled': False}, 'heterogeneous_data_handler': {'enabled': True, 'params': {'enabled_clients': ['Client 1', 'Client 2', 'Client 3', 'Client 4', 'Client 5', 'Client 6', 'Client 7', 'Client 8', 'Client 9', 'Client 10', 'Client 11', 'Client 12', 'Client 13', 'Client 14', 'Client 15', 'Client 16', 'Client 17', 'Client 18', 'Client 19', 'Client 20', 'Client 21', 'Client 22', 'Client 23', 'Client 24', 'Client 25', 'Client 26', 'Client 27', 'Client 28', 'Client 29', 'Client 30', 'Client 31', 'Client 32', 'Client 33', 'Client 34', 'Client 35', 'Client 36', 'Client 37', 'Client 38', 'Client 39', 'Client 40']}}, 'client_registry': {'enabled': True, 'params': {}}}
client 1, predicted wo:0.7441 vs w:0.7441
client 2, predicted wo:0.7441 vs w:0.7441
client 3, predicted wo:0.7441 vs w:0.7441
client 4, predicted wo:0.7441 vs w:0.7441
client 5, predicted wo:0.7441 vs w:0.7441
client 6, predicted wo:0.7441 vs w:0.7441
client 7, predicted wo:0.7441 vs w:0.7441
client 8, predicted wo:0.7441 vs w:0.7441
client 9, predicted wo:0.7441 vs w:0.7441
client 10, predicted wo:0.7441 vs w:0.7441
client 11, predicted wo:0.7441 vs w:0.7441
client 12, predicted wo:0.7441 vs w:0.7441
client 13, predicted wo:0.7441 vs w:0.7441
client 14, predicted wo:0.7441 vs w:0.7441
client 15, predicted wo:0.7441 vs w:0.7441
client 16, predicted wo:0.7441 vs w:0.7441
client 17, predicted wo:0.7441 vs w:0.7441
client 18, predicted wo:0.7441 vs w:0.7441
client 19, predicted wo:0.7441 vs w:0.7441
client 20, predicted wo:0.7441 vs w:0.7441
client 21, predicted wo:0.7441 vs w:0.7441
client 22, predicted wo:0.7441 vs w:0.7441
client 23, predicted wo:0.7441 vs w:0.7441
client 24, predicted wo:0.7441 vs w:0.7441
client 25, predicted wo:0.7441 vs w:0.7441
client 26, predicted wo:0.7441 vs w:0.7441
client 27, predicted wo:0.7441 vs w:0.7441
client 28, predicted wo:0.7441 vs w:0.7441
client 29, predicted wo:0.7441 vs w:0.7441
client 30, predicted wo:0.7441 vs w:0.7441
client 31, predicted wo:0.7441 vs w:0.7441
client 32, predicted wo:0.7441 vs w:0.7441
client 33, predicted wo:0.7441 vs w:0.7441
client 34, predicted wo:0.7441 vs w:0.7441
client 35, predicted wo:0.7441 vs w:0.7441
client 36, predicted wo:0.7441 vs w:0.7441
client 37, predicted wo:0.7441 vs w:0.7441
client 38, predicted wo:0.7441 vs w:0.7441
client 39, predicted wo:0.7441 vs w:0.7441
client 40, predicted wo:0.7441 vs w:0.7441
heterogeneous_data_handler activated ✅ for clients: ['Client 1', 'Client 2', 'Client 3', 'Client 4', 'Client 5', 'Client 6', 'Client 7', 'Client 8', 'Client 9', 'Client 10', 'Client 11', 'Client 12', 'Client 13', 'Client 14', 'Client 15', 'Client 16', 'Client 17', 'Client 18', 'Client 19', 'Client 20', 'Client 21', 'Client 22', 'Client 23', 'Client 24', 'Client 25', 'Client 26', 'Client 27', 'Client 28', 'Client 29', 'Client 30', 'Client 31', 'Client 32', 'Client 33', 'Client 34', 'Client 35', 'Client 36', 'Client 37', 'Client 38', 'Client 39', 'Client 40']
Results Aggregated in 0.22 seconds.
{'prostate_logreg': {'train_loss': [0.671476195543156, 0.65496635325253, 0.6286483978985675, 0.6079667026975325, 0.5915096537609186, 0.5782627394955073, 0.5675149603480739, 0.5587077673391572, 0.5513721506776554, 0.5451675272413663, 0.5398526052811317, 0.535251388778644, 0.5312308403796383, 0.5276883228149797, 0.5245434090628156, 0.5217323158468519, 0.5192038626410067], 'train_accuracy': [0.5983096085409253, 0.6200892857142857, 0.6629464285714286, 0.6941964285714286, 0.7127232142857143, 0.7263392857142857, 0.7339285714285714, 0.7386160714285714, 0.7435267857142858, 0.7479910714285715, 0.7504464285714286, 0.7560267857142857, 0.7591517857142858, 0.7627232142857143, 0.7645089285714286, 0.7662946428571429, 0.7660714285714286], 'train_f1': [0.5439991964960171, 0.6104410673228823, 0.6581591955491977, 0.6916671342790752, 0.7113674561837041, 0.7251976547029317, 0.7328910678990316, 0.7376820668463098, 0.7426015282399449, 0.7471084968937314, 0.7495613571863087, 0.7550962739126624, 0.7581903018683611, 0.761748362141612, 0.763543834135008, 0.7652974363265296, 0.7650275129323106], 'train_mae': [0.40169039145907476, 0.37991071428571427, 0.33705357142857145, 0.30580357142857145, 0.2872767857142857, 0.2736607142857143, 0.26607142857142857, 0.26138392857142856, 0.2564732142857143, 0.2520089285714286, 0.24955357142857143, 0.24397321428571428, 0.2408482142857143, 0.2372767857142857, 0.23549107142857142, 0.23370535714285715, 0.23392857142857143], 'val_loss': [0.6894595481082806, 0.6613943262680564, 0.639485404980317, 0.6222129593757119, 0.6084750378764827, 0.5975053555444412, 0.5887946323686956, 0.5819490396141206, 0.5765342236601246, 0.5721333286816512, 0.5684617301424647, 0.5653413078003199, 0.5626514511835867, 0.5603047803283991, 0.5582356094734663, 0.55639348848654, 0.5547391000219829], 'val_accuracy': [0.5654340501249338, 0.6215306800911854, 0.6552589918946302, 0.6773959916413373, 0.6907310663627152, 0.6993845776342452, 0.7054006775582574, 0.7087603691742654, 0.7115873543566362, 0.7142524696048632, 0.7169935726950355, 0.7192443167426545, 0.7227611290526849, 0.726304457953394, 0.7279247403748734, 0.7308938069908815, 0.7333507472137791], 'val_f1': [0.5155910240748541, 0.5858082664015432, 0.628779516742462, 0.6570726656806324, 0.6732385008175275, 0.683673148720071, 0.691102484395094, 0.6955871634208972, 0.6993545930727898, 0.7029191008481236, 0.706528202071599, 0.7093617147012438, 0.7132927447338043, 0.7170607897578825, 0.7187644936998423, 0.7218928663159712, 0.724446352113223], 'val_mae': [0.4345659498750663, 0.3784693199088146, 0.34474100810536984, 0.3226040083586626, 0.3092689336372847, 0.30061542236575484, 0.2945993224417427, 0.29123963082573456, 0.2884126456433637, 0.2857475303951368, 0.28300642730496456, 0.28075568325734546, 0.2772388709473151, 0.27369554204660584, 0.27207525962512663, 0.26910619300911853, 0.26664925278622087], 'jsd': [(0.0034642219743328505, 0.00042941623229211627, 0.021538652516748455, 0.02272086873228655, 0.0012206713952879027, 0.0014409891346113153, 0.042666013215726564, 0.03600088831260688, 0.001452967385689341, 0.022022771157485542, 0.0012206713952879027, 0.12306145811218505, 0.021538652516748455, 0.02272086873228655, 0.0030171758098115793, 0.0007052449150227041, 0.042666013215726564, 0.045824702319694016, 0.022022771157485542, 0.04399676213315208, 0.03600088831260688, 0.0012206713952879027, 0.0012206713952879027, 0.0012206713952879027, 0.0014409891346113153, 0.0012206713952879027, 0.00040919789219141973, 0.0033536538076340758, 0.001452967385689341, 0.021538652516748455, 0.021538652516748455, 0.022022771157485542, 0.12306145811218505, 0.0003843884653275346, 0.042666013215726564, 0.0034642219743328505, 0.0012206713952879027, 0.00042941623229211627, 0.021371214021228643, 0.0030171758098115793), (0, 0, 0, 0, 0, 0, 0, 0, 0, 0, 0, 0, 0, 0, 0, 0, 0, 0, 0, 0, 0, 0, 0, 0, 0, 0, 0, 0, 0, 0, 0, 0, 0, 0, 0, 0, 0, 0, 0, 0), (0, 0, 0, 0, 0, 0, 0, 0, 0, 0, 0, 0, 0, 0, 0, 0, 0, 0, 0, 0, 0, 0, 0, 0, 0, 0, 0, 0, 0, 0, 0, 0, 0, 0, 0, 0, 0, 0, 0, 0), (0, 0, 0, 0, 0, 0, 0, 0, 0, 0, 0, 0, 0, 0, 0, 0, 0, 0, 0, 0, 0, 0, 0, 0, 0, 0, 0, 0, 0, 0, 0, 0, 0, 0, 0, 0, 0, 0, 0, 0), (0, 0, 0, 0, 0, 0, 0, 0, 0, 0, 0, 0, 0, 0, 0, 0, 0, 0, 0, 0, 0, 0, 0, 0, 0, 0, 0, 0, 0, 0, 0, 0, 0, 0, 0, 0, 0, 0, 0, 0), (0, 0, 0, 0, 0, 0, 0, 0, 0, 0, 0, 0, 0, 0, 0, 0, 0, 0, 0, 0, 0, 0, 0, 0, 0, 0, 0, 0, 0, 0, 0, 0, 0, 0, 0, 0, 0, 0, 0, 0), (0, 0, 0, 0, 0, 0, 0, 0, 0, 0, 0, 0, 0, 0, 0, 0, 0, 0, 0, 0, 0, 0, 0, 0, 0, 0, 0, 0, 0, 0, 0, 0, 0, 0, 0, 0, 0, 0, 0, 0), (0, 0, 0, 0, 0, 0, 0, 0, 0, 0, 0, 0, 0, 0, 0, 0, 0, 0, 0, 0, 0, 0, 0, 0, 0, 0, 0, 0, 0, 0, 0, 0, 0, 0, 0, 0, 0, 0, 0, 0), (0, 0, 0, 0, 0, 0, 0, 0, 0, 0, 0, 0, 0, 0, 0, 0, 0, 0, 0, 0, 0, 0, 0, 0, 0, 0, 0, 0, 0, 0, 0, 0, 0, 0, 0, 0, 0, 0, 0, 0), (0, 0, 0, 0, 0, 0, 0, 0, 0, 0, 0, 0, 0, 0, 0, 0, 0, 0, 0, 0, 0, 0, 0, 0, 0, 0, 0, 0, 0, 0, 0, 0, 0, 0, 0, 0, 0, 0, 0, 0), (0, 0, 0, 0, 0, 0, 0, 0, 0, 0, 0, 0, 0, 0, 0, 0, 0, 0, 0, 0, 0, 0, 0, 0, 0, 0, 0, 0, 0, 0, 0, 0, 0, 0, 0, 0, 0, 0, 0, 0), (0, 0, 0, 0, 0, 0, 0, 0, 0, 0, 0, 0, 0, 0, 0, 0, 0, 0, 0, 0, 0, 0, 0, 0, 0, 0, 0, 0, 0, 0, 0, 0, 0, 0, 0, 0, 0, 0, 0, 0), (0, 0, 0, 0, 0, 0, 0, 0, 0, 0, 0, 0, 0, 0, 0, 0, 0, 0, 0, 0, 0, 0, 0, 0, 0, 0, 0, 0, 0, 0, 0, 0, 0, 0, 0, 0, 0, 0, 0, 0), (0, 0, 0, 0, 0, 0, 0, 0, 0, 0, 0, 0, 0, 0, 0, 0, 0, 0, 0, 0, 0, 0, 0, 0, 0, 0, 0, 0, 0, 0, 0, 0, 0, 0, 0, 0, 0, 0, 0, 0), (0, 0, 0, 0, 0, 0, 0, 0, 0, 0, 0, 0, 0, 0, 0, 0, 0, 0, 0, 0, 0, 0, 0, 0, 0, 0, 0, 0, 0, 0, 0, 0, 0, 0, 0, 0, 0, 0, 0, 0), (0, 0, 0, 0, 0, 0, 0, 0, 0, 0, 0, 0, 0, 0, 0, 0, 0, 0, 0, 0, 0, 0, 0, 0, 0, 0, 0, 0, 0, 0, 0, 0, 0, 0, 0, 0, 0, 0, 0, 0), (0, 0, 0, 0, 0, 0, 0, 0, 0, 0, 0, 0, 0, 0, 0, 0, 0, 0, 0, 0, 0, 0, 0, 0, 0, 0, 0, 0, 0, 0, 0, 0, 0, 0, 0, 0, 0, 0, 0, 0)]}}
AdaptationManager: Configuring next round...
{'client_registry': {'enabled': True, 'params': {}}, 'client_selector': {'enabled': False, 'params': {}}, 'client_cluster': {'enabled': False, 'params': {}}, 'message_compressor': {'enabled': False, 'params': {}}, 'model_co-versioning_registry': {'enabled': False, 'params': {}}, 'multi-task_model_trainer': {'enabled': False, 'params': {}}, 'heterogeneous_data_handler': {'enabled': True, 'params': {'enabled_clients': []}}}
{'client_selector': {'enabled': False}, 'client_cluster': {'enabled': False}, 'message_compressor': {'enabled': False}, 'model_co-versioning_registry': {'enabled': False}, 'multi-task_model_trainer': {'enabled': False}, 'heterogeneous_data_handler': {'enabled': True, 'params': {'enabled_clients': ['Client 1', 'Client 2', 'Client 3', 'Client 4', 'Client 5', 'Client 6', 'Client 7', 'Client 8', 'Client 9', 'Client 10', 'Client 11', 'Client 12', 'Client 13', 'Client 14', 'Client 15', 'Client 16', 'Client 17', 'Client 18', 'Client 19', 'Client 20', 'Client 21', 'Client 22', 'Client 23', 'Client 24', 'Client 25', 'Client 26', 'Client 27', 'Client 28', 'Client 29', 'Client 30', 'Client 31', 'Client 32', 'Client 33', 'Client 34', 'Client 35', 'Client 36', 'Client 37', 'Client 38', 'Client 39', 'Client 40']}}, 'client_registry': {'enabled': True, 'params': {}}}
client 1, predicted wo:0.7441 vs w:0.7441
client 2, predicted wo:0.7441 vs w:0.7441
client 3, predicted wo:0.7441 vs w:0.7441
client 4, predicted wo:0.7441 vs w:0.7441
client 5, predicted wo:0.7441 vs w:0.7441
client 6, predicted wo:0.7441 vs w:0.7441
client 7, predicted wo:0.7441 vs w:0.7441
client 8, predicted wo:0.7441 vs w:0.7441
client 9, predicted wo:0.7441 vs w:0.7441
client 10, predicted wo:0.7441 vs w:0.7441
client 11, predicted wo:0.7441 vs w:0.7441
client 12, predicted wo:0.7441 vs w:0.7441
client 13, predicted wo:0.7441 vs w:0.7441
client 14, predicted wo:0.7441 vs w:0.7441
client 15, predicted wo:0.7441 vs w:0.7441
client 16, predicted wo:0.7441 vs w:0.7441
client 17, predicted wo:0.7441 vs w:0.7441
client 18, predicted wo:0.7441 vs w:0.7441
client 19, predicted wo:0.7441 vs w:0.7441
client 20, predicted wo:0.7441 vs w:0.7441
client 21, predicted wo:0.7441 vs w:0.7441
client 22, predicted wo:0.7441 vs w:0.7441
client 23, predicted wo:0.7441 vs w:0.7441
client 24, predicted wo:0.7441 vs w:0.7441
client 25, predicted wo:0.7441 vs w:0.7441
client 26, predicted wo:0.7441 vs w:0.7441
client 27, predicted wo:0.7441 vs w:0.7441
client 28, predicted wo:0.7441 vs w:0.7441
client 29, predicted wo:0.7441 vs w:0.7441
client 30, predicted wo:0.7441 vs w:0.7441
client 31, predicted wo:0.7441 vs w:0.7441
client 32, predicted wo:0.7441 vs w:0.7441
client 33, predicted wo:0.7441 vs w:0.7441
client 34, predicted wo:0.7441 vs w:0.7441
client 35, predicted wo:0.7441 vs w:0.7441
client 36, predicted wo:0.7441 vs w:0.7441
client 37, predicted wo:0.7441 vs w:0.7441
client 38, predicted wo:0.7441 vs w:0.7441
client 39, predicted wo:0.7441 vs w:0.7441
client 40, predicted wo:0.7441 vs w:0.7441
heterogeneous_data_handler activated ✅ for clients: ['Client 1', 'Client 2', 'Client 3', 'Client 4', 'Client 5', 'Client 6', 'Client 7', 'Client 8', 'Client 9', 'Client 10', 'Client 11', 'Client 12', 'Client 13', 'Client 14', 'Client 15', 'Client 16', 'Client 17', 'Client 18', 'Client 19', 'Client 20', 'Client 21', 'Client 22', 'Client 23', 'Client 24', 'Client 25', 'Client 26', 'Client 27', 'Client 28', 'Client 29', 'Client 30', 'Client 31', 'Client 32', 'Client 33', 'Client 34', 'Client 35', 'Client 36', 'Client 37', 'Client 38', 'Client 39', 'Client 40']
Results Aggregated in 0.23 seconds.
{'prostate_logreg': {'train_loss': [0.671476195543156, 0.65496635325253, 0.6286483978985675, 0.6079667026975325, 0.5915096537609186, 0.5782627394955073, 0.5675149603480739, 0.5587077673391572, 0.5513721506776554, 0.5451675272413663, 0.5398526052811317, 0.535251388778644, 0.5312308403796383, 0.5276883228149797, 0.5245434090628156, 0.5217323158468519, 0.5192038626410067, 0.5169165707193315], 'train_accuracy': [0.5983096085409253, 0.6200892857142857, 0.6629464285714286, 0.6941964285714286, 0.7127232142857143, 0.7263392857142857, 0.7339285714285714, 0.7386160714285714, 0.7435267857142858, 0.7479910714285715, 0.7504464285714286, 0.7560267857142857, 0.7591517857142858, 0.7627232142857143, 0.7645089285714286, 0.7662946428571429, 0.7660714285714286, 0.7676339285714285], 'train_f1': [0.5439991964960171, 0.6104410673228823, 0.6581591955491977, 0.6916671342790752, 0.7113674561837041, 0.7251976547029317, 0.7328910678990316, 0.7376820668463098, 0.7426015282399449, 0.7471084968937314, 0.7495613571863087, 0.7550962739126624, 0.7581903018683611, 0.761748362141612, 0.763543834135008, 0.7652974363265296, 0.7650275129323106, 0.7665495109756394], 'train_mae': [0.40169039145907476, 0.37991071428571427, 0.33705357142857145, 0.30580357142857145, 0.2872767857142857, 0.2736607142857143, 0.26607142857142857, 0.26138392857142856, 0.2564732142857143, 0.2520089285714286, 0.24955357142857143, 0.24397321428571428, 0.2408482142857143, 0.2372767857142857, 0.23549107142857142, 0.23370535714285715, 0.23392857142857143, 0.23236607142857144], 'val_loss': [0.6894595481082806, 0.6613943262680564, 0.639485404980317, 0.6222129593757119, 0.6084750378764827, 0.5975053555444412, 0.5887946323686956, 0.5819490396141206, 0.5765342236601246, 0.5721333286816512, 0.5684617301424647, 0.5653413078003199, 0.5626514511835867, 0.5603047803283991, 0.5582356094734663, 0.55639348848654, 0.5547391000219829, 0.5532414316462981], 'val_accuracy': [0.5654340501249338, 0.6215306800911854, 0.6552589918946302, 0.6773959916413373, 0.6907310663627152, 0.6993845776342452, 0.7054006775582574, 0.7087603691742654, 0.7115873543566362, 0.7142524696048632, 0.7169935726950355, 0.7192443167426545, 0.7227611290526849, 0.726304457953394, 0.7279247403748734, 0.7308938069908815, 0.7333507472137791, 0.7348131174012158], 'val_f1': [0.5155910240748541, 0.5858082664015432, 0.628779516742462, 0.6570726656806324, 0.6732385008175275, 0.683673148720071, 0.691102484395094, 0.6955871634208972, 0.6993545930727898, 0.7029191008481236, 0.706528202071599, 0.7093617147012438, 0.7132927447338043, 0.7170607897578825, 0.7187644936998423, 0.7218928663159712, 0.724446352113223, 0.7260334829621249], 'val_mae': [0.4345659498750663, 0.3784693199088146, 0.34474100810536984, 0.3226040083586626, 0.3092689336372847, 0.30061542236575484, 0.2945993224417427, 0.29123963082573456, 0.2884126456433637, 0.2857475303951368, 0.28300642730496456, 0.28075568325734546, 0.2772388709473151, 0.27369554204660584, 0.27207525962512663, 0.26910619300911853, 0.26664925278622087, 0.2651868825987842], 'jsd': [(0.0034642219743328505, 0.00042941623229211627, 0.021538652516748455, 0.02272086873228655, 0.0012206713952879027, 0.0014409891346113153, 0.042666013215726564, 0.03600088831260688, 0.001452967385689341, 0.022022771157485542, 0.0012206713952879027, 0.12306145811218505, 0.021538652516748455, 0.02272086873228655, 0.0030171758098115793, 0.0007052449150227041, 0.042666013215726564, 0.045824702319694016, 0.022022771157485542, 0.04399676213315208, 0.03600088831260688, 0.0012206713952879027, 0.0012206713952879027, 0.0012206713952879027, 0.0014409891346113153, 0.0012206713952879027, 0.00040919789219141973, 0.0033536538076340758, 0.001452967385689341, 0.021538652516748455, 0.021538652516748455, 0.022022771157485542, 0.12306145811218505, 0.0003843884653275346, 0.042666013215726564, 0.0034642219743328505, 0.0012206713952879027, 0.00042941623229211627, 0.021371214021228643, 0.0030171758098115793), (0, 0, 0, 0, 0, 0, 0, 0, 0, 0, 0, 0, 0, 0, 0, 0, 0, 0, 0, 0, 0, 0, 0, 0, 0, 0, 0, 0, 0, 0, 0, 0, 0, 0, 0, 0, 0, 0, 0, 0), (0, 0, 0, 0, 0, 0, 0, 0, 0, 0, 0, 0, 0, 0, 0, 0, 0, 0, 0, 0, 0, 0, 0, 0, 0, 0, 0, 0, 0, 0, 0, 0, 0, 0, 0, 0, 0, 0, 0, 0), (0, 0, 0, 0, 0, 0, 0, 0, 0, 0, 0, 0, 0, 0, 0, 0, 0, 0, 0, 0, 0, 0, 0, 0, 0, 0, 0, 0, 0, 0, 0, 0, 0, 0, 0, 0, 0, 0, 0, 0), (0, 0, 0, 0, 0, 0, 0, 0, 0, 0, 0, 0, 0, 0, 0, 0, 0, 0, 0, 0, 0, 0, 0, 0, 0, 0, 0, 0, 0, 0, 0, 0, 0, 0, 0, 0, 0, 0, 0, 0), (0, 0, 0, 0, 0, 0, 0, 0, 0, 0, 0, 0, 0, 0, 0, 0, 0, 0, 0, 0, 0, 0, 0, 0, 0, 0, 0, 0, 0, 0, 0, 0, 0, 0, 0, 0, 0, 0, 0, 0), (0, 0, 0, 0, 0, 0, 0, 0, 0, 0, 0, 0, 0, 0, 0, 0, 0, 0, 0, 0, 0, 0, 0, 0, 0, 0, 0, 0, 0, 0, 0, 0, 0, 0, 0, 0, 0, 0, 0, 0), (0, 0, 0, 0, 0, 0, 0, 0, 0, 0, 0, 0, 0, 0, 0, 0, 0, 0, 0, 0, 0, 0, 0, 0, 0, 0, 0, 0, 0, 0, 0, 0, 0, 0, 0, 0, 0, 0, 0, 0), (0, 0, 0, 0, 0, 0, 0, 0, 0, 0, 0, 0, 0, 0, 0, 0, 0, 0, 0, 0, 0, 0, 0, 0, 0, 0, 0, 0, 0, 0, 0, 0, 0, 0, 0, 0, 0, 0, 0, 0), (0, 0, 0, 0, 0, 0, 0, 0, 0, 0, 0, 0, 0, 0, 0, 0, 0, 0, 0, 0, 0, 0, 0, 0, 0, 0, 0, 0, 0, 0, 0, 0, 0, 0, 0, 0, 0, 0, 0, 0), (0, 0, 0, 0, 0, 0, 0, 0, 0, 0, 0, 0, 0, 0, 0, 0, 0, 0, 0, 0, 0, 0, 0, 0, 0, 0, 0, 0, 0, 0, 0, 0, 0, 0, 0, 0, 0, 0, 0, 0), (0, 0, 0, 0, 0, 0, 0, 0, 0, 0, 0, 0, 0, 0, 0, 0, 0, 0, 0, 0, 0, 0, 0, 0, 0, 0, 0, 0, 0, 0, 0, 0, 0, 0, 0, 0, 0, 0, 0, 0), (0, 0, 0, 0, 0, 0, 0, 0, 0, 0, 0, 0, 0, 0, 0, 0, 0, 0, 0, 0, 0, 0, 0, 0, 0, 0, 0, 0, 0, 0, 0, 0, 0, 0, 0, 0, 0, 0, 0, 0), (0, 0, 0, 0, 0, 0, 0, 0, 0, 0, 0, 0, 0, 0, 0, 0, 0, 0, 0, 0, 0, 0, 0, 0, 0, 0, 0, 0, 0, 0, 0, 0, 0, 0, 0, 0, 0, 0, 0, 0), (0, 0, 0, 0, 0, 0, 0, 0, 0, 0, 0, 0, 0, 0, 0, 0, 0, 0, 0, 0, 0, 0, 0, 0, 0, 0, 0, 0, 0, 0, 0, 0, 0, 0, 0, 0, 0, 0, 0, 0), (0, 0, 0, 0, 0, 0, 0, 0, 0, 0, 0, 0, 0, 0, 0, 0, 0, 0, 0, 0, 0, 0, 0, 0, 0, 0, 0, 0, 0, 0, 0, 0, 0, 0, 0, 0, 0, 0, 0, 0), (0, 0, 0, 0, 0, 0, 0, 0, 0, 0, 0, 0, 0, 0, 0, 0, 0, 0, 0, 0, 0, 0, 0, 0, 0, 0, 0, 0, 0, 0, 0, 0, 0, 0, 0, 0, 0, 0, 0, 0), (0, 0, 0, 0, 0, 0, 0, 0, 0, 0, 0, 0, 0, 0, 0, 0, 0, 0, 0, 0, 0, 0, 0, 0, 0, 0, 0, 0, 0, 0, 0, 0, 0, 0, 0, 0, 0, 0, 0, 0)]}}
AdaptationManager: Configuring next round...
{'client_registry': {'enabled': True, 'params': {}}, 'client_selector': {'enabled': False, 'params': {}}, 'client_cluster': {'enabled': False, 'params': {}}, 'message_compressor': {'enabled': False, 'params': {}}, 'model_co-versioning_registry': {'enabled': False, 'params': {}}, 'multi-task_model_trainer': {'enabled': False, 'params': {}}, 'heterogeneous_data_handler': {'enabled': True, 'params': {'enabled_clients': []}}}
{'client_selector': {'enabled': False}, 'client_cluster': {'enabled': False}, 'message_compressor': {'enabled': False}, 'model_co-versioning_registry': {'enabled': False}, 'multi-task_model_trainer': {'enabled': False}, 'heterogeneous_data_handler': {'enabled': True, 'params': {'enabled_clients': ['Client 1', 'Client 2', 'Client 3', 'Client 4', 'Client 5', 'Client 6', 'Client 7', 'Client 8', 'Client 9', 'Client 10', 'Client 11', 'Client 12', 'Client 13', 'Client 14', 'Client 15', 'Client 16', 'Client 17', 'Client 18', 'Client 19', 'Client 20', 'Client 21', 'Client 22', 'Client 23', 'Client 24', 'Client 25', 'Client 26', 'Client 27', 'Client 28', 'Client 29', 'Client 30', 'Client 31', 'Client 32', 'Client 33', 'Client 34', 'Client 35', 'Client 36', 'Client 37', 'Client 38', 'Client 39', 'Client 40']}}, 'client_registry': {'enabled': True, 'params': {}}}
client 1, predicted wo:0.7441 vs w:0.7441
client 2, predicted wo:0.7441 vs w:0.7441
client 3, predicted wo:0.7441 vs w:0.7441
client 4, predicted wo:0.7441 vs w:0.7441
client 5, predicted wo:0.7441 vs w:0.7441
client 6, predicted wo:0.7441 vs w:0.7441
client 7, predicted wo:0.7441 vs w:0.7441
client 8, predicted wo:0.7441 vs w:0.7441
client 9, predicted wo:0.7441 vs w:0.7441
client 10, predicted wo:0.7441 vs w:0.7441
client 11, predicted wo:0.7441 vs w:0.7441
client 12, predicted wo:0.7441 vs w:0.7441
client 13, predicted wo:0.7441 vs w:0.7441
client 14, predicted wo:0.7441 vs w:0.7441
client 15, predicted wo:0.7441 vs w:0.7441
client 16, predicted wo:0.7441 vs w:0.7441
client 17, predicted wo:0.7441 vs w:0.7441
client 18, predicted wo:0.7441 vs w:0.7441
client 19, predicted wo:0.7441 vs w:0.7441
client 20, predicted wo:0.7441 vs w:0.7441
client 21, predicted wo:0.7441 vs w:0.7441
client 22, predicted wo:0.7441 vs w:0.7441
client 23, predicted wo:0.7441 vs w:0.7441
client 24, predicted wo:0.7441 vs w:0.7441
client 25, predicted wo:0.7441 vs w:0.7441
client 26, predicted wo:0.7441 vs w:0.7441
client 27, predicted wo:0.7441 vs w:0.7441
client 28, predicted wo:0.7441 vs w:0.7441
client 29, predicted wo:0.7441 vs w:0.7441
client 30, predicted wo:0.7441 vs w:0.7441
client 31, predicted wo:0.7441 vs w:0.7441
client 32, predicted wo:0.7441 vs w:0.7441
client 33, predicted wo:0.7441 vs w:0.7441
client 34, predicted wo:0.7441 vs w:0.7441
client 35, predicted wo:0.7441 vs w:0.7441
client 36, predicted wo:0.7441 vs w:0.7441
client 37, predicted wo:0.7441 vs w:0.7441
client 38, predicted wo:0.7441 vs w:0.7441
client 39, predicted wo:0.7441 vs w:0.7441
client 40, predicted wo:0.7441 vs w:0.7441
heterogeneous_data_handler activated ✅ for clients: ['Client 1', 'Client 2', 'Client 3', 'Client 4', 'Client 5', 'Client 6', 'Client 7', 'Client 8', 'Client 9', 'Client 10', 'Client 11', 'Client 12', 'Client 13', 'Client 14', 'Client 15', 'Client 16', 'Client 17', 'Client 18', 'Client 19', 'Client 20', 'Client 21', 'Client 22', 'Client 23', 'Client 24', 'Client 25', 'Client 26', 'Client 27', 'Client 28', 'Client 29', 'Client 30', 'Client 31', 'Client 32', 'Client 33', 'Client 34', 'Client 35', 'Client 36', 'Client 37', 'Client 38', 'Client 39', 'Client 40']
Results Aggregated in 0.22 seconds.
{'prostate_logreg': {'train_loss': [0.671476195543156, 0.65496635325253, 0.6286483978985675, 0.6079667026975325, 0.5915096537609186, 0.5782627394955073, 0.5675149603480739, 0.5587077673391572, 0.5513721506776554, 0.5451675272413663, 0.5398526052811317, 0.535251388778644, 0.5312308403796383, 0.5276883228149797, 0.5245434090628156, 0.5217323158468519, 0.5192038626410067, 0.5169165707193315, 0.5148365661901023], 'train_accuracy': [0.5983096085409253, 0.6200892857142857, 0.6629464285714286, 0.6941964285714286, 0.7127232142857143, 0.7263392857142857, 0.7339285714285714, 0.7386160714285714, 0.7435267857142858, 0.7479910714285715, 0.7504464285714286, 0.7560267857142857, 0.7591517857142858, 0.7627232142857143, 0.7645089285714286, 0.7662946428571429, 0.7660714285714286, 0.7676339285714285, 0.7683035714285714], 'train_f1': [0.5439991964960171, 0.6104410673228823, 0.6581591955491977, 0.6916671342790752, 0.7113674561837041, 0.7251976547029317, 0.7328910678990316, 0.7376820668463098, 0.7426015282399449, 0.7471084968937314, 0.7495613571863087, 0.7550962739126624, 0.7581903018683611, 0.761748362141612, 0.763543834135008, 0.7652974363265296, 0.7650275129323106, 0.7665495109756394, 0.767208490352764], 'train_mae': [0.40169039145907476, 0.37991071428571427, 0.33705357142857145, 0.30580357142857145, 0.2872767857142857, 0.2736607142857143, 0.26607142857142857, 0.26138392857142856, 0.2564732142857143, 0.2520089285714286, 0.24955357142857143, 0.24397321428571428, 0.2408482142857143, 0.2372767857142857, 0.23549107142857142, 0.23370535714285715, 0.23392857142857143, 0.23236607142857144, 0.23169642857142858], 'val_loss': [0.6894595481082806, 0.6613943262680564, 0.639485404980317, 0.6222129593757119, 0.6084750378764827, 0.5975053555444412, 0.5887946323686956, 0.5819490396141206, 0.5765342236601246, 0.5721333286816512, 0.5684617301424647, 0.5653413078003199, 0.5626514511835867, 0.5603047803283991, 0.5582356094734663, 0.55639348848654, 0.5547391000219829, 0.5532414316462981, 0.5518758021412076], 'val_accuracy': [0.5654340501249338, 0.6215306800911854, 0.6552589918946302, 0.6773959916413373, 0.6907310663627152, 0.6993845776342452, 0.7054006775582574, 0.7087603691742654, 0.7115873543566362, 0.7142524696048632, 0.7169935726950355, 0.7192443167426545, 0.7227611290526849, 0.726304457953394, 0.7279247403748734, 0.7308938069908815, 0.7333507472137791, 0.7348131174012158, 0.7361725873860182], 'val_f1': [0.5155910240748541, 0.5858082664015432, 0.628779516742462, 0.6570726656806324, 0.6732385008175275, 0.683673148720071, 0.691102484395094, 0.6955871634208972, 0.6993545930727898, 0.7029191008481236, 0.706528202071599, 0.7093617147012438, 0.7132927447338043, 0.7170607897578825, 0.7187644936998423, 0.7218928663159712, 0.724446352113223, 0.7260334829621249, 0.7274779756644901], 'val_mae': [0.4345659498750663, 0.3784693199088146, 0.34474100810536984, 0.3226040083586626, 0.3092689336372847, 0.30061542236575484, 0.2945993224417427, 0.29123963082573456, 0.2884126456433637, 0.2857475303951368, 0.28300642730496456, 0.28075568325734546, 0.2772388709473151, 0.27369554204660584, 0.27207525962512663, 0.26910619300911853, 0.26664925278622087, 0.2651868825987842, 0.26382741261398174], 'jsd': [(0.0034642219743328505, 0.00042941623229211627, 0.021538652516748455, 0.02272086873228655, 0.0012206713952879027, 0.0014409891346113153, 0.042666013215726564, 0.03600088831260688, 0.001452967385689341, 0.022022771157485542, 0.0012206713952879027, 0.12306145811218505, 0.021538652516748455, 0.02272086873228655, 0.0030171758098115793, 0.0007052449150227041, 0.042666013215726564, 0.045824702319694016, 0.022022771157485542, 0.04399676213315208, 0.03600088831260688, 0.0012206713952879027, 0.0012206713952879027, 0.0012206713952879027, 0.0014409891346113153, 0.0012206713952879027, 0.00040919789219141973, 0.0033536538076340758, 0.001452967385689341, 0.021538652516748455, 0.021538652516748455, 0.022022771157485542, 0.12306145811218505, 0.0003843884653275346, 0.042666013215726564, 0.0034642219743328505, 0.0012206713952879027, 0.00042941623229211627, 0.021371214021228643, 0.0030171758098115793), (0, 0, 0, 0, 0, 0, 0, 0, 0, 0, 0, 0, 0, 0, 0, 0, 0, 0, 0, 0, 0, 0, 0, 0, 0, 0, 0, 0, 0, 0, 0, 0, 0, 0, 0, 0, 0, 0, 0, 0), (0, 0, 0, 0, 0, 0, 0, 0, 0, 0, 0, 0, 0, 0, 0, 0, 0, 0, 0, 0, 0, 0, 0, 0, 0, 0, 0, 0, 0, 0, 0, 0, 0, 0, 0, 0, 0, 0, 0, 0), (0, 0, 0, 0, 0, 0, 0, 0, 0, 0, 0, 0, 0, 0, 0, 0, 0, 0, 0, 0, 0, 0, 0, 0, 0, 0, 0, 0, 0, 0, 0, 0, 0, 0, 0, 0, 0, 0, 0, 0), (0, 0, 0, 0, 0, 0, 0, 0, 0, 0, 0, 0, 0, 0, 0, 0, 0, 0, 0, 0, 0, 0, 0, 0, 0, 0, 0, 0, 0, 0, 0, 0, 0, 0, 0, 0, 0, 0, 0, 0), (0, 0, 0, 0, 0, 0, 0, 0, 0, 0, 0, 0, 0, 0, 0, 0, 0, 0, 0, 0, 0, 0, 0, 0, 0, 0, 0, 0, 0, 0, 0, 0, 0, 0, 0, 0, 0, 0, 0, 0), (0, 0, 0, 0, 0, 0, 0, 0, 0, 0, 0, 0, 0, 0, 0, 0, 0, 0, 0, 0, 0, 0, 0, 0, 0, 0, 0, 0, 0, 0, 0, 0, 0, 0, 0, 0, 0, 0, 0, 0), (0, 0, 0, 0, 0, 0, 0, 0, 0, 0, 0, 0, 0, 0, 0, 0, 0, 0, 0, 0, 0, 0, 0, 0, 0, 0, 0, 0, 0, 0, 0, 0, 0, 0, 0, 0, 0, 0, 0, 0), (0, 0, 0, 0, 0, 0, 0, 0, 0, 0, 0, 0, 0, 0, 0, 0, 0, 0, 0, 0, 0, 0, 0, 0, 0, 0, 0, 0, 0, 0, 0, 0, 0, 0, 0, 0, 0, 0, 0, 0), (0, 0, 0, 0, 0, 0, 0, 0, 0, 0, 0, 0, 0, 0, 0, 0, 0, 0, 0, 0, 0, 0, 0, 0, 0, 0, 0, 0, 0, 0, 0, 0, 0, 0, 0, 0, 0, 0, 0, 0), (0, 0, 0, 0, 0, 0, 0, 0, 0, 0, 0, 0, 0, 0, 0, 0, 0, 0, 0, 0, 0, 0, 0, 0, 0, 0, 0, 0, 0, 0, 0, 0, 0, 0, 0, 0, 0, 0, 0, 0), (0, 0, 0, 0, 0, 0, 0, 0, 0, 0, 0, 0, 0, 0, 0, 0, 0, 0, 0, 0, 0, 0, 0, 0, 0, 0, 0, 0, 0, 0, 0, 0, 0, 0, 0, 0, 0, 0, 0, 0), (0, 0, 0, 0, 0, 0, 0, 0, 0, 0, 0, 0, 0, 0, 0, 0, 0, 0, 0, 0, 0, 0, 0, 0, 0, 0, 0, 0, 0, 0, 0, 0, 0, 0, 0, 0, 0, 0, 0, 0), (0, 0, 0, 0, 0, 0, 0, 0, 0, 0, 0, 0, 0, 0, 0, 0, 0, 0, 0, 0, 0, 0, 0, 0, 0, 0, 0, 0, 0, 0, 0, 0, 0, 0, 0, 0, 0, 0, 0, 0), (0, 0, 0, 0, 0, 0, 0, 0, 0, 0, 0, 0, 0, 0, 0, 0, 0, 0, 0, 0, 0, 0, 0, 0, 0, 0, 0, 0, 0, 0, 0, 0, 0, 0, 0, 0, 0, 0, 0, 0), (0, 0, 0, 0, 0, 0, 0, 0, 0, 0, 0, 0, 0, 0, 0, 0, 0, 0, 0, 0, 0, 0, 0, 0, 0, 0, 0, 0, 0, 0, 0, 0, 0, 0, 0, 0, 0, 0, 0, 0), (0, 0, 0, 0, 0, 0, 0, 0, 0, 0, 0, 0, 0, 0, 0, 0, 0, 0, 0, 0, 0, 0, 0, 0, 0, 0, 0, 0, 0, 0, 0, 0, 0, 0, 0, 0, 0, 0, 0, 0), (0, 0, 0, 0, 0, 0, 0, 0, 0, 0, 0, 0, 0, 0, 0, 0, 0, 0, 0, 0, 0, 0, 0, 0, 0, 0, 0, 0, 0, 0, 0, 0, 0, 0, 0, 0, 0, 0, 0, 0), (0, 0, 0, 0, 0, 0, 0, 0, 0, 0, 0, 0, 0, 0, 0, 0, 0, 0, 0, 0, 0, 0, 0, 0, 0, 0, 0, 0, 0, 0, 0, 0, 0, 0, 0, 0, 0, 0, 0, 0)]}}
AdaptationManager: Configuring next round...
{'client_registry': {'enabled': True, 'params': {}}, 'client_selector': {'enabled': False, 'params': {}}, 'client_cluster': {'enabled': False, 'params': {}}, 'message_compressor': {'enabled': False, 'params': {}}, 'model_co-versioning_registry': {'enabled': False, 'params': {}}, 'multi-task_model_trainer': {'enabled': False, 'params': {}}, 'heterogeneous_data_handler': {'enabled': True, 'params': {'enabled_clients': []}}}
{'client_selector': {'enabled': False}, 'client_cluster': {'enabled': False}, 'message_compressor': {'enabled': False}, 'model_co-versioning_registry': {'enabled': False}, 'multi-task_model_trainer': {'enabled': False}, 'heterogeneous_data_handler': {'enabled': True, 'params': {'enabled_clients': ['Client 1', 'Client 2', 'Client 3', 'Client 4', 'Client 5', 'Client 6', 'Client 7', 'Client 8', 'Client 9', 'Client 10', 'Client 11', 'Client 12', 'Client 13', 'Client 14', 'Client 15', 'Client 16', 'Client 17', 'Client 18', 'Client 19', 'Client 20', 'Client 21', 'Client 22', 'Client 23', 'Client 24', 'Client 25', 'Client 26', 'Client 27', 'Client 28', 'Client 29', 'Client 30', 'Client 31', 'Client 32', 'Client 33', 'Client 34', 'Client 35', 'Client 36', 'Client 37', 'Client 38', 'Client 39', 'Client 40']}}, 'client_registry': {'enabled': True, 'params': {}}}
client 1, predicted wo:0.7441 vs w:0.7441
client 2, predicted wo:0.7441 vs w:0.7441
client 3, predicted wo:0.7441 vs w:0.7441
client 4, predicted wo:0.7441 vs w:0.7441
client 5, predicted wo:0.7441 vs w:0.7441
client 6, predicted wo:0.7441 vs w:0.7441
client 7, predicted wo:0.7441 vs w:0.7441
client 8, predicted wo:0.7441 vs w:0.7441
client 9, predicted wo:0.7441 vs w:0.7441
client 10, predicted wo:0.7441 vs w:0.7441
client 11, predicted wo:0.7441 vs w:0.7441
client 12, predicted wo:0.7441 vs w:0.7441
client 13, predicted wo:0.7441 vs w:0.7441
client 14, predicted wo:0.7441 vs w:0.7441
client 15, predicted wo:0.7441 vs w:0.7441
client 16, predicted wo:0.7441 vs w:0.7441
client 17, predicted wo:0.7441 vs w:0.7441
client 18, predicted wo:0.7441 vs w:0.7441
client 19, predicted wo:0.7441 vs w:0.7441
client 20, predicted wo:0.7441 vs w:0.7441
client 21, predicted wo:0.7441 vs w:0.7441
client 22, predicted wo:0.7441 vs w:0.7441
client 23, predicted wo:0.7441 vs w:0.7441
client 24, predicted wo:0.7441 vs w:0.7441
client 25, predicted wo:0.7441 vs w:0.7441
client 26, predicted wo:0.7441 vs w:0.7441
client 27, predicted wo:0.7441 vs w:0.7441
client 28, predicted wo:0.7441 vs w:0.7441
client 29, predicted wo:0.7441 vs w:0.7441
client 30, predicted wo:0.7441 vs w:0.7441
client 31, predicted wo:0.7441 vs w:0.7441
client 32, predicted wo:0.7441 vs w:0.7441
client 33, predicted wo:0.7441 vs w:0.7441
client 34, predicted wo:0.7441 vs w:0.7441
client 35, predicted wo:0.7441 vs w:0.7441
client 36, predicted wo:0.7441 vs w:0.7441
client 37, predicted wo:0.7441 vs w:0.7441
client 38, predicted wo:0.7441 vs w:0.7441
client 39, predicted wo:0.7441 vs w:0.7441
client 40, predicted wo:0.7441 vs w:0.7441
heterogeneous_data_handler activated ✅ for clients: ['Client 1', 'Client 2', 'Client 3', 'Client 4', 'Client 5', 'Client 6', 'Client 7', 'Client 8', 'Client 9', 'Client 10', 'Client 11', 'Client 12', 'Client 13', 'Client 14', 'Client 15', 'Client 16', 'Client 17', 'Client 18', 'Client 19', 'Client 20', 'Client 21', 'Client 22', 'Client 23', 'Client 24', 'Client 25', 'Client 26', 'Client 27', 'Client 28', 'Client 29', 'Client 30', 'Client 31', 'Client 32', 'Client 33', 'Client 34', 'Client 35', 'Client 36', 'Client 37', 'Client 38', 'Client 39', 'Client 40']
Results Aggregated in 0.22 seconds.
{'prostate_logreg': {'train_loss': [0.671476195543156, 0.65496635325253, 0.6286483978985675, 0.6079667026975325, 0.5915096537609186, 0.5782627394955073, 0.5675149603480739, 0.5587077673391572, 0.5513721506776554, 0.5451675272413663, 0.5398526052811317, 0.535251388778644, 0.5312308403796383, 0.5276883228149797, 0.5245434090628156, 0.5217323158468519, 0.5192038626410067, 0.5169165707193315, 0.5148365661901023, 0.5129359236918389], 'train_accuracy': [0.5983096085409253, 0.6200892857142857, 0.6629464285714286, 0.6941964285714286, 0.7127232142857143, 0.7263392857142857, 0.7339285714285714, 0.7386160714285714, 0.7435267857142858, 0.7479910714285715, 0.7504464285714286, 0.7560267857142857, 0.7591517857142858, 0.7627232142857143, 0.7645089285714286, 0.7662946428571429, 0.7660714285714286, 0.7676339285714285, 0.7683035714285714, 0.76875], 'train_f1': [0.5439991964960171, 0.6104410673228823, 0.6581591955491977, 0.6916671342790752, 0.7113674561837041, 0.7251976547029317, 0.7328910678990316, 0.7376820668463098, 0.7426015282399449, 0.7471084968937314, 0.7495613571863087, 0.7550962739126624, 0.7581903018683611, 0.761748362141612, 0.763543834135008, 0.7652974363265296, 0.7650275129323106, 0.7665495109756394, 0.767208490352764, 0.7676387508297348], 'train_mae': [0.40169039145907476, 0.37991071428571427, 0.33705357142857145, 0.30580357142857145, 0.2872767857142857, 0.2736607142857143, 0.26607142857142857, 0.26138392857142856, 0.2564732142857143, 0.2520089285714286, 0.24955357142857143, 0.24397321428571428, 0.2408482142857143, 0.2372767857142857, 0.23549107142857142, 0.23370535714285715, 0.23392857142857143, 0.23236607142857144, 0.23169642857142858, 0.23125], 'val_loss': [0.6894595481082806, 0.6613943262680564, 0.639485404980317, 0.6222129593757119, 0.6084750378764827, 0.5975053555444412, 0.5887946323686956, 0.5819490396141206, 0.5765342236601246, 0.5721333286816512, 0.5684617301424647, 0.5653413078003199, 0.5626514511835867, 0.5603047803283991, 0.5582356094734663, 0.55639348848654, 0.5547391000219829, 0.5532414316462981, 0.5518758021412076, 0.5506223792566899], 'val_accuracy': [0.5654340501249338, 0.6215306800911854, 0.6552589918946302, 0.6773959916413373, 0.6907310663627152, 0.6993845776342452, 0.7054006775582574, 0.7087603691742654, 0.7115873543566362, 0.7142524696048632, 0.7169935726950355, 0.7192443167426545, 0.7227611290526849, 0.726304457953394, 0.7279247403748734, 0.7308938069908815, 0.7333507472137791, 0.7348131174012158, 0.7361725873860182, 0.736643553698075], 'val_f1': [0.5155910240748541, 0.5858082664015432, 0.628779516742462, 0.6570726656806324, 0.6732385008175275, 0.683673148720071, 0.691102484395094, 0.6955871634208972, 0.6993545930727898, 0.7029191008481236, 0.706528202071599, 0.7093617147012438, 0.7132927447338043, 0.7170607897578825, 0.7187644936998423, 0.7218928663159712, 0.724446352113223, 0.7260334829621249, 0.7274779756644901, 0.7280827612597166], 'val_mae': [0.4345659498750663, 0.3784693199088146, 0.34474100810536984, 0.3226040083586626, 0.3092689336372847, 0.30061542236575484, 0.2945993224417427, 0.29123963082573456, 0.2884126456433637, 0.2857475303951368, 0.28300642730496456, 0.28075568325734546, 0.2772388709473151, 0.27369554204660584, 0.27207525962512663, 0.26910619300911853, 0.26664925278622087, 0.2651868825987842, 0.26382741261398174, 0.263356446301925], 'jsd': [(0.0034642219743328505, 0.00042941623229211627, 0.021538652516748455, 0.02272086873228655, 0.0012206713952879027, 0.0014409891346113153, 0.042666013215726564, 0.03600088831260688, 0.001452967385689341, 0.022022771157485542, 0.0012206713952879027, 0.12306145811218505, 0.021538652516748455, 0.02272086873228655, 0.0030171758098115793, 0.0007052449150227041, 0.042666013215726564, 0.045824702319694016, 0.022022771157485542, 0.04399676213315208, 0.03600088831260688, 0.0012206713952879027, 0.0012206713952879027, 0.0012206713952879027, 0.0014409891346113153, 0.0012206713952879027, 0.00040919789219141973, 0.0033536538076340758, 0.001452967385689341, 0.021538652516748455, 0.021538652516748455, 0.022022771157485542, 0.12306145811218505, 0.0003843884653275346, 0.042666013215726564, 0.0034642219743328505, 0.0012206713952879027, 0.00042941623229211627, 0.021371214021228643, 0.0030171758098115793), (0, 0, 0, 0, 0, 0, 0, 0, 0, 0, 0, 0, 0, 0, 0, 0, 0, 0, 0, 0, 0, 0, 0, 0, 0, 0, 0, 0, 0, 0, 0, 0, 0, 0, 0, 0, 0, 0, 0, 0), (0, 0, 0, 0, 0, 0, 0, 0, 0, 0, 0, 0, 0, 0, 0, 0, 0, 0, 0, 0, 0, 0, 0, 0, 0, 0, 0, 0, 0, 0, 0, 0, 0, 0, 0, 0, 0, 0, 0, 0), (0, 0, 0, 0, 0, 0, 0, 0, 0, 0, 0, 0, 0, 0, 0, 0, 0, 0, 0, 0, 0, 0, 0, 0, 0, 0, 0, 0, 0, 0, 0, 0, 0, 0, 0, 0, 0, 0, 0, 0), (0, 0, 0, 0, 0, 0, 0, 0, 0, 0, 0, 0, 0, 0, 0, 0, 0, 0, 0, 0, 0, 0, 0, 0, 0, 0, 0, 0, 0, 0, 0, 0, 0, 0, 0, 0, 0, 0, 0, 0), (0, 0, 0, 0, 0, 0, 0, 0, 0, 0, 0, 0, 0, 0, 0, 0, 0, 0, 0, 0, 0, 0, 0, 0, 0, 0, 0, 0, 0, 0, 0, 0, 0, 0, 0, 0, 0, 0, 0, 0), (0, 0, 0, 0, 0, 0, 0, 0, 0, 0, 0, 0, 0, 0, 0, 0, 0, 0, 0, 0, 0, 0, 0, 0, 0, 0, 0, 0, 0, 0, 0, 0, 0, 0, 0, 0, 0, 0, 0, 0), (0, 0, 0, 0, 0, 0, 0, 0, 0, 0, 0, 0, 0, 0, 0, 0, 0, 0, 0, 0, 0, 0, 0, 0, 0, 0, 0, 0, 0, 0, 0, 0, 0, 0, 0, 0, 0, 0, 0, 0), (0, 0, 0, 0, 0, 0, 0, 0, 0, 0, 0, 0, 0, 0, 0, 0, 0, 0, 0, 0, 0, 0, 0, 0, 0, 0, 0, 0, 0, 0, 0, 0, 0, 0, 0, 0, 0, 0, 0, 0), (0, 0, 0, 0, 0, 0, 0, 0, 0, 0, 0, 0, 0, 0, 0, 0, 0, 0, 0, 0, 0, 0, 0, 0, 0, 0, 0, 0, 0, 0, 0, 0, 0, 0, 0, 0, 0, 0, 0, 0), (0, 0, 0, 0, 0, 0, 0, 0, 0, 0, 0, 0, 0, 0, 0, 0, 0, 0, 0, 0, 0, 0, 0, 0, 0, 0, 0, 0, 0, 0, 0, 0, 0, 0, 0, 0, 0, 0, 0, 0), (0, 0, 0, 0, 0, 0, 0, 0, 0, 0, 0, 0, 0, 0, 0, 0, 0, 0, 0, 0, 0, 0, 0, 0, 0, 0, 0, 0, 0, 0, 0, 0, 0, 0, 0, 0, 0, 0, 0, 0), (0, 0, 0, 0, 0, 0, 0, 0, 0, 0, 0, 0, 0, 0, 0, 0, 0, 0, 0, 0, 0, 0, 0, 0, 0, 0, 0, 0, 0, 0, 0, 0, 0, 0, 0, 0, 0, 0, 0, 0), (0, 0, 0, 0, 0, 0, 0, 0, 0, 0, 0, 0, 0, 0, 0, 0, 0, 0, 0, 0, 0, 0, 0, 0, 0, 0, 0, 0, 0, 0, 0, 0, 0, 0, 0, 0, 0, 0, 0, 0), (0, 0, 0, 0, 0, 0, 0, 0, 0, 0, 0, 0, 0, 0, 0, 0, 0, 0, 0, 0, 0, 0, 0, 0, 0, 0, 0, 0, 0, 0, 0, 0, 0, 0, 0, 0, 0, 0, 0, 0), (0, 0, 0, 0, 0, 0, 0, 0, 0, 0, 0, 0, 0, 0, 0, 0, 0, 0, 0, 0, 0, 0, 0, 0, 0, 0, 0, 0, 0, 0, 0, 0, 0, 0, 0, 0, 0, 0, 0, 0), (0, 0, 0, 0, 0, 0, 0, 0, 0, 0, 0, 0, 0, 0, 0, 0, 0, 0, 0, 0, 0, 0, 0, 0, 0, 0, 0, 0, 0, 0, 0, 0, 0, 0, 0, 0, 0, 0, 0, 0), (0, 0, 0, 0, 0, 0, 0, 0, 0, 0, 0, 0, 0, 0, 0, 0, 0, 0, 0, 0, 0, 0, 0, 0, 0, 0, 0, 0, 0, 0, 0, 0, 0, 0, 0, 0, 0, 0, 0, 0), (0, 0, 0, 0, 0, 0, 0, 0, 0, 0, 0, 0, 0, 0, 0, 0, 0, 0, 0, 0, 0, 0, 0, 0, 0, 0, 0, 0, 0, 0, 0, 0, 0, 0, 0, 0, 0, 0, 0, 0), (0, 0, 0, 0, 0, 0, 0, 0, 0, 0, 0, 0, 0, 0, 0, 0, 0, 0, 0, 0, 0, 0, 0, 0, 0, 0, 0, 0, 0, 0, 0, 0, 0, 0, 0, 0, 0, 0, 0, 0)]}}
AdaptationManager: Configuring next round...
{'client_registry': {'enabled': True, 'params': {}}, 'client_selector': {'enabled': False, 'params': {}}, 'client_cluster': {'enabled': False, 'params': {}}, 'message_compressor': {'enabled': False, 'params': {}}, 'model_co-versioning_registry': {'enabled': False, 'params': {}}, 'multi-task_model_trainer': {'enabled': False, 'params': {}}, 'heterogeneous_data_handler': {'enabled': True, 'params': {'enabled_clients': []}}}
{'client_selector': {'enabled': False}, 'client_cluster': {'enabled': False}, 'message_compressor': {'enabled': False}, 'model_co-versioning_registry': {'enabled': False}, 'multi-task_model_trainer': {'enabled': False}, 'heterogeneous_data_handler': {'enabled': True, 'params': {'enabled_clients': ['Client 1', 'Client 2', 'Client 3', 'Client 4', 'Client 5', 'Client 6', 'Client 7', 'Client 8', 'Client 9', 'Client 10', 'Client 11', 'Client 12', 'Client 13', 'Client 14', 'Client 15', 'Client 16', 'Client 17', 'Client 18', 'Client 19', 'Client 20', 'Client 21', 'Client 22', 'Client 23', 'Client 24', 'Client 25', 'Client 26', 'Client 27', 'Client 28', 'Client 29', 'Client 30', 'Client 31', 'Client 32', 'Client 33', 'Client 34', 'Client 35', 'Client 36', 'Client 37', 'Client 38', 'Client 39', 'Client 40']}}, 'client_registry': {'enabled': True, 'params': {}}}
client 1, predicted wo:0.7441 vs w:0.7441
client 2, predicted wo:0.7441 vs w:0.7441
client 3, predicted wo:0.7441 vs w:0.7441
client 4, predicted wo:0.7441 vs w:0.7441
client 5, predicted wo:0.7441 vs w:0.7441
client 6, predicted wo:0.7441 vs w:0.7441
client 7, predicted wo:0.7441 vs w:0.7441
client 8, predicted wo:0.7441 vs w:0.7441
client 9, predicted wo:0.7441 vs w:0.7441
client 10, predicted wo:0.7441 vs w:0.7441
client 11, predicted wo:0.7441 vs w:0.7441
client 12, predicted wo:0.7441 vs w:0.7441
client 13, predicted wo:0.7441 vs w:0.7441
client 14, predicted wo:0.7441 vs w:0.7441
client 15, predicted wo:0.7441 vs w:0.7441
client 16, predicted wo:0.7441 vs w:0.7441
client 17, predicted wo:0.7441 vs w:0.7441
client 18, predicted wo:0.7441 vs w:0.7441
client 19, predicted wo:0.7441 vs w:0.7441
client 20, predicted wo:0.7441 vs w:0.7441
client 21, predicted wo:0.7441 vs w:0.7441
client 22, predicted wo:0.7441 vs w:0.7441
client 23, predicted wo:0.7441 vs w:0.7441
client 24, predicted wo:0.7441 vs w:0.7441
client 25, predicted wo:0.7441 vs w:0.7441
client 26, predicted wo:0.7441 vs w:0.7441
client 27, predicted wo:0.7441 vs w:0.7441
client 28, predicted wo:0.7441 vs w:0.7441
client 29, predicted wo:0.7441 vs w:0.7441
client 30, predicted wo:0.7441 vs w:0.7441
client 31, predicted wo:0.7441 vs w:0.7441
client 32, predicted wo:0.7441 vs w:0.7441
client 33, predicted wo:0.7441 vs w:0.7441
client 34, predicted wo:0.7441 vs w:0.7441
client 35, predicted wo:0.7441 vs w:0.7441
client 36, predicted wo:0.7441 vs w:0.7441
client 37, predicted wo:0.7441 vs w:0.7441
client 38, predicted wo:0.7441 vs w:0.7441
client 39, predicted wo:0.7441 vs w:0.7441
client 40, predicted wo:0.7441 vs w:0.7441
heterogeneous_data_handler activated ✅ for clients: ['Client 1', 'Client 2', 'Client 3', 'Client 4', 'Client 5', 'Client 6', 'Client 7', 'Client 8', 'Client 9', 'Client 10', 'Client 11', 'Client 12', 'Client 13', 'Client 14', 'Client 15', 'Client 16', 'Client 17', 'Client 18', 'Client 19', 'Client 20', 'Client 21', 'Client 22', 'Client 23', 'Client 24', 'Client 25', 'Client 26', 'Client 27', 'Client 28', 'Client 29', 'Client 30', 'Client 31', 'Client 32', 'Client 33', 'Client 34', 'Client 35', 'Client 36', 'Client 37', 'Client 38', 'Client 39', 'Client 40']
