==========================================
  ___  ______  ___ ______       _ 
 / _ \ | ___ \/   ||  ___|     | |
/ /_\ \| |_/ / /| || |_ ___  __| |
|  _  ||  __/ /_| ||  _/ _ \/ _` |
| | | || |  \___  || ||  __/ (_| |
\_| |_/\_|      |_/\_| \___|\__,_| v.1.5.0

==========================================
Simulation Started!
List of the Architectural Patterns enabled:
Adaptation Enabled ✅
Metric: val_f1, online learning with alpha 0.1
Metric: val_f1,jsd, online learning (client-level) with alpha 0.1
Client Registry ✅
Client Selector ✅
 AP Parameters: {'selection_strategy': 'Resource-Based', 'selection_criteria': 'CPU', 'selection_value': 2}
Heterogeneous Data Handler ✅
 AP Parameters: {'enabled_clients': []}
==========================================
Client Client 20 participates in this round. (CPU: 2, RAM: 2)
Client Client 8 participates in this round. (CPU: 2, RAM: 2)
Client Client 19 participates in this round. (CPU: 2, RAM: 2)
Client Client 22 participates in this round. (CPU: 2, RAM: 2)
Client Client 15 participates in this round. (CPU: 2, RAM: 2)
Client Client 5 participates in this round. (CPU: 2, RAM: 2)
Client Client 13 participates in this round. (CPU: 2, RAM: 2)
Client Client 38 has insufficient CPU (1). Will not participate in the next FL round.
Client Client 34 has insufficient CPU (1). Will not participate in the next FL round.
Client Client 40 has insufficient CPU (1). Will not participate in the next FL round.
Client Client 14 participates in this round. (CPU: 2, RAM: 2)
Client Client 11 participates in this round. (CPU: 2, RAM: 2)
Client Client 7 participates in this round. (CPU: 2, RAM: 2)
Client Client 16 participates in this round. (CPU: 2, RAM: 2)
Client Client 12 participates in this round. (CPU: 2, RAM: 2)
Client Client 3 participates in this round. (CPU: 2, RAM: 2)
Client Client 17 participates in this round. (CPU: 2, RAM: 2)
Client Client 24 participates in this round. (CPU: 2, RAM: 2)
Client Client 2 participates in this round. (CPU: 2, RAM: 2)
Client Client 1 participates in this round. (CPU: 2, RAM: 2)
Client Client 27 has insufficient CPU (1). Will not participate in the next FL round.
Client Client 18 participates in this round. (CPU: 2, RAM: 2)
Client Client 9 participates in this round. (CPU: 2, RAM: 2)
Client Client 21 participates in this round. (CPU: 2, RAM: 2)
Client Client 4 participates in this round. (CPU: 2, RAM: 2)
Client Client 6 participates in this round. (CPU: 2, RAM: 2)
Client Client 26 has insufficient CPU (1). Will not participate in the next FL round.
Client Client 10 participates in this round. (CPU: 2, RAM: 2)
Client Client 23 participates in this round. (CPU: 2, RAM: 2)
Client Client 32 has insufficient CPU (1). Will not participate in the next FL round.
Client Client 29 has insufficient CPU (1). Will not participate in the next FL round.
Client Client 33 has insufficient CPU (1). Will not participate in the next FL round.
Client Client 35 has insufficient CPU (1). Will not participate in the next FL round.
Client Client 25 has insufficient CPU (1). Will not participate in the next FL round.
Client Client 28 has insufficient CPU (1). Will not participate in the next FL round.
Client Client 30 has insufficient CPU (1). Will not participate in the next FL round.
Client Client 37 has insufficient CPU (1). Will not participate in the next FL round.
Client Client 31 has insufficient CPU (1). Will not participate in the next FL round.
Client Client 36 has insufficient CPU (1). Will not participate in the next FL round.
Client Client 39 has insufficient CPU (1). Will not participate in the next FL round.
Results Aggregated in 1.50 seconds.
{'prostate_logreg': {'train_loss': [0.5797648924210715], 'train_accuracy': [0.7222222222222222], 'train_f1': [0.6351708696946792], 'train_mae': [0.2777777777777778], 'val_loss': [0.7245327421107245], 'val_accuracy': [0.5313520207137229], 'val_f1': [0.44126257711300315], 'val_mae': [0.46864797928627716], 'jsd': [(0, 0, 0, 0, 0, 0, 0, 0, 0, 0, 0, 0, 0, 0.0207208396239082, 0.31127812445913283, 0.31127812445913283, 0.31127812445913283, 0.11009182675183558, 0.31127812445913283, 0.31127812445913283, 0.31127812445913283, 0.0037024515418363386, 0.31127812445913283, 0.31127812445913283, 0.31127812445913283, 0.31127812445913283, 0.31127812445913283, 0.31127812445913283, 0.31127812445913283, 0.31127812445913283, 0.0037024515418363386, 0.31127812445913283, 0.31127812445913283, 0.0350583482647871, 0.31127812445913283, 0.31127812445913283, 0.31127812445913283, 0, 0, 0)]}}
AdaptationManager: Configuring next round...
{'client_registry': {'enabled': True, 'params': {}}, 'client_selector': {'enabled': True, 'params': {'selection_strategy': 'Resource-Based', 'selection_criteria': 'CPU', 'selection_value': 2}}, 'client_cluster': {'enabled': False, 'params': {}}, 'message_compressor': {'enabled': False, 'params': {}}, 'model_co-versioning_registry': {'enabled': False, 'params': {}}, 'multi-task_model_trainer': {'enabled': False, 'params': {}}, 'heterogeneous_data_handler': {'enabled': True, 'params': {'enabled_clients': []}}}
{'client_selector': {'enabled': True}, 'client_cluster': {'enabled': False}, 'message_compressor': {'enabled': False}, 'model_co-versioning_registry': {'enabled': False}, 'multi-task_model_trainer': {'enabled': False}, 'heterogeneous_data_handler': {'enabled': True}, 'client_registry': {'enabled': True, 'params': {}}}
{'model_type': 'prostate_logreg', 'metrics': {'prostate_logreg': {'train_loss': [0.5797648924210715], 'train_accuracy': [0.7222222222222222], 'train_f1': [0.6351708696946792], 'train_mae': [0.2777777777777778], 'val_loss': [0.7245327421107245], 'val_accuracy': [0.5313520207137229], 'val_f1': [0.44126257711300315], 'val_mae': [0.46864797928627716], 'jsd': [(0, 0, 0, 0, 0, 0, 0, 0, 0, 0, 0, 0, 0, 0.0207208396239082, 0.31127812445913283, 0.31127812445913283, 0.31127812445913283, 0.11009182675183558, 0.31127812445913283, 0.31127812445913283, 0.31127812445913283, 0.0037024515418363386, 0.31127812445913283, 0.31127812445913283, 0.31127812445913283, 0.31127812445913283, 0.31127812445913283, 0.31127812445913283, 0.31127812445913283, 0.31127812445913283, 0.0037024515418363386, 0.31127812445913283, 0.31127812445913283, 0.0350583482647871, 0.31127812445913283, 0.31127812445913283, 0.31127812445913283, 0, 0, 0)]}}, 'time': 1.5304067134857178, 'communication_time': 1.066861867904663}
client_selector activated ✅
heterogeneous_data_handler de-activated ❌
Client Client 22 participates in this round. (CPU: 2, RAM: 2)
Client Client 9 participates in this round. (CPU: 2, RAM: 2)
Client Client 21 participates in this round. (CPU: 2, RAM: 2)
Client Client 16 participates in this round. (CPU: 2, RAM: 2)
Client Client 24 participates in this round. (CPU: 2, RAM: 2)
Client Client 26 has insufficient CPU (1). Will not participate in the next FL round.
Client Client 33 has insufficient CPU (1). Will not participate in the next FL round.
Client Client 36 has insufficient CPU (1). Will not participate in the next FL round.
Client Client 2 participates in this round. (CPU: 2, RAM: 2)
Client Client 17 participates in this round. (CPU: 2, RAM: 2)
Client Client 3 participates in this round. (CPU: 2, RAM: 2)
Client Client 23 participates in this round. (CPU: 2, RAM: 2)
Client Client 7 participates in this round. (CPU: 2, RAM: 2)
Client Client 14 participates in this round. (CPU: 2, RAM: 2)
Client Client 5 participates in this round. (CPU: 2, RAM: 2)
Client Client 10 participates in this round. (CPU: 2, RAM: 2)
Client Client 19 participates in this round. (CPU: 2, RAM: 2)
Client Client 25 has insufficient CPU (1). Will not participate in the next FL round.
Client Client 12 participates in this round. (CPU: 2, RAM: 2)
Client Client 35 has insufficient CPU (1). Will not participate in the next FL round.
Client Client 18 participates in this round. (CPU: 2, RAM: 2)
Client Client 20 participates in this round. (CPU: 2, RAM: 2)
Client Client 4 participates in this round. (CPU: 2, RAM: 2)
Client Client 1 participates in this round. (CPU: 2, RAM: 2)
Client Client 31 has insufficient CPU (1). Will not participate in the next FL round.
Client Client 15 participates in this round. (CPU: 2, RAM: 2)
Client Client 32 has insufficient CPU (1). Will not participate in the next FL round.
Client Client 29 has insufficient CPU (1). Will not participate in the next FL round.
Client Client 13 participates in this round. (CPU: 2, RAM: 2)
Client Client 6 participates in this round. (CPU: 2, RAM: 2)
Client Client 11 participates in this round. (CPU: 2, RAM: 2)
Client Client 8 participates in this round. (CPU: 2, RAM: 2)
Client Client 37 has insufficient CPU (1). Will not participate in the next FL round.
Client Client 39 has insufficient CPU (1). Will not participate in the next FL round.
Client Client 28 has insufficient CPU (1). Will not participate in the next FL round.
Client Client 30 has insufficient CPU (1). Will not participate in the next FL round.
Client Client 27 has insufficient CPU (1). Will not participate in the next FL round.
Client Client 38 has insufficient CPU (1). Will not participate in the next FL round.
Client Client 40 has insufficient CPU (1). Will not participate in the next FL round.
Client Client 34 has insufficient CPU (1). Will not participate in the next FL round.
Results Aggregated in 1.39 seconds.
{'prostate_logreg': {'train_loss': [0.5797648924210715, 0.5904991605947184], 'train_accuracy': [0.7222222222222222, 0.6937984496124031], 'train_f1': [0.6351708696946792, 0.5398648874189105], 'train_mae': [0.2777777777777778, 0.3062015503875969], 'val_loss': [0.7245327421107245, 0.6863383310975246], 'val_accuracy': [0.5313520207137229, 0.5798765737533674], 'val_f1': [0.44126257711300315, 0.4821407878484198], 'val_mae': [0.46864797928627716, 0.42012342624663257], 'jsd': [(0, 0, 0, 0, 0, 0, 0, 0, 0, 0, 0, 0, 0, 0.0207208396239082, 0.31127812445913283, 0.31127812445913283, 0.31127812445913283, 0.11009182675183558, 0.31127812445913283, 0.31127812445913283, 0.31127812445913283, 0.0037024515418363386, 0.31127812445913283, 0.31127812445913283, 0.31127812445913283, 0.31127812445913283, 0.31127812445913283, 0.31127812445913283, 0.31127812445913283, 0.31127812445913283, 0.0037024515418363386, 0.31127812445913283, 0.31127812445913283, 0.0350583482647871, 0.31127812445913283, 0.31127812445913283, 0.31127812445913283, 0, 0, 0), (0, 0, 0, 0, 0, 0, 0, 0, 0, 0, 0, 0, 0, 0.0207208396239082, 0.31127812445913283, 0.31127812445913283, 0.31127812445913283, 0.06548833004089114, 0.0014939931791539789, 0.31127812445913283, 0.07310400793180982, 0, 0.1711038312803313, 0.31127812445913283, 0, 0.007299156760473963, 0.009756534087137225, 0.31127812445913283, 0.31127812445913283, 0.31127812445913283, 0.015085156698935967, 0.0207208396239082, 0.16395604408354778, 0.0350583482647871, 0.31127812445913283, 0.31127812445913283, 0.16395604408354778, 0, 0, 0)]}}
AdaptationManager: Configuring next round...
{'client_registry': {'enabled': True, 'params': {}}, 'client_selector': {'enabled': True, 'params': {'selection_strategy': 'Resource-Based', 'selection_criteria': 'CPU', 'selection_value': 2}}, 'client_cluster': {'enabled': False, 'params': {}}, 'message_compressor': {'enabled': False, 'params': {}}, 'model_co-versioning_registry': {'enabled': False, 'params': {}}, 'multi-task_model_trainer': {'enabled': False, 'params': {}}, 'heterogeneous_data_handler': {'enabled': True, 'params': {'enabled_clients': []}}}
{'client_selector': {'enabled': True}, 'client_cluster': {'enabled': False}, 'message_compressor': {'enabled': False}, 'model_co-versioning_registry': {'enabled': False}, 'multi-task_model_trainer': {'enabled': False}, 'heterogeneous_data_handler': {'enabled': False}, 'client_registry': {'enabled': True, 'params': {}}}
{'model_type': 'prostate_logreg', 'metrics': {'prostate_logreg': {'train_loss': [0.5797648924210715, 0.5904991605947184], 'train_accuracy': [0.7222222222222222, 0.6937984496124031], 'train_f1': [0.6351708696946792, 0.5398648874189105], 'train_mae': [0.2777777777777778, 0.3062015503875969], 'val_loss': [0.7245327421107245, 0.6863383310975246], 'val_accuracy': [0.5313520207137229, 0.5798765737533674], 'val_f1': [0.44126257711300315, 0.4821407878484198], 'val_mae': [0.46864797928627716, 0.42012342624663257], 'jsd': [(0, 0, 0, 0, 0, 0, 0, 0, 0, 0, 0, 0, 0, 0.0207208396239082, 0.31127812445913283, 0.31127812445913283, 0.31127812445913283, 0.11009182675183558, 0.31127812445913283, 0.31127812445913283, 0.31127812445913283, 0.0037024515418363386, 0.31127812445913283, 0.31127812445913283, 0.31127812445913283, 0.31127812445913283, 0.31127812445913283, 0.31127812445913283, 0.31127812445913283, 0.31127812445913283, 0.0037024515418363386, 0.31127812445913283, 0.31127812445913283, 0.0350583482647871, 0.31127812445913283, 0.31127812445913283, 0.31127812445913283, 0, 0, 0), (0, 0, 0, 0, 0, 0, 0, 0, 0, 0, 0, 0, 0, 0.0207208396239082, 0.31127812445913283, 0.31127812445913283, 0.31127812445913283, 0.06548833004089114, 0.0014939931791539789, 0.31127812445913283, 0.07310400793180982, 0, 0.1711038312803313, 0.31127812445913283, 0, 0.007299156760473963, 0.009756534087137225, 0.31127812445913283, 0.31127812445913283, 0.31127812445913283, 0.015085156698935967, 0.0207208396239082, 0.16395604408354778, 0.0350583482647871, 0.31127812445913283, 0.31127812445913283, 0.16395604408354778, 0, 0, 0)]}}, 'time': 1.4214181900024414, 'communication_time': 0.35547375679016113}
-0.1249937541380243
client_selector de-activated ❌
0.04088910958776497
heterogeneous_data_handler activated ✅ for clients: ['Client 1', 'Client 2', 'Client 3', 'Client 4', 'Client 5', 'Client 6', 'Client 7', 'Client 8', 'Client 9', 'Client 10', 'Client 11', 'Client 12', 'Client 13', 'Client 14', 'Client 15', 'Client 16', 'Client 17', 'Client 18', 'Client 19', 'Client 20', 'Client 21', 'Client 22', 'Client 23', 'Client 24', 'Client 25', 'Client 26', 'Client 27', 'Client 28', 'Client 29', 'Client 30', 'Client 31', 'Client 32', 'Client 33', 'Client 34', 'Client 35', 'Client 36', 'Client 37', 'Client 38', 'Client 39', 'Client 40']
Results Aggregated in 0.98 seconds.
{'prostate_logreg': {'train_loss': [0.5797648924210715, 0.5904991605947184, 0.5741372711924247], 'train_accuracy': [0.7222222222222222, 0.6937984496124031, 0.7142857142857143], 'train_f1': [0.6351708696946792, 0.5398648874189105, 0.6303745218279557], 'train_mae': [0.2777777777777778, 0.3062015503875969, 0.2857142857142857], 'val_loss': [0.7245327421107245, 0.6863383310975246, 0.653705006193505], 'val_accuracy': [0.5313520207137229, 0.5798765737533674, 0.6220967271499186], 'val_f1': [0.44126257711300315, 0.4821407878484198, 0.5440600405597353], 'val_mae': [0.46864797928627716, 0.42012342624663257, 0.37790327285008135], 'jsd': [(0, 0, 0, 0, 0, 0, 0, 0, 0, 0, 0, 0, 0, 0.0207208396239082, 0.31127812445913283, 0.31127812445913283, 0.31127812445913283, 0.11009182675183558, 0.31127812445913283, 0.31127812445913283, 0.31127812445913283, 0.0037024515418363386, 0.31127812445913283, 0.31127812445913283, 0.31127812445913283, 0.31127812445913283, 0.31127812445913283, 0.31127812445913283, 0.31127812445913283, 0.31127812445913283, 0.0037024515418363386, 0.31127812445913283, 0.31127812445913283, 0.0350583482647871, 0.31127812445913283, 0.31127812445913283, 0.31127812445913283, 0, 0, 0), (0, 0, 0, 0, 0, 0, 0, 0, 0, 0, 0, 0, 0, 0.0207208396239082, 0.31127812445913283, 0.31127812445913283, 0.31127812445913283, 0.06548833004089114, 0.0014939931791539789, 0.31127812445913283, 0.07310400793180982, 0, 0.1711038312803313, 0.31127812445913283, 0, 0.007299156760473963, 0.009756534087137225, 0.31127812445913283, 0.31127812445913283, 0.31127812445913283, 0.015085156698935967, 0.0207208396239082, 0.16395604408354778, 0.0350583482647871, 0.31127812445913283, 0.31127812445913283, 0.16395604408354778, 0, 0, 0), (0, 0.16395604408354778, 0.31127812445913283, 0, 0, 0.18850340411986471, 0, 0.11009182675183558, 0, 0, 0, 0.1711038312803313, 0, 0, 0, 0.31127812445913283, 0, 0.07310400793180982, 0.31127812445913283, 0.07310400793180982, 0.31127812445913283, 0.31127812445913283, 0, 0.31127812445913283, 0.31127812445913283, 0.31127812445913283, 0, 0.31127812445913283, 0.11009182675183558, 0.31127812445913283, 0.07310400793180982, 0.31127812445913283, 0.0487949406953985, 0, 0.31127812445913283, 0, 0, 0, 0.31127812445913283, 0)]}}
AdaptationManager: Configuring next round...
{'client_registry': {'enabled': True, 'params': {}}, 'client_selector': {'enabled': True, 'params': {'selection_strategy': 'Resource-Based', 'selection_criteria': 'CPU', 'selection_value': 2}}, 'client_cluster': {'enabled': False, 'params': {}}, 'message_compressor': {'enabled': False, 'params': {}}, 'model_co-versioning_registry': {'enabled': False, 'params': {}}, 'multi-task_model_trainer': {'enabled': False, 'params': {}}, 'heterogeneous_data_handler': {'enabled': True, 'params': {'enabled_clients': []}}}
{'client_selector': {'enabled': False}, 'client_cluster': {'enabled': False}, 'message_compressor': {'enabled': False}, 'model_co-versioning_registry': {'enabled': False}, 'multi-task_model_trainer': {'enabled': False}, 'heterogeneous_data_handler': {'enabled': True, 'params': {'enabled_clients': ['Client 1', 'Client 2', 'Client 3', 'Client 4', 'Client 5', 'Client 6', 'Client 7', 'Client 8', 'Client 9', 'Client 10', 'Client 11', 'Client 12', 'Client 13', 'Client 14', 'Client 15', 'Client 16', 'Client 17', 'Client 18', 'Client 19', 'Client 20', 'Client 21', 'Client 22', 'Client 23', 'Client 24', 'Client 25', 'Client 26', 'Client 27', 'Client 28', 'Client 29', 'Client 30', 'Client 31', 'Client 32', 'Client 33', 'Client 34', 'Client 35', 'Client 36', 'Client 37', 'Client 38', 'Client 39', 'Client 40']}}, 'client_registry': {'enabled': True, 'params': {}}}
{'model_type': 'prostate_logreg', 'metrics': {'prostate_logreg': {'train_loss': [0.5797648924210715, 0.5904991605947184, 0.5741372711924247], 'train_accuracy': [0.7222222222222222, 0.6937984496124031, 0.7142857142857143], 'train_f1': [0.6351708696946792, 0.5398648874189105, 0.6303745218279557], 'train_mae': [0.2777777777777778, 0.3062015503875969, 0.2857142857142857], 'val_loss': [0.7245327421107245, 0.6863383310975246, 0.653705006193505], 'val_accuracy': [0.5313520207137229, 0.5798765737533674, 0.6220967271499186], 'val_f1': [0.44126257711300315, 0.4821407878484198, 0.5440600405597353], 'val_mae': [0.46864797928627716, 0.42012342624663257, 0.37790327285008135], 'jsd': [(0, 0, 0, 0, 0, 0, 0, 0, 0, 0, 0, 0, 0, 0.0207208396239082, 0.31127812445913283, 0.31127812445913283, 0.31127812445913283, 0.11009182675183558, 0.31127812445913283, 0.31127812445913283, 0.31127812445913283, 0.0037024515418363386, 0.31127812445913283, 0.31127812445913283, 0.31127812445913283, 0.31127812445913283, 0.31127812445913283, 0.31127812445913283, 0.31127812445913283, 0.31127812445913283, 0.0037024515418363386, 0.31127812445913283, 0.31127812445913283, 0.0350583482647871, 0.31127812445913283, 0.31127812445913283, 0.31127812445913283, 0, 0, 0), (0, 0, 0, 0, 0, 0, 0, 0, 0, 0, 0, 0, 0, 0.0207208396239082, 0.31127812445913283, 0.31127812445913283, 0.31127812445913283, 0.06548833004089114, 0.0014939931791539789, 0.31127812445913283, 0.07310400793180982, 0, 0.1711038312803313, 0.31127812445913283, 0, 0.007299156760473963, 0.009756534087137225, 0.31127812445913283, 0.31127812445913283, 0.31127812445913283, 0.015085156698935967, 0.0207208396239082, 0.16395604408354778, 0.0350583482647871, 0.31127812445913283, 0.31127812445913283, 0.16395604408354778, 0, 0, 0), (0, 0.16395604408354778, 0.31127812445913283, 0, 0, 0.18850340411986471, 0, 0.11009182675183558, 0, 0, 0, 0.1711038312803313, 0, 0, 0, 0.31127812445913283, 0, 0.07310400793180982, 0.31127812445913283, 0.07310400793180982, 0.31127812445913283, 0.31127812445913283, 0, 0.31127812445913283, 0.31127812445913283, 0.31127812445913283, 0, 0.31127812445913283, 0.11009182675183558, 0.31127812445913283, 0.07310400793180982, 0.31127812445913283, 0.0487949406953985, 0, 0.31127812445913283, 0, 0, 0, 0.31127812445913283, 0)]}}, 'time': 1.0089936256408691, 'communication_time': 0.684981107711792}
-0.025976006567420384
client_selector de-activated ❌
0.0619604951677517
heterogeneous_data_handler de-activated ❌
Results Aggregated in 0.92 seconds.
{'prostate_logreg': {'train_loss': [0.5797648924210715, 0.5904991605947184, 0.5741372711924247, 0.5620664890658361], 'train_accuracy': [0.7222222222222222, 0.6937984496124031, 0.7142857142857143, 0.7625178826895566], 'train_f1': [0.6351708696946792, 0.5398648874189105, 0.6303745218279557, 0.6311409069797953], 'train_mae': [0.2777777777777778, 0.3062015503875969, 0.2857142857142857, 0.2374821173104435], 'val_loss': [0.7245327421107245, 0.6863383310975246, 0.653705006193505, 0.6315183818305831], 'val_accuracy': [0.5313520207137229, 0.5798765737533674, 0.6220967271499186, 0.6501448371026493], 'val_f1': [0.44126257711300315, 0.4821407878484198, 0.5440600405597353, 0.577862025955832], 'val_mae': [0.46864797928627716, 0.42012342624663257, 0.37790327285008135, 0.34985516289735086], 'jsd': [(0, 0, 0, 0, 0, 0, 0, 0, 0, 0, 0, 0, 0, 0.0207208396239082, 0.31127812445913283, 0.31127812445913283, 0.31127812445913283, 0.11009182675183558, 0.31127812445913283, 0.31127812445913283, 0.31127812445913283, 0.0037024515418363386, 0.31127812445913283, 0.31127812445913283, 0.31127812445913283, 0.31127812445913283, 0.31127812445913283, 0.31127812445913283, 0.31127812445913283, 0.31127812445913283, 0.0037024515418363386, 0.31127812445913283, 0.31127812445913283, 0.0350583482647871, 0.31127812445913283, 0.31127812445913283, 0.31127812445913283, 0, 0, 0), (0, 0, 0, 0, 0, 0, 0, 0, 0, 0, 0, 0, 0, 0.0207208396239082, 0.31127812445913283, 0.31127812445913283, 0.31127812445913283, 0.06548833004089114, 0.0014939931791539789, 0.31127812445913283, 0.07310400793180982, 0, 0.1711038312803313, 0.31127812445913283, 0, 0.007299156760473963, 0.009756534087137225, 0.31127812445913283, 0.31127812445913283, 0.31127812445913283, 0.015085156698935967, 0.0207208396239082, 0.16395604408354778, 0.0350583482647871, 0.31127812445913283, 0.31127812445913283, 0.16395604408354778, 0, 0, 0), (0, 0.16395604408354778, 0.31127812445913283, 0, 0, 0.18850340411986471, 0, 0.11009182675183558, 0, 0, 0, 0.1711038312803313, 0, 0, 0, 0.31127812445913283, 0, 0.07310400793180982, 0.31127812445913283, 0.07310400793180982, 0.31127812445913283, 0.31127812445913283, 0, 0.31127812445913283, 0.31127812445913283, 0.31127812445913283, 0, 0.31127812445913283, 0.11009182675183558, 0.31127812445913283, 0.07310400793180982, 0.31127812445913283, 0.0487949406953985, 0, 0.31127812445913283, 0, 0, 0, 0.31127812445913283, 0), (0.09328462323031235, 0.31127812445913283, 0.2087803925185126, 0.009756534087137225, 0.11385563424028564, 0.013714477705244553, 0.08025594233229469, 0.07310400793180982, 0.03857581598654605, 0.13251817521576753, 0.05253690168806249, 0.19326958066820893, 0.0350583482647871, 0.00429810722857266, 0.005050449860393488, 0.0207208396239082, 0.0487949406953985, 0, 0.31127812445913283, 0.07310400793180982, 0.007299156760473963, 0.0037024515418363386, 0.0002145058924891757, 0.31127812445913283, 0.31127812445913283, 0.11009182675183558, 0.12425601093475921, 0.31127812445913283, 0.17750440524619315, 0.07310400793180982, 0.07310400793180982, 0.31127812445913283, 0.31127812445913283, 0.05738732460549023, 0.011482406826014972, 0.001254883843183478, 0.0002145058924891757, 0.0487949406953985, 0.2227619806994962, 0.0487949406953985)]}}
AdaptationManager: Configuring next round...
{'client_registry': {'enabled': True, 'params': {}}, 'client_selector': {'enabled': True, 'params': {'selection_strategy': 'Resource-Based', 'selection_criteria': 'CPU', 'selection_value': 2}}, 'client_cluster': {'enabled': False, 'params': {}}, 'message_compressor': {'enabled': False, 'params': {}}, 'model_co-versioning_registry': {'enabled': False, 'params': {}}, 'multi-task_model_trainer': {'enabled': False, 'params': {}}, 'heterogeneous_data_handler': {'enabled': True, 'params': {'enabled_clients': []}}}
{'client_selector': {'enabled': False}, 'client_cluster': {'enabled': False}, 'message_compressor': {'enabled': False}, 'model_co-versioning_registry': {'enabled': False}, 'multi-task_model_trainer': {'enabled': False}, 'heterogeneous_data_handler': {'enabled': False, 'params': {'enabled_clients': ['Client 1', 'Client 2', 'Client 3', 'Client 4', 'Client 5', 'Client 6', 'Client 7', 'Client 8', 'Client 9', 'Client 10', 'Client 11', 'Client 12', 'Client 13', 'Client 14', 'Client 15', 'Client 16', 'Client 17', 'Client 18', 'Client 19', 'Client 20', 'Client 21', 'Client 22', 'Client 23', 'Client 24', 'Client 25', 'Client 26', 'Client 27', 'Client 28', 'Client 29', 'Client 30', 'Client 31', 'Client 32', 'Client 33', 'Client 34', 'Client 35', 'Client 36', 'Client 37', 'Client 38', 'Client 39', 'Client 40']}}, 'client_registry': {'enabled': True, 'params': {}}}
{'model_type': 'prostate_logreg', 'metrics': {'prostate_logreg': {'train_loss': [0.5797648924210715, 0.5904991605947184, 0.5741372711924247, 0.5620664890658361], 'train_accuracy': [0.7222222222222222, 0.6937984496124031, 0.7142857142857143, 0.7625178826895566], 'train_f1': [0.6351708696946792, 0.5398648874189105, 0.6303745218279557, 0.6311409069797953], 'train_mae': [0.2777777777777778, 0.3062015503875969, 0.2857142857142857, 0.2374821173104435], 'val_loss': [0.7245327421107245, 0.6863383310975246, 0.653705006193505, 0.6315183818305831], 'val_accuracy': [0.5313520207137229, 0.5798765737533674, 0.6220967271499186, 0.6501448371026493], 'val_f1': [0.44126257711300315, 0.4821407878484198, 0.5440600405597353, 0.577862025955832], 'val_mae': [0.46864797928627716, 0.42012342624663257, 0.37790327285008135, 0.34985516289735086], 'jsd': [(0, 0, 0, 0, 0, 0, 0, 0, 0, 0, 0, 0, 0, 0.0207208396239082, 0.31127812445913283, 0.31127812445913283, 0.31127812445913283, 0.11009182675183558, 0.31127812445913283, 0.31127812445913283, 0.31127812445913283, 0.0037024515418363386, 0.31127812445913283, 0.31127812445913283, 0.31127812445913283, 0.31127812445913283, 0.31127812445913283, 0.31127812445913283, 0.31127812445913283, 0.31127812445913283, 0.0037024515418363386, 0.31127812445913283, 0.31127812445913283, 0.0350583482647871, 0.31127812445913283, 0.31127812445913283, 0.31127812445913283, 0, 0, 0), (0, 0, 0, 0, 0, 0, 0, 0, 0, 0, 0, 0, 0, 0.0207208396239082, 0.31127812445913283, 0.31127812445913283, 0.31127812445913283, 0.06548833004089114, 0.0014939931791539789, 0.31127812445913283, 0.07310400793180982, 0, 0.1711038312803313, 0.31127812445913283, 0, 0.007299156760473963, 0.009756534087137225, 0.31127812445913283, 0.31127812445913283, 0.31127812445913283, 0.015085156698935967, 0.0207208396239082, 0.16395604408354778, 0.0350583482647871, 0.31127812445913283, 0.31127812445913283, 0.16395604408354778, 0, 0, 0), (0, 0.16395604408354778, 0.31127812445913283, 0, 0, 0.18850340411986471, 0, 0.11009182675183558, 0, 0, 0, 0.1711038312803313, 0, 0, 0, 0.31127812445913283, 0, 0.07310400793180982, 0.31127812445913283, 0.07310400793180982, 0.31127812445913283, 0.31127812445913283, 0, 0.31127812445913283, 0.31127812445913283, 0.31127812445913283, 0, 0.31127812445913283, 0.11009182675183558, 0.31127812445913283, 0.07310400793180982, 0.31127812445913283, 0.0487949406953985, 0, 0.31127812445913283, 0, 0, 0, 0.31127812445913283, 0), (0.09328462323031235, 0.31127812445913283, 0.2087803925185126, 0.009756534087137225, 0.11385563424028564, 0.013714477705244553, 0.08025594233229469, 0.07310400793180982, 0.03857581598654605, 0.13251817521576753, 0.05253690168806249, 0.19326958066820893, 0.0350583482647871, 0.00429810722857266, 0.005050449860393488, 0.0207208396239082, 0.0487949406953985, 0, 0.31127812445913283, 0.07310400793180982, 0.007299156760473963, 0.0037024515418363386, 0.0002145058924891757, 0.31127812445913283, 0.31127812445913283, 0.11009182675183558, 0.12425601093475921, 0.31127812445913283, 0.17750440524619315, 0.07310400793180982, 0.07310400793180982, 0.31127812445913283, 0.31127812445913283, 0.05738732460549023, 0.011482406826014972, 0.001254883843183478, 0.0002145058924891757, 0.0487949406953985, 0.2227619806994962, 0.0487949406953985)]}}, 'time': 0.9481401443481445, 'communication_time': 0.9399938583374023}
-0.01964470100010539
client_selector activated ✅
0.03380807074422596
heterogeneous_data_handler activated ✅ for clients: ['Client 1', 'Client 2', 'Client 3', 'Client 4', 'Client 5', 'Client 6', 'Client 7', 'Client 8', 'Client 9', 'Client 10', 'Client 11', 'Client 12', 'Client 13', 'Client 14', 'Client 15', 'Client 16', 'Client 17', 'Client 18', 'Client 19', 'Client 20', 'Client 21', 'Client 22', 'Client 23', 'Client 24', 'Client 25', 'Client 26', 'Client 27', 'Client 28', 'Client 29', 'Client 30', 'Client 31', 'Client 32', 'Client 33', 'Client 34', 'Client 35', 'Client 36', 'Client 37', 'Client 38', 'Client 39', 'Client 40']
Client Client 10 participates in this round. (CPU: 2, RAM: 2)
Client Client 14 participates in this round. (CPU: 2, RAM: 2)
Client Client 6 participates in this round. (CPU: 2, RAM: 2)
Client Client 2 participates in this round. (CPU: 2, RAM: 2)
Client Client 3 participates in this round. (CPU: 2, RAM: 2)
Client Client 7 participates in this round. (CPU: 2, RAM: 2)
Client Client 23 participates in this round. (CPU: 2, RAM: 2)
Client Client 19 participates in this round. (CPU: 2, RAM: 2)
Client Client 16 participates in this round. (CPU: 2, RAM: 2)
Client Client 1 participates in this round. (CPU: 2, RAM: 2)
Client Client 5 participates in this round. (CPU: 2, RAM: 2)
Client Client 4 participates in this round. (CPU: 2, RAM: 2)
Client Client 12 participates in this round. (CPU: 2, RAM: 2)
Client Client 8 participates in this round. (CPU: 2, RAM: 2)
Client Client 24 participates in this round. (CPU: 2, RAM: 2)
Client Client 11 participates in this round. (CPU: 2, RAM: 2)
Client Client 17 participates in this round. (CPU: 2, RAM: 2)
Client Client 13 participates in this round. (CPU: 2, RAM: 2)
Client Client 29 has insufficient CPU (1). Will not participate in the next FL round.
Client Client 18 participates in this round. (CPU: 2, RAM: 2)
Client Client 9 participates in this round. (CPU: 2, RAM: 2)
Client Client 26 has insufficient CPU (1). Will not participate in the next FL round.
Client Client 30 has insufficient CPU (1). Will not participate in the next FL round.
Client Client 40 has insufficient CPU (1). Will not participate in the next FL round.
Client Client 35 has insufficient CPU (1). Will not participate in the next FL round.
Client Client 25 has insufficient CPU (1). Will not participate in the next FL round.
Client Client 20 participates in this round. (CPU: 2, RAM: 2)
Client Client 27 has insufficient CPU (1). Will not participate in the next FL round.
Client Client 22 participates in this round. (CPU: 2, RAM: 2)
Client Client 32 has insufficient CPU (1). Will not participate in the next FL round.
Client Client 15 participates in this round. (CPU: 2, RAM: 2)
Client Client 36 has insufficient CPU (1). Will not participate in the next FL round.
Client Client 33 has insufficient CPU (1). Will not participate in the next FL round.
Client Client 39 has insufficient CPU (1). Will not participate in the next FL round.
Client Client 21 participates in this round. (CPU: 2, RAM: 2)
Client Client 31 has insufficient CPU (1). Will not participate in the next FL round.
Client Client 34 has insufficient CPU (1). Will not participate in the next FL round.
Client Client 38 has insufficient CPU (1). Will not participate in the next FL round.
Client Client 28 has insufficient CPU (1). Will not participate in the next FL round.
Client Client 37 has insufficient CPU (1). Will not participate in the next FL round.
Results Aggregated in 0.54 seconds.
{'prostate_logreg': {'train_loss': [0.5797648924210715, 0.5904991605947184, 0.5741372711924247, 0.5620664890658361, 0.5844833563807552], 'train_accuracy': [0.7222222222222222, 0.6937984496124031, 0.7142857142857143, 0.7625178826895566, 0.7085889570552147], 'train_f1': [0.6351708696946792, 0.5398648874189105, 0.6303745218279557, 0.6311409069797953, 0.6745301145010185], 'train_mae': [0.2777777777777778, 0.3062015503875969, 0.2857142857142857, 0.2374821173104435, 0.29141104294478526], 'val_loss': [0.7245327421107245, 0.6863383310975246, 0.653705006193505, 0.6315183818305831, 0.6125920370914231], 'val_accuracy': [0.5313520207137229, 0.5798765737533674, 0.6220967271499186, 0.6501448371026493, 0.6840653961623809], 'val_f1': [0.44126257711300315, 0.4821407878484198, 0.5440600405597353, 0.577862025955832, 0.6360612938990672], 'val_mae': [0.46864797928627716, 0.42012342624663257, 0.37790327285008135, 0.34985516289735086, 0.3159346038376191], 'jsd': [(0, 0, 0, 0, 0, 0, 0, 0, 0, 0, 0, 0, 0, 0.0207208396239082, 0.31127812445913283, 0.31127812445913283, 0.31127812445913283, 0.11009182675183558, 0.31127812445913283, 0.31127812445913283, 0.31127812445913283, 0.0037024515418363386, 0.31127812445913283, 0.31127812445913283, 0.31127812445913283, 0.31127812445913283, 0.31127812445913283, 0.31127812445913283, 0.31127812445913283, 0.31127812445913283, 0.0037024515418363386, 0.31127812445913283, 0.31127812445913283, 0.0350583482647871, 0.31127812445913283, 0.31127812445913283, 0.31127812445913283, 0, 0, 0), (0, 0, 0, 0, 0, 0, 0, 0, 0, 0, 0, 0, 0, 0.0207208396239082, 0.31127812445913283, 0.31127812445913283, 0.31127812445913283, 0.06548833004089114, 0.0014939931791539789, 0.31127812445913283, 0.07310400793180982, 0, 0.1711038312803313, 0.31127812445913283, 0, 0.007299156760473963, 0.009756534087137225, 0.31127812445913283, 0.31127812445913283, 0.31127812445913283, 0.015085156698935967, 0.0207208396239082, 0.16395604408354778, 0.0350583482647871, 0.31127812445913283, 0.31127812445913283, 0.16395604408354778, 0, 0, 0), (0, 0.16395604408354778, 0.31127812445913283, 0, 0, 0.18850340411986471, 0, 0.11009182675183558, 0, 0, 0, 0.1711038312803313, 0, 0, 0, 0.31127812445913283, 0, 0.07310400793180982, 0.31127812445913283, 0.07310400793180982, 0.31127812445913283, 0.31127812445913283, 0, 0.31127812445913283, 0.31127812445913283, 0.31127812445913283, 0, 0.31127812445913283, 0.11009182675183558, 0.31127812445913283, 0.07310400793180982, 0.31127812445913283, 0.0487949406953985, 0, 0.31127812445913283, 0, 0, 0, 0.31127812445913283, 0), (0.09328462323031235, 0.31127812445913283, 0.2087803925185126, 0.009756534087137225, 0.11385563424028564, 0.013714477705244553, 0.08025594233229469, 0.07310400793180982, 0.03857581598654605, 0.13251817521576753, 0.05253690168806249, 0.19326958066820893, 0.0350583482647871, 0.00429810722857266, 0.005050449860393488, 0.0207208396239082, 0.0487949406953985, 0, 0.31127812445913283, 0.07310400793180982, 0.007299156760473963, 0.0037024515418363386, 0.0002145058924891757, 0.31127812445913283, 0.31127812445913283, 0.11009182675183558, 0.12425601093475921, 0.31127812445913283, 0.17750440524619315, 0.07310400793180982, 0.07310400793180982, 0.31127812445913283, 0.31127812445913283, 0.05738732460549023, 0.011482406826014972, 0.001254883843183478, 0.0002145058924891757, 0.0487949406953985, 0.2227619806994962, 0.0487949406953985), (0, 0, 0, 0, 0, 0, 0, 0, 0, 0, 0, 0, 0, 0, 0, 0.2227619806994962, 0, 0, 0, 0, 0, 0, 0, 0, 0, 0, 0, 0, 0, 0, 0, 0, 0, 0, 0, 0, 0, 0, 0, 0)]}}
AdaptationManager: Configuring next round...
{'client_registry': {'enabled': True, 'params': {}}, 'client_selector': {'enabled': True, 'params': {'selection_strategy': 'Resource-Based', 'selection_criteria': 'CPU', 'selection_value': 2}}, 'client_cluster': {'enabled': False, 'params': {}}, 'message_compressor': {'enabled': False, 'params': {}}, 'model_co-versioning_registry': {'enabled': False, 'params': {}}, 'multi-task_model_trainer': {'enabled': False, 'params': {}}, 'heterogeneous_data_handler': {'enabled': True, 'params': {'enabled_clients': []}}}
{'client_selector': {'enabled': True}, 'client_cluster': {'enabled': False}, 'message_compressor': {'enabled': False}, 'model_co-versioning_registry': {'enabled': False}, 'multi-task_model_trainer': {'enabled': False}, 'heterogeneous_data_handler': {'enabled': True, 'params': {'enabled_clients': ['Client 1', 'Client 2', 'Client 3', 'Client 4', 'Client 5', 'Client 6', 'Client 7', 'Client 8', 'Client 9', 'Client 10', 'Client 11', 'Client 12', 'Client 13', 'Client 14', 'Client 15', 'Client 16', 'Client 17', 'Client 18', 'Client 19', 'Client 20', 'Client 21', 'Client 22', 'Client 23', 'Client 24', 'Client 25', 'Client 26', 'Client 27', 'Client 28', 'Client 29', 'Client 30', 'Client 31', 'Client 32', 'Client 33', 'Client 34', 'Client 35', 'Client 36', 'Client 37', 'Client 38', 'Client 39', 'Client 40']}}, 'client_registry': {'enabled': True, 'params': {}}}
{'model_type': 'prostate_logreg', 'metrics': {'prostate_logreg': {'train_loss': [0.5797648924210715, 0.5904991605947184, 0.5741372711924247, 0.5620664890658361, 0.5844833563807552], 'train_accuracy': [0.7222222222222222, 0.6937984496124031, 0.7142857142857143, 0.7625178826895566, 0.7085889570552147], 'train_f1': [0.6351708696946792, 0.5398648874189105, 0.6303745218279557, 0.6311409069797953, 0.6745301145010185], 'train_mae': [0.2777777777777778, 0.3062015503875969, 0.2857142857142857, 0.2374821173104435, 0.29141104294478526], 'val_loss': [0.7245327421107245, 0.6863383310975246, 0.653705006193505, 0.6315183818305831, 0.6125920370914231], 'val_accuracy': [0.5313520207137229, 0.5798765737533674, 0.6220967271499186, 0.6501448371026493, 0.6840653961623809], 'val_f1': [0.44126257711300315, 0.4821407878484198, 0.5440600405597353, 0.577862025955832, 0.6360612938990672], 'val_mae': [0.46864797928627716, 0.42012342624663257, 0.37790327285008135, 0.34985516289735086, 0.3159346038376191], 'jsd': [(0, 0, 0, 0, 0, 0, 0, 0, 0, 0, 0, 0, 0, 0.0207208396239082, 0.31127812445913283, 0.31127812445913283, 0.31127812445913283, 0.11009182675183558, 0.31127812445913283, 0.31127812445913283, 0.31127812445913283, 0.0037024515418363386, 0.31127812445913283, 0.31127812445913283, 0.31127812445913283, 0.31127812445913283, 0.31127812445913283, 0.31127812445913283, 0.31127812445913283, 0.31127812445913283, 0.0037024515418363386, 0.31127812445913283, 0.31127812445913283, 0.0350583482647871, 0.31127812445913283, 0.31127812445913283, 0.31127812445913283, 0, 0, 0), (0, 0, 0, 0, 0, 0, 0, 0, 0, 0, 0, 0, 0, 0.0207208396239082, 0.31127812445913283, 0.31127812445913283, 0.31127812445913283, 0.06548833004089114, 0.0014939931791539789, 0.31127812445913283, 0.07310400793180982, 0, 0.1711038312803313, 0.31127812445913283, 0, 0.007299156760473963, 0.009756534087137225, 0.31127812445913283, 0.31127812445913283, 0.31127812445913283, 0.015085156698935967, 0.0207208396239082, 0.16395604408354778, 0.0350583482647871, 0.31127812445913283, 0.31127812445913283, 0.16395604408354778, 0, 0, 0), (0, 0.16395604408354778, 0.31127812445913283, 0, 0, 0.18850340411986471, 0, 0.11009182675183558, 0, 0, 0, 0.1711038312803313, 0, 0, 0, 0.31127812445913283, 0, 0.07310400793180982, 0.31127812445913283, 0.07310400793180982, 0.31127812445913283, 0.31127812445913283, 0, 0.31127812445913283, 0.31127812445913283, 0.31127812445913283, 0, 0.31127812445913283, 0.11009182675183558, 0.31127812445913283, 0.07310400793180982, 0.31127812445913283, 0.0487949406953985, 0, 0.31127812445913283, 0, 0, 0, 0.31127812445913283, 0), (0.09328462323031235, 0.31127812445913283, 0.2087803925185126, 0.009756534087137225, 0.11385563424028564, 0.013714477705244553, 0.08025594233229469, 0.07310400793180982, 0.03857581598654605, 0.13251817521576753, 0.05253690168806249, 0.19326958066820893, 0.0350583482647871, 0.00429810722857266, 0.005050449860393488, 0.0207208396239082, 0.0487949406953985, 0, 0.31127812445913283, 0.07310400793180982, 0.007299156760473963, 0.0037024515418363386, 0.0002145058924891757, 0.31127812445913283, 0.31127812445913283, 0.11009182675183558, 0.12425601093475921, 0.31127812445913283, 0.17750440524619315, 0.07310400793180982, 0.07310400793180982, 0.31127812445913283, 0.31127812445913283, 0.05738732460549023, 0.011482406826014972, 0.001254883843183478, 0.0002145058924891757, 0.0487949406953985, 0.2227619806994962, 0.0487949406953985), (0, 0, 0, 0, 0, 0, 0, 0, 0, 0, 0, 0, 0, 0, 0, 0.2227619806994962, 0, 0, 0, 0, 0, 0, 0, 0, 0, 0, 0, 0, 0, 0, 0, 0, 0, 0, 0, 0, 0, 0, 0, 0)]}}, 'time': 0.5721621513366699, 'communication_time': 0.41436100006103516}
-0.001669961500606984
client_selector de-activated ❌
0.0582368657425363
heterogeneous_data_handler de-activated ❌
Results Aggregated in 0.41 seconds.
{'prostate_logreg': {'train_loss': [0.5797648924210715, 0.5904991605947184, 0.5741372711924247, 0.5620664890658361, 0.5844833563807552, 0.5601529134499471], 'train_accuracy': [0.7222222222222222, 0.6937984496124031, 0.7142857142857143, 0.7625178826895566, 0.7085889570552147, 0.7421503330161751], 'train_f1': [0.6351708696946792, 0.5398648874189105, 0.6303745218279557, 0.6311409069797953, 0.6745301145010185, 0.6529931064159895], 'train_mae': [0.2777777777777778, 0.3062015503875969, 0.2857142857142857, 0.2374821173104435, 0.29141104294478526, 0.25784966698382494], 'val_loss': [0.7245327421107245, 0.6863383310975246, 0.653705006193505, 0.6315183818305831, 0.6125920370914231, 0.6002574452859736], 'val_accuracy': [0.5313520207137229, 0.5798765737533674, 0.6220967271499186, 0.6501448371026493, 0.6840653961623809, 0.7032832628162304], 'val_f1': [0.44126257711300315, 0.4821407878484198, 0.5440600405597353, 0.577862025955832, 0.6360612938990672, 0.6617729262753643], 'val_mae': [0.46864797928627716, 0.42012342624663257, 0.37790327285008135, 0.34985516289735086, 0.3159346038376191, 0.29671673718376956], 'jsd': [(0, 0, 0, 0, 0, 0, 0, 0, 0, 0, 0, 0, 0, 0.0207208396239082, 0.31127812445913283, 0.31127812445913283, 0.31127812445913283, 0.11009182675183558, 0.31127812445913283, 0.31127812445913283, 0.31127812445913283, 0.0037024515418363386, 0.31127812445913283, 0.31127812445913283, 0.31127812445913283, 0.31127812445913283, 0.31127812445913283, 0.31127812445913283, 0.31127812445913283, 0.31127812445913283, 0.0037024515418363386, 0.31127812445913283, 0.31127812445913283, 0.0350583482647871, 0.31127812445913283, 0.31127812445913283, 0.31127812445913283, 0, 0, 0), (0, 0, 0, 0, 0, 0, 0, 0, 0, 0, 0, 0, 0, 0.0207208396239082, 0.31127812445913283, 0.31127812445913283, 0.31127812445913283, 0.06548833004089114, 0.0014939931791539789, 0.31127812445913283, 0.07310400793180982, 0, 0.1711038312803313, 0.31127812445913283, 0, 0.007299156760473963, 0.009756534087137225, 0.31127812445913283, 0.31127812445913283, 0.31127812445913283, 0.015085156698935967, 0.0207208396239082, 0.16395604408354778, 0.0350583482647871, 0.31127812445913283, 0.31127812445913283, 0.16395604408354778, 0, 0, 0), (0, 0.16395604408354778, 0.31127812445913283, 0, 0, 0.18850340411986471, 0, 0.11009182675183558, 0, 0, 0, 0.1711038312803313, 0, 0, 0, 0.31127812445913283, 0, 0.07310400793180982, 0.31127812445913283, 0.07310400793180982, 0.31127812445913283, 0.31127812445913283, 0, 0.31127812445913283, 0.31127812445913283, 0.31127812445913283, 0, 0.31127812445913283, 0.11009182675183558, 0.31127812445913283, 0.07310400793180982, 0.31127812445913283, 0.0487949406953985, 0, 0.31127812445913283, 0, 0, 0, 0.31127812445913283, 0), (0.09328462323031235, 0.31127812445913283, 0.2087803925185126, 0.009756534087137225, 0.11385563424028564, 0.013714477705244553, 0.08025594233229469, 0.07310400793180982, 0.03857581598654605, 0.13251817521576753, 0.05253690168806249, 0.19326958066820893, 0.0350583482647871, 0.00429810722857266, 0.005050449860393488, 0.0207208396239082, 0.0487949406953985, 0, 0.31127812445913283, 0.07310400793180982, 0.007299156760473963, 0.0037024515418363386, 0.0002145058924891757, 0.31127812445913283, 0.31127812445913283, 0.11009182675183558, 0.12425601093475921, 0.31127812445913283, 0.17750440524619315, 0.07310400793180982, 0.07310400793180982, 0.31127812445913283, 0.31127812445913283, 0.05738732460549023, 0.011482406826014972, 0.001254883843183478, 0.0002145058924891757, 0.0487949406953985, 0.2227619806994962, 0.0487949406953985), (0, 0, 0, 0, 0, 0, 0, 0, 0, 0, 0, 0, 0, 0, 0, 0.2227619806994962, 0, 0, 0, 0, 0, 0, 0, 0, 0, 0, 0, 0, 0, 0, 0, 0, 0, 0, 0, 0, 0, 0, 0, 0), (0.009036677434107646, 0.005050449860393488, 0.23305878051279882, 0.014691469621310085, 0.016941071056623243, 0.00822299722902229, 0.06859186091507882, 0.042041899344894246, 0.05655009359654585, 0.03889315594457522, 0.0463685414106319, 0.10206066129537185, 0.02359015854559616, 0.005865051239364611, 0.05171298000558475, 0.025509910978289904, 0.0487949406953985, 0.0008025382728216734, 0.07310400793180982, 0.011482406826014972, 0.31127812445913283, 0.010396593705431272, 0.08111870596083268, 0.31127812445913283, 0.31127812445913283, 0.0207208396239082, 0.0487949406953985, 0.0022344421708708415, 0.2087803925185126, 0.07310400793180982, 0.042041899344894246, 0.20534969973663775, 0.05738732460549023, 0.01274900060462203, 0.16395604408354778, 0.028564156811275485, 0.0008790379110077892, 0.011482406826014972, 0.0207208396239082, 0.006523190206172563)]}}
AdaptationManager: Configuring next round...
{'client_registry': {'enabled': True, 'params': {}}, 'client_selector': {'enabled': True, 'params': {'selection_strategy': 'Resource-Based', 'selection_criteria': 'CPU', 'selection_value': 2}}, 'client_cluster': {'enabled': False, 'params': {}}, 'message_compressor': {'enabled': False, 'params': {}}, 'model_co-versioning_registry': {'enabled': False, 'params': {}}, 'multi-task_model_trainer': {'enabled': False, 'params': {}}, 'heterogeneous_data_handler': {'enabled': True, 'params': {'enabled_clients': []}}}
{'client_selector': {'enabled': False}, 'client_cluster': {'enabled': False}, 'message_compressor': {'enabled': False}, 'model_co-versioning_registry': {'enabled': False}, 'multi-task_model_trainer': {'enabled': False}, 'heterogeneous_data_handler': {'enabled': False, 'params': {'enabled_clients': ['Client 1', 'Client 2', 'Client 3', 'Client 4', 'Client 5', 'Client 6', 'Client 7', 'Client 8', 'Client 9', 'Client 10', 'Client 11', 'Client 12', 'Client 13', 'Client 14', 'Client 15', 'Client 16', 'Client 17', 'Client 18', 'Client 19', 'Client 20', 'Client 21', 'Client 22', 'Client 23', 'Client 24', 'Client 25', 'Client 26', 'Client 27', 'Client 28', 'Client 29', 'Client 30', 'Client 31', 'Client 32', 'Client 33', 'Client 34', 'Client 35', 'Client 36', 'Client 37', 'Client 38', 'Client 39', 'Client 40']}}, 'client_registry': {'enabled': True, 'params': {}}}
{'model_type': 'prostate_logreg', 'metrics': {'prostate_logreg': {'train_loss': [0.5797648924210715, 0.5904991605947184, 0.5741372711924247, 0.5620664890658361, 0.5844833563807552, 0.5601529134499471], 'train_accuracy': [0.7222222222222222, 0.6937984496124031, 0.7142857142857143, 0.7625178826895566, 0.7085889570552147, 0.7421503330161751], 'train_f1': [0.6351708696946792, 0.5398648874189105, 0.6303745218279557, 0.6311409069797953, 0.6745301145010185, 0.6529931064159895], 'train_mae': [0.2777777777777778, 0.3062015503875969, 0.2857142857142857, 0.2374821173104435, 0.29141104294478526, 0.25784966698382494], 'val_loss': [0.7245327421107245, 0.6863383310975246, 0.653705006193505, 0.6315183818305831, 0.6125920370914231, 0.6002574452859736], 'val_accuracy': [0.5313520207137229, 0.5798765737533674, 0.6220967271499186, 0.6501448371026493, 0.6840653961623809, 0.7032832628162304], 'val_f1': [0.44126257711300315, 0.4821407878484198, 0.5440600405597353, 0.577862025955832, 0.6360612938990672, 0.6617729262753643], 'val_mae': [0.46864797928627716, 0.42012342624663257, 0.37790327285008135, 0.34985516289735086, 0.3159346038376191, 0.29671673718376956], 'jsd': [(0, 0, 0, 0, 0, 0, 0, 0, 0, 0, 0, 0, 0, 0.0207208396239082, 0.31127812445913283, 0.31127812445913283, 0.31127812445913283, 0.11009182675183558, 0.31127812445913283, 0.31127812445913283, 0.31127812445913283, 0.0037024515418363386, 0.31127812445913283, 0.31127812445913283, 0.31127812445913283, 0.31127812445913283, 0.31127812445913283, 0.31127812445913283, 0.31127812445913283, 0.31127812445913283, 0.0037024515418363386, 0.31127812445913283, 0.31127812445913283, 0.0350583482647871, 0.31127812445913283, 0.31127812445913283, 0.31127812445913283, 0, 0, 0), (0, 0, 0, 0, 0, 0, 0, 0, 0, 0, 0, 0, 0, 0.0207208396239082, 0.31127812445913283, 0.31127812445913283, 0.31127812445913283, 0.06548833004089114, 0.0014939931791539789, 0.31127812445913283, 0.07310400793180982, 0, 0.1711038312803313, 0.31127812445913283, 0, 0.007299156760473963, 0.009756534087137225, 0.31127812445913283, 0.31127812445913283, 0.31127812445913283, 0.015085156698935967, 0.0207208396239082, 0.16395604408354778, 0.0350583482647871, 0.31127812445913283, 0.31127812445913283, 0.16395604408354778, 0, 0, 0), (0, 0.16395604408354778, 0.31127812445913283, 0, 0, 0.18850340411986471, 0, 0.11009182675183558, 0, 0, 0, 0.1711038312803313, 0, 0, 0, 0.31127812445913283, 0, 0.07310400793180982, 0.31127812445913283, 0.07310400793180982, 0.31127812445913283, 0.31127812445913283, 0, 0.31127812445913283, 0.31127812445913283, 0.31127812445913283, 0, 0.31127812445913283, 0.11009182675183558, 0.31127812445913283, 0.07310400793180982, 0.31127812445913283, 0.0487949406953985, 0, 0.31127812445913283, 0, 0, 0, 0.31127812445913283, 0), (0.09328462323031235, 0.31127812445913283, 0.2087803925185126, 0.009756534087137225, 0.11385563424028564, 0.013714477705244553, 0.08025594233229469, 0.07310400793180982, 0.03857581598654605, 0.13251817521576753, 0.05253690168806249, 0.19326958066820893, 0.0350583482647871, 0.00429810722857266, 0.005050449860393488, 0.0207208396239082, 0.0487949406953985, 0, 0.31127812445913283, 0.07310400793180982, 0.007299156760473963, 0.0037024515418363386, 0.0002145058924891757, 0.31127812445913283, 0.31127812445913283, 0.11009182675183558, 0.12425601093475921, 0.31127812445913283, 0.17750440524619315, 0.07310400793180982, 0.07310400793180982, 0.31127812445913283, 0.31127812445913283, 0.05738732460549023, 0.011482406826014972, 0.001254883843183478, 0.0002145058924891757, 0.0487949406953985, 0.2227619806994962, 0.0487949406953985), (0, 0, 0, 0, 0, 0, 0, 0, 0, 0, 0, 0, 0, 0, 0, 0.2227619806994962, 0, 0, 0, 0, 0, 0, 0, 0, 0, 0, 0, 0, 0, 0, 0, 0, 0, 0, 0, 0, 0, 0, 0, 0), (0.009036677434107646, 0.005050449860393488, 0.23305878051279882, 0.014691469621310085, 0.016941071056623243, 0.00822299722902229, 0.06859186091507882, 0.042041899344894246, 0.05655009359654585, 0.03889315594457522, 0.0463685414106319, 0.10206066129537185, 0.02359015854559616, 0.005865051239364611, 0.05171298000558475, 0.025509910978289904, 0.0487949406953985, 0.0008025382728216734, 0.07310400793180982, 0.011482406826014972, 0.31127812445913283, 0.010396593705431272, 0.08111870596083268, 0.31127812445913283, 0.31127812445913283, 0.0207208396239082, 0.0487949406953985, 0.0022344421708708415, 0.2087803925185126, 0.07310400793180982, 0.042041899344894246, 0.20534969973663775, 0.05738732460549023, 0.01274900060462203, 0.16395604408354778, 0.028564156811275485, 0.0008790379110077892, 0.011482406826014972, 0.0207208396239082, 0.006523190206172563)]}}, 'time': 0.44341468811035156, 'communication_time': 0.43511247634887695}
-0.004345454496855097
client_selector activated ✅
0.025724507122619776
heterogeneous_data_handler activated ✅ for clients: ['Client 1', 'Client 2', 'Client 3', 'Client 4', 'Client 5', 'Client 6', 'Client 7', 'Client 8', 'Client 9', 'Client 10', 'Client 11', 'Client 12', 'Client 13', 'Client 14', 'Client 15', 'Client 16', 'Client 17', 'Client 18', 'Client 19', 'Client 20', 'Client 21', 'Client 22', 'Client 23', 'Client 24', 'Client 25', 'Client 26', 'Client 27', 'Client 28', 'Client 29', 'Client 30', 'Client 31', 'Client 32', 'Client 33', 'Client 34', 'Client 35', 'Client 36', 'Client 37', 'Client 38', 'Client 39', 'Client 40']
Client Client 6 participates in this round. (CPU: 2, RAM: 2)
Client Client 7 participates in this round. (CPU: 2, RAM: 2)
Client Client 11 participates in this round. (CPU: 2, RAM: 2)
Client Client 1 participates in this round. (CPU: 2, RAM: 2)
Client Client 24 participates in this round. (CPU: 2, RAM: 2)
Client Client 3 participates in this round. (CPU: 2, RAM: 2)
Client Client 14 participates in this round. (CPU: 2, RAM: 2)
Client Client 23 participates in this round. (CPU: 2, RAM: 2)
Client Client 17 participates in this round. (CPU: 2, RAM: 2)
Client Client 19 participates in this round. (CPU: 2, RAM: 2)
Client Client 2 participates in this round. (CPU: 2, RAM: 2)
Client Client 8 participates in this round. (CPU: 2, RAM: 2)
Client Client 4 participates in this round. (CPU: 2, RAM: 2)
Client Client 15 participates in this round. (CPU: 2, RAM: 2)
Client Client 13 participates in this round. (CPU: 2, RAM: 2)
Client Client 21 participates in this round. (CPU: 2, RAM: 2)
Client Client 18 participates in this round. (CPU: 2, RAM: 2)
Client Client 34 has insufficient CPU (1). Will not participate in the next FL round.
Client Client 29 has insufficient CPU (1). Will not participate in the next FL round.
Client Client 22 participates in this round. (CPU: 2, RAM: 2)
Client Client 35 has insufficient CPU (1). Will not participate in the next FL round.
Client Client 9 participates in this round. (CPU: 2, RAM: 2)
Client Client 5 participates in this round. (CPU: 2, RAM: 2)
Client Client 39 has insufficient CPU (1). Will not participate in the next FL round.
Client Client 25 has insufficient CPU (1). Will not participate in the next FL round.
Client Client 10 participates in this round. (CPU: 2, RAM: 2)
Client Client 28 has insufficient CPU (1). Will not participate in the next FL round.
Client Client 36 has insufficient CPU (1). Will not participate in the next FL round.
Client Client 38 has insufficient CPU (1). Will not participate in the next FL round.
Client Client 26 has insufficient CPU (1). Will not participate in the next FL round.
Client Client 16 participates in this round. (CPU: 2, RAM: 2)
Client Client 20 participates in this round. (CPU: 2, RAM: 2)
Client Client 12 participates in this round. (CPU: 2, RAM: 2)
Client Client 33 has insufficient CPU (1). Will not participate in the next FL round.
Client Client 30 has insufficient CPU (1). Will not participate in the next FL round.
Client Client 31 has insufficient CPU (1). Will not participate in the next FL round.
Client Client 32 has insufficient CPU (1). Will not participate in the next FL round.
Client Client 27 has insufficient CPU (1). Will not participate in the next FL round.
Client Client 40 has insufficient CPU (1). Will not participate in the next FL round.
Client Client 37 has insufficient CPU (1). Will not participate in the next FL round.
Results Aggregated in 0.47 seconds.
{'prostate_logreg': {'train_loss': [0.5797648924210715, 0.5904991605947184, 0.5741372711924247, 0.5620664890658361, 0.5844833563807552, 0.5601529134499471, 0.5718169605588965], 'train_accuracy': [0.7222222222222222, 0.6937984496124031, 0.7142857142857143, 0.7625178826895566, 0.7085889570552147, 0.7421503330161751, 0.7295528898582334], 'train_f1': [0.6351708696946792, 0.5398648874189105, 0.6303745218279557, 0.6311409069797953, 0.6745301145010185, 0.6529931064159895, 0.7037811685885789], 'train_mae': [0.2777777777777778, 0.3062015503875969, 0.2857142857142857, 0.2374821173104435, 0.29141104294478526, 0.25784966698382494, 0.27044711014176664], 'val_loss': [0.7245327421107245, 0.6863383310975246, 0.653705006193505, 0.6315183818305831, 0.6125920370914231, 0.6002574452859736, 0.5891591547758905], 'val_accuracy': [0.5313520207137229, 0.5798765737533674, 0.6220967271499186, 0.6501448371026493, 0.6840653961623809, 0.7032832628162304, 0.7206383365429978], 'val_f1': [0.44126257711300315, 0.4821407878484198, 0.5440600405597353, 0.577862025955832, 0.6360612938990672, 0.6617729262753643, 0.6897725899438116], 'val_mae': [0.46864797928627716, 0.42012342624663257, 0.37790327285008135, 0.34985516289735086, 0.3159346038376191, 0.29671673718376956, 0.2793616634570021], 'jsd': [(0, 0, 0, 0, 0, 0, 0, 0, 0, 0, 0, 0, 0, 0.0207208396239082, 0.31127812445913283, 0.31127812445913283, 0.31127812445913283, 0.11009182675183558, 0.31127812445913283, 0.31127812445913283, 0.31127812445913283, 0.0037024515418363386, 0.31127812445913283, 0.31127812445913283, 0.31127812445913283, 0.31127812445913283, 0.31127812445913283, 0.31127812445913283, 0.31127812445913283, 0.31127812445913283, 0.0037024515418363386, 0.31127812445913283, 0.31127812445913283, 0.0350583482647871, 0.31127812445913283, 0.31127812445913283, 0.31127812445913283, 0, 0, 0), (0, 0, 0, 0, 0, 0, 0, 0, 0, 0, 0, 0, 0, 0.0207208396239082, 0.31127812445913283, 0.31127812445913283, 0.31127812445913283, 0.06548833004089114, 0.0014939931791539789, 0.31127812445913283, 0.07310400793180982, 0, 0.1711038312803313, 0.31127812445913283, 0, 0.007299156760473963, 0.009756534087137225, 0.31127812445913283, 0.31127812445913283, 0.31127812445913283, 0.015085156698935967, 0.0207208396239082, 0.16395604408354778, 0.0350583482647871, 0.31127812445913283, 0.31127812445913283, 0.16395604408354778, 0, 0, 0), (0, 0.16395604408354778, 0.31127812445913283, 0, 0, 0.18850340411986471, 0, 0.11009182675183558, 0, 0, 0, 0.1711038312803313, 0, 0, 0, 0.31127812445913283, 0, 0.07310400793180982, 0.31127812445913283, 0.07310400793180982, 0.31127812445913283, 0.31127812445913283, 0, 0.31127812445913283, 0.31127812445913283, 0.31127812445913283, 0, 0.31127812445913283, 0.11009182675183558, 0.31127812445913283, 0.07310400793180982, 0.31127812445913283, 0.0487949406953985, 0, 0.31127812445913283, 0, 0, 0, 0.31127812445913283, 0), (0.09328462323031235, 0.31127812445913283, 0.2087803925185126, 0.009756534087137225, 0.11385563424028564, 0.013714477705244553, 0.08025594233229469, 0.07310400793180982, 0.03857581598654605, 0.13251817521576753, 0.05253690168806249, 0.19326958066820893, 0.0350583482647871, 0.00429810722857266, 0.005050449860393488, 0.0207208396239082, 0.0487949406953985, 0, 0.31127812445913283, 0.07310400793180982, 0.007299156760473963, 0.0037024515418363386, 0.0002145058924891757, 0.31127812445913283, 0.31127812445913283, 0.11009182675183558, 0.12425601093475921, 0.31127812445913283, 0.17750440524619315, 0.07310400793180982, 0.07310400793180982, 0.31127812445913283, 0.31127812445913283, 0.05738732460549023, 0.011482406826014972, 0.001254883843183478, 0.0002145058924891757, 0.0487949406953985, 0.2227619806994962, 0.0487949406953985), (0, 0, 0, 0, 0, 0, 0, 0, 0, 0, 0, 0, 0, 0, 0, 0.2227619806994962, 0, 0, 0, 0, 0, 0, 0, 0, 0, 0, 0, 0, 0, 0, 0, 0, 0, 0, 0, 0, 0, 0, 0, 0), (0.009036677434107646, 0.005050449860393488, 0.23305878051279882, 0.014691469621310085, 0.016941071056623243, 0.00822299722902229, 0.06859186091507882, 0.042041899344894246, 0.05655009359654585, 0.03889315594457522, 0.0463685414106319, 0.10206066129537185, 0.02359015854559616, 0.005865051239364611, 0.05171298000558475, 0.025509910978289904, 0.0487949406953985, 0.0008025382728216734, 0.07310400793180982, 0.011482406826014972, 0.31127812445913283, 0.010396593705431272, 0.08111870596083268, 0.31127812445913283, 0.31127812445913283, 0.0207208396239082, 0.0487949406953985, 0.0022344421708708415, 0.2087803925185126, 0.07310400793180982, 0.042041899344894246, 0.20534969973663775, 0.05738732460549023, 0.01274900060462203, 0.16395604408354778, 0.028564156811275485, 0.0008790379110077892, 0.011482406826014972, 0.0207208396239082, 0.006523190206172563), (0, 0, 0, 0, 0, 0, 0, 0, 0, 0, 0, 0, 0, 0, 0, 0.24237412989240623, 0, 0, 0, 0, 0, 0, 0, 0, 0, 0, 0, 0, 0, 0, 0, 0, 0, 0, 0, 0, 0, 0, 0, 0)]}}
AdaptationManager: Configuring next round...
{'client_registry': {'enabled': True, 'params': {}}, 'client_selector': {'enabled': True, 'params': {'selection_strategy': 'Resource-Based', 'selection_criteria': 'CPU', 'selection_value': 2}}, 'client_cluster': {'enabled': False, 'params': {}}, 'message_compressor': {'enabled': False, 'params': {}}, 'model_co-versioning_registry': {'enabled': False, 'params': {}}, 'multi-task_model_trainer': {'enabled': False, 'params': {}}, 'heterogeneous_data_handler': {'enabled': True, 'params': {'enabled_clients': []}}}
{'client_selector': {'enabled': True}, 'client_cluster': {'enabled': False}, 'message_compressor': {'enabled': False}, 'model_co-versioning_registry': {'enabled': False}, 'multi-task_model_trainer': {'enabled': False}, 'heterogeneous_data_handler': {'enabled': True, 'params': {'enabled_clients': ['Client 1', 'Client 2', 'Client 3', 'Client 4', 'Client 5', 'Client 6', 'Client 7', 'Client 8', 'Client 9', 'Client 10', 'Client 11', 'Client 12', 'Client 13', 'Client 14', 'Client 15', 'Client 16', 'Client 17', 'Client 18', 'Client 19', 'Client 20', 'Client 21', 'Client 22', 'Client 23', 'Client 24', 'Client 25', 'Client 26', 'Client 27', 'Client 28', 'Client 29', 'Client 30', 'Client 31', 'Client 32', 'Client 33', 'Client 34', 'Client 35', 'Client 36', 'Client 37', 'Client 38', 'Client 39', 'Client 40']}}, 'client_registry': {'enabled': True, 'params': {}}}
{'model_type': 'prostate_logreg', 'metrics': {'prostate_logreg': {'train_loss': [0.5797648924210715, 0.5904991605947184, 0.5741372711924247, 0.5620664890658361, 0.5844833563807552, 0.5601529134499471, 0.5718169605588965], 'train_accuracy': [0.7222222222222222, 0.6937984496124031, 0.7142857142857143, 0.7625178826895566, 0.7085889570552147, 0.7421503330161751, 0.7295528898582334], 'train_f1': [0.6351708696946792, 0.5398648874189105, 0.6303745218279557, 0.6311409069797953, 0.6745301145010185, 0.6529931064159895, 0.7037811685885789], 'train_mae': [0.2777777777777778, 0.3062015503875969, 0.2857142857142857, 0.2374821173104435, 0.29141104294478526, 0.25784966698382494, 0.27044711014176664], 'val_loss': [0.7245327421107245, 0.6863383310975246, 0.653705006193505, 0.6315183818305831, 0.6125920370914231, 0.6002574452859736, 0.5891591547758905], 'val_accuracy': [0.5313520207137229, 0.5798765737533674, 0.6220967271499186, 0.6501448371026493, 0.6840653961623809, 0.7032832628162304, 0.7206383365429978], 'val_f1': [0.44126257711300315, 0.4821407878484198, 0.5440600405597353, 0.577862025955832, 0.6360612938990672, 0.6617729262753643, 0.6897725899438116], 'val_mae': [0.46864797928627716, 0.42012342624663257, 0.37790327285008135, 0.34985516289735086, 0.3159346038376191, 0.29671673718376956, 0.2793616634570021], 'jsd': [(0, 0, 0, 0, 0, 0, 0, 0, 0, 0, 0, 0, 0, 0.0207208396239082, 0.31127812445913283, 0.31127812445913283, 0.31127812445913283, 0.11009182675183558, 0.31127812445913283, 0.31127812445913283, 0.31127812445913283, 0.0037024515418363386, 0.31127812445913283, 0.31127812445913283, 0.31127812445913283, 0.31127812445913283, 0.31127812445913283, 0.31127812445913283, 0.31127812445913283, 0.31127812445913283, 0.0037024515418363386, 0.31127812445913283, 0.31127812445913283, 0.0350583482647871, 0.31127812445913283, 0.31127812445913283, 0.31127812445913283, 0, 0, 0), (0, 0, 0, 0, 0, 0, 0, 0, 0, 0, 0, 0, 0, 0.0207208396239082, 0.31127812445913283, 0.31127812445913283, 0.31127812445913283, 0.06548833004089114, 0.0014939931791539789, 0.31127812445913283, 0.07310400793180982, 0, 0.1711038312803313, 0.31127812445913283, 0, 0.007299156760473963, 0.009756534087137225, 0.31127812445913283, 0.31127812445913283, 0.31127812445913283, 0.015085156698935967, 0.0207208396239082, 0.16395604408354778, 0.0350583482647871, 0.31127812445913283, 0.31127812445913283, 0.16395604408354778, 0, 0, 0), (0, 0.16395604408354778, 0.31127812445913283, 0, 0, 0.18850340411986471, 0, 0.11009182675183558, 0, 0, 0, 0.1711038312803313, 0, 0, 0, 0.31127812445913283, 0, 0.07310400793180982, 0.31127812445913283, 0.07310400793180982, 0.31127812445913283, 0.31127812445913283, 0, 0.31127812445913283, 0.31127812445913283, 0.31127812445913283, 0, 0.31127812445913283, 0.11009182675183558, 0.31127812445913283, 0.07310400793180982, 0.31127812445913283, 0.0487949406953985, 0, 0.31127812445913283, 0, 0, 0, 0.31127812445913283, 0), (0.09328462323031235, 0.31127812445913283, 0.2087803925185126, 0.009756534087137225, 0.11385563424028564, 0.013714477705244553, 0.08025594233229469, 0.07310400793180982, 0.03857581598654605, 0.13251817521576753, 0.05253690168806249, 0.19326958066820893, 0.0350583482647871, 0.00429810722857266, 0.005050449860393488, 0.0207208396239082, 0.0487949406953985, 0, 0.31127812445913283, 0.07310400793180982, 0.007299156760473963, 0.0037024515418363386, 0.0002145058924891757, 0.31127812445913283, 0.31127812445913283, 0.11009182675183558, 0.12425601093475921, 0.31127812445913283, 0.17750440524619315, 0.07310400793180982, 0.07310400793180982, 0.31127812445913283, 0.31127812445913283, 0.05738732460549023, 0.011482406826014972, 0.001254883843183478, 0.0002145058924891757, 0.0487949406953985, 0.2227619806994962, 0.0487949406953985), (0, 0, 0, 0, 0, 0, 0, 0, 0, 0, 0, 0, 0, 0, 0, 0.2227619806994962, 0, 0, 0, 0, 0, 0, 0, 0, 0, 0, 0, 0, 0, 0, 0, 0, 0, 0, 0, 0, 0, 0, 0, 0), (0.009036677434107646, 0.005050449860393488, 0.23305878051279882, 0.014691469621310085, 0.016941071056623243, 0.00822299722902229, 0.06859186091507882, 0.042041899344894246, 0.05655009359654585, 0.03889315594457522, 0.0463685414106319, 0.10206066129537185, 0.02359015854559616, 0.005865051239364611, 0.05171298000558475, 0.025509910978289904, 0.0487949406953985, 0.0008025382728216734, 0.07310400793180982, 0.011482406826014972, 0.31127812445913283, 0.010396593705431272, 0.08111870596083268, 0.31127812445913283, 0.31127812445913283, 0.0207208396239082, 0.0487949406953985, 0.0022344421708708415, 0.2087803925185126, 0.07310400793180982, 0.042041899344894246, 0.20534969973663775, 0.05738732460549023, 0.01274900060462203, 0.16395604408354778, 0.028564156811275485, 0.0008790379110077892, 0.011482406826014972, 0.0207208396239082, 0.006523190206172563), (0, 0, 0, 0, 0, 0, 0, 0, 0, 0, 0, 0, 0, 0, 0, 0.24237412989240623, 0, 0, 0, 0, 0, 0, 0, 0, 0, 0, 0, 0, 0, 0, 0, 0, 0, 0, 0, 0, 0, 0, 0, 0)]}}, 'time': 0.4978358745574951, 'communication_time': 0.3838493824005127}
-0.004298847873867945
client_selector de-activated ❌
0.027994221549802592
heterogeneous_data_handler de-activated ❌
Results Aggregated in 0.41 seconds.
{'prostate_logreg': {'train_loss': [0.5797648924210715, 0.5904991605947184, 0.5741372711924247, 0.5620664890658361, 0.5844833563807552, 0.5601529134499471, 0.5718169605588965, 0.5349920468328702], 'train_accuracy': [0.7222222222222222, 0.6937984496124031, 0.7142857142857143, 0.7625178826895566, 0.7085889570552147, 0.7421503330161751, 0.7295528898582334, 0.7778561354019746], 'train_f1': [0.6351708696946792, 0.5398648874189105, 0.6303745218279557, 0.6311409069797953, 0.6745301145010185, 0.6529931064159895, 0.7037811685885789, 0.7047412754696403], 'train_mae': [0.2777777777777778, 0.3062015503875969, 0.2857142857142857, 0.2374821173104435, 0.29141104294478526, 0.25784966698382494, 0.27044711014176664, 0.22214386459802538], 'val_loss': [0.7245327421107245, 0.6863383310975246, 0.653705006193505, 0.6315183818305831, 0.6125920370914231, 0.6002574452859736, 0.5891591547758905, 0.5809041472285711], 'val_accuracy': [0.5313520207137229, 0.5798765737533674, 0.6220967271499186, 0.6501448371026493, 0.6840653961623809, 0.7032832628162304, 0.7206383365429978, 0.7269709860056617], 'val_f1': [0.44126257711300315, 0.4821407878484198, 0.5440600405597353, 0.577862025955832, 0.6360612938990672, 0.6617729262753643, 0.6897725899438116, 0.6973447096787969], 'val_mae': [0.46864797928627716, 0.42012342624663257, 0.37790327285008135, 0.34985516289735086, 0.3159346038376191, 0.29671673718376956, 0.2793616634570021, 0.27302901399433827], 'jsd': [(0, 0, 0, 0, 0, 0, 0, 0, 0, 0, 0, 0, 0, 0.0207208396239082, 0.31127812445913283, 0.31127812445913283, 0.31127812445913283, 0.11009182675183558, 0.31127812445913283, 0.31127812445913283, 0.31127812445913283, 0.0037024515418363386, 0.31127812445913283, 0.31127812445913283, 0.31127812445913283, 0.31127812445913283, 0.31127812445913283, 0.31127812445913283, 0.31127812445913283, 0.31127812445913283, 0.0037024515418363386, 0.31127812445913283, 0.31127812445913283, 0.0350583482647871, 0.31127812445913283, 0.31127812445913283, 0.31127812445913283, 0, 0, 0), (0, 0, 0, 0, 0, 0, 0, 0, 0, 0, 0, 0, 0, 0.0207208396239082, 0.31127812445913283, 0.31127812445913283, 0.31127812445913283, 0.06548833004089114, 0.0014939931791539789, 0.31127812445913283, 0.07310400793180982, 0, 0.1711038312803313, 0.31127812445913283, 0, 0.007299156760473963, 0.009756534087137225, 0.31127812445913283, 0.31127812445913283, 0.31127812445913283, 0.015085156698935967, 0.0207208396239082, 0.16395604408354778, 0.0350583482647871, 0.31127812445913283, 0.31127812445913283, 0.16395604408354778, 0, 0, 0), (0, 0.16395604408354778, 0.31127812445913283, 0, 0, 0.18850340411986471, 0, 0.11009182675183558, 0, 0, 0, 0.1711038312803313, 0, 0, 0, 0.31127812445913283, 0, 0.07310400793180982, 0.31127812445913283, 0.07310400793180982, 0.31127812445913283, 0.31127812445913283, 0, 0.31127812445913283, 0.31127812445913283, 0.31127812445913283, 0, 0.31127812445913283, 0.11009182675183558, 0.31127812445913283, 0.07310400793180982, 0.31127812445913283, 0.0487949406953985, 0, 0.31127812445913283, 0, 0, 0, 0.31127812445913283, 0), (0.09328462323031235, 0.31127812445913283, 0.2087803925185126, 0.009756534087137225, 0.11385563424028564, 0.013714477705244553, 0.08025594233229469, 0.07310400793180982, 0.03857581598654605, 0.13251817521576753, 0.05253690168806249, 0.19326958066820893, 0.0350583482647871, 0.00429810722857266, 0.005050449860393488, 0.0207208396239082, 0.0487949406953985, 0, 0.31127812445913283, 0.07310400793180982, 0.007299156760473963, 0.0037024515418363386, 0.0002145058924891757, 0.31127812445913283, 0.31127812445913283, 0.11009182675183558, 0.12425601093475921, 0.31127812445913283, 0.17750440524619315, 0.07310400793180982, 0.07310400793180982, 0.31127812445913283, 0.31127812445913283, 0.05738732460549023, 0.011482406826014972, 0.001254883843183478, 0.0002145058924891757, 0.0487949406953985, 0.2227619806994962, 0.0487949406953985), (0, 0, 0, 0, 0, 0, 0, 0, 0, 0, 0, 0, 0, 0, 0, 0.2227619806994962, 0, 0, 0, 0, 0, 0, 0, 0, 0, 0, 0, 0, 0, 0, 0, 0, 0, 0, 0, 0, 0, 0, 0, 0), (0.009036677434107646, 0.005050449860393488, 0.23305878051279882, 0.014691469621310085, 0.016941071056623243, 0.00822299722902229, 0.06859186091507882, 0.042041899344894246, 0.05655009359654585, 0.03889315594457522, 0.0463685414106319, 0.10206066129537185, 0.02359015854559616, 0.005865051239364611, 0.05171298000558475, 0.025509910978289904, 0.0487949406953985, 0.0008025382728216734, 0.07310400793180982, 0.011482406826014972, 0.31127812445913283, 0.010396593705431272, 0.08111870596083268, 0.31127812445913283, 0.31127812445913283, 0.0207208396239082, 0.0487949406953985, 0.0022344421708708415, 0.2087803925185126, 0.07310400793180982, 0.042041899344894246, 0.20534969973663775, 0.05738732460549023, 0.01274900060462203, 0.16395604408354778, 0.028564156811275485, 0.0008790379110077892, 0.011482406826014972, 0.0207208396239082, 0.006523190206172563), (0, 0, 0, 0, 0, 0, 0, 0, 0, 0, 0, 0, 0, 0, 0, 0.24237412989240623, 0, 0, 0, 0, 0, 0, 0, 0, 0, 0, 0, 0, 0, 0, 0, 0, 0, 0, 0, 0, 0, 0, 0, 0), (0.0061446088533262735, 0.002830694750015385, 0.24844401300050659, 0.04105726891831728, 0.014038937565777093, 0.0014939931791539789, 0.10372355040574062, 0.0037024515418363386, 0.07898885115561567, 0.0031619139529965624, 0.02711041372683346, 0.08697257500448134, 0.010396593705431272, 0.0010689285835955437, 0.050988453276391066, 0.007299156760473963, 0.039737267151773975, 0.07850994353170956, 0.05738732460549023, 0.05400884513974839, 0.007299156760473963, 0.005407888490294582, 0.0019359358092692971, 0.2292798117148899, 0.15591489886228305, 0.05253690168806249, 0.011482406826014972, 0.00028867375520897666, 0.03857581598654605, 0.05400884513974839, 0.05400884513974839, 0.2227619806994962, 0.03221357089614439, 0.05738732460549023, 0.002830694750015385, 0.0350583482647871, 0.0008589183281813573, 0.018135571823116266, 0.03600088831260688, 0.11009182675183558)]}}
AdaptationManager: Configuring next round...
{'client_registry': {'enabled': True, 'params': {}}, 'client_selector': {'enabled': True, 'params': {'selection_strategy': 'Resource-Based', 'selection_criteria': 'CPU', 'selection_value': 2}}, 'client_cluster': {'enabled': False, 'params': {}}, 'message_compressor': {'enabled': False, 'params': {}}, 'model_co-versioning_registry': {'enabled': False, 'params': {}}, 'multi-task_model_trainer': {'enabled': False, 'params': {}}, 'heterogeneous_data_handler': {'enabled': True, 'params': {'enabled_clients': []}}}
{'client_selector': {'enabled': False}, 'client_cluster': {'enabled': False}, 'message_compressor': {'enabled': False}, 'model_co-versioning_registry': {'enabled': False}, 'multi-task_model_trainer': {'enabled': False}, 'heterogeneous_data_handler': {'enabled': False, 'params': {'enabled_clients': ['Client 1', 'Client 2', 'Client 3', 'Client 4', 'Client 5', 'Client 6', 'Client 7', 'Client 8', 'Client 9', 'Client 10', 'Client 11', 'Client 12', 'Client 13', 'Client 14', 'Client 15', 'Client 16', 'Client 17', 'Client 18', 'Client 19', 'Client 20', 'Client 21', 'Client 22', 'Client 23', 'Client 24', 'Client 25', 'Client 26', 'Client 27', 'Client 28', 'Client 29', 'Client 30', 'Client 31', 'Client 32', 'Client 33', 'Client 34', 'Client 35', 'Client 36', 'Client 37', 'Client 38', 'Client 39', 'Client 40']}}, 'client_registry': {'enabled': True, 'params': {}}}
{'model_type': 'prostate_logreg', 'metrics': {'prostate_logreg': {'train_loss': [0.5797648924210715, 0.5904991605947184, 0.5741372711924247, 0.5620664890658361, 0.5844833563807552, 0.5601529134499471, 0.5718169605588965, 0.5349920468328702], 'train_accuracy': [0.7222222222222222, 0.6937984496124031, 0.7142857142857143, 0.7625178826895566, 0.7085889570552147, 0.7421503330161751, 0.7295528898582334, 0.7778561354019746], 'train_f1': [0.6351708696946792, 0.5398648874189105, 0.6303745218279557, 0.6311409069797953, 0.6745301145010185, 0.6529931064159895, 0.7037811685885789, 0.7047412754696403], 'train_mae': [0.2777777777777778, 0.3062015503875969, 0.2857142857142857, 0.2374821173104435, 0.29141104294478526, 0.25784966698382494, 0.27044711014176664, 0.22214386459802538], 'val_loss': [0.7245327421107245, 0.6863383310975246, 0.653705006193505, 0.6315183818305831, 0.6125920370914231, 0.6002574452859736, 0.5891591547758905, 0.5809041472285711], 'val_accuracy': [0.5313520207137229, 0.5798765737533674, 0.6220967271499186, 0.6501448371026493, 0.6840653961623809, 0.7032832628162304, 0.7206383365429978, 0.7269709860056617], 'val_f1': [0.44126257711300315, 0.4821407878484198, 0.5440600405597353, 0.577862025955832, 0.6360612938990672, 0.6617729262753643, 0.6897725899438116, 0.6973447096787969], 'val_mae': [0.46864797928627716, 0.42012342624663257, 0.37790327285008135, 0.34985516289735086, 0.3159346038376191, 0.29671673718376956, 0.2793616634570021, 0.27302901399433827], 'jsd': [(0, 0, 0, 0, 0, 0, 0, 0, 0, 0, 0, 0, 0, 0.0207208396239082, 0.31127812445913283, 0.31127812445913283, 0.31127812445913283, 0.11009182675183558, 0.31127812445913283, 0.31127812445913283, 0.31127812445913283, 0.0037024515418363386, 0.31127812445913283, 0.31127812445913283, 0.31127812445913283, 0.31127812445913283, 0.31127812445913283, 0.31127812445913283, 0.31127812445913283, 0.31127812445913283, 0.0037024515418363386, 0.31127812445913283, 0.31127812445913283, 0.0350583482647871, 0.31127812445913283, 0.31127812445913283, 0.31127812445913283, 0, 0, 0), (0, 0, 0, 0, 0, 0, 0, 0, 0, 0, 0, 0, 0, 0.0207208396239082, 0.31127812445913283, 0.31127812445913283, 0.31127812445913283, 0.06548833004089114, 0.0014939931791539789, 0.31127812445913283, 0.07310400793180982, 0, 0.1711038312803313, 0.31127812445913283, 0, 0.007299156760473963, 0.009756534087137225, 0.31127812445913283, 0.31127812445913283, 0.31127812445913283, 0.015085156698935967, 0.0207208396239082, 0.16395604408354778, 0.0350583482647871, 0.31127812445913283, 0.31127812445913283, 0.16395604408354778, 0, 0, 0), (0, 0.16395604408354778, 0.31127812445913283, 0, 0, 0.18850340411986471, 0, 0.11009182675183558, 0, 0, 0, 0.1711038312803313, 0, 0, 0, 0.31127812445913283, 0, 0.07310400793180982, 0.31127812445913283, 0.07310400793180982, 0.31127812445913283, 0.31127812445913283, 0, 0.31127812445913283, 0.31127812445913283, 0.31127812445913283, 0, 0.31127812445913283, 0.11009182675183558, 0.31127812445913283, 0.07310400793180982, 0.31127812445913283, 0.0487949406953985, 0, 0.31127812445913283, 0, 0, 0, 0.31127812445913283, 0), (0.09328462323031235, 0.31127812445913283, 0.2087803925185126, 0.009756534087137225, 0.11385563424028564, 0.013714477705244553, 0.08025594233229469, 0.07310400793180982, 0.03857581598654605, 0.13251817521576753, 0.05253690168806249, 0.19326958066820893, 0.0350583482647871, 0.00429810722857266, 0.005050449860393488, 0.0207208396239082, 0.0487949406953985, 0, 0.31127812445913283, 0.07310400793180982, 0.007299156760473963, 0.0037024515418363386, 0.0002145058924891757, 0.31127812445913283, 0.31127812445913283, 0.11009182675183558, 0.12425601093475921, 0.31127812445913283, 0.17750440524619315, 0.07310400793180982, 0.07310400793180982, 0.31127812445913283, 0.31127812445913283, 0.05738732460549023, 0.011482406826014972, 0.001254883843183478, 0.0002145058924891757, 0.0487949406953985, 0.2227619806994962, 0.0487949406953985), (0, 0, 0, 0, 0, 0, 0, 0, 0, 0, 0, 0, 0, 0, 0, 0.2227619806994962, 0, 0, 0, 0, 0, 0, 0, 0, 0, 0, 0, 0, 0, 0, 0, 0, 0, 0, 0, 0, 0, 0, 0, 0), (0.009036677434107646, 0.005050449860393488, 0.23305878051279882, 0.014691469621310085, 0.016941071056623243, 0.00822299722902229, 0.06859186091507882, 0.042041899344894246, 0.05655009359654585, 0.03889315594457522, 0.0463685414106319, 0.10206066129537185, 0.02359015854559616, 0.005865051239364611, 0.05171298000558475, 0.025509910978289904, 0.0487949406953985, 0.0008025382728216734, 0.07310400793180982, 0.011482406826014972, 0.31127812445913283, 0.010396593705431272, 0.08111870596083268, 0.31127812445913283, 0.31127812445913283, 0.0207208396239082, 0.0487949406953985, 0.0022344421708708415, 0.2087803925185126, 0.07310400793180982, 0.042041899344894246, 0.20534969973663775, 0.05738732460549023, 0.01274900060462203, 0.16395604408354778, 0.028564156811275485, 0.0008790379110077892, 0.011482406826014972, 0.0207208396239082, 0.006523190206172563), (0, 0, 0, 0, 0, 0, 0, 0, 0, 0, 0, 0, 0, 0, 0, 0.24237412989240623, 0, 0, 0, 0, 0, 0, 0, 0, 0, 0, 0, 0, 0, 0, 0, 0, 0, 0, 0, 0, 0, 0, 0, 0), (0.0061446088533262735, 0.002830694750015385, 0.24844401300050659, 0.04105726891831728, 0.014038937565777093, 0.0014939931791539789, 0.10372355040574062, 0.0037024515418363386, 0.07898885115561567, 0.0031619139529965624, 0.02711041372683346, 0.08697257500448134, 0.010396593705431272, 0.0010689285835955437, 0.050988453276391066, 0.007299156760473963, 0.039737267151773975, 0.07850994353170956, 0.05738732460549023, 0.05400884513974839, 0.007299156760473963, 0.005407888490294582, 0.0019359358092692971, 0.2292798117148899, 0.15591489886228305, 0.05253690168806249, 0.011482406826014972, 0.00028867375520897666, 0.03857581598654605, 0.05400884513974839, 0.05400884513974839, 0.2227619806994962, 0.03221357089614439, 0.05738732460549023, 0.002830694750015385, 0.0350583482647871, 0.0008589183281813573, 0.018135571823116266, 0.03600088831260688, 0.11009182675183558)]}}, 'time': 0.43875718116760254, 'communication_time': 0.42998433113098145}
-0.0057645149285705105
client_selector activated ✅
0.007578027604324272
heterogeneous_data_handler activated ✅ for clients: ['Client 1', 'Client 2', 'Client 3', 'Client 4', 'Client 5', 'Client 6', 'Client 7', 'Client 8', 'Client 9', 'Client 10', 'Client 11', 'Client 12', 'Client 13', 'Client 14', 'Client 15', 'Client 16', 'Client 17', 'Client 18', 'Client 19', 'Client 20', 'Client 21', 'Client 22', 'Client 23', 'Client 24', 'Client 25', 'Client 26', 'Client 27', 'Client 28', 'Client 29', 'Client 30', 'Client 31', 'Client 32', 'Client 33', 'Client 34', 'Client 35', 'Client 36', 'Client 37', 'Client 38', 'Client 39', 'Client 40']
Client Client 23 participates in this round. (CPU: 2, RAM: 2)
Client Client 18 participates in this round. (CPU: 2, RAM: 2)
Client Client 22 participates in this round. (CPU: 2, RAM: 2)
Client Client 12 participates in this round. (CPU: 2, RAM: 2)
Client Client 1 participates in this round. (CPU: 2, RAM: 2)
Client Client 2 participates in this round. (CPU: 2, RAM: 2)
Client Client 11 participates in this round. (CPU: 2, RAM: 2)
Client Client 26 has insufficient CPU (1). Will not participate in the next FL round.
Client Client 15 participates in this round. (CPU: 2, RAM: 2)
Client Client 36 has insufficient CPU (1). Will not participate in the next FL round.
Client Client 14 participates in this round. (CPU: 2, RAM: 2)
Client Client 16 participates in this round. (CPU: 2, RAM: 2)
Client Client 19 participates in this round. (CPU: 2, RAM: 2)
Client Client 20 participates in this round. (CPU: 2, RAM: 2)
Client Client 34 has insufficient CPU (1). Will not participate in the next FL round.
Client Client 8 participates in this round. (CPU: 2, RAM: 2)
Client Client 21 participates in this round. (CPU: 2, RAM: 2)
Client Client 5 participates in this round. (CPU: 2, RAM: 2)
Client Client 4 participates in this round. (CPU: 2, RAM: 2)
Client Client 3 participates in this round. (CPU: 2, RAM: 2)
Client Client 32 has insufficient CPU (1). Will not participate in the next FL round.
Client Client 13 participates in this round. (CPU: 2, RAM: 2)
Client Client 10 participates in this round. (CPU: 2, RAM: 2)
Client Client 24 participates in this round. (CPU: 2, RAM: 2)
Client Client 39 has insufficient CPU (1). Will not participate in the next FL round.
Client Client 37 has insufficient CPU (1). Will not participate in the next FL round.
Client Client 29 has insufficient CPU (1). Will not participate in the next FL round.
Client Client 6 participates in this round. (CPU: 2, RAM: 2)
Client Client 17 participates in this round. (CPU: 2, RAM: 2)
Client Client 9 participates in this round. (CPU: 2, RAM: 2)
Client Client 25 has insufficient CPU (1). Will not participate in the next FL round.
Client Client 35 has insufficient CPU (1). Will not participate in the next FL round.
Client Client 7 participates in this round. (CPU: 2, RAM: 2)
Client Client 31 has insufficient CPU (1). Will not participate in the next FL round.
Client Client 28 has insufficient CPU (1). Will not participate in the next FL round.
Client Client 33 has insufficient CPU (1). Will not participate in the next FL round.
Client Client 30 has insufficient CPU (1). Will not participate in the next FL round.
Client Client 27 has insufficient CPU (1). Will not participate in the next FL round.
Client Client 40 has insufficient CPU (1). Will not participate in the next FL round.
Client Client 38 has insufficient CPU (1). Will not participate in the next FL round.
Results Aggregated in 0.43 seconds.
{'prostate_logreg': {'train_loss': [0.5797648924210715, 0.5904991605947184, 0.5741372711924247, 0.5620664890658361, 0.5844833563807552, 0.5601529134499471, 0.5718169605588965, 0.5349920468328702, 0.5518784765599124], 'train_accuracy': [0.7222222222222222, 0.6937984496124031, 0.7142857142857143, 0.7625178826895566, 0.7085889570552147, 0.7421503330161751, 0.7295528898582334, 0.7778561354019746, 0.7534129692832765], 'train_f1': [0.6351708696946792, 0.5398648874189105, 0.6303745218279557, 0.6311409069797953, 0.6745301145010185, 0.6529931064159895, 0.7037811685885789, 0.7047412754696403, 0.7495536968582172], 'train_mae': [0.2777777777777778, 0.3062015503875969, 0.2857142857142857, 0.2374821173104435, 0.29141104294478526, 0.25784966698382494, 0.27044711014176664, 0.22214386459802538, 0.24658703071672355], 'val_loss': [0.7245327421107245, 0.6863383310975246, 0.653705006193505, 0.6315183818305831, 0.6125920370914231, 0.6002574452859736, 0.5891591547758905, 0.5809041472285711, 0.5738744544581247], 'val_accuracy': [0.5313520207137229, 0.5798765737533674, 0.6220967271499186, 0.6501448371026493, 0.6840653961623809, 0.7032832628162304, 0.7206383365429978, 0.7269709860056617, 0.7316401616924455], 'val_f1': [0.44126257711300315, 0.4821407878484198, 0.5440600405597353, 0.577862025955832, 0.6360612938990672, 0.6617729262753643, 0.6897725899438116, 0.6973447096787969, 0.7074127248168197], 'val_mae': [0.46864797928627716, 0.42012342624663257, 0.37790327285008135, 0.34985516289735086, 0.3159346038376191, 0.29671673718376956, 0.2793616634570021, 0.27302901399433827, 0.26835983830755455], 'jsd': [(0, 0, 0, 0, 0, 0, 0, 0, 0, 0, 0, 0, 0, 0.0207208396239082, 0.31127812445913283, 0.31127812445913283, 0.31127812445913283, 0.11009182675183558, 0.31127812445913283, 0.31127812445913283, 0.31127812445913283, 0.0037024515418363386, 0.31127812445913283, 0.31127812445913283, 0.31127812445913283, 0.31127812445913283, 0.31127812445913283, 0.31127812445913283, 0.31127812445913283, 0.31127812445913283, 0.0037024515418363386, 0.31127812445913283, 0.31127812445913283, 0.0350583482647871, 0.31127812445913283, 0.31127812445913283, 0.31127812445913283, 0, 0, 0), (0, 0, 0, 0, 0, 0, 0, 0, 0, 0, 0, 0, 0, 0.0207208396239082, 0.31127812445913283, 0.31127812445913283, 0.31127812445913283, 0.06548833004089114, 0.0014939931791539789, 0.31127812445913283, 0.07310400793180982, 0, 0.1711038312803313, 0.31127812445913283, 0, 0.007299156760473963, 0.009756534087137225, 0.31127812445913283, 0.31127812445913283, 0.31127812445913283, 0.015085156698935967, 0.0207208396239082, 0.16395604408354778, 0.0350583482647871, 0.31127812445913283, 0.31127812445913283, 0.16395604408354778, 0, 0, 0), (0, 0.16395604408354778, 0.31127812445913283, 0, 0, 0.18850340411986471, 0, 0.11009182675183558, 0, 0, 0, 0.1711038312803313, 0, 0, 0, 0.31127812445913283, 0, 0.07310400793180982, 0.31127812445913283, 0.07310400793180982, 0.31127812445913283, 0.31127812445913283, 0, 0.31127812445913283, 0.31127812445913283, 0.31127812445913283, 0, 0.31127812445913283, 0.11009182675183558, 0.31127812445913283, 0.07310400793180982, 0.31127812445913283, 0.0487949406953985, 0, 0.31127812445913283, 0, 0, 0, 0.31127812445913283, 0), (0.09328462323031235, 0.31127812445913283, 0.2087803925185126, 0.009756534087137225, 0.11385563424028564, 0.013714477705244553, 0.08025594233229469, 0.07310400793180982, 0.03857581598654605, 0.13251817521576753, 0.05253690168806249, 0.19326958066820893, 0.0350583482647871, 0.00429810722857266, 0.005050449860393488, 0.0207208396239082, 0.0487949406953985, 0, 0.31127812445913283, 0.07310400793180982, 0.007299156760473963, 0.0037024515418363386, 0.0002145058924891757, 0.31127812445913283, 0.31127812445913283, 0.11009182675183558, 0.12425601093475921, 0.31127812445913283, 0.17750440524619315, 0.07310400793180982, 0.07310400793180982, 0.31127812445913283, 0.31127812445913283, 0.05738732460549023, 0.011482406826014972, 0.001254883843183478, 0.0002145058924891757, 0.0487949406953985, 0.2227619806994962, 0.0487949406953985), (0, 0, 0, 0, 0, 0, 0, 0, 0, 0, 0, 0, 0, 0, 0, 0.2227619806994962, 0, 0, 0, 0, 0, 0, 0, 0, 0, 0, 0, 0, 0, 0, 0, 0, 0, 0, 0, 0, 0, 0, 0, 0), (0.009036677434107646, 0.005050449860393488, 0.23305878051279882, 0.014691469621310085, 0.016941071056623243, 0.00822299722902229, 0.06859186091507882, 0.042041899344894246, 0.05655009359654585, 0.03889315594457522, 0.0463685414106319, 0.10206066129537185, 0.02359015854559616, 0.005865051239364611, 0.05171298000558475, 0.025509910978289904, 0.0487949406953985, 0.0008025382728216734, 0.07310400793180982, 0.011482406826014972, 0.31127812445913283, 0.010396593705431272, 0.08111870596083268, 0.31127812445913283, 0.31127812445913283, 0.0207208396239082, 0.0487949406953985, 0.0022344421708708415, 0.2087803925185126, 0.07310400793180982, 0.042041899344894246, 0.20534969973663775, 0.05738732460549023, 0.01274900060462203, 0.16395604408354778, 0.028564156811275485, 0.0008790379110077892, 0.011482406826014972, 0.0207208396239082, 0.006523190206172563), (0, 0, 0, 0, 0, 0, 0, 0, 0, 0, 0, 0, 0, 0, 0, 0.24237412989240623, 0, 0, 0, 0, 0, 0, 0, 0, 0, 0, 0, 0, 0, 0, 0, 0, 0, 0, 0, 0, 0, 0, 0, 0), (0.0061446088533262735, 0.002830694750015385, 0.24844401300050659, 0.04105726891831728, 0.014038937565777093, 0.0014939931791539789, 0.10372355040574062, 0.0037024515418363386, 0.07898885115561567, 0.0031619139529965624, 0.02711041372683346, 0.08697257500448134, 0.010396593705431272, 0.0010689285835955437, 0.050988453276391066, 0.007299156760473963, 0.039737267151773975, 0.07850994353170956, 0.05738732460549023, 0.05400884513974839, 0.007299156760473963, 0.005407888490294582, 0.0019359358092692971, 0.2292798117148899, 0.15591489886228305, 0.05253690168806249, 0.011482406826014972, 0.00028867375520897666, 0.03857581598654605, 0.05400884513974839, 0.05400884513974839, 0.2227619806994962, 0.03221357089614439, 0.05738732460549023, 0.002830694750015385, 0.0350583482647871, 0.0008589183281813573, 0.018135571823116266, 0.03600088831260688, 0.11009182675183558), (0, 0, 0, 0, 0, 0, 0, 0, 0, 0, 0, 0, 0, 0, 0, 0, 0, 0, 0, 0, 0, 0, 0, 0, 0, 0, 0, 0, 0, 0, 0, 0, 0, 0, 0, 0, 0, 0, 0, 0)]}}
AdaptationManager: Configuring next round...
{'client_registry': {'enabled': True, 'params': {}}, 'client_selector': {'enabled': True, 'params': {'selection_strategy': 'Resource-Based', 'selection_criteria': 'CPU', 'selection_value': 2}}, 'client_cluster': {'enabled': False, 'params': {}}, 'message_compressor': {'enabled': False, 'params': {}}, 'model_co-versioning_registry': {'enabled': False, 'params': {}}, 'multi-task_model_trainer': {'enabled': False, 'params': {}}, 'heterogeneous_data_handler': {'enabled': True, 'params': {'enabled_clients': []}}}
{'client_selector': {'enabled': True}, 'client_cluster': {'enabled': False}, 'message_compressor': {'enabled': False}, 'model_co-versioning_registry': {'enabled': False}, 'multi-task_model_trainer': {'enabled': False}, 'heterogeneous_data_handler': {'enabled': True, 'params': {'enabled_clients': ['Client 1', 'Client 2', 'Client 3', 'Client 4', 'Client 5', 'Client 6', 'Client 7', 'Client 8', 'Client 9', 'Client 10', 'Client 11', 'Client 12', 'Client 13', 'Client 14', 'Client 15', 'Client 16', 'Client 17', 'Client 18', 'Client 19', 'Client 20', 'Client 21', 'Client 22', 'Client 23', 'Client 24', 'Client 25', 'Client 26', 'Client 27', 'Client 28', 'Client 29', 'Client 30', 'Client 31', 'Client 32', 'Client 33', 'Client 34', 'Client 35', 'Client 36', 'Client 37', 'Client 38', 'Client 39', 'Client 40']}}, 'client_registry': {'enabled': True, 'params': {}}}
{'model_type': 'prostate_logreg', 'metrics': {'prostate_logreg': {'train_loss': [0.5797648924210715, 0.5904991605947184, 0.5741372711924247, 0.5620664890658361, 0.5844833563807552, 0.5601529134499471, 0.5718169605588965, 0.5349920468328702, 0.5518784765599124], 'train_accuracy': [0.7222222222222222, 0.6937984496124031, 0.7142857142857143, 0.7625178826895566, 0.7085889570552147, 0.7421503330161751, 0.7295528898582334, 0.7778561354019746, 0.7534129692832765], 'train_f1': [0.6351708696946792, 0.5398648874189105, 0.6303745218279557, 0.6311409069797953, 0.6745301145010185, 0.6529931064159895, 0.7037811685885789, 0.7047412754696403, 0.7495536968582172], 'train_mae': [0.2777777777777778, 0.3062015503875969, 0.2857142857142857, 0.2374821173104435, 0.29141104294478526, 0.25784966698382494, 0.27044711014176664, 0.22214386459802538, 0.24658703071672355], 'val_loss': [0.7245327421107245, 0.6863383310975246, 0.653705006193505, 0.6315183818305831, 0.6125920370914231, 0.6002574452859736, 0.5891591547758905, 0.5809041472285711, 0.5738744544581247], 'val_accuracy': [0.5313520207137229, 0.5798765737533674, 0.6220967271499186, 0.6501448371026493, 0.6840653961623809, 0.7032832628162304, 0.7206383365429978, 0.7269709860056617, 0.7316401616924455], 'val_f1': [0.44126257711300315, 0.4821407878484198, 0.5440600405597353, 0.577862025955832, 0.6360612938990672, 0.6617729262753643, 0.6897725899438116, 0.6973447096787969, 0.7074127248168197], 'val_mae': [0.46864797928627716, 0.42012342624663257, 0.37790327285008135, 0.34985516289735086, 0.3159346038376191, 0.29671673718376956, 0.2793616634570021, 0.27302901399433827, 0.26835983830755455], 'jsd': [(0, 0, 0, 0, 0, 0, 0, 0, 0, 0, 0, 0, 0, 0.0207208396239082, 0.31127812445913283, 0.31127812445913283, 0.31127812445913283, 0.11009182675183558, 0.31127812445913283, 0.31127812445913283, 0.31127812445913283, 0.0037024515418363386, 0.31127812445913283, 0.31127812445913283, 0.31127812445913283, 0.31127812445913283, 0.31127812445913283, 0.31127812445913283, 0.31127812445913283, 0.31127812445913283, 0.0037024515418363386, 0.31127812445913283, 0.31127812445913283, 0.0350583482647871, 0.31127812445913283, 0.31127812445913283, 0.31127812445913283, 0, 0, 0), (0, 0, 0, 0, 0, 0, 0, 0, 0, 0, 0, 0, 0, 0.0207208396239082, 0.31127812445913283, 0.31127812445913283, 0.31127812445913283, 0.06548833004089114, 0.0014939931791539789, 0.31127812445913283, 0.07310400793180982, 0, 0.1711038312803313, 0.31127812445913283, 0, 0.007299156760473963, 0.009756534087137225, 0.31127812445913283, 0.31127812445913283, 0.31127812445913283, 0.015085156698935967, 0.0207208396239082, 0.16395604408354778, 0.0350583482647871, 0.31127812445913283, 0.31127812445913283, 0.16395604408354778, 0, 0, 0), (0, 0.16395604408354778, 0.31127812445913283, 0, 0, 0.18850340411986471, 0, 0.11009182675183558, 0, 0, 0, 0.1711038312803313, 0, 0, 0, 0.31127812445913283, 0, 0.07310400793180982, 0.31127812445913283, 0.07310400793180982, 0.31127812445913283, 0.31127812445913283, 0, 0.31127812445913283, 0.31127812445913283, 0.31127812445913283, 0, 0.31127812445913283, 0.11009182675183558, 0.31127812445913283, 0.07310400793180982, 0.31127812445913283, 0.0487949406953985, 0, 0.31127812445913283, 0, 0, 0, 0.31127812445913283, 0), (0.09328462323031235, 0.31127812445913283, 0.2087803925185126, 0.009756534087137225, 0.11385563424028564, 0.013714477705244553, 0.08025594233229469, 0.07310400793180982, 0.03857581598654605, 0.13251817521576753, 0.05253690168806249, 0.19326958066820893, 0.0350583482647871, 0.00429810722857266, 0.005050449860393488, 0.0207208396239082, 0.0487949406953985, 0, 0.31127812445913283, 0.07310400793180982, 0.007299156760473963, 0.0037024515418363386, 0.0002145058924891757, 0.31127812445913283, 0.31127812445913283, 0.11009182675183558, 0.12425601093475921, 0.31127812445913283, 0.17750440524619315, 0.07310400793180982, 0.07310400793180982, 0.31127812445913283, 0.31127812445913283, 0.05738732460549023, 0.011482406826014972, 0.001254883843183478, 0.0002145058924891757, 0.0487949406953985, 0.2227619806994962, 0.0487949406953985), (0, 0, 0, 0, 0, 0, 0, 0, 0, 0, 0, 0, 0, 0, 0, 0.2227619806994962, 0, 0, 0, 0, 0, 0, 0, 0, 0, 0, 0, 0, 0, 0, 0, 0, 0, 0, 0, 0, 0, 0, 0, 0), (0.009036677434107646, 0.005050449860393488, 0.23305878051279882, 0.014691469621310085, 0.016941071056623243, 0.00822299722902229, 0.06859186091507882, 0.042041899344894246, 0.05655009359654585, 0.03889315594457522, 0.0463685414106319, 0.10206066129537185, 0.02359015854559616, 0.005865051239364611, 0.05171298000558475, 0.025509910978289904, 0.0487949406953985, 0.0008025382728216734, 0.07310400793180982, 0.011482406826014972, 0.31127812445913283, 0.010396593705431272, 0.08111870596083268, 0.31127812445913283, 0.31127812445913283, 0.0207208396239082, 0.0487949406953985, 0.0022344421708708415, 0.2087803925185126, 0.07310400793180982, 0.042041899344894246, 0.20534969973663775, 0.05738732460549023, 0.01274900060462203, 0.16395604408354778, 0.028564156811275485, 0.0008790379110077892, 0.011482406826014972, 0.0207208396239082, 0.006523190206172563), (0, 0, 0, 0, 0, 0, 0, 0, 0, 0, 0, 0, 0, 0, 0, 0.24237412989240623, 0, 0, 0, 0, 0, 0, 0, 0, 0, 0, 0, 0, 0, 0, 0, 0, 0, 0, 0, 0, 0, 0, 0, 0), (0.0061446088533262735, 0.002830694750015385, 0.24844401300050659, 0.04105726891831728, 0.014038937565777093, 0.0014939931791539789, 0.10372355040574062, 0.0037024515418363386, 0.07898885115561567, 0.0031619139529965624, 0.02711041372683346, 0.08697257500448134, 0.010396593705431272, 0.0010689285835955437, 0.050988453276391066, 0.007299156760473963, 0.039737267151773975, 0.07850994353170956, 0.05738732460549023, 0.05400884513974839, 0.007299156760473963, 0.005407888490294582, 0.0019359358092692971, 0.2292798117148899, 0.15591489886228305, 0.05253690168806249, 0.011482406826014972, 0.00028867375520897666, 0.03857581598654605, 0.05400884513974839, 0.05400884513974839, 0.2227619806994962, 0.03221357089614439, 0.05738732460549023, 0.002830694750015385, 0.0350583482647871, 0.0008589183281813573, 0.018135571823116266, 0.03600088831260688, 0.11009182675183558), (0, 0, 0, 0, 0, 0, 0, 0, 0, 0, 0, 0, 0, 0, 0, 0, 0, 0, 0, 0, 0, 0, 0, 0, 0, 0, 0, 0, 0, 0, 0, 0, 0, 0, 0, 0, 0, 0, 0, 0)]}}, 'time': 0.46282029151916504, 'communication_time': 0.36043477058410645}
-0.005048050449237951
client_selector de-activated ❌
0.010065608826987645
heterogeneous_data_handler activated ✅ for clients: ['Client 3', 'Client 25', 'Client 32']
Results Aggregated in 0.49 seconds.
{'prostate_logreg': {'train_loss': [0.5797648924210715, 0.5904991605947184, 0.5741372711924247, 0.5620664890658361, 0.5844833563807552, 0.5601529134499471, 0.5718169605588965, 0.5349920468328702, 0.5518784765599124, 0.5306864954794746], 'train_accuracy': [0.7222222222222222, 0.6937984496124031, 0.7142857142857143, 0.7625178826895566, 0.7085889570552147, 0.7421503330161751, 0.7295528898582334, 0.7778561354019746, 0.7534129692832765, 0.7737226277372263], 'train_f1': [0.6351708696946792, 0.5398648874189105, 0.6303745218279557, 0.6311409069797953, 0.6745301145010185, 0.6529931064159895, 0.7037811685885789, 0.7047412754696403, 0.7495536968582172, 0.7309616839615369], 'train_mae': [0.2777777777777778, 0.3062015503875969, 0.2857142857142857, 0.2374821173104435, 0.29141104294478526, 0.25784966698382494, 0.27044711014176664, 0.22214386459802538, 0.24658703071672355, 0.22627737226277372], 'val_loss': [0.7245327421107245, 0.6863383310975246, 0.653705006193505, 0.6315183818305831, 0.6125920370914231, 0.6002574452859736, 0.5891591547758905, 0.5809041472285711, 0.5738744544581247, 0.568131300799036], 'val_accuracy': [0.5313520207137229, 0.5798765737533674, 0.6220967271499186, 0.6501448371026493, 0.6840653961623809, 0.7032832628162304, 0.7206383365429978, 0.7269709860056617, 0.7316401616924455, 0.7344128925896282], 'val_f1': [0.44126257711300315, 0.4821407878484198, 0.5440600405597353, 0.577862025955832, 0.6360612938990672, 0.6617729262753643, 0.6897725899438116, 0.6973447096787969, 0.7074127248168197, 0.7103822793312201], 'val_mae': [0.46864797928627716, 0.42012342624663257, 0.37790327285008135, 0.34985516289735086, 0.3159346038376191, 0.29671673718376956, 0.2793616634570021, 0.27302901399433827, 0.26835983830755455, 0.2655871074103719], 'jsd': [(0, 0, 0, 0, 0, 0, 0, 0, 0, 0, 0, 0, 0, 0.0207208396239082, 0.31127812445913283, 0.31127812445913283, 0.31127812445913283, 0.11009182675183558, 0.31127812445913283, 0.31127812445913283, 0.31127812445913283, 0.0037024515418363386, 0.31127812445913283, 0.31127812445913283, 0.31127812445913283, 0.31127812445913283, 0.31127812445913283, 0.31127812445913283, 0.31127812445913283, 0.31127812445913283, 0.0037024515418363386, 0.31127812445913283, 0.31127812445913283, 0.0350583482647871, 0.31127812445913283, 0.31127812445913283, 0.31127812445913283, 0, 0, 0), (0, 0, 0, 0, 0, 0, 0, 0, 0, 0, 0, 0, 0, 0.0207208396239082, 0.31127812445913283, 0.31127812445913283, 0.31127812445913283, 0.06548833004089114, 0.0014939931791539789, 0.31127812445913283, 0.07310400793180982, 0, 0.1711038312803313, 0.31127812445913283, 0, 0.007299156760473963, 0.009756534087137225, 0.31127812445913283, 0.31127812445913283, 0.31127812445913283, 0.015085156698935967, 0.0207208396239082, 0.16395604408354778, 0.0350583482647871, 0.31127812445913283, 0.31127812445913283, 0.16395604408354778, 0, 0, 0), (0, 0.16395604408354778, 0.31127812445913283, 0, 0, 0.18850340411986471, 0, 0.11009182675183558, 0, 0, 0, 0.1711038312803313, 0, 0, 0, 0.31127812445913283, 0, 0.07310400793180982, 0.31127812445913283, 0.07310400793180982, 0.31127812445913283, 0.31127812445913283, 0, 0.31127812445913283, 0.31127812445913283, 0.31127812445913283, 0, 0.31127812445913283, 0.11009182675183558, 0.31127812445913283, 0.07310400793180982, 0.31127812445913283, 0.0487949406953985, 0, 0.31127812445913283, 0, 0, 0, 0.31127812445913283, 0), (0.09328462323031235, 0.31127812445913283, 0.2087803925185126, 0.009756534087137225, 0.11385563424028564, 0.013714477705244553, 0.08025594233229469, 0.07310400793180982, 0.03857581598654605, 0.13251817521576753, 0.05253690168806249, 0.19326958066820893, 0.0350583482647871, 0.00429810722857266, 0.005050449860393488, 0.0207208396239082, 0.0487949406953985, 0, 0.31127812445913283, 0.07310400793180982, 0.007299156760473963, 0.0037024515418363386, 0.0002145058924891757, 0.31127812445913283, 0.31127812445913283, 0.11009182675183558, 0.12425601093475921, 0.31127812445913283, 0.17750440524619315, 0.07310400793180982, 0.07310400793180982, 0.31127812445913283, 0.31127812445913283, 0.05738732460549023, 0.011482406826014972, 0.001254883843183478, 0.0002145058924891757, 0.0487949406953985, 0.2227619806994962, 0.0487949406953985), (0, 0, 0, 0, 0, 0, 0, 0, 0, 0, 0, 0, 0, 0, 0, 0.2227619806994962, 0, 0, 0, 0, 0, 0, 0, 0, 0, 0, 0, 0, 0, 0, 0, 0, 0, 0, 0, 0, 0, 0, 0, 0), (0.009036677434107646, 0.005050449860393488, 0.23305878051279882, 0.014691469621310085, 0.016941071056623243, 0.00822299722902229, 0.06859186091507882, 0.042041899344894246, 0.05655009359654585, 0.03889315594457522, 0.0463685414106319, 0.10206066129537185, 0.02359015854559616, 0.005865051239364611, 0.05171298000558475, 0.025509910978289904, 0.0487949406953985, 0.0008025382728216734, 0.07310400793180982, 0.011482406826014972, 0.31127812445913283, 0.010396593705431272, 0.08111870596083268, 0.31127812445913283, 0.31127812445913283, 0.0207208396239082, 0.0487949406953985, 0.0022344421708708415, 0.2087803925185126, 0.07310400793180982, 0.042041899344894246, 0.20534969973663775, 0.05738732460549023, 0.01274900060462203, 0.16395604408354778, 0.028564156811275485, 0.0008790379110077892, 0.011482406826014972, 0.0207208396239082, 0.006523190206172563), (0, 0, 0, 0, 0, 0, 0, 0, 0, 0, 0, 0, 0, 0, 0, 0.24237412989240623, 0, 0, 0, 0, 0, 0, 0, 0, 0, 0, 0, 0, 0, 0, 0, 0, 0, 0, 0, 0, 0, 0, 0, 0), (0.0061446088533262735, 0.002830694750015385, 0.24844401300050659, 0.04105726891831728, 0.014038937565777093, 0.0014939931791539789, 0.10372355040574062, 0.0037024515418363386, 0.07898885115561567, 0.0031619139529965624, 0.02711041372683346, 0.08697257500448134, 0.010396593705431272, 0.0010689285835955437, 0.050988453276391066, 0.007299156760473963, 0.039737267151773975, 0.07850994353170956, 0.05738732460549023, 0.05400884513974839, 0.007299156760473963, 0.005407888490294582, 0.0019359358092692971, 0.2292798117148899, 0.15591489886228305, 0.05253690168806249, 0.011482406826014972, 0.00028867375520897666, 0.03857581598654605, 0.05400884513974839, 0.05400884513974839, 0.2227619806994962, 0.03221357089614439, 0.05738732460549023, 0.002830694750015385, 0.0350583482647871, 0.0008589183281813573, 0.018135571823116266, 0.03600088831260688, 0.11009182675183558), (0, 0, 0, 0, 0, 0, 0, 0, 0, 0, 0, 0, 0, 0, 0, 0, 0, 0, 0, 0, 0, 0, 0, 0, 0, 0, 0, 0, 0, 0, 0, 0, 0, 0, 0, 0, 0, 0, 0, 0), (0.0023839413783587893, 0.005301974832984377, 0.06900910450166178, 0.05207398638601675, 0.004122113616565049, 0.0009214584011009545, 0.10749195315105531, 0.0010689285835955437, 0.07622434155290266, 0.0032712817850098566, 0.004122113616565049, 0.1317293194736727, 0.007867664894852307, 0.0006631052098621127, 0.039191434062495145, 0.0064060099920141, 0.03268932243084692, 0, 0.19094034698434098, 0.05738732460549023, 0.009756534087137225, 0.009036677434107646, 0, 0.07622434155290266, 0.11009182675183558, 0, 0.0037024515418363386, 0.009335040408067166, 0.0487949406953985, 0.027910215332363916, 0.0010689285835955437, 0.23646636812449032, 0.0350583482647871, 0.0487949406953985, 0.007299156760473963, 0.031896080966716533, 0.0027533280550219065, 0.025140556297286162, 0.05207398638601675, 0.006830658680456639)]}}
AdaptationManager: Configuring next round...
{'client_registry': {'enabled': True, 'params': {}}, 'client_selector': {'enabled': True, 'params': {'selection_strategy': 'Resource-Based', 'selection_criteria': 'CPU', 'selection_value': 2}}, 'client_cluster': {'enabled': False, 'params': {}}, 'message_compressor': {'enabled': False, 'params': {}}, 'model_co-versioning_registry': {'enabled': False, 'params': {}}, 'multi-task_model_trainer': {'enabled': False, 'params': {}}, 'heterogeneous_data_handler': {'enabled': True, 'params': {'enabled_clients': []}}}
{'client_selector': {'enabled': False}, 'client_cluster': {'enabled': False}, 'message_compressor': {'enabled': False}, 'model_co-versioning_registry': {'enabled': False}, 'multi-task_model_trainer': {'enabled': False}, 'heterogeneous_data_handler': {'enabled': True, 'params': {'enabled_clients': ['Client 3', 'Client 25', 'Client 32']}}, 'client_registry': {'enabled': True, 'params': {}}}
{'model_type': 'prostate_logreg', 'metrics': {'prostate_logreg': {'train_loss': [0.5797648924210715, 0.5904991605947184, 0.5741372711924247, 0.5620664890658361, 0.5844833563807552, 0.5601529134499471, 0.5718169605588965, 0.5349920468328702, 0.5518784765599124, 0.5306864954794746], 'train_accuracy': [0.7222222222222222, 0.6937984496124031, 0.7142857142857143, 0.7625178826895566, 0.7085889570552147, 0.7421503330161751, 0.7295528898582334, 0.7778561354019746, 0.7534129692832765, 0.7737226277372263], 'train_f1': [0.6351708696946792, 0.5398648874189105, 0.6303745218279557, 0.6311409069797953, 0.6745301145010185, 0.6529931064159895, 0.7037811685885789, 0.7047412754696403, 0.7495536968582172, 0.7309616839615369], 'train_mae': [0.2777777777777778, 0.3062015503875969, 0.2857142857142857, 0.2374821173104435, 0.29141104294478526, 0.25784966698382494, 0.27044711014176664, 0.22214386459802538, 0.24658703071672355, 0.22627737226277372], 'val_loss': [0.7245327421107245, 0.6863383310975246, 0.653705006193505, 0.6315183818305831, 0.6125920370914231, 0.6002574452859736, 0.5891591547758905, 0.5809041472285711, 0.5738744544581247, 0.568131300799036], 'val_accuracy': [0.5313520207137229, 0.5798765737533674, 0.6220967271499186, 0.6501448371026493, 0.6840653961623809, 0.7032832628162304, 0.7206383365429978, 0.7269709860056617, 0.7316401616924455, 0.7344128925896282], 'val_f1': [0.44126257711300315, 0.4821407878484198, 0.5440600405597353, 0.577862025955832, 0.6360612938990672, 0.6617729262753643, 0.6897725899438116, 0.6973447096787969, 0.7074127248168197, 0.7103822793312201], 'val_mae': [0.46864797928627716, 0.42012342624663257, 0.37790327285008135, 0.34985516289735086, 0.3159346038376191, 0.29671673718376956, 0.2793616634570021, 0.27302901399433827, 0.26835983830755455, 0.2655871074103719], 'jsd': [(0, 0, 0, 0, 0, 0, 0, 0, 0, 0, 0, 0, 0, 0.0207208396239082, 0.31127812445913283, 0.31127812445913283, 0.31127812445913283, 0.11009182675183558, 0.31127812445913283, 0.31127812445913283, 0.31127812445913283, 0.0037024515418363386, 0.31127812445913283, 0.31127812445913283, 0.31127812445913283, 0.31127812445913283, 0.31127812445913283, 0.31127812445913283, 0.31127812445913283, 0.31127812445913283, 0.0037024515418363386, 0.31127812445913283, 0.31127812445913283, 0.0350583482647871, 0.31127812445913283, 0.31127812445913283, 0.31127812445913283, 0, 0, 0), (0, 0, 0, 0, 0, 0, 0, 0, 0, 0, 0, 0, 0, 0.0207208396239082, 0.31127812445913283, 0.31127812445913283, 0.31127812445913283, 0.06548833004089114, 0.0014939931791539789, 0.31127812445913283, 0.07310400793180982, 0, 0.1711038312803313, 0.31127812445913283, 0, 0.007299156760473963, 0.009756534087137225, 0.31127812445913283, 0.31127812445913283, 0.31127812445913283, 0.015085156698935967, 0.0207208396239082, 0.16395604408354778, 0.0350583482647871, 0.31127812445913283, 0.31127812445913283, 0.16395604408354778, 0, 0, 0), (0, 0.16395604408354778, 0.31127812445913283, 0, 0, 0.18850340411986471, 0, 0.11009182675183558, 0, 0, 0, 0.1711038312803313, 0, 0, 0, 0.31127812445913283, 0, 0.07310400793180982, 0.31127812445913283, 0.07310400793180982, 0.31127812445913283, 0.31127812445913283, 0, 0.31127812445913283, 0.31127812445913283, 0.31127812445913283, 0, 0.31127812445913283, 0.11009182675183558, 0.31127812445913283, 0.07310400793180982, 0.31127812445913283, 0.0487949406953985, 0, 0.31127812445913283, 0, 0, 0, 0.31127812445913283, 0), (0.09328462323031235, 0.31127812445913283, 0.2087803925185126, 0.009756534087137225, 0.11385563424028564, 0.013714477705244553, 0.08025594233229469, 0.07310400793180982, 0.03857581598654605, 0.13251817521576753, 0.05253690168806249, 0.19326958066820893, 0.0350583482647871, 0.00429810722857266, 0.005050449860393488, 0.0207208396239082, 0.0487949406953985, 0, 0.31127812445913283, 0.07310400793180982, 0.007299156760473963, 0.0037024515418363386, 0.0002145058924891757, 0.31127812445913283, 0.31127812445913283, 0.11009182675183558, 0.12425601093475921, 0.31127812445913283, 0.17750440524619315, 0.07310400793180982, 0.07310400793180982, 0.31127812445913283, 0.31127812445913283, 0.05738732460549023, 0.011482406826014972, 0.001254883843183478, 0.0002145058924891757, 0.0487949406953985, 0.2227619806994962, 0.0487949406953985), (0, 0, 0, 0, 0, 0, 0, 0, 0, 0, 0, 0, 0, 0, 0, 0.2227619806994962, 0, 0, 0, 0, 0, 0, 0, 0, 0, 0, 0, 0, 0, 0, 0, 0, 0, 0, 0, 0, 0, 0, 0, 0), (0.009036677434107646, 0.005050449860393488, 0.23305878051279882, 0.014691469621310085, 0.016941071056623243, 0.00822299722902229, 0.06859186091507882, 0.042041899344894246, 0.05655009359654585, 0.03889315594457522, 0.0463685414106319, 0.10206066129537185, 0.02359015854559616, 0.005865051239364611, 0.05171298000558475, 0.025509910978289904, 0.0487949406953985, 0.0008025382728216734, 0.07310400793180982, 0.011482406826014972, 0.31127812445913283, 0.010396593705431272, 0.08111870596083268, 0.31127812445913283, 0.31127812445913283, 0.0207208396239082, 0.0487949406953985, 0.0022344421708708415, 0.2087803925185126, 0.07310400793180982, 0.042041899344894246, 0.20534969973663775, 0.05738732460549023, 0.01274900060462203, 0.16395604408354778, 0.028564156811275485, 0.0008790379110077892, 0.011482406826014972, 0.0207208396239082, 0.006523190206172563), (0, 0, 0, 0, 0, 0, 0, 0, 0, 0, 0, 0, 0, 0, 0, 0.24237412989240623, 0, 0, 0, 0, 0, 0, 0, 0, 0, 0, 0, 0, 0, 0, 0, 0, 0, 0, 0, 0, 0, 0, 0, 0), (0.0061446088533262735, 0.002830694750015385, 0.24844401300050659, 0.04105726891831728, 0.014038937565777093, 0.0014939931791539789, 0.10372355040574062, 0.0037024515418363386, 0.07898885115561567, 0.0031619139529965624, 0.02711041372683346, 0.08697257500448134, 0.010396593705431272, 0.0010689285835955437, 0.050988453276391066, 0.007299156760473963, 0.039737267151773975, 0.07850994353170956, 0.05738732460549023, 0.05400884513974839, 0.007299156760473963, 0.005407888490294582, 0.0019359358092692971, 0.2292798117148899, 0.15591489886228305, 0.05253690168806249, 0.011482406826014972, 0.00028867375520897666, 0.03857581598654605, 0.05400884513974839, 0.05400884513974839, 0.2227619806994962, 0.03221357089614439, 0.05738732460549023, 0.002830694750015385, 0.0350583482647871, 0.0008589183281813573, 0.018135571823116266, 0.03600088831260688, 0.11009182675183558), (0, 0, 0, 0, 0, 0, 0, 0, 0, 0, 0, 0, 0, 0, 0, 0, 0, 0, 0, 0, 0, 0, 0, 0, 0, 0, 0, 0, 0, 0, 0, 0, 0, 0, 0, 0, 0, 0, 0, 0), (0.0023839413783587893, 0.005301974832984377, 0.06900910450166178, 0.05207398638601675, 0.004122113616565049, 0.0009214584011009545, 0.10749195315105531, 0.0010689285835955437, 0.07622434155290266, 0.0032712817850098566, 0.004122113616565049, 0.1317293194736727, 0.007867664894852307, 0.0006631052098621127, 0.039191434062495145, 0.0064060099920141, 0.03268932243084692, 0, 0.19094034698434098, 0.05738732460549023, 0.009756534087137225, 0.009036677434107646, 0, 0.07622434155290266, 0.11009182675183558, 0, 0.0037024515418363386, 0.009335040408067166, 0.0487949406953985, 0.027910215332363916, 0.0010689285835955437, 0.23646636812449032, 0.0350583482647871, 0.0487949406953985, 0.007299156760473963, 0.031896080966716533, 0.0027533280550219065, 0.025140556297286162, 0.05207398638601675, 0.006830658680456639)]}}, 'time': 0.5169403553009033, 'communication_time': 0.5080385208129883}
-0.00598926780607012
client_selector activated ✅
0.0029641425080222227
heterogeneous_data_handler activated ✅ for clients: ['Client 1', 'Client 2', 'Client 4', 'Client 5', 'Client 6', 'Client 7', 'Client 8', 'Client 9', 'Client 10', 'Client 11', 'Client 12', 'Client 13', 'Client 14', 'Client 15', 'Client 16', 'Client 17', 'Client 18', 'Client 19', 'Client 20', 'Client 21', 'Client 22', 'Client 23', 'Client 24', 'Client 26', 'Client 27', 'Client 28', 'Client 29', 'Client 30', 'Client 31', 'Client 33', 'Client 34', 'Client 35', 'Client 36', 'Client 37', 'Client 38', 'Client 39', 'Client 40']
Client Client 16 participates in this round. (CPU: 2, RAM: 2)
Client Client 23 participates in this round. (CPU: 2, RAM: 2)
Client Client 18 participates in this round. (CPU: 2, RAM: 2)
Client Client 6 participates in this round. (CPU: 2, RAM: 2)
Client Client 11 participates in this round. (CPU: 2, RAM: 2)
Client Client 17 participates in this round. (CPU: 2, RAM: 2)
Client Client 32 has insufficient CPU (1). Will not participate in the next FL round.
Client Client 4 participates in this round. (CPU: 2, RAM: 2)
Client Client 24 participates in this round. (CPU: 2, RAM: 2)
Client Client 9 participates in this round. (CPU: 2, RAM: 2)
Client Client 39 has insufficient CPU (1). Will not participate in the next FL round.
Client Client 21 participates in this round. (CPU: 2, RAM: 2)
Client Client 40 has insufficient CPU (1). Will not participate in the next FL round.
Client Client 35 has insufficient CPU (1). Will not participate in the next FL round.
Client Client 3 participates in this round. (CPU: 2, RAM: 2)
Client Client 13 participates in this round. (CPU: 2, RAM: 2)
Client Client 2 participates in this round. (CPU: 2, RAM: 2)
Client Client 14 participates in this round. (CPU: 2, RAM: 2)
Client Client 15 participates in this round. (CPU: 2, RAM: 2)
Client Client 19 participates in this round. (CPU: 2, RAM: 2)
Client Client 31 has insufficient CPU (1). Will not participate in the next FL round.
Client Client 22 participates in this round. (CPU: 2, RAM: 2)
Client Client 5 participates in this round. (CPU: 2, RAM: 2)
Client Client 1 participates in this round. (CPU: 2, RAM: 2)
Client Client 30 has insufficient CPU (1). Will not participate in the next FL round.
Client Client 25 has insufficient CPU (1). Will not participate in the next FL round.
Client Client 10 participates in this round. (CPU: 2, RAM: 2)
Client Client 20 participates in this round. (CPU: 2, RAM: 2)
Client Client 12 participates in this round. (CPU: 2, RAM: 2)
Client Client 38 has insufficient CPU (1). Will not participate in the next FL round.
Client Client 8 participates in this round. (CPU: 2, RAM: 2)
Client Client 33 has insufficient CPU (1). Will not participate in the next FL round.
Client Client 28 has insufficient CPU (1). Will not participate in the next FL round.
Client Client 29 has insufficient CPU (1). Will not participate in the next FL round.
Client Client 27 has insufficient CPU (1). Will not participate in the next FL round.
Client Client 26 has insufficient CPU (1). Will not participate in the next FL round.
Client Client 7 participates in this round. (CPU: 2, RAM: 2)
Client Client 37 has insufficient CPU (1). Will not participate in the next FL round.
Client Client 36 has insufficient CPU (1). Will not participate in the next FL round.
Client Client 34 has insufficient CPU (1). Will not participate in the next FL round.
Results Aggregated in 0.43 seconds.
{'prostate_logreg': {'train_loss': [0.5797648924210715, 0.5904991605947184, 0.5741372711924247, 0.5620664890658361, 0.5844833563807552, 0.5601529134499471, 0.5718169605588965, 0.5349920468328702, 0.5518784765599124, 0.5306864954794746, 0.5451663930936413], 'train_accuracy': [0.7222222222222222, 0.6937984496124031, 0.7142857142857143, 0.7625178826895566, 0.7085889570552147, 0.7421503330161751, 0.7295528898582334, 0.7778561354019746, 0.7534129692832765, 0.7737226277372263, 0.7541436464088398], 'train_f1': [0.6351708696946792, 0.5398648874189105, 0.6303745218279557, 0.6311409069797953, 0.6745301145010185, 0.6529931064159895, 0.7037811685885789, 0.7047412754696403, 0.7495536968582172, 0.7309616839615369, 0.7510466262227434], 'train_mae': [0.2777777777777778, 0.3062015503875969, 0.2857142857142857, 0.2374821173104435, 0.29141104294478526, 0.25784966698382494, 0.27044711014176664, 0.22214386459802538, 0.24658703071672355, 0.22627737226277372, 0.24585635359116023], 'val_loss': [0.7245327421107245, 0.6863383310975246, 0.653705006193505, 0.6315183818305831, 0.6125920370914231, 0.6002574452859736, 0.5891591547758905, 0.5809041472285711, 0.5738744544581247, 0.568131300799036, 0.5633624123102782], 'val_accuracy': [0.5313520207137229, 0.5798765737533674, 0.6220967271499186, 0.6501448371026493, 0.6840653961623809, 0.7032832628162304, 0.7206383365429978, 0.7269709860056617, 0.7316401616924455, 0.7344128925896282, 0.7361768249676738], 'val_f1': [0.44126257711300315, 0.4821407878484198, 0.5440600405597353, 0.577862025955832, 0.6360612938990672, 0.6617729262753643, 0.6897725899438116, 0.6973447096787969, 0.7074127248168197, 0.7103822793312201, 0.715053331704128], 'val_mae': [0.46864797928627716, 0.42012342624663257, 0.37790327285008135, 0.34985516289735086, 0.3159346038376191, 0.29671673718376956, 0.2793616634570021, 0.27302901399433827, 0.26835983830755455, 0.2655871074103719, 0.26382317503232633], 'jsd': [(0, 0, 0, 0, 0, 0, 0, 0, 0, 0, 0, 0, 0, 0.0207208396239082, 0.31127812445913283, 0.31127812445913283, 0.31127812445913283, 0.11009182675183558, 0.31127812445913283, 0.31127812445913283, 0.31127812445913283, 0.0037024515418363386, 0.31127812445913283, 0.31127812445913283, 0.31127812445913283, 0.31127812445913283, 0.31127812445913283, 0.31127812445913283, 0.31127812445913283, 0.31127812445913283, 0.0037024515418363386, 0.31127812445913283, 0.31127812445913283, 0.0350583482647871, 0.31127812445913283, 0.31127812445913283, 0.31127812445913283, 0, 0, 0), (0, 0, 0, 0, 0, 0, 0, 0, 0, 0, 0, 0, 0, 0.0207208396239082, 0.31127812445913283, 0.31127812445913283, 0.31127812445913283, 0.06548833004089114, 0.0014939931791539789, 0.31127812445913283, 0.07310400793180982, 0, 0.1711038312803313, 0.31127812445913283, 0, 0.007299156760473963, 0.009756534087137225, 0.31127812445913283, 0.31127812445913283, 0.31127812445913283, 0.015085156698935967, 0.0207208396239082, 0.16395604408354778, 0.0350583482647871, 0.31127812445913283, 0.31127812445913283, 0.16395604408354778, 0, 0, 0), (0, 0.16395604408354778, 0.31127812445913283, 0, 0, 0.18850340411986471, 0, 0.11009182675183558, 0, 0, 0, 0.1711038312803313, 0, 0, 0, 0.31127812445913283, 0, 0.07310400793180982, 0.31127812445913283, 0.07310400793180982, 0.31127812445913283, 0.31127812445913283, 0, 0.31127812445913283, 0.31127812445913283, 0.31127812445913283, 0, 0.31127812445913283, 0.11009182675183558, 0.31127812445913283, 0.07310400793180982, 0.31127812445913283, 0.0487949406953985, 0, 0.31127812445913283, 0, 0, 0, 0.31127812445913283, 0), (0.09328462323031235, 0.31127812445913283, 0.2087803925185126, 0.009756534087137225, 0.11385563424028564, 0.013714477705244553, 0.08025594233229469, 0.07310400793180982, 0.03857581598654605, 0.13251817521576753, 0.05253690168806249, 0.19326958066820893, 0.0350583482647871, 0.00429810722857266, 0.005050449860393488, 0.0207208396239082, 0.0487949406953985, 0, 0.31127812445913283, 0.07310400793180982, 0.007299156760473963, 0.0037024515418363386, 0.0002145058924891757, 0.31127812445913283, 0.31127812445913283, 0.11009182675183558, 0.12425601093475921, 0.31127812445913283, 0.17750440524619315, 0.07310400793180982, 0.07310400793180982, 0.31127812445913283, 0.31127812445913283, 0.05738732460549023, 0.011482406826014972, 0.001254883843183478, 0.0002145058924891757, 0.0487949406953985, 0.2227619806994962, 0.0487949406953985), (0, 0, 0, 0, 0, 0, 0, 0, 0, 0, 0, 0, 0, 0, 0, 0.2227619806994962, 0, 0, 0, 0, 0, 0, 0, 0, 0, 0, 0, 0, 0, 0, 0, 0, 0, 0, 0, 0, 0, 0, 0, 0), (0.009036677434107646, 0.005050449860393488, 0.23305878051279882, 0.014691469621310085, 0.016941071056623243, 0.00822299722902229, 0.06859186091507882, 0.042041899344894246, 0.05655009359654585, 0.03889315594457522, 0.0463685414106319, 0.10206066129537185, 0.02359015854559616, 0.005865051239364611, 0.05171298000558475, 0.025509910978289904, 0.0487949406953985, 0.0008025382728216734, 0.07310400793180982, 0.011482406826014972, 0.31127812445913283, 0.010396593705431272, 0.08111870596083268, 0.31127812445913283, 0.31127812445913283, 0.0207208396239082, 0.0487949406953985, 0.0022344421708708415, 0.2087803925185126, 0.07310400793180982, 0.042041899344894246, 0.20534969973663775, 0.05738732460549023, 0.01274900060462203, 0.16395604408354778, 0.028564156811275485, 0.0008790379110077892, 0.011482406826014972, 0.0207208396239082, 0.006523190206172563), (0, 0, 0, 0, 0, 0, 0, 0, 0, 0, 0, 0, 0, 0, 0, 0.24237412989240623, 0, 0, 0, 0, 0, 0, 0, 0, 0, 0, 0, 0, 0, 0, 0, 0, 0, 0, 0, 0, 0, 0, 0, 0), (0.0061446088533262735, 0.002830694750015385, 0.24844401300050659, 0.04105726891831728, 0.014038937565777093, 0.0014939931791539789, 0.10372355040574062, 0.0037024515418363386, 0.07898885115561567, 0.0031619139529965624, 0.02711041372683346, 0.08697257500448134, 0.010396593705431272, 0.0010689285835955437, 0.050988453276391066, 0.007299156760473963, 0.039737267151773975, 0.07850994353170956, 0.05738732460549023, 0.05400884513974839, 0.007299156760473963, 0.005407888490294582, 0.0019359358092692971, 0.2292798117148899, 0.15591489886228305, 0.05253690168806249, 0.011482406826014972, 0.00028867375520897666, 0.03857581598654605, 0.05400884513974839, 0.05400884513974839, 0.2227619806994962, 0.03221357089614439, 0.05738732460549023, 0.002830694750015385, 0.0350583482647871, 0.0008589183281813573, 0.018135571823116266, 0.03600088831260688, 0.11009182675183558), (0, 0, 0, 0, 0, 0, 0, 0, 0, 0, 0, 0, 0, 0, 0, 0, 0, 0, 0, 0, 0, 0, 0, 0, 0, 0, 0, 0, 0, 0, 0, 0, 0, 0, 0, 0, 0, 0, 0, 0), (0.0023839413783587893, 0.005301974832984377, 0.06900910450166178, 0.05207398638601675, 0.004122113616565049, 0.0009214584011009545, 0.10749195315105531, 0.0010689285835955437, 0.07622434155290266, 0.0032712817850098566, 0.004122113616565049, 0.1317293194736727, 0.007867664894852307, 0.0006631052098621127, 0.039191434062495145, 0.0064060099920141, 0.03268932243084692, 0, 0.19094034698434098, 0.05738732460549023, 0.009756534087137225, 0.009036677434107646, 0, 0.07622434155290266, 0.11009182675183558, 0, 0.0037024515418363386, 0.009335040408067166, 0.0487949406953985, 0.027910215332363916, 0.0010689285835955437, 0.23646636812449032, 0.0350583482647871, 0.0487949406953985, 0.007299156760473963, 0.031896080966716533, 0.0027533280550219065, 0.025140556297286162, 0.05207398638601675, 0.006830658680456639), (0, 0, 0, 0, 0, 0, 0, 0, 0, 0, 0, 0, 0, 0, 0, 0, 0, 0, 0, 0, 0, 0, 0, 0, 0, 0, 0, 0, 0, 0, 0.013949306965373928, 0, 0, 0, 0, 0, 0, 0, 0, 0)]}}
AdaptationManager: Configuring next round...
{'client_registry': {'enabled': True, 'params': {}}, 'client_selector': {'enabled': True, 'params': {'selection_strategy': 'Resource-Based', 'selection_criteria': 'CPU', 'selection_value': 2}}, 'client_cluster': {'enabled': False, 'params': {}}, 'message_compressor': {'enabled': False, 'params': {}}, 'model_co-versioning_registry': {'enabled': False, 'params': {}}, 'multi-task_model_trainer': {'enabled': False, 'params': {}}, 'heterogeneous_data_handler': {'enabled': True, 'params': {'enabled_clients': []}}}
{'client_selector': {'enabled': True}, 'client_cluster': {'enabled': False}, 'message_compressor': {'enabled': False}, 'model_co-versioning_registry': {'enabled': False}, 'multi-task_model_trainer': {'enabled': False}, 'heterogeneous_data_handler': {'enabled': True, 'params': {'enabled_clients': ['Client 1', 'Client 2', 'Client 4', 'Client 5', 'Client 6', 'Client 7', 'Client 8', 'Client 9', 'Client 10', 'Client 11', 'Client 12', 'Client 13', 'Client 14', 'Client 15', 'Client 16', 'Client 17', 'Client 18', 'Client 19', 'Client 20', 'Client 21', 'Client 22', 'Client 23', 'Client 24', 'Client 26', 'Client 27', 'Client 28', 'Client 29', 'Client 30', 'Client 31', 'Client 33', 'Client 34', 'Client 35', 'Client 36', 'Client 37', 'Client 38', 'Client 39', 'Client 40']}}, 'client_registry': {'enabled': True, 'params': {}}}
{'model_type': 'prostate_logreg', 'metrics': {'prostate_logreg': {'train_loss': [0.5797648924210715, 0.5904991605947184, 0.5741372711924247, 0.5620664890658361, 0.5844833563807552, 0.5601529134499471, 0.5718169605588965, 0.5349920468328702, 0.5518784765599124, 0.5306864954794746, 0.5451663930936413], 'train_accuracy': [0.7222222222222222, 0.6937984496124031, 0.7142857142857143, 0.7625178826895566, 0.7085889570552147, 0.7421503330161751, 0.7295528898582334, 0.7778561354019746, 0.7534129692832765, 0.7737226277372263, 0.7541436464088398], 'train_f1': [0.6351708696946792, 0.5398648874189105, 0.6303745218279557, 0.6311409069797953, 0.6745301145010185, 0.6529931064159895, 0.7037811685885789, 0.7047412754696403, 0.7495536968582172, 0.7309616839615369, 0.7510466262227434], 'train_mae': [0.2777777777777778, 0.3062015503875969, 0.2857142857142857, 0.2374821173104435, 0.29141104294478526, 0.25784966698382494, 0.27044711014176664, 0.22214386459802538, 0.24658703071672355, 0.22627737226277372, 0.24585635359116023], 'val_loss': [0.7245327421107245, 0.6863383310975246, 0.653705006193505, 0.6315183818305831, 0.6125920370914231, 0.6002574452859736, 0.5891591547758905, 0.5809041472285711, 0.5738744544581247, 0.568131300799036, 0.5633624123102782], 'val_accuracy': [0.5313520207137229, 0.5798765737533674, 0.6220967271499186, 0.6501448371026493, 0.6840653961623809, 0.7032832628162304, 0.7206383365429978, 0.7269709860056617, 0.7316401616924455, 0.7344128925896282, 0.7361768249676738], 'val_f1': [0.44126257711300315, 0.4821407878484198, 0.5440600405597353, 0.577862025955832, 0.6360612938990672, 0.6617729262753643, 0.6897725899438116, 0.6973447096787969, 0.7074127248168197, 0.7103822793312201, 0.715053331704128], 'val_mae': [0.46864797928627716, 0.42012342624663257, 0.37790327285008135, 0.34985516289735086, 0.3159346038376191, 0.29671673718376956, 0.2793616634570021, 0.27302901399433827, 0.26835983830755455, 0.2655871074103719, 0.26382317503232633], 'jsd': [(0, 0, 0, 0, 0, 0, 0, 0, 0, 0, 0, 0, 0, 0.0207208396239082, 0.31127812445913283, 0.31127812445913283, 0.31127812445913283, 0.11009182675183558, 0.31127812445913283, 0.31127812445913283, 0.31127812445913283, 0.0037024515418363386, 0.31127812445913283, 0.31127812445913283, 0.31127812445913283, 0.31127812445913283, 0.31127812445913283, 0.31127812445913283, 0.31127812445913283, 0.31127812445913283, 0.0037024515418363386, 0.31127812445913283, 0.31127812445913283, 0.0350583482647871, 0.31127812445913283, 0.31127812445913283, 0.31127812445913283, 0, 0, 0), (0, 0, 0, 0, 0, 0, 0, 0, 0, 0, 0, 0, 0, 0.0207208396239082, 0.31127812445913283, 0.31127812445913283, 0.31127812445913283, 0.06548833004089114, 0.0014939931791539789, 0.31127812445913283, 0.07310400793180982, 0, 0.1711038312803313, 0.31127812445913283, 0, 0.007299156760473963, 0.009756534087137225, 0.31127812445913283, 0.31127812445913283, 0.31127812445913283, 0.015085156698935967, 0.0207208396239082, 0.16395604408354778, 0.0350583482647871, 0.31127812445913283, 0.31127812445913283, 0.16395604408354778, 0, 0, 0), (0, 0.16395604408354778, 0.31127812445913283, 0, 0, 0.18850340411986471, 0, 0.11009182675183558, 0, 0, 0, 0.1711038312803313, 0, 0, 0, 0.31127812445913283, 0, 0.07310400793180982, 0.31127812445913283, 0.07310400793180982, 0.31127812445913283, 0.31127812445913283, 0, 0.31127812445913283, 0.31127812445913283, 0.31127812445913283, 0, 0.31127812445913283, 0.11009182675183558, 0.31127812445913283, 0.07310400793180982, 0.31127812445913283, 0.0487949406953985, 0, 0.31127812445913283, 0, 0, 0, 0.31127812445913283, 0), (0.09328462323031235, 0.31127812445913283, 0.2087803925185126, 0.009756534087137225, 0.11385563424028564, 0.013714477705244553, 0.08025594233229469, 0.07310400793180982, 0.03857581598654605, 0.13251817521576753, 0.05253690168806249, 0.19326958066820893, 0.0350583482647871, 0.00429810722857266, 0.005050449860393488, 0.0207208396239082, 0.0487949406953985, 0, 0.31127812445913283, 0.07310400793180982, 0.007299156760473963, 0.0037024515418363386, 0.0002145058924891757, 0.31127812445913283, 0.31127812445913283, 0.11009182675183558, 0.12425601093475921, 0.31127812445913283, 0.17750440524619315, 0.07310400793180982, 0.07310400793180982, 0.31127812445913283, 0.31127812445913283, 0.05738732460549023, 0.011482406826014972, 0.001254883843183478, 0.0002145058924891757, 0.0487949406953985, 0.2227619806994962, 0.0487949406953985), (0, 0, 0, 0, 0, 0, 0, 0, 0, 0, 0, 0, 0, 0, 0, 0.2227619806994962, 0, 0, 0, 0, 0, 0, 0, 0, 0, 0, 0, 0, 0, 0, 0, 0, 0, 0, 0, 0, 0, 0, 0, 0), (0.009036677434107646, 0.005050449860393488, 0.23305878051279882, 0.014691469621310085, 0.016941071056623243, 0.00822299722902229, 0.06859186091507882, 0.042041899344894246, 0.05655009359654585, 0.03889315594457522, 0.0463685414106319, 0.10206066129537185, 0.02359015854559616, 0.005865051239364611, 0.05171298000558475, 0.025509910978289904, 0.0487949406953985, 0.0008025382728216734, 0.07310400793180982, 0.011482406826014972, 0.31127812445913283, 0.010396593705431272, 0.08111870596083268, 0.31127812445913283, 0.31127812445913283, 0.0207208396239082, 0.0487949406953985, 0.0022344421708708415, 0.2087803925185126, 0.07310400793180982, 0.042041899344894246, 0.20534969973663775, 0.05738732460549023, 0.01274900060462203, 0.16395604408354778, 0.028564156811275485, 0.0008790379110077892, 0.011482406826014972, 0.0207208396239082, 0.006523190206172563), (0, 0, 0, 0, 0, 0, 0, 0, 0, 0, 0, 0, 0, 0, 0, 0.24237412989240623, 0, 0, 0, 0, 0, 0, 0, 0, 0, 0, 0, 0, 0, 0, 0, 0, 0, 0, 0, 0, 0, 0, 0, 0), (0.0061446088533262735, 0.002830694750015385, 0.24844401300050659, 0.04105726891831728, 0.014038937565777093, 0.0014939931791539789, 0.10372355040574062, 0.0037024515418363386, 0.07898885115561567, 0.0031619139529965624, 0.02711041372683346, 0.08697257500448134, 0.010396593705431272, 0.0010689285835955437, 0.050988453276391066, 0.007299156760473963, 0.039737267151773975, 0.07850994353170956, 0.05738732460549023, 0.05400884513974839, 0.007299156760473963, 0.005407888490294582, 0.0019359358092692971, 0.2292798117148899, 0.15591489886228305, 0.05253690168806249, 0.011482406826014972, 0.00028867375520897666, 0.03857581598654605, 0.05400884513974839, 0.05400884513974839, 0.2227619806994962, 0.03221357089614439, 0.05738732460549023, 0.002830694750015385, 0.0350583482647871, 0.0008589183281813573, 0.018135571823116266, 0.03600088831260688, 0.11009182675183558), (0, 0, 0, 0, 0, 0, 0, 0, 0, 0, 0, 0, 0, 0, 0, 0, 0, 0, 0, 0, 0, 0, 0, 0, 0, 0, 0, 0, 0, 0, 0, 0, 0, 0, 0, 0, 0, 0, 0, 0), (0.0023839413783587893, 0.005301974832984377, 0.06900910450166178, 0.05207398638601675, 0.004122113616565049, 0.0009214584011009545, 0.10749195315105531, 0.0010689285835955437, 0.07622434155290266, 0.0032712817850098566, 0.004122113616565049, 0.1317293194736727, 0.007867664894852307, 0.0006631052098621127, 0.039191434062495145, 0.0064060099920141, 0.03268932243084692, 0, 0.19094034698434098, 0.05738732460549023, 0.009756534087137225, 0.009036677434107646, 0, 0.07622434155290266, 0.11009182675183558, 0, 0.0037024515418363386, 0.009335040408067166, 0.0487949406953985, 0.027910215332363916, 0.0010689285835955437, 0.23646636812449032, 0.0350583482647871, 0.0487949406953985, 0.007299156760473963, 0.031896080966716533, 0.0027533280550219065, 0.025140556297286162, 0.05207398638601675, 0.006830658680456639), (0, 0, 0, 0, 0, 0, 0, 0, 0, 0, 0, 0, 0, 0, 0, 0, 0, 0, 0, 0, 0, 0, 0, 0, 0, 0, 0, 0, 0, 0, 0.013949306965373928, 0, 0, 0, 0, 0, 0, 0, 0, 0)]}}, 'time': 0.4599416255950928, 'communication_time': 0.3931894302368164}
-0.004457327906141645
client_selector de-activated ❌
0.004676752245878461
heterogeneous_data_handler activated ✅ for clients: ['Client 3', 'Client 25', 'Client 32']
Results Aggregated in 0.46 seconds.
{'prostate_logreg': {'train_loss': [0.5797648924210715, 0.5904991605947184, 0.5741372711924247, 0.5620664890658361, 0.5844833563807552, 0.5601529134499471, 0.5718169605588965, 0.5349920468328702, 0.5518784765599124, 0.5306864954794746, 0.5451663930936413, 0.5251984873838187], 'train_accuracy': [0.7222222222222222, 0.6937984496124031, 0.7142857142857143, 0.7625178826895566, 0.7085889570552147, 0.7421503330161751, 0.7295528898582334, 0.7778561354019746, 0.7534129692832765, 0.7737226277372263, 0.7541436464088398, 0.7703147017379052], 'train_f1': [0.6351708696946792, 0.5398648874189105, 0.6303745218279557, 0.6311409069797953, 0.6745301145010185, 0.6529931064159895, 0.7037811685885789, 0.7047412754696403, 0.7495536968582172, 0.7309616839615369, 0.7510466262227434, 0.736147582944784], 'train_mae': [0.2777777777777778, 0.3062015503875969, 0.2857142857142857, 0.2374821173104435, 0.29141104294478526, 0.25784966698382494, 0.27044711014176664, 0.22214386459802538, 0.24658703071672355, 0.22627737226277372, 0.24585635359116023, 0.22968529826209488], 'val_loss': [0.7245327421107245, 0.6863383310975246, 0.653705006193505, 0.6315183818305831, 0.6125920370914231, 0.6002574452859736, 0.5891591547758905, 0.5809041472285711, 0.5738744544581247, 0.568131300799036, 0.5633624123102782, 0.5595858177994374], 'val_accuracy': [0.5313520207137229, 0.5798765737533674, 0.6220967271499186, 0.6501448371026493, 0.6840653961623809, 0.7032832628162304, 0.7206383365429978, 0.7269709860056617, 0.7316401616924455, 0.7344128925896282, 0.7361768249676738, 0.7371181155871801], 'val_f1': [0.44126257711300315, 0.4821407878484198, 0.5440600405597353, 0.577862025955832, 0.6360612938990672, 0.6617729262753643, 0.6897725899438116, 0.6973447096787969, 0.7074127248168197, 0.7103822793312201, 0.715053331704128, 0.7155976511250304], 'val_mae': [0.46864797928627716, 0.42012342624663257, 0.37790327285008135, 0.34985516289735086, 0.3159346038376191, 0.29671673718376956, 0.2793616634570021, 0.27302901399433827, 0.26835983830755455, 0.2655871074103719, 0.26382317503232633, 0.26288188441281995], 'jsd': [(0, 0, 0, 0, 0, 0, 0, 0, 0, 0, 0, 0, 0, 0.0207208396239082, 0.31127812445913283, 0.31127812445913283, 0.31127812445913283, 0.11009182675183558, 0.31127812445913283, 0.31127812445913283, 0.31127812445913283, 0.0037024515418363386, 0.31127812445913283, 0.31127812445913283, 0.31127812445913283, 0.31127812445913283, 0.31127812445913283, 0.31127812445913283, 0.31127812445913283, 0.31127812445913283, 0.0037024515418363386, 0.31127812445913283, 0.31127812445913283, 0.0350583482647871, 0.31127812445913283, 0.31127812445913283, 0.31127812445913283, 0, 0, 0), (0, 0, 0, 0, 0, 0, 0, 0, 0, 0, 0, 0, 0, 0.0207208396239082, 0.31127812445913283, 0.31127812445913283, 0.31127812445913283, 0.06548833004089114, 0.0014939931791539789, 0.31127812445913283, 0.07310400793180982, 0, 0.1711038312803313, 0.31127812445913283, 0, 0.007299156760473963, 0.009756534087137225, 0.31127812445913283, 0.31127812445913283, 0.31127812445913283, 0.015085156698935967, 0.0207208396239082, 0.16395604408354778, 0.0350583482647871, 0.31127812445913283, 0.31127812445913283, 0.16395604408354778, 0, 0, 0), (0, 0.16395604408354778, 0.31127812445913283, 0, 0, 0.18850340411986471, 0, 0.11009182675183558, 0, 0, 0, 0.1711038312803313, 0, 0, 0, 0.31127812445913283, 0, 0.07310400793180982, 0.31127812445913283, 0.07310400793180982, 0.31127812445913283, 0.31127812445913283, 0, 0.31127812445913283, 0.31127812445913283, 0.31127812445913283, 0, 0.31127812445913283, 0.11009182675183558, 0.31127812445913283, 0.07310400793180982, 0.31127812445913283, 0.0487949406953985, 0, 0.31127812445913283, 0, 0, 0, 0.31127812445913283, 0), (0.09328462323031235, 0.31127812445913283, 0.2087803925185126, 0.009756534087137225, 0.11385563424028564, 0.013714477705244553, 0.08025594233229469, 0.07310400793180982, 0.03857581598654605, 0.13251817521576753, 0.05253690168806249, 0.19326958066820893, 0.0350583482647871, 0.00429810722857266, 0.005050449860393488, 0.0207208396239082, 0.0487949406953985, 0, 0.31127812445913283, 0.07310400793180982, 0.007299156760473963, 0.0037024515418363386, 0.0002145058924891757, 0.31127812445913283, 0.31127812445913283, 0.11009182675183558, 0.12425601093475921, 0.31127812445913283, 0.17750440524619315, 0.07310400793180982, 0.07310400793180982, 0.31127812445913283, 0.31127812445913283, 0.05738732460549023, 0.011482406826014972, 0.001254883843183478, 0.0002145058924891757, 0.0487949406953985, 0.2227619806994962, 0.0487949406953985), (0, 0, 0, 0, 0, 0, 0, 0, 0, 0, 0, 0, 0, 0, 0, 0.2227619806994962, 0, 0, 0, 0, 0, 0, 0, 0, 0, 0, 0, 0, 0, 0, 0, 0, 0, 0, 0, 0, 0, 0, 0, 0), (0.009036677434107646, 0.005050449860393488, 0.23305878051279882, 0.014691469621310085, 0.016941071056623243, 0.00822299722902229, 0.06859186091507882, 0.042041899344894246, 0.05655009359654585, 0.03889315594457522, 0.0463685414106319, 0.10206066129537185, 0.02359015854559616, 0.005865051239364611, 0.05171298000558475, 0.025509910978289904, 0.0487949406953985, 0.0008025382728216734, 0.07310400793180982, 0.011482406826014972, 0.31127812445913283, 0.010396593705431272, 0.08111870596083268, 0.31127812445913283, 0.31127812445913283, 0.0207208396239082, 0.0487949406953985, 0.0022344421708708415, 0.2087803925185126, 0.07310400793180982, 0.042041899344894246, 0.20534969973663775, 0.05738732460549023, 0.01274900060462203, 0.16395604408354778, 0.028564156811275485, 0.0008790379110077892, 0.011482406826014972, 0.0207208396239082, 0.006523190206172563), (0, 0, 0, 0, 0, 0, 0, 0, 0, 0, 0, 0, 0, 0, 0, 0.24237412989240623, 0, 0, 0, 0, 0, 0, 0, 0, 0, 0, 0, 0, 0, 0, 0, 0, 0, 0, 0, 0, 0, 0, 0, 0), (0.0061446088533262735, 0.002830694750015385, 0.24844401300050659, 0.04105726891831728, 0.014038937565777093, 0.0014939931791539789, 0.10372355040574062, 0.0037024515418363386, 0.07898885115561567, 0.0031619139529965624, 0.02711041372683346, 0.08697257500448134, 0.010396593705431272, 0.0010689285835955437, 0.050988453276391066, 0.007299156760473963, 0.039737267151773975, 0.07850994353170956, 0.05738732460549023, 0.05400884513974839, 0.007299156760473963, 0.005407888490294582, 0.0019359358092692971, 0.2292798117148899, 0.15591489886228305, 0.05253690168806249, 0.011482406826014972, 0.00028867375520897666, 0.03857581598654605, 0.05400884513974839, 0.05400884513974839, 0.2227619806994962, 0.03221357089614439, 0.05738732460549023, 0.002830694750015385, 0.0350583482647871, 0.0008589183281813573, 0.018135571823116266, 0.03600088831260688, 0.11009182675183558), (0, 0, 0, 0, 0, 0, 0, 0, 0, 0, 0, 0, 0, 0, 0, 0, 0, 0, 0, 0, 0, 0, 0, 0, 0, 0, 0, 0, 0, 0, 0, 0, 0, 0, 0, 0, 0, 0, 0, 0), (0.0023839413783587893, 0.005301974832984377, 0.06900910450166178, 0.05207398638601675, 0.004122113616565049, 0.0009214584011009545, 0.10749195315105531, 0.0010689285835955437, 0.07622434155290266, 0.0032712817850098566, 0.004122113616565049, 0.1317293194736727, 0.007867664894852307, 0.0006631052098621127, 0.039191434062495145, 0.0064060099920141, 0.03268932243084692, 0, 0.19094034698434098, 0.05738732460549023, 0.009756534087137225, 0.009036677434107646, 0, 0.07622434155290266, 0.11009182675183558, 0, 0.0037024515418363386, 0.009335040408067166, 0.0487949406953985, 0.027910215332363916, 0.0010689285835955437, 0.23646636812449032, 0.0350583482647871, 0.0487949406953985, 0.007299156760473963, 0.031896080966716533, 0.0027533280550219065, 0.025140556297286162, 0.05207398638601675, 0.006830658680456639), (0, 0, 0, 0, 0, 0, 0, 0, 0, 0, 0, 0, 0, 0, 0, 0, 0, 0, 0, 0, 0, 0, 0, 0, 0, 0, 0, 0, 0, 0, 0.013949306965373928, 0, 0, 0, 0, 0, 0, 0, 0, 0), (0.0016626576184457752, 0.0006767219177472479, 0.06149937804507184, 0.06502539038278278, 0.008723329471708632, 0.00036176918093652755, 0.09555361251896813, 0.0001877124226694997, 0.023795695918608258, 0.0010160633509259717, 0.006963639137030152, 0.15058560986911712, 0.007775948452200233, 0.002349447614504129, 0.04066211490300797, 0.004528991295546424, 0.0350583482647871, 0, 0.20534969973663775, 0.06322393781435344, 0.0207208396239082, 0.0024479765006755194, 0, 0.02276859998040022, 0.12745428142147208, 0, 0.0026078279567117203, 0.006523190206172563, 0.004816452941871073, 0.015588395748542892, 0.0001877124226694997, 0.24616505675524458, 0.027910215332363916, 0.03634284572901042, 0.03302877414247969, 0.015297775930101544, 0.006963639137030152, 0.0006767219177472479, 0.04746468216969184, 0)]}}
AdaptationManager: Configuring next round...
{'client_registry': {'enabled': True, 'params': {}}, 'client_selector': {'enabled': True, 'params': {'selection_strategy': 'Resource-Based', 'selection_criteria': 'CPU', 'selection_value': 2}}, 'client_cluster': {'enabled': False, 'params': {}}, 'message_compressor': {'enabled': False, 'params': {}}, 'model_co-versioning_registry': {'enabled': False, 'params': {}}, 'multi-task_model_trainer': {'enabled': False, 'params': {}}, 'heterogeneous_data_handler': {'enabled': True, 'params': {'enabled_clients': []}}}
{'client_selector': {'enabled': False}, 'client_cluster': {'enabled': False}, 'message_compressor': {'enabled': False}, 'model_co-versioning_registry': {'enabled': False}, 'multi-task_model_trainer': {'enabled': False}, 'heterogeneous_data_handler': {'enabled': True, 'params': {'enabled_clients': ['Client 3', 'Client 25', 'Client 32']}}, 'client_registry': {'enabled': True, 'params': {}}}
{'model_type': 'prostate_logreg', 'metrics': {'prostate_logreg': {'train_loss': [0.5797648924210715, 0.5904991605947184, 0.5741372711924247, 0.5620664890658361, 0.5844833563807552, 0.5601529134499471, 0.5718169605588965, 0.5349920468328702, 0.5518784765599124, 0.5306864954794746, 0.5451663930936413, 0.5251984873838187], 'train_accuracy': [0.7222222222222222, 0.6937984496124031, 0.7142857142857143, 0.7625178826895566, 0.7085889570552147, 0.7421503330161751, 0.7295528898582334, 0.7778561354019746, 0.7534129692832765, 0.7737226277372263, 0.7541436464088398, 0.7703147017379052], 'train_f1': [0.6351708696946792, 0.5398648874189105, 0.6303745218279557, 0.6311409069797953, 0.6745301145010185, 0.6529931064159895, 0.7037811685885789, 0.7047412754696403, 0.7495536968582172, 0.7309616839615369, 0.7510466262227434, 0.736147582944784], 'train_mae': [0.2777777777777778, 0.3062015503875969, 0.2857142857142857, 0.2374821173104435, 0.29141104294478526, 0.25784966698382494, 0.27044711014176664, 0.22214386459802538, 0.24658703071672355, 0.22627737226277372, 0.24585635359116023, 0.22968529826209488], 'val_loss': [0.7245327421107245, 0.6863383310975246, 0.653705006193505, 0.6315183818305831, 0.6125920370914231, 0.6002574452859736, 0.5891591547758905, 0.5809041472285711, 0.5738744544581247, 0.568131300799036, 0.5633624123102782, 0.5595858177994374], 'val_accuracy': [0.5313520207137229, 0.5798765737533674, 0.6220967271499186, 0.6501448371026493, 0.6840653961623809, 0.7032832628162304, 0.7206383365429978, 0.7269709860056617, 0.7316401616924455, 0.7344128925896282, 0.7361768249676738, 0.7371181155871801], 'val_f1': [0.44126257711300315, 0.4821407878484198, 0.5440600405597353, 0.577862025955832, 0.6360612938990672, 0.6617729262753643, 0.6897725899438116, 0.6973447096787969, 0.7074127248168197, 0.7103822793312201, 0.715053331704128, 0.7155976511250304], 'val_mae': [0.46864797928627716, 0.42012342624663257, 0.37790327285008135, 0.34985516289735086, 0.3159346038376191, 0.29671673718376956, 0.2793616634570021, 0.27302901399433827, 0.26835983830755455, 0.2655871074103719, 0.26382317503232633, 0.26288188441281995], 'jsd': [(0, 0, 0, 0, 0, 0, 0, 0, 0, 0, 0, 0, 0, 0.0207208396239082, 0.31127812445913283, 0.31127812445913283, 0.31127812445913283, 0.11009182675183558, 0.31127812445913283, 0.31127812445913283, 0.31127812445913283, 0.0037024515418363386, 0.31127812445913283, 0.31127812445913283, 0.31127812445913283, 0.31127812445913283, 0.31127812445913283, 0.31127812445913283, 0.31127812445913283, 0.31127812445913283, 0.0037024515418363386, 0.31127812445913283, 0.31127812445913283, 0.0350583482647871, 0.31127812445913283, 0.31127812445913283, 0.31127812445913283, 0, 0, 0), (0, 0, 0, 0, 0, 0, 0, 0, 0, 0, 0, 0, 0, 0.0207208396239082, 0.31127812445913283, 0.31127812445913283, 0.31127812445913283, 0.06548833004089114, 0.0014939931791539789, 0.31127812445913283, 0.07310400793180982, 0, 0.1711038312803313, 0.31127812445913283, 0, 0.007299156760473963, 0.009756534087137225, 0.31127812445913283, 0.31127812445913283, 0.31127812445913283, 0.015085156698935967, 0.0207208396239082, 0.16395604408354778, 0.0350583482647871, 0.31127812445913283, 0.31127812445913283, 0.16395604408354778, 0, 0, 0), (0, 0.16395604408354778, 0.31127812445913283, 0, 0, 0.18850340411986471, 0, 0.11009182675183558, 0, 0, 0, 0.1711038312803313, 0, 0, 0, 0.31127812445913283, 0, 0.07310400793180982, 0.31127812445913283, 0.07310400793180982, 0.31127812445913283, 0.31127812445913283, 0, 0.31127812445913283, 0.31127812445913283, 0.31127812445913283, 0, 0.31127812445913283, 0.11009182675183558, 0.31127812445913283, 0.07310400793180982, 0.31127812445913283, 0.0487949406953985, 0, 0.31127812445913283, 0, 0, 0, 0.31127812445913283, 0), (0.09328462323031235, 0.31127812445913283, 0.2087803925185126, 0.009756534087137225, 0.11385563424028564, 0.013714477705244553, 0.08025594233229469, 0.07310400793180982, 0.03857581598654605, 0.13251817521576753, 0.05253690168806249, 0.19326958066820893, 0.0350583482647871, 0.00429810722857266, 0.005050449860393488, 0.0207208396239082, 0.0487949406953985, 0, 0.31127812445913283, 0.07310400793180982, 0.007299156760473963, 0.0037024515418363386, 0.0002145058924891757, 0.31127812445913283, 0.31127812445913283, 0.11009182675183558, 0.12425601093475921, 0.31127812445913283, 0.17750440524619315, 0.07310400793180982, 0.07310400793180982, 0.31127812445913283, 0.31127812445913283, 0.05738732460549023, 0.011482406826014972, 0.001254883843183478, 0.0002145058924891757, 0.0487949406953985, 0.2227619806994962, 0.0487949406953985), (0, 0, 0, 0, 0, 0, 0, 0, 0, 0, 0, 0, 0, 0, 0, 0.2227619806994962, 0, 0, 0, 0, 0, 0, 0, 0, 0, 0, 0, 0, 0, 0, 0, 0, 0, 0, 0, 0, 0, 0, 0, 0), (0.009036677434107646, 0.005050449860393488, 0.23305878051279882, 0.014691469621310085, 0.016941071056623243, 0.00822299722902229, 0.06859186091507882, 0.042041899344894246, 0.05655009359654585, 0.03889315594457522, 0.0463685414106319, 0.10206066129537185, 0.02359015854559616, 0.005865051239364611, 0.05171298000558475, 0.025509910978289904, 0.0487949406953985, 0.0008025382728216734, 0.07310400793180982, 0.011482406826014972, 0.31127812445913283, 0.010396593705431272, 0.08111870596083268, 0.31127812445913283, 0.31127812445913283, 0.0207208396239082, 0.0487949406953985, 0.0022344421708708415, 0.2087803925185126, 0.07310400793180982, 0.042041899344894246, 0.20534969973663775, 0.05738732460549023, 0.01274900060462203, 0.16395604408354778, 0.028564156811275485, 0.0008790379110077892, 0.011482406826014972, 0.0207208396239082, 0.006523190206172563), (0, 0, 0, 0, 0, 0, 0, 0, 0, 0, 0, 0, 0, 0, 0, 0.24237412989240623, 0, 0, 0, 0, 0, 0, 0, 0, 0, 0, 0, 0, 0, 0, 0, 0, 0, 0, 0, 0, 0, 0, 0, 0), (0.0061446088533262735, 0.002830694750015385, 0.24844401300050659, 0.04105726891831728, 0.014038937565777093, 0.0014939931791539789, 0.10372355040574062, 0.0037024515418363386, 0.07898885115561567, 0.0031619139529965624, 0.02711041372683346, 0.08697257500448134, 0.010396593705431272, 0.0010689285835955437, 0.050988453276391066, 0.007299156760473963, 0.039737267151773975, 0.07850994353170956, 0.05738732460549023, 0.05400884513974839, 0.007299156760473963, 0.005407888490294582, 0.0019359358092692971, 0.2292798117148899, 0.15591489886228305, 0.05253690168806249, 0.011482406826014972, 0.00028867375520897666, 0.03857581598654605, 0.05400884513974839, 0.05400884513974839, 0.2227619806994962, 0.03221357089614439, 0.05738732460549023, 0.002830694750015385, 0.0350583482647871, 0.0008589183281813573, 0.018135571823116266, 0.03600088831260688, 0.11009182675183558), (0, 0, 0, 0, 0, 0, 0, 0, 0, 0, 0, 0, 0, 0, 0, 0, 0, 0, 0, 0, 0, 0, 0, 0, 0, 0, 0, 0, 0, 0, 0, 0, 0, 0, 0, 0, 0, 0, 0, 0), (0.0023839413783587893, 0.005301974832984377, 0.06900910450166178, 0.05207398638601675, 0.004122113616565049, 0.0009214584011009545, 0.10749195315105531, 0.0010689285835955437, 0.07622434155290266, 0.0032712817850098566, 0.004122113616565049, 0.1317293194736727, 0.007867664894852307, 0.0006631052098621127, 0.039191434062495145, 0.0064060099920141, 0.03268932243084692, 0, 0.19094034698434098, 0.05738732460549023, 0.009756534087137225, 0.009036677434107646, 0, 0.07622434155290266, 0.11009182675183558, 0, 0.0037024515418363386, 0.009335040408067166, 0.0487949406953985, 0.027910215332363916, 0.0010689285835955437, 0.23646636812449032, 0.0350583482647871, 0.0487949406953985, 0.007299156760473963, 0.031896080966716533, 0.0027533280550219065, 0.025140556297286162, 0.05207398638601675, 0.006830658680456639), (0, 0, 0, 0, 0, 0, 0, 0, 0, 0, 0, 0, 0, 0, 0, 0, 0, 0, 0, 0, 0, 0, 0, 0, 0, 0, 0, 0, 0, 0, 0.013949306965373928, 0, 0, 0, 0, 0, 0, 0, 0, 0), (0.0016626576184457752, 0.0006767219177472479, 0.06149937804507184, 0.06502539038278278, 0.008723329471708632, 0.00036176918093652755, 0.09555361251896813, 0.0001877124226694997, 0.023795695918608258, 0.0010160633509259717, 0.006963639137030152, 0.15058560986911712, 0.007775948452200233, 0.002349447614504129, 0.04066211490300797, 0.004528991295546424, 0.0350583482647871, 0, 0.20534969973663775, 0.06322393781435344, 0.0207208396239082, 0.0024479765006755194, 0, 0.02276859998040022, 0.12745428142147208, 0, 0.0026078279567117203, 0.006523190206172563, 0.004816452941871073, 0.015588395748542892, 0.0001877124226694997, 0.24616505675524458, 0.027910215332363916, 0.03634284572901042, 0.03302877414247969, 0.015297775930101544, 0.006963639137030152, 0.0006767219177472479, 0.04746468216969184, 0)]}}, 'time': 0.4913942813873291, 'communication_time': 0.48268699645996094}
-0.004752557325728601
client_selector activated ✅
0.0005411741553231602
heterogeneous_data_handler activated ✅ for clients: ['Client 1', 'Client 2', 'Client 4', 'Client 5', 'Client 6', 'Client 7', 'Client 8', 'Client 9', 'Client 10', 'Client 11', 'Client 12', 'Client 13', 'Client 14', 'Client 15', 'Client 16', 'Client 17', 'Client 18', 'Client 19', 'Client 20', 'Client 21', 'Client 22', 'Client 23', 'Client 24', 'Client 26', 'Client 27', 'Client 28', 'Client 29', 'Client 30', 'Client 31', 'Client 33', 'Client 34', 'Client 35', 'Client 36', 'Client 37', 'Client 38', 'Client 39', 'Client 40']
Client Client 16 participates in this round. (CPU: 2, RAM: 2)
Client Client 14 participates in this round. (CPU: 2, RAM: 2)
Client Client 18 participates in this round. (CPU: 2, RAM: 2)
Client Client 19 participates in this round. (CPU: 2, RAM: 2)
Client Client 1 participates in this round. (CPU: 2, RAM: 2)
Client Client 13 participates in this round. (CPU: 2, RAM: 2)
Client Client 11 participates in this round. (CPU: 2, RAM: 2)
Client Client 5 participates in this round. (CPU: 2, RAM: 2)
Client Client 20 participates in this round. (CPU: 2, RAM: 2)
Client Client 12 participates in this round. (CPU: 2, RAM: 2)
Client Client 25 has insufficient CPU (1). Will not participate in the next FL round.
Client Client 24 participates in this round. (CPU: 2, RAM: 2)
Client Client 15 participates in this round. (CPU: 2, RAM: 2)
Client Client 6 participates in this round. (CPU: 2, RAM: 2)
Client Client 33 has insufficient CPU (1). Will not participate in the next FL round.
Client Client 37 has insufficient CPU (1). Will not participate in the next FL round.
Client Client 9 participates in this round. (CPU: 2, RAM: 2)
Client Client 10 participates in this round. (CPU: 2, RAM: 2)
Client Client 21 participates in this round. (CPU: 2, RAM: 2)
Client Client 35 has insufficient CPU (1). Will not participate in the next FL round.
Client Client 40 has insufficient CPU (1). Will not participate in the next FL round.
Client Client 2 participates in this round. (CPU: 2, RAM: 2)
Client Client 3 participates in this round. (CPU: 2, RAM: 2)
Client Client 32 has insufficient CPU (1). Will not participate in the next FL round.
Client Client 23 participates in this round. (CPU: 2, RAM: 2)
Client Client 8 participates in this round. (CPU: 2, RAM: 2)
Client Client 29 has insufficient CPU (1). Will not participate in the next FL round.
Client Client 4 participates in this round. (CPU: 2, RAM: 2)
Client Client 31 has insufficient CPU (1). Will not participate in the next FL round.
Client Client 39 has insufficient CPU (1). Will not participate in the next FL round.
Client Client 22 participates in this round. (CPU: 2, RAM: 2)
Client Client 27 has insufficient CPU (1). Will not participate in the next FL round.
Client Client 17 participates in this round. (CPU: 2, RAM: 2)
Client Client 38 has insufficient CPU (1). Will not participate in the next FL round.
Client Client 28 has insufficient CPU (1). Will not participate in the next FL round.
Client Client 26 has insufficient CPU (1). Will not participate in the next FL round.
Client Client 36 has insufficient CPU (1). Will not participate in the next FL round.
Client Client 7 participates in this round. (CPU: 2, RAM: 2)
Client Client 34 has insufficient CPU (1). Will not participate in the next FL round.
Client Client 30 has insufficient CPU (1). Will not participate in the next FL round.
Results Aggregated in 0.43 seconds.
{'prostate_logreg': {'train_loss': [0.5797648924210715, 0.5904991605947184, 0.5741372711924247, 0.5620664890658361, 0.5844833563807552, 0.5601529134499471, 0.5718169605588965, 0.5349920468328702, 0.5518784765599124, 0.5306864954794746, 0.5451663930936413, 0.5251984873838187, 0.5373900642959768], 'train_accuracy': [0.7222222222222222, 0.6937984496124031, 0.7142857142857143, 0.7625178826895566, 0.7085889570552147, 0.7421503330161751, 0.7295528898582334, 0.7778561354019746, 0.7534129692832765, 0.7737226277372263, 0.7541436464088398, 0.7703147017379052, 0.7543757292882147], 'train_f1': [0.6351708696946792, 0.5398648874189105, 0.6303745218279557, 0.6311409069797953, 0.6745301145010185, 0.6529931064159895, 0.7037811685885789, 0.7047412754696403, 0.7495536968582172, 0.7309616839615369, 0.7510466262227434, 0.736147582944784, 0.7528429567547709], 'train_mae': [0.2777777777777778, 0.3062015503875969, 0.2857142857142857, 0.2374821173104435, 0.29141104294478526, 0.25784966698382494, 0.27044711014176664, 0.22214386459802538, 0.24658703071672355, 0.22627737226277372, 0.24585635359116023, 0.22968529826209488, 0.2456242707117853], 'val_loss': [0.7245327421107245, 0.6863383310975246, 0.653705006193505, 0.6315183818305831, 0.6125920370914231, 0.6002574452859736, 0.5891591547758905, 0.5809041472285711, 0.5738744544581247, 0.568131300799036, 0.5633624123102782, 0.5595858177994374, 0.5557775124429644], 'val_accuracy': [0.5313520207137229, 0.5798765737533674, 0.6220967271499186, 0.6501448371026493, 0.6840653961623809, 0.7032832628162304, 0.7206383365429978, 0.7269709860056617, 0.7316401616924455, 0.7344128925896282, 0.7361768249676738, 0.7371181155871801, 0.7383934556468631], 'val_f1': [0.44126257711300315, 0.4821407878484198, 0.5440600405597353, 0.577862025955832, 0.6360612938990672, 0.6617729262753643, 0.6897725899438116, 0.6973447096787969, 0.7074127248168197, 0.7103822793312201, 0.715053331704128, 0.7155976511250304, 0.719140129093958], 'val_mae': [0.46864797928627716, 0.42012342624663257, 0.37790327285008135, 0.34985516289735086, 0.3159346038376191, 0.29671673718376956, 0.2793616634570021, 0.27302901399433827, 0.26835983830755455, 0.2655871074103719, 0.26382317503232633, 0.26288188441281995, 0.26160654435313685], 'jsd': [(0, 0, 0, 0, 0, 0, 0, 0, 0, 0, 0, 0, 0, 0.0207208396239082, 0.31127812445913283, 0.31127812445913283, 0.31127812445913283, 0.11009182675183558, 0.31127812445913283, 0.31127812445913283, 0.31127812445913283, 0.0037024515418363386, 0.31127812445913283, 0.31127812445913283, 0.31127812445913283, 0.31127812445913283, 0.31127812445913283, 0.31127812445913283, 0.31127812445913283, 0.31127812445913283, 0.0037024515418363386, 0.31127812445913283, 0.31127812445913283, 0.0350583482647871, 0.31127812445913283, 0.31127812445913283, 0.31127812445913283, 0, 0, 0), (0, 0, 0, 0, 0, 0, 0, 0, 0, 0, 0, 0, 0, 0.0207208396239082, 0.31127812445913283, 0.31127812445913283, 0.31127812445913283, 0.06548833004089114, 0.0014939931791539789, 0.31127812445913283, 0.07310400793180982, 0, 0.1711038312803313, 0.31127812445913283, 0, 0.007299156760473963, 0.009756534087137225, 0.31127812445913283, 0.31127812445913283, 0.31127812445913283, 0.015085156698935967, 0.0207208396239082, 0.16395604408354778, 0.0350583482647871, 0.31127812445913283, 0.31127812445913283, 0.16395604408354778, 0, 0, 0), (0, 0.16395604408354778, 0.31127812445913283, 0, 0, 0.18850340411986471, 0, 0.11009182675183558, 0, 0, 0, 0.1711038312803313, 0, 0, 0, 0.31127812445913283, 0, 0.07310400793180982, 0.31127812445913283, 0.07310400793180982, 0.31127812445913283, 0.31127812445913283, 0, 0.31127812445913283, 0.31127812445913283, 0.31127812445913283, 0, 0.31127812445913283, 0.11009182675183558, 0.31127812445913283, 0.07310400793180982, 0.31127812445913283, 0.0487949406953985, 0, 0.31127812445913283, 0, 0, 0, 0.31127812445913283, 0), (0.09328462323031235, 0.31127812445913283, 0.2087803925185126, 0.009756534087137225, 0.11385563424028564, 0.013714477705244553, 0.08025594233229469, 0.07310400793180982, 0.03857581598654605, 0.13251817521576753, 0.05253690168806249, 0.19326958066820893, 0.0350583482647871, 0.00429810722857266, 0.005050449860393488, 0.0207208396239082, 0.0487949406953985, 0, 0.31127812445913283, 0.07310400793180982, 0.007299156760473963, 0.0037024515418363386, 0.0002145058924891757, 0.31127812445913283, 0.31127812445913283, 0.11009182675183558, 0.12425601093475921, 0.31127812445913283, 0.17750440524619315, 0.07310400793180982, 0.07310400793180982, 0.31127812445913283, 0.31127812445913283, 0.05738732460549023, 0.011482406826014972, 0.001254883843183478, 0.0002145058924891757, 0.0487949406953985, 0.2227619806994962, 0.0487949406953985), (0, 0, 0, 0, 0, 0, 0, 0, 0, 0, 0, 0, 0, 0, 0, 0.2227619806994962, 0, 0, 0, 0, 0, 0, 0, 0, 0, 0, 0, 0, 0, 0, 0, 0, 0, 0, 0, 0, 0, 0, 0, 0), (0.009036677434107646, 0.005050449860393488, 0.23305878051279882, 0.014691469621310085, 0.016941071056623243, 0.00822299722902229, 0.06859186091507882, 0.042041899344894246, 0.05655009359654585, 0.03889315594457522, 0.0463685414106319, 0.10206066129537185, 0.02359015854559616, 0.005865051239364611, 0.05171298000558475, 0.025509910978289904, 0.0487949406953985, 0.0008025382728216734, 0.07310400793180982, 0.011482406826014972, 0.31127812445913283, 0.010396593705431272, 0.08111870596083268, 0.31127812445913283, 0.31127812445913283, 0.0207208396239082, 0.0487949406953985, 0.0022344421708708415, 0.2087803925185126, 0.07310400793180982, 0.042041899344894246, 0.20534969973663775, 0.05738732460549023, 0.01274900060462203, 0.16395604408354778, 0.028564156811275485, 0.0008790379110077892, 0.011482406826014972, 0.0207208396239082, 0.006523190206172563), (0, 0, 0, 0, 0, 0, 0, 0, 0, 0, 0, 0, 0, 0, 0, 0.24237412989240623, 0, 0, 0, 0, 0, 0, 0, 0, 0, 0, 0, 0, 0, 0, 0, 0, 0, 0, 0, 0, 0, 0, 0, 0), (0.0061446088533262735, 0.002830694750015385, 0.24844401300050659, 0.04105726891831728, 0.014038937565777093, 0.0014939931791539789, 0.10372355040574062, 0.0037024515418363386, 0.07898885115561567, 0.0031619139529965624, 0.02711041372683346, 0.08697257500448134, 0.010396593705431272, 0.0010689285835955437, 0.050988453276391066, 0.007299156760473963, 0.039737267151773975, 0.07850994353170956, 0.05738732460549023, 0.05400884513974839, 0.007299156760473963, 0.005407888490294582, 0.0019359358092692971, 0.2292798117148899, 0.15591489886228305, 0.05253690168806249, 0.011482406826014972, 0.00028867375520897666, 0.03857581598654605, 0.05400884513974839, 0.05400884513974839, 0.2227619806994962, 0.03221357089614439, 0.05738732460549023, 0.002830694750015385, 0.0350583482647871, 0.0008589183281813573, 0.018135571823116266, 0.03600088831260688, 0.11009182675183558), (0, 0, 0, 0, 0, 0, 0, 0, 0, 0, 0, 0, 0, 0, 0, 0, 0, 0, 0, 0, 0, 0, 0, 0, 0, 0, 0, 0, 0, 0, 0, 0, 0, 0, 0, 0, 0, 0, 0, 0), (0.0023839413783587893, 0.005301974832984377, 0.06900910450166178, 0.05207398638601675, 0.004122113616565049, 0.0009214584011009545, 0.10749195315105531, 0.0010689285835955437, 0.07622434155290266, 0.0032712817850098566, 0.004122113616565049, 0.1317293194736727, 0.007867664894852307, 0.0006631052098621127, 0.039191434062495145, 0.0064060099920141, 0.03268932243084692, 0, 0.19094034698434098, 0.05738732460549023, 0.009756534087137225, 0.009036677434107646, 0, 0.07622434155290266, 0.11009182675183558, 0, 0.0037024515418363386, 0.009335040408067166, 0.0487949406953985, 0.027910215332363916, 0.0010689285835955437, 0.23646636812449032, 0.0350583482647871, 0.0487949406953985, 0.007299156760473963, 0.031896080966716533, 0.0027533280550219065, 0.025140556297286162, 0.05207398638601675, 0.006830658680456639), (0, 0, 0, 0, 0, 0, 0, 0, 0, 0, 0, 0, 0, 0, 0, 0, 0, 0, 0, 0, 0, 0, 0, 0, 0, 0, 0, 0, 0, 0, 0.013949306965373928, 0, 0, 0, 0, 0, 0, 0, 0, 0), (0.0016626576184457752, 0.0006767219177472479, 0.06149937804507184, 0.06502539038278278, 0.008723329471708632, 0.00036176918093652755, 0.09555361251896813, 0.0001877124226694997, 0.023795695918608258, 0.0010160633509259717, 0.006963639137030152, 0.15058560986911712, 0.007775948452200233, 0.002349447614504129, 0.04066211490300797, 0.004528991295546424, 0.0350583482647871, 0, 0.20534969973663775, 0.06322393781435344, 0.0207208396239082, 0.0024479765006755194, 0, 0.02276859998040022, 0.12745428142147208, 0, 0.0026078279567117203, 0.006523190206172563, 0.004816452941871073, 0.015588395748542892, 0.0001877124226694997, 0.24616505675524458, 0.027910215332363916, 0.03634284572901042, 0.03302877414247969, 0.015297775930101544, 0.006963639137030152, 0.0006767219177472479, 0.04746468216969184, 0), (0, 0, 0, 0, 0, 0, 0, 0, 0, 0, 0, 0, 0, 0, 0, 0, 0, 0, 0, 0, 0, 0, 0, 0, 0, 0, 0, 0, 0, 0, 0.0029530155390121333, 0, 0, 0, 0, 0, 0, 0, 0, 0)]}}
AdaptationManager: Configuring next round...
{'client_registry': {'enabled': True, 'params': {}}, 'client_selector': {'enabled': True, 'params': {'selection_strategy': 'Resource-Based', 'selection_criteria': 'CPU', 'selection_value': 2}}, 'client_cluster': {'enabled': False, 'params': {}}, 'message_compressor': {'enabled': False, 'params': {}}, 'model_co-versioning_registry': {'enabled': False, 'params': {}}, 'multi-task_model_trainer': {'enabled': False, 'params': {}}, 'heterogeneous_data_handler': {'enabled': True, 'params': {'enabled_clients': []}}}
{'client_selector': {'enabled': True}, 'client_cluster': {'enabled': False}, 'message_compressor': {'enabled': False}, 'model_co-versioning_registry': {'enabled': False}, 'multi-task_model_trainer': {'enabled': False}, 'heterogeneous_data_handler': {'enabled': True, 'params': {'enabled_clients': ['Client 1', 'Client 2', 'Client 4', 'Client 5', 'Client 6', 'Client 7', 'Client 8', 'Client 9', 'Client 10', 'Client 11', 'Client 12', 'Client 13', 'Client 14', 'Client 15', 'Client 16', 'Client 17', 'Client 18', 'Client 19', 'Client 20', 'Client 21', 'Client 22', 'Client 23', 'Client 24', 'Client 26', 'Client 27', 'Client 28', 'Client 29', 'Client 30', 'Client 31', 'Client 33', 'Client 34', 'Client 35', 'Client 36', 'Client 37', 'Client 38', 'Client 39', 'Client 40']}}, 'client_registry': {'enabled': True, 'params': {}}}
{'model_type': 'prostate_logreg', 'metrics': {'prostate_logreg': {'train_loss': [0.5797648924210715, 0.5904991605947184, 0.5741372711924247, 0.5620664890658361, 0.5844833563807552, 0.5601529134499471, 0.5718169605588965, 0.5349920468328702, 0.5518784765599124, 0.5306864954794746, 0.5451663930936413, 0.5251984873838187, 0.5373900642959768], 'train_accuracy': [0.7222222222222222, 0.6937984496124031, 0.7142857142857143, 0.7625178826895566, 0.7085889570552147, 0.7421503330161751, 0.7295528898582334, 0.7778561354019746, 0.7534129692832765, 0.7737226277372263, 0.7541436464088398, 0.7703147017379052, 0.7543757292882147], 'train_f1': [0.6351708696946792, 0.5398648874189105, 0.6303745218279557, 0.6311409069797953, 0.6745301145010185, 0.6529931064159895, 0.7037811685885789, 0.7047412754696403, 0.7495536968582172, 0.7309616839615369, 0.7510466262227434, 0.736147582944784, 0.7528429567547709], 'train_mae': [0.2777777777777778, 0.3062015503875969, 0.2857142857142857, 0.2374821173104435, 0.29141104294478526, 0.25784966698382494, 0.27044711014176664, 0.22214386459802538, 0.24658703071672355, 0.22627737226277372, 0.24585635359116023, 0.22968529826209488, 0.2456242707117853], 'val_loss': [0.7245327421107245, 0.6863383310975246, 0.653705006193505, 0.6315183818305831, 0.6125920370914231, 0.6002574452859736, 0.5891591547758905, 0.5809041472285711, 0.5738744544581247, 0.568131300799036, 0.5633624123102782, 0.5595858177994374, 0.5557775124429644], 'val_accuracy': [0.5313520207137229, 0.5798765737533674, 0.6220967271499186, 0.6501448371026493, 0.6840653961623809, 0.7032832628162304, 0.7206383365429978, 0.7269709860056617, 0.7316401616924455, 0.7344128925896282, 0.7361768249676738, 0.7371181155871801, 0.7383934556468631], 'val_f1': [0.44126257711300315, 0.4821407878484198, 0.5440600405597353, 0.577862025955832, 0.6360612938990672, 0.6617729262753643, 0.6897725899438116, 0.6973447096787969, 0.7074127248168197, 0.7103822793312201, 0.715053331704128, 0.7155976511250304, 0.719140129093958], 'val_mae': [0.46864797928627716, 0.42012342624663257, 0.37790327285008135, 0.34985516289735086, 0.3159346038376191, 0.29671673718376956, 0.2793616634570021, 0.27302901399433827, 0.26835983830755455, 0.2655871074103719, 0.26382317503232633, 0.26288188441281995, 0.26160654435313685], 'jsd': [(0, 0, 0, 0, 0, 0, 0, 0, 0, 0, 0, 0, 0, 0.0207208396239082, 0.31127812445913283, 0.31127812445913283, 0.31127812445913283, 0.11009182675183558, 0.31127812445913283, 0.31127812445913283, 0.31127812445913283, 0.0037024515418363386, 0.31127812445913283, 0.31127812445913283, 0.31127812445913283, 0.31127812445913283, 0.31127812445913283, 0.31127812445913283, 0.31127812445913283, 0.31127812445913283, 0.0037024515418363386, 0.31127812445913283, 0.31127812445913283, 0.0350583482647871, 0.31127812445913283, 0.31127812445913283, 0.31127812445913283, 0, 0, 0), (0, 0, 0, 0, 0, 0, 0, 0, 0, 0, 0, 0, 0, 0.0207208396239082, 0.31127812445913283, 0.31127812445913283, 0.31127812445913283, 0.06548833004089114, 0.0014939931791539789, 0.31127812445913283, 0.07310400793180982, 0, 0.1711038312803313, 0.31127812445913283, 0, 0.007299156760473963, 0.009756534087137225, 0.31127812445913283, 0.31127812445913283, 0.31127812445913283, 0.015085156698935967, 0.0207208396239082, 0.16395604408354778, 0.0350583482647871, 0.31127812445913283, 0.31127812445913283, 0.16395604408354778, 0, 0, 0), (0, 0.16395604408354778, 0.31127812445913283, 0, 0, 0.18850340411986471, 0, 0.11009182675183558, 0, 0, 0, 0.1711038312803313, 0, 0, 0, 0.31127812445913283, 0, 0.07310400793180982, 0.31127812445913283, 0.07310400793180982, 0.31127812445913283, 0.31127812445913283, 0, 0.31127812445913283, 0.31127812445913283, 0.31127812445913283, 0, 0.31127812445913283, 0.11009182675183558, 0.31127812445913283, 0.07310400793180982, 0.31127812445913283, 0.0487949406953985, 0, 0.31127812445913283, 0, 0, 0, 0.31127812445913283, 0), (0.09328462323031235, 0.31127812445913283, 0.2087803925185126, 0.009756534087137225, 0.11385563424028564, 0.013714477705244553, 0.08025594233229469, 0.07310400793180982, 0.03857581598654605, 0.13251817521576753, 0.05253690168806249, 0.19326958066820893, 0.0350583482647871, 0.00429810722857266, 0.005050449860393488, 0.0207208396239082, 0.0487949406953985, 0, 0.31127812445913283, 0.07310400793180982, 0.007299156760473963, 0.0037024515418363386, 0.0002145058924891757, 0.31127812445913283, 0.31127812445913283, 0.11009182675183558, 0.12425601093475921, 0.31127812445913283, 0.17750440524619315, 0.07310400793180982, 0.07310400793180982, 0.31127812445913283, 0.31127812445913283, 0.05738732460549023, 0.011482406826014972, 0.001254883843183478, 0.0002145058924891757, 0.0487949406953985, 0.2227619806994962, 0.0487949406953985), (0, 0, 0, 0, 0, 0, 0, 0, 0, 0, 0, 0, 0, 0, 0, 0.2227619806994962, 0, 0, 0, 0, 0, 0, 0, 0, 0, 0, 0, 0, 0, 0, 0, 0, 0, 0, 0, 0, 0, 0, 0, 0), (0.009036677434107646, 0.005050449860393488, 0.23305878051279882, 0.014691469621310085, 0.016941071056623243, 0.00822299722902229, 0.06859186091507882, 0.042041899344894246, 0.05655009359654585, 0.03889315594457522, 0.0463685414106319, 0.10206066129537185, 0.02359015854559616, 0.005865051239364611, 0.05171298000558475, 0.025509910978289904, 0.0487949406953985, 0.0008025382728216734, 0.07310400793180982, 0.011482406826014972, 0.31127812445913283, 0.010396593705431272, 0.08111870596083268, 0.31127812445913283, 0.31127812445913283, 0.0207208396239082, 0.0487949406953985, 0.0022344421708708415, 0.2087803925185126, 0.07310400793180982, 0.042041899344894246, 0.20534969973663775, 0.05738732460549023, 0.01274900060462203, 0.16395604408354778, 0.028564156811275485, 0.0008790379110077892, 0.011482406826014972, 0.0207208396239082, 0.006523190206172563), (0, 0, 0, 0, 0, 0, 0, 0, 0, 0, 0, 0, 0, 0, 0, 0.24237412989240623, 0, 0, 0, 0, 0, 0, 0, 0, 0, 0, 0, 0, 0, 0, 0, 0, 0, 0, 0, 0, 0, 0, 0, 0), (0.0061446088533262735, 0.002830694750015385, 0.24844401300050659, 0.04105726891831728, 0.014038937565777093, 0.0014939931791539789, 0.10372355040574062, 0.0037024515418363386, 0.07898885115561567, 0.0031619139529965624, 0.02711041372683346, 0.08697257500448134, 0.010396593705431272, 0.0010689285835955437, 0.050988453276391066, 0.007299156760473963, 0.039737267151773975, 0.07850994353170956, 0.05738732460549023, 0.05400884513974839, 0.007299156760473963, 0.005407888490294582, 0.0019359358092692971, 0.2292798117148899, 0.15591489886228305, 0.05253690168806249, 0.011482406826014972, 0.00028867375520897666, 0.03857581598654605, 0.05400884513974839, 0.05400884513974839, 0.2227619806994962, 0.03221357089614439, 0.05738732460549023, 0.002830694750015385, 0.0350583482647871, 0.0008589183281813573, 0.018135571823116266, 0.03600088831260688, 0.11009182675183558), (0, 0, 0, 0, 0, 0, 0, 0, 0, 0, 0, 0, 0, 0, 0, 0, 0, 0, 0, 0, 0, 0, 0, 0, 0, 0, 0, 0, 0, 0, 0, 0, 0, 0, 0, 0, 0, 0, 0, 0), (0.0023839413783587893, 0.005301974832984377, 0.06900910450166178, 0.05207398638601675, 0.004122113616565049, 0.0009214584011009545, 0.10749195315105531, 0.0010689285835955437, 0.07622434155290266, 0.0032712817850098566, 0.004122113616565049, 0.1317293194736727, 0.007867664894852307, 0.0006631052098621127, 0.039191434062495145, 0.0064060099920141, 0.03268932243084692, 0, 0.19094034698434098, 0.05738732460549023, 0.009756534087137225, 0.009036677434107646, 0, 0.07622434155290266, 0.11009182675183558, 0, 0.0037024515418363386, 0.009335040408067166, 0.0487949406953985, 0.027910215332363916, 0.0010689285835955437, 0.23646636812449032, 0.0350583482647871, 0.0487949406953985, 0.007299156760473963, 0.031896080966716533, 0.0027533280550219065, 0.025140556297286162, 0.05207398638601675, 0.006830658680456639), (0, 0, 0, 0, 0, 0, 0, 0, 0, 0, 0, 0, 0, 0, 0, 0, 0, 0, 0, 0, 0, 0, 0, 0, 0, 0, 0, 0, 0, 0, 0.013949306965373928, 0, 0, 0, 0, 0, 0, 0, 0, 0), (0.0016626576184457752, 0.0006767219177472479, 0.06149937804507184, 0.06502539038278278, 0.008723329471708632, 0.00036176918093652755, 0.09555361251896813, 0.0001877124226694997, 0.023795695918608258, 0.0010160633509259717, 0.006963639137030152, 0.15058560986911712, 0.007775948452200233, 0.002349447614504129, 0.04066211490300797, 0.004528991295546424, 0.0350583482647871, 0, 0.20534969973663775, 0.06322393781435344, 0.0207208396239082, 0.0024479765006755194, 0, 0.02276859998040022, 0.12745428142147208, 0, 0.0026078279567117203, 0.006523190206172563, 0.004816452941871073, 0.015588395748542892, 0.0001877124226694997, 0.24616505675524458, 0.027910215332363916, 0.03634284572901042, 0.03302877414247969, 0.015297775930101544, 0.006963639137030152, 0.0006767219177472479, 0.04746468216969184, 0), (0, 0, 0, 0, 0, 0, 0, 0, 0, 0, 0, 0, 0, 0, 0, 0, 0, 0, 0, 0, 0, 0, 0, 0, 0, 0, 0, 0, 0, 0, 0.0029530155390121333, 0, 0, 0, 0, 0, 0, 0, 0, 0)]}}, 'time': 0.4626739025115967, 'communication_time': 0.4310891628265381}
-0.0036860984884838632
client_selector activated ✅
0.0035453500068151666
heterogeneous_data_handler activated ✅ for clients: ['Client 3', 'Client 19', 'Client 25', 'Client 32']
Client Client 16 participates in this round. (CPU: 2, RAM: 2)
Client Client 12 participates in this round. (CPU: 2, RAM: 2)
Client Client 21 participates in this round. (CPU: 2, RAM: 2)
Client Client 13 participates in this round. (CPU: 2, RAM: 2)
Client Client 18 participates in this round. (CPU: 2, RAM: 2)
Client Client 4 participates in this round. (CPU: 2, RAM: 2)
Client Client 14 participates in this round. (CPU: 2, RAM: 2)
Client Client 19 participates in this round. (CPU: 2, RAM: 2)
Client Client 22 participates in this round. (CPU: 2, RAM: 2)
Client Client 8 participates in this round. (CPU: 2, RAM: 2)
Client Client 38 has insufficient CPU (1). Will not participate in the next FL round.
Client Client 3 participates in this round. (CPU: 2, RAM: 2)
Client Client 30 has insufficient CPU (1). Will not participate in the next FL round.
Client Client 2 participates in this round. (CPU: 2, RAM: 2)
Client Client 10 participates in this round. (CPU: 2, RAM: 2)
Client Client 5 participates in this round. (CPU: 2, RAM: 2)
Client Client 11 participates in this round. (CPU: 2, RAM: 2)
Client Client 39 has insufficient CPU (1). Will not participate in the next FL round.
Client Client 23 participates in this round. (CPU: 2, RAM: 2)
Client Client 20 participates in this round. (CPU: 2, RAM: 2)
Client Client 7 participates in this round. (CPU: 2, RAM: 2)
Client Client 17 participates in this round. (CPU: 2, RAM: 2)
Client Client 9 participates in this round. (CPU: 2, RAM: 2)
Client Client 28 has insufficient CPU (1). Will not participate in the next FL round.
Client Client 26 has insufficient CPU (1). Will not participate in the next FL round.
Client Client 6 participates in this round. (CPU: 2, RAM: 2)
Client Client 24 participates in this round. (CPU: 2, RAM: 2)
Client Client 1 participates in this round. (CPU: 2, RAM: 2)
Client Client 35 has insufficient CPU (1). Will not participate in the next FL round.
Client Client 40 has insufficient CPU (1). Will not participate in the next FL round.
Client Client 34 has insufficient CPU (1). Will not participate in the next FL round.
Client Client 15 participates in this round. (CPU: 2, RAM: 2)
Client Client 27 has insufficient CPU (1). Will not participate in the next FL round.
Client Client 33 has insufficient CPU (1). Will not participate in the next FL round.
Client Client 36 has insufficient CPU (1). Will not participate in the next FL round.
Client Client 29 has insufficient CPU (1). Will not participate in the next FL round.
Client Client 37 has insufficient CPU (1). Will not participate in the next FL round.
Client Client 31 has insufficient CPU (1). Will not participate in the next FL round.
Client Client 25 has insufficient CPU (1). Will not participate in the next FL round.
Client Client 32 has insufficient CPU (1). Will not participate in the next FL round.
Results Aggregated in 0.42 seconds.
{'prostate_logreg': {'train_loss': [0.5797648924210715, 0.5904991605947184, 0.5741372711924247, 0.5620664890658361, 0.5844833563807552, 0.5601529134499471, 0.5718169605588965, 0.5349920468328702, 0.5518784765599124, 0.5306864954794746, 0.5451663930936413, 0.5251984873838187, 0.5373900642959768, 0.5246615608160361], 'train_accuracy': [0.7222222222222222, 0.6937984496124031, 0.7142857142857143, 0.7625178826895566, 0.7085889570552147, 0.7421503330161751, 0.7295528898582334, 0.7778561354019746, 0.7534129692832765, 0.7737226277372263, 0.7541436464088398, 0.7703147017379052, 0.7543757292882147, 0.7603217158176944], 'train_f1': [0.6351708696946792, 0.5398648874189105, 0.6303745218279557, 0.6311409069797953, 0.6745301145010185, 0.6529931064159895, 0.7037811685885789, 0.7047412754696403, 0.7495536968582172, 0.7309616839615369, 0.7510466262227434, 0.736147582944784, 0.7528429567547709, 0.7358804089862214], 'train_mae': [0.2777777777777778, 0.3062015503875969, 0.2857142857142857, 0.2374821173104435, 0.29141104294478526, 0.25784966698382494, 0.27044711014176664, 0.22214386459802538, 0.24658703071672355, 0.22627737226277372, 0.24585635359116023, 0.22968529826209488, 0.2456242707117853, 0.23967828418230563], 'val_loss': [0.7245327421107245, 0.6863383310975246, 0.653705006193505, 0.6315183818305831, 0.6125920370914231, 0.6002574452859736, 0.5891591547758905, 0.5809041472285711, 0.5738744544581247, 0.568131300799036, 0.5633624123102782, 0.5595858177994374, 0.5557775124429644, 0.5524072250371886], 'val_accuracy': [0.5313520207137229, 0.5798765737533674, 0.6220967271499186, 0.6501448371026493, 0.6840653961623809, 0.7032832628162304, 0.7206383365429978, 0.7269709860056617, 0.7316401616924455, 0.7344128925896282, 0.7361768249676738, 0.7371181155871801, 0.7383934556468631, 0.7412464586541936], 'val_f1': [0.44126257711300315, 0.4821407878484198, 0.5440600405597353, 0.577862025955832, 0.6360612938990672, 0.6617729262753643, 0.6897725899438116, 0.6973447096787969, 0.7074127248168197, 0.7103822793312201, 0.715053331704128, 0.7155976511250304, 0.719140129093958, 0.7210226329486555], 'val_mae': [0.46864797928627716, 0.42012342624663257, 0.37790327285008135, 0.34985516289735086, 0.3159346038376191, 0.29671673718376956, 0.2793616634570021, 0.27302901399433827, 0.26835983830755455, 0.2655871074103719, 0.26382317503232633, 0.26288188441281995, 0.26160654435313685, 0.25875354134580647], 'jsd': [(0, 0, 0, 0, 0, 0, 0, 0, 0, 0, 0, 0, 0, 0.0207208396239082, 0.31127812445913283, 0.31127812445913283, 0.31127812445913283, 0.11009182675183558, 0.31127812445913283, 0.31127812445913283, 0.31127812445913283, 0.0037024515418363386, 0.31127812445913283, 0.31127812445913283, 0.31127812445913283, 0.31127812445913283, 0.31127812445913283, 0.31127812445913283, 0.31127812445913283, 0.31127812445913283, 0.0037024515418363386, 0.31127812445913283, 0.31127812445913283, 0.0350583482647871, 0.31127812445913283, 0.31127812445913283, 0.31127812445913283, 0, 0, 0), (0, 0, 0, 0, 0, 0, 0, 0, 0, 0, 0, 0, 0, 0.0207208396239082, 0.31127812445913283, 0.31127812445913283, 0.31127812445913283, 0.06548833004089114, 0.0014939931791539789, 0.31127812445913283, 0.07310400793180982, 0, 0.1711038312803313, 0.31127812445913283, 0, 0.007299156760473963, 0.009756534087137225, 0.31127812445913283, 0.31127812445913283, 0.31127812445913283, 0.015085156698935967, 0.0207208396239082, 0.16395604408354778, 0.0350583482647871, 0.31127812445913283, 0.31127812445913283, 0.16395604408354778, 0, 0, 0), (0, 0.16395604408354778, 0.31127812445913283, 0, 0, 0.18850340411986471, 0, 0.11009182675183558, 0, 0, 0, 0.1711038312803313, 0, 0, 0, 0.31127812445913283, 0, 0.07310400793180982, 0.31127812445913283, 0.07310400793180982, 0.31127812445913283, 0.31127812445913283, 0, 0.31127812445913283, 0.31127812445913283, 0.31127812445913283, 0, 0.31127812445913283, 0.11009182675183558, 0.31127812445913283, 0.07310400793180982, 0.31127812445913283, 0.0487949406953985, 0, 0.31127812445913283, 0, 0, 0, 0.31127812445913283, 0), (0.09328462323031235, 0.31127812445913283, 0.2087803925185126, 0.009756534087137225, 0.11385563424028564, 0.013714477705244553, 0.08025594233229469, 0.07310400793180982, 0.03857581598654605, 0.13251817521576753, 0.05253690168806249, 0.19326958066820893, 0.0350583482647871, 0.00429810722857266, 0.005050449860393488, 0.0207208396239082, 0.0487949406953985, 0, 0.31127812445913283, 0.07310400793180982, 0.007299156760473963, 0.0037024515418363386, 0.0002145058924891757, 0.31127812445913283, 0.31127812445913283, 0.11009182675183558, 0.12425601093475921, 0.31127812445913283, 0.17750440524619315, 0.07310400793180982, 0.07310400793180982, 0.31127812445913283, 0.31127812445913283, 0.05738732460549023, 0.011482406826014972, 0.001254883843183478, 0.0002145058924891757, 0.0487949406953985, 0.2227619806994962, 0.0487949406953985), (0, 0, 0, 0, 0, 0, 0, 0, 0, 0, 0, 0, 0, 0, 0, 0.2227619806994962, 0, 0, 0, 0, 0, 0, 0, 0, 0, 0, 0, 0, 0, 0, 0, 0, 0, 0, 0, 0, 0, 0, 0, 0), (0.009036677434107646, 0.005050449860393488, 0.23305878051279882, 0.014691469621310085, 0.016941071056623243, 0.00822299722902229, 0.06859186091507882, 0.042041899344894246, 0.05655009359654585, 0.03889315594457522, 0.0463685414106319, 0.10206066129537185, 0.02359015854559616, 0.005865051239364611, 0.05171298000558475, 0.025509910978289904, 0.0487949406953985, 0.0008025382728216734, 0.07310400793180982, 0.011482406826014972, 0.31127812445913283, 0.010396593705431272, 0.08111870596083268, 0.31127812445913283, 0.31127812445913283, 0.0207208396239082, 0.0487949406953985, 0.0022344421708708415, 0.2087803925185126, 0.07310400793180982, 0.042041899344894246, 0.20534969973663775, 0.05738732460549023, 0.01274900060462203, 0.16395604408354778, 0.028564156811275485, 0.0008790379110077892, 0.011482406826014972, 0.0207208396239082, 0.006523190206172563), (0, 0, 0, 0, 0, 0, 0, 0, 0, 0, 0, 0, 0, 0, 0, 0.24237412989240623, 0, 0, 0, 0, 0, 0, 0, 0, 0, 0, 0, 0, 0, 0, 0, 0, 0, 0, 0, 0, 0, 0, 0, 0), (0.0061446088533262735, 0.002830694750015385, 0.24844401300050659, 0.04105726891831728, 0.014038937565777093, 0.0014939931791539789, 0.10372355040574062, 0.0037024515418363386, 0.07898885115561567, 0.0031619139529965624, 0.02711041372683346, 0.08697257500448134, 0.010396593705431272, 0.0010689285835955437, 0.050988453276391066, 0.007299156760473963, 0.039737267151773975, 0.07850994353170956, 0.05738732460549023, 0.05400884513974839, 0.007299156760473963, 0.005407888490294582, 0.0019359358092692971, 0.2292798117148899, 0.15591489886228305, 0.05253690168806249, 0.011482406826014972, 0.00028867375520897666, 0.03857581598654605, 0.05400884513974839, 0.05400884513974839, 0.2227619806994962, 0.03221357089614439, 0.05738732460549023, 0.002830694750015385, 0.0350583482647871, 0.0008589183281813573, 0.018135571823116266, 0.03600088831260688, 0.11009182675183558), (0, 0, 0, 0, 0, 0, 0, 0, 0, 0, 0, 0, 0, 0, 0, 0, 0, 0, 0, 0, 0, 0, 0, 0, 0, 0, 0, 0, 0, 0, 0, 0, 0, 0, 0, 0, 0, 0, 0, 0), (0.0023839413783587893, 0.005301974832984377, 0.06900910450166178, 0.05207398638601675, 0.004122113616565049, 0.0009214584011009545, 0.10749195315105531, 0.0010689285835955437, 0.07622434155290266, 0.0032712817850098566, 0.004122113616565049, 0.1317293194736727, 0.007867664894852307, 0.0006631052098621127, 0.039191434062495145, 0.0064060099920141, 0.03268932243084692, 0, 0.19094034698434098, 0.05738732460549023, 0.009756534087137225, 0.009036677434107646, 0, 0.07622434155290266, 0.11009182675183558, 0, 0.0037024515418363386, 0.009335040408067166, 0.0487949406953985, 0.027910215332363916, 0.0010689285835955437, 0.23646636812449032, 0.0350583482647871, 0.0487949406953985, 0.007299156760473963, 0.031896080966716533, 0.0027533280550219065, 0.025140556297286162, 0.05207398638601675, 0.006830658680456639), (0, 0, 0, 0, 0, 0, 0, 0, 0, 0, 0, 0, 0, 0, 0, 0, 0, 0, 0, 0, 0, 0, 0, 0, 0, 0, 0, 0, 0, 0, 0.013949306965373928, 0, 0, 0, 0, 0, 0, 0, 0, 0), (0.0016626576184457752, 0.0006767219177472479, 0.06149937804507184, 0.06502539038278278, 0.008723329471708632, 0.00036176918093652755, 0.09555361251896813, 0.0001877124226694997, 0.023795695918608258, 0.0010160633509259717, 0.006963639137030152, 0.15058560986911712, 0.007775948452200233, 0.002349447614504129, 0.04066211490300797, 0.004528991295546424, 0.0350583482647871, 0, 0.20534969973663775, 0.06322393781435344, 0.0207208396239082, 0.0024479765006755194, 0, 0.02276859998040022, 0.12745428142147208, 0, 0.0026078279567117203, 0.006523190206172563, 0.004816452941871073, 0.015588395748542892, 0.0001877124226694997, 0.24616505675524458, 0.027910215332363916, 0.03634284572901042, 0.03302877414247969, 0.015297775930101544, 0.006963639137030152, 0.0006767219177472479, 0.04746468216969184, 0), (0, 0, 0, 0, 0, 0, 0, 0, 0, 0, 0, 0, 0, 0, 0, 0, 0, 0, 0, 0, 0, 0, 0, 0, 0, 0, 0, 0, 0, 0, 0.0029530155390121333, 0, 0, 0, 0, 0, 0, 0, 0, 0), (0, 0, 0, 0, 0, 0, 0, 0, 0, 0, 0, 0, 0, 0.004816452941871073, 5.551033283418159e-05, 0.031173613118524304, 0.06390744704610728, 0.0006246337730938037, 0.0004746229241440903, 0.10112402163718603, 0.006523190206172563, 0.017476244325223163, 0.026668965913709028, 0, 0.13138880793914987, 0.002114884643984207, 0.0030834536326394824, 0.03335434504876711, 0.0014939931791539789, 0.045224567067496654, 0, 0.0022344421708708415, 0.001564467561066686, 0.004469552452063288, 0.004528991295546424, 0.049943092483862694, 0.0024479765006755194, 0, 0, 0)]}}
AdaptationManager: Configuring next round...
{'client_registry': {'enabled': True, 'params': {}}, 'client_selector': {'enabled': True, 'params': {'selection_strategy': 'Resource-Based', 'selection_criteria': 'CPU', 'selection_value': 2}}, 'client_cluster': {'enabled': False, 'params': {}}, 'message_compressor': {'enabled': False, 'params': {}}, 'model_co-versioning_registry': {'enabled': False, 'params': {}}, 'multi-task_model_trainer': {'enabled': False, 'params': {}}, 'heterogeneous_data_handler': {'enabled': True, 'params': {'enabled_clients': []}}}
{'client_selector': {'enabled': True}, 'client_cluster': {'enabled': False}, 'message_compressor': {'enabled': False}, 'model_co-versioning_registry': {'enabled': False}, 'multi-task_model_trainer': {'enabled': False}, 'heterogeneous_data_handler': {'enabled': True, 'params': {'enabled_clients': ['Client 3', 'Client 19', 'Client 25', 'Client 32']}}, 'client_registry': {'enabled': True, 'params': {}}}
{'model_type': 'prostate_logreg', 'metrics': {'prostate_logreg': {'train_loss': [0.5797648924210715, 0.5904991605947184, 0.5741372711924247, 0.5620664890658361, 0.5844833563807552, 0.5601529134499471, 0.5718169605588965, 0.5349920468328702, 0.5518784765599124, 0.5306864954794746, 0.5451663930936413, 0.5251984873838187, 0.5373900642959768, 0.5246615608160361], 'train_accuracy': [0.7222222222222222, 0.6937984496124031, 0.7142857142857143, 0.7625178826895566, 0.7085889570552147, 0.7421503330161751, 0.7295528898582334, 0.7778561354019746, 0.7534129692832765, 0.7737226277372263, 0.7541436464088398, 0.7703147017379052, 0.7543757292882147, 0.7603217158176944], 'train_f1': [0.6351708696946792, 0.5398648874189105, 0.6303745218279557, 0.6311409069797953, 0.6745301145010185, 0.6529931064159895, 0.7037811685885789, 0.7047412754696403, 0.7495536968582172, 0.7309616839615369, 0.7510466262227434, 0.736147582944784, 0.7528429567547709, 0.7358804089862214], 'train_mae': [0.2777777777777778, 0.3062015503875969, 0.2857142857142857, 0.2374821173104435, 0.29141104294478526, 0.25784966698382494, 0.27044711014176664, 0.22214386459802538, 0.24658703071672355, 0.22627737226277372, 0.24585635359116023, 0.22968529826209488, 0.2456242707117853, 0.23967828418230563], 'val_loss': [0.7245327421107245, 0.6863383310975246, 0.653705006193505, 0.6315183818305831, 0.6125920370914231, 0.6002574452859736, 0.5891591547758905, 0.5809041472285711, 0.5738744544581247, 0.568131300799036, 0.5633624123102782, 0.5595858177994374, 0.5557775124429644, 0.5524072250371886], 'val_accuracy': [0.5313520207137229, 0.5798765737533674, 0.6220967271499186, 0.6501448371026493, 0.6840653961623809, 0.7032832628162304, 0.7206383365429978, 0.7269709860056617, 0.7316401616924455, 0.7344128925896282, 0.7361768249676738, 0.7371181155871801, 0.7383934556468631, 0.7412464586541936], 'val_f1': [0.44126257711300315, 0.4821407878484198, 0.5440600405597353, 0.577862025955832, 0.6360612938990672, 0.6617729262753643, 0.6897725899438116, 0.6973447096787969, 0.7074127248168197, 0.7103822793312201, 0.715053331704128, 0.7155976511250304, 0.719140129093958, 0.7210226329486555], 'val_mae': [0.46864797928627716, 0.42012342624663257, 0.37790327285008135, 0.34985516289735086, 0.3159346038376191, 0.29671673718376956, 0.2793616634570021, 0.27302901399433827, 0.26835983830755455, 0.2655871074103719, 0.26382317503232633, 0.26288188441281995, 0.26160654435313685, 0.25875354134580647], 'jsd': [(0, 0, 0, 0, 0, 0, 0, 0, 0, 0, 0, 0, 0, 0.0207208396239082, 0.31127812445913283, 0.31127812445913283, 0.31127812445913283, 0.11009182675183558, 0.31127812445913283, 0.31127812445913283, 0.31127812445913283, 0.0037024515418363386, 0.31127812445913283, 0.31127812445913283, 0.31127812445913283, 0.31127812445913283, 0.31127812445913283, 0.31127812445913283, 0.31127812445913283, 0.31127812445913283, 0.0037024515418363386, 0.31127812445913283, 0.31127812445913283, 0.0350583482647871, 0.31127812445913283, 0.31127812445913283, 0.31127812445913283, 0, 0, 0), (0, 0, 0, 0, 0, 0, 0, 0, 0, 0, 0, 0, 0, 0.0207208396239082, 0.31127812445913283, 0.31127812445913283, 0.31127812445913283, 0.06548833004089114, 0.0014939931791539789, 0.31127812445913283, 0.07310400793180982, 0, 0.1711038312803313, 0.31127812445913283, 0, 0.007299156760473963, 0.009756534087137225, 0.31127812445913283, 0.31127812445913283, 0.31127812445913283, 0.015085156698935967, 0.0207208396239082, 0.16395604408354778, 0.0350583482647871, 0.31127812445913283, 0.31127812445913283, 0.16395604408354778, 0, 0, 0), (0, 0.16395604408354778, 0.31127812445913283, 0, 0, 0.18850340411986471, 0, 0.11009182675183558, 0, 0, 0, 0.1711038312803313, 0, 0, 0, 0.31127812445913283, 0, 0.07310400793180982, 0.31127812445913283, 0.07310400793180982, 0.31127812445913283, 0.31127812445913283, 0, 0.31127812445913283, 0.31127812445913283, 0.31127812445913283, 0, 0.31127812445913283, 0.11009182675183558, 0.31127812445913283, 0.07310400793180982, 0.31127812445913283, 0.0487949406953985, 0, 0.31127812445913283, 0, 0, 0, 0.31127812445913283, 0), (0.09328462323031235, 0.31127812445913283, 0.2087803925185126, 0.009756534087137225, 0.11385563424028564, 0.013714477705244553, 0.08025594233229469, 0.07310400793180982, 0.03857581598654605, 0.13251817521576753, 0.05253690168806249, 0.19326958066820893, 0.0350583482647871, 0.00429810722857266, 0.005050449860393488, 0.0207208396239082, 0.0487949406953985, 0, 0.31127812445913283, 0.07310400793180982, 0.007299156760473963, 0.0037024515418363386, 0.0002145058924891757, 0.31127812445913283, 0.31127812445913283, 0.11009182675183558, 0.12425601093475921, 0.31127812445913283, 0.17750440524619315, 0.07310400793180982, 0.07310400793180982, 0.31127812445913283, 0.31127812445913283, 0.05738732460549023, 0.011482406826014972, 0.001254883843183478, 0.0002145058924891757, 0.0487949406953985, 0.2227619806994962, 0.0487949406953985), (0, 0, 0, 0, 0, 0, 0, 0, 0, 0, 0, 0, 0, 0, 0, 0.2227619806994962, 0, 0, 0, 0, 0, 0, 0, 0, 0, 0, 0, 0, 0, 0, 0, 0, 0, 0, 0, 0, 0, 0, 0, 0), (0.009036677434107646, 0.005050449860393488, 0.23305878051279882, 0.014691469621310085, 0.016941071056623243, 0.00822299722902229, 0.06859186091507882, 0.042041899344894246, 0.05655009359654585, 0.03889315594457522, 0.0463685414106319, 0.10206066129537185, 0.02359015854559616, 0.005865051239364611, 0.05171298000558475, 0.025509910978289904, 0.0487949406953985, 0.0008025382728216734, 0.07310400793180982, 0.011482406826014972, 0.31127812445913283, 0.010396593705431272, 0.08111870596083268, 0.31127812445913283, 0.31127812445913283, 0.0207208396239082, 0.0487949406953985, 0.0022344421708708415, 0.2087803925185126, 0.07310400793180982, 0.042041899344894246, 0.20534969973663775, 0.05738732460549023, 0.01274900060462203, 0.16395604408354778, 0.028564156811275485, 0.0008790379110077892, 0.011482406826014972, 0.0207208396239082, 0.006523190206172563), (0, 0, 0, 0, 0, 0, 0, 0, 0, 0, 0, 0, 0, 0, 0, 0.24237412989240623, 0, 0, 0, 0, 0, 0, 0, 0, 0, 0, 0, 0, 0, 0, 0, 0, 0, 0, 0, 0, 0, 0, 0, 0), (0.0061446088533262735, 0.002830694750015385, 0.24844401300050659, 0.04105726891831728, 0.014038937565777093, 0.0014939931791539789, 0.10372355040574062, 0.0037024515418363386, 0.07898885115561567, 0.0031619139529965624, 0.02711041372683346, 0.08697257500448134, 0.010396593705431272, 0.0010689285835955437, 0.050988453276391066, 0.007299156760473963, 0.039737267151773975, 0.07850994353170956, 0.05738732460549023, 0.05400884513974839, 0.007299156760473963, 0.005407888490294582, 0.0019359358092692971, 0.2292798117148899, 0.15591489886228305, 0.05253690168806249, 0.011482406826014972, 0.00028867375520897666, 0.03857581598654605, 0.05400884513974839, 0.05400884513974839, 0.2227619806994962, 0.03221357089614439, 0.05738732460549023, 0.002830694750015385, 0.0350583482647871, 0.0008589183281813573, 0.018135571823116266, 0.03600088831260688, 0.11009182675183558), (0, 0, 0, 0, 0, 0, 0, 0, 0, 0, 0, 0, 0, 0, 0, 0, 0, 0, 0, 0, 0, 0, 0, 0, 0, 0, 0, 0, 0, 0, 0, 0, 0, 0, 0, 0, 0, 0, 0, 0), (0.0023839413783587893, 0.005301974832984377, 0.06900910450166178, 0.05207398638601675, 0.004122113616565049, 0.0009214584011009545, 0.10749195315105531, 0.0010689285835955437, 0.07622434155290266, 0.0032712817850098566, 0.004122113616565049, 0.1317293194736727, 0.007867664894852307, 0.0006631052098621127, 0.039191434062495145, 0.0064060099920141, 0.03268932243084692, 0, 0.19094034698434098, 0.05738732460549023, 0.009756534087137225, 0.009036677434107646, 0, 0.07622434155290266, 0.11009182675183558, 0, 0.0037024515418363386, 0.009335040408067166, 0.0487949406953985, 0.027910215332363916, 0.0010689285835955437, 0.23646636812449032, 0.0350583482647871, 0.0487949406953985, 0.007299156760473963, 0.031896080966716533, 0.0027533280550219065, 0.025140556297286162, 0.05207398638601675, 0.006830658680456639), (0, 0, 0, 0, 0, 0, 0, 0, 0, 0, 0, 0, 0, 0, 0, 0, 0, 0, 0, 0, 0, 0, 0, 0, 0, 0, 0, 0, 0, 0, 0.013949306965373928, 0, 0, 0, 0, 0, 0, 0, 0, 0), (0.0016626576184457752, 0.0006767219177472479, 0.06149937804507184, 0.06502539038278278, 0.008723329471708632, 0.00036176918093652755, 0.09555361251896813, 0.0001877124226694997, 0.023795695918608258, 0.0010160633509259717, 0.006963639137030152, 0.15058560986911712, 0.007775948452200233, 0.002349447614504129, 0.04066211490300797, 0.004528991295546424, 0.0350583482647871, 0, 0.20534969973663775, 0.06322393781435344, 0.0207208396239082, 0.0024479765006755194, 0, 0.02276859998040022, 0.12745428142147208, 0, 0.0026078279567117203, 0.006523190206172563, 0.004816452941871073, 0.015588395748542892, 0.0001877124226694997, 0.24616505675524458, 0.027910215332363916, 0.03634284572901042, 0.03302877414247969, 0.015297775930101544, 0.006963639137030152, 0.0006767219177472479, 0.04746468216969184, 0), (0, 0, 0, 0, 0, 0, 0, 0, 0, 0, 0, 0, 0, 0, 0, 0, 0, 0, 0, 0, 0, 0, 0, 0, 0, 0, 0, 0, 0, 0, 0.0029530155390121333, 0, 0, 0, 0, 0, 0, 0, 0, 0), (0, 0, 0, 0, 0, 0, 0, 0, 0, 0, 0, 0, 0, 0.004816452941871073, 5.551033283418159e-05, 0.031173613118524304, 0.06390744704610728, 0.0006246337730938037, 0.0004746229241440903, 0.10112402163718603, 0.006523190206172563, 0.017476244325223163, 0.026668965913709028, 0, 0.13138880793914987, 0.002114884643984207, 0.0030834536326394824, 0.03335434504876711, 0.0014939931791539789, 0.045224567067496654, 0, 0.0022344421708708415, 0.001564467561066686, 0.004469552452063288, 0.004528991295546424, 0.049943092483862694, 0.0024479765006755194, 0, 0, 0)]}}, 'time': 0.4489588737487793, 'communication_time': 0.37271571159362793}
-0.003401046611472905
client_selector de-activated ❌
0.001883875357573852
heterogeneous_data_handler activated ✅ for clients: ['Client 1', 'Client 2', 'Client 4', 'Client 5', 'Client 6', 'Client 7', 'Client 8', 'Client 9', 'Client 10', 'Client 11', 'Client 12', 'Client 13', 'Client 14', 'Client 15', 'Client 16', 'Client 17', 'Client 18', 'Client 20', 'Client 21', 'Client 22', 'Client 23', 'Client 24', 'Client 26', 'Client 27', 'Client 28', 'Client 29', 'Client 30', 'Client 31', 'Client 33', 'Client 34', 'Client 35', 'Client 36', 'Client 37', 'Client 38', 'Client 39', 'Client 40']
Results Aggregated in 0.46 seconds.
{'prostate_logreg': {'train_loss': [0.5797648924210715, 0.5904991605947184, 0.5741372711924247, 0.5620664890658361, 0.5844833563807552, 0.5601529134499471, 0.5718169605588965, 0.5349920468328702, 0.5518784765599124, 0.5306864954794746, 0.5451663930936413, 0.5251984873838187, 0.5373900642959768, 0.5246615608160361, 0.5301755322297048], 'train_accuracy': [0.7222222222222222, 0.6937984496124031, 0.7142857142857143, 0.7625178826895566, 0.7085889570552147, 0.7421503330161751, 0.7295528898582334, 0.7778561354019746, 0.7534129692832765, 0.7737226277372263, 0.7541436464088398, 0.7703147017379052, 0.7543757292882147, 0.7603217158176944, 0.7583429228998849], 'train_f1': [0.6351708696946792, 0.5398648874189105, 0.6303745218279557, 0.6311409069797953, 0.6745301145010185, 0.6529931064159895, 0.7037811685885789, 0.7047412754696403, 0.7495536968582172, 0.7309616839615369, 0.7510466262227434, 0.736147582944784, 0.7528429567547709, 0.7358804089862214, 0.755233139469614], 'train_mae': [0.2777777777777778, 0.3062015503875969, 0.2857142857142857, 0.2374821173104435, 0.29141104294478526, 0.25784966698382494, 0.27044711014176664, 0.22214386459802538, 0.24658703071672355, 0.22627737226277372, 0.24585635359116023, 0.22968529826209488, 0.2456242707117853, 0.23967828418230563, 0.24165707710011508], 'val_loss': [0.7245327421107245, 0.6863383310975246, 0.653705006193505, 0.6315183818305831, 0.6125920370914231, 0.6002574452859736, 0.5891591547758905, 0.5809041472285711, 0.5738744544581247, 0.568131300799036, 0.5633624123102782, 0.5595858177994374, 0.5557775124429644, 0.5524072250371886, 0.5511035178802561], 'val_accuracy': [0.5313520207137229, 0.5798765737533674, 0.6220967271499186, 0.6501448371026493, 0.6840653961623809, 0.7032832628162304, 0.7206383365429978, 0.7269709860056617, 0.7316401616924455, 0.7344128925896282, 0.7361768249676738, 0.7371181155871801, 0.7383934556468631, 0.7412464586541936, 0.739979243009138], 'val_f1': [0.44126257711300315, 0.4821407878484198, 0.5440600405597353, 0.577862025955832, 0.6360612938990672, 0.6617729262753643, 0.6897725899438116, 0.6973447096787969, 0.7074127248168197, 0.7103822793312201, 0.715053331704128, 0.7155976511250304, 0.719140129093958, 0.7210226329486555, 0.721761741512258], 'val_mae': [0.46864797928627716, 0.42012342624663257, 0.37790327285008135, 0.34985516289735086, 0.3159346038376191, 0.29671673718376956, 0.2793616634570021, 0.27302901399433827, 0.26835983830755455, 0.2655871074103719, 0.26382317503232633, 0.26288188441281995, 0.26160654435313685, 0.25875354134580647, 0.260020756990862], 'jsd': [(0, 0, 0, 0, 0, 0, 0, 0, 0, 0, 0, 0, 0, 0.0207208396239082, 0.31127812445913283, 0.31127812445913283, 0.31127812445913283, 0.11009182675183558, 0.31127812445913283, 0.31127812445913283, 0.31127812445913283, 0.0037024515418363386, 0.31127812445913283, 0.31127812445913283, 0.31127812445913283, 0.31127812445913283, 0.31127812445913283, 0.31127812445913283, 0.31127812445913283, 0.31127812445913283, 0.0037024515418363386, 0.31127812445913283, 0.31127812445913283, 0.0350583482647871, 0.31127812445913283, 0.31127812445913283, 0.31127812445913283, 0, 0, 0), (0, 0, 0, 0, 0, 0, 0, 0, 0, 0, 0, 0, 0, 0.0207208396239082, 0.31127812445913283, 0.31127812445913283, 0.31127812445913283, 0.06548833004089114, 0.0014939931791539789, 0.31127812445913283, 0.07310400793180982, 0, 0.1711038312803313, 0.31127812445913283, 0, 0.007299156760473963, 0.009756534087137225, 0.31127812445913283, 0.31127812445913283, 0.31127812445913283, 0.015085156698935967, 0.0207208396239082, 0.16395604408354778, 0.0350583482647871, 0.31127812445913283, 0.31127812445913283, 0.16395604408354778, 0, 0, 0), (0, 0.16395604408354778, 0.31127812445913283, 0, 0, 0.18850340411986471, 0, 0.11009182675183558, 0, 0, 0, 0.1711038312803313, 0, 0, 0, 0.31127812445913283, 0, 0.07310400793180982, 0.31127812445913283, 0.07310400793180982, 0.31127812445913283, 0.31127812445913283, 0, 0.31127812445913283, 0.31127812445913283, 0.31127812445913283, 0, 0.31127812445913283, 0.11009182675183558, 0.31127812445913283, 0.07310400793180982, 0.31127812445913283, 0.0487949406953985, 0, 0.31127812445913283, 0, 0, 0, 0.31127812445913283, 0), (0.09328462323031235, 0.31127812445913283, 0.2087803925185126, 0.009756534087137225, 0.11385563424028564, 0.013714477705244553, 0.08025594233229469, 0.07310400793180982, 0.03857581598654605, 0.13251817521576753, 0.05253690168806249, 0.19326958066820893, 0.0350583482647871, 0.00429810722857266, 0.005050449860393488, 0.0207208396239082, 0.0487949406953985, 0, 0.31127812445913283, 0.07310400793180982, 0.007299156760473963, 0.0037024515418363386, 0.0002145058924891757, 0.31127812445913283, 0.31127812445913283, 0.11009182675183558, 0.12425601093475921, 0.31127812445913283, 0.17750440524619315, 0.07310400793180982, 0.07310400793180982, 0.31127812445913283, 0.31127812445913283, 0.05738732460549023, 0.011482406826014972, 0.001254883843183478, 0.0002145058924891757, 0.0487949406953985, 0.2227619806994962, 0.0487949406953985), (0, 0, 0, 0, 0, 0, 0, 0, 0, 0, 0, 0, 0, 0, 0, 0.2227619806994962, 0, 0, 0, 0, 0, 0, 0, 0, 0, 0, 0, 0, 0, 0, 0, 0, 0, 0, 0, 0, 0, 0, 0, 0), (0.009036677434107646, 0.005050449860393488, 0.23305878051279882, 0.014691469621310085, 0.016941071056623243, 0.00822299722902229, 0.06859186091507882, 0.042041899344894246, 0.05655009359654585, 0.03889315594457522, 0.0463685414106319, 0.10206066129537185, 0.02359015854559616, 0.005865051239364611, 0.05171298000558475, 0.025509910978289904, 0.0487949406953985, 0.0008025382728216734, 0.07310400793180982, 0.011482406826014972, 0.31127812445913283, 0.010396593705431272, 0.08111870596083268, 0.31127812445913283, 0.31127812445913283, 0.0207208396239082, 0.0487949406953985, 0.0022344421708708415, 0.2087803925185126, 0.07310400793180982, 0.042041899344894246, 0.20534969973663775, 0.05738732460549023, 0.01274900060462203, 0.16395604408354778, 0.028564156811275485, 0.0008790379110077892, 0.011482406826014972, 0.0207208396239082, 0.006523190206172563), (0, 0, 0, 0, 0, 0, 0, 0, 0, 0, 0, 0, 0, 0, 0, 0.24237412989240623, 0, 0, 0, 0, 0, 0, 0, 0, 0, 0, 0, 0, 0, 0, 0, 0, 0, 0, 0, 0, 0, 0, 0, 0), (0.0061446088533262735, 0.002830694750015385, 0.24844401300050659, 0.04105726891831728, 0.014038937565777093, 0.0014939931791539789, 0.10372355040574062, 0.0037024515418363386, 0.07898885115561567, 0.0031619139529965624, 0.02711041372683346, 0.08697257500448134, 0.010396593705431272, 0.0010689285835955437, 0.050988453276391066, 0.007299156760473963, 0.039737267151773975, 0.07850994353170956, 0.05738732460549023, 0.05400884513974839, 0.007299156760473963, 0.005407888490294582, 0.0019359358092692971, 0.2292798117148899, 0.15591489886228305, 0.05253690168806249, 0.011482406826014972, 0.00028867375520897666, 0.03857581598654605, 0.05400884513974839, 0.05400884513974839, 0.2227619806994962, 0.03221357089614439, 0.05738732460549023, 0.002830694750015385, 0.0350583482647871, 0.0008589183281813573, 0.018135571823116266, 0.03600088831260688, 0.11009182675183558), (0, 0, 0, 0, 0, 0, 0, 0, 0, 0, 0, 0, 0, 0, 0, 0, 0, 0, 0, 0, 0, 0, 0, 0, 0, 0, 0, 0, 0, 0, 0, 0, 0, 0, 0, 0, 0, 0, 0, 0), (0.0023839413783587893, 0.005301974832984377, 0.06900910450166178, 0.05207398638601675, 0.004122113616565049, 0.0009214584011009545, 0.10749195315105531, 0.0010689285835955437, 0.07622434155290266, 0.0032712817850098566, 0.004122113616565049, 0.1317293194736727, 0.007867664894852307, 0.0006631052098621127, 0.039191434062495145, 0.0064060099920141, 0.03268932243084692, 0, 0.19094034698434098, 0.05738732460549023, 0.009756534087137225, 0.009036677434107646, 0, 0.07622434155290266, 0.11009182675183558, 0, 0.0037024515418363386, 0.009335040408067166, 0.0487949406953985, 0.027910215332363916, 0.0010689285835955437, 0.23646636812449032, 0.0350583482647871, 0.0487949406953985, 0.007299156760473963, 0.031896080966716533, 0.0027533280550219065, 0.025140556297286162, 0.05207398638601675, 0.006830658680456639), (0, 0, 0, 0, 0, 0, 0, 0, 0, 0, 0, 0, 0, 0, 0, 0, 0, 0, 0, 0, 0, 0, 0, 0, 0, 0, 0, 0, 0, 0, 0.013949306965373928, 0, 0, 0, 0, 0, 0, 0, 0, 0), (0.0016626576184457752, 0.0006767219177472479, 0.06149937804507184, 0.06502539038278278, 0.008723329471708632, 0.00036176918093652755, 0.09555361251896813, 0.0001877124226694997, 0.023795695918608258, 0.0010160633509259717, 0.006963639137030152, 0.15058560986911712, 0.007775948452200233, 0.002349447614504129, 0.04066211490300797, 0.004528991295546424, 0.0350583482647871, 0, 0.20534969973663775, 0.06322393781435344, 0.0207208396239082, 0.0024479765006755194, 0, 0.02276859998040022, 0.12745428142147208, 0, 0.0026078279567117203, 0.006523190206172563, 0.004816452941871073, 0.015588395748542892, 0.0001877124226694997, 0.24616505675524458, 0.027910215332363916, 0.03634284572901042, 0.03302877414247969, 0.015297775930101544, 0.006963639137030152, 0.0006767219177472479, 0.04746468216969184, 0), (0, 0, 0, 0, 0, 0, 0, 0, 0, 0, 0, 0, 0, 0, 0, 0, 0, 0, 0, 0, 0, 0, 0, 0, 0, 0, 0, 0, 0, 0, 0.0029530155390121333, 0, 0, 0, 0, 0, 0, 0, 0, 0), (0, 0, 0, 0, 0, 0, 0, 0, 0, 0, 0, 0, 0, 0.004816452941871073, 5.551033283418159e-05, 0.031173613118524304, 0.06390744704610728, 0.0006246337730938037, 0.0004746229241440903, 0.10112402163718603, 0.006523190206172563, 0.017476244325223163, 0.026668965913709028, 0, 0.13138880793914987, 0.002114884643984207, 0.0030834536326394824, 0.03335434504876711, 0.0014939931791539789, 0.045224567067496654, 0, 0.0022344421708708415, 0.001564467561066686, 0.004469552452063288, 0.004528991295546424, 0.049943092483862694, 0.0024479765006755194, 0, 0, 0), (0, 0, 0, 0, 0, 0, 0, 0, 0, 0, 0.00013663754192747794, 0, 0, 0, 0, 0, 0, 0.06149937804507184, 0, 0, 0, 0, 0.001842090186059877, 0, 0, 0.05528500114149415, 0, 0, 0, 0, 0, 0, 0, 0, 0, 0, 0, 0, 0, 0)]}}
AdaptationManager: Configuring next round...
{'client_registry': {'enabled': True, 'params': {}}, 'client_selector': {'enabled': True, 'params': {'selection_strategy': 'Resource-Based', 'selection_criteria': 'CPU', 'selection_value': 2}}, 'client_cluster': {'enabled': False, 'params': {}}, 'message_compressor': {'enabled': False, 'params': {}}, 'model_co-versioning_registry': {'enabled': False, 'params': {}}, 'multi-task_model_trainer': {'enabled': False, 'params': {}}, 'heterogeneous_data_handler': {'enabled': True, 'params': {'enabled_clients': []}}}
{'client_selector': {'enabled': False}, 'client_cluster': {'enabled': False}, 'message_compressor': {'enabled': False}, 'model_co-versioning_registry': {'enabled': False}, 'multi-task_model_trainer': {'enabled': False}, 'heterogeneous_data_handler': {'enabled': True, 'params': {'enabled_clients': ['Client 1', 'Client 2', 'Client 4', 'Client 5', 'Client 6', 'Client 7', 'Client 8', 'Client 9', 'Client 10', 'Client 11', 'Client 12', 'Client 13', 'Client 14', 'Client 15', 'Client 16', 'Client 17', 'Client 18', 'Client 20', 'Client 21', 'Client 22', 'Client 23', 'Client 24', 'Client 26', 'Client 27', 'Client 28', 'Client 29', 'Client 30', 'Client 31', 'Client 33', 'Client 34', 'Client 35', 'Client 36', 'Client 37', 'Client 38', 'Client 39', 'Client 40']}}, 'client_registry': {'enabled': True, 'params': {}}}
{'model_type': 'prostate_logreg', 'metrics': {'prostate_logreg': {'train_loss': [0.5797648924210715, 0.5904991605947184, 0.5741372711924247, 0.5620664890658361, 0.5844833563807552, 0.5601529134499471, 0.5718169605588965, 0.5349920468328702, 0.5518784765599124, 0.5306864954794746, 0.5451663930936413, 0.5251984873838187, 0.5373900642959768, 0.5246615608160361, 0.5301755322297048], 'train_accuracy': [0.7222222222222222, 0.6937984496124031, 0.7142857142857143, 0.7625178826895566, 0.7085889570552147, 0.7421503330161751, 0.7295528898582334, 0.7778561354019746, 0.7534129692832765, 0.7737226277372263, 0.7541436464088398, 0.7703147017379052, 0.7543757292882147, 0.7603217158176944, 0.7583429228998849], 'train_f1': [0.6351708696946792, 0.5398648874189105, 0.6303745218279557, 0.6311409069797953, 0.6745301145010185, 0.6529931064159895, 0.7037811685885789, 0.7047412754696403, 0.7495536968582172, 0.7309616839615369, 0.7510466262227434, 0.736147582944784, 0.7528429567547709, 0.7358804089862214, 0.755233139469614], 'train_mae': [0.2777777777777778, 0.3062015503875969, 0.2857142857142857, 0.2374821173104435, 0.29141104294478526, 0.25784966698382494, 0.27044711014176664, 0.22214386459802538, 0.24658703071672355, 0.22627737226277372, 0.24585635359116023, 0.22968529826209488, 0.2456242707117853, 0.23967828418230563, 0.24165707710011508], 'val_loss': [0.7245327421107245, 0.6863383310975246, 0.653705006193505, 0.6315183818305831, 0.6125920370914231, 0.6002574452859736, 0.5891591547758905, 0.5809041472285711, 0.5738744544581247, 0.568131300799036, 0.5633624123102782, 0.5595858177994374, 0.5557775124429644, 0.5524072250371886, 0.5511035178802561], 'val_accuracy': [0.5313520207137229, 0.5798765737533674, 0.6220967271499186, 0.6501448371026493, 0.6840653961623809, 0.7032832628162304, 0.7206383365429978, 0.7269709860056617, 0.7316401616924455, 0.7344128925896282, 0.7361768249676738, 0.7371181155871801, 0.7383934556468631, 0.7412464586541936, 0.739979243009138], 'val_f1': [0.44126257711300315, 0.4821407878484198, 0.5440600405597353, 0.577862025955832, 0.6360612938990672, 0.6617729262753643, 0.6897725899438116, 0.6973447096787969, 0.7074127248168197, 0.7103822793312201, 0.715053331704128, 0.7155976511250304, 0.719140129093958, 0.7210226329486555, 0.721761741512258], 'val_mae': [0.46864797928627716, 0.42012342624663257, 0.37790327285008135, 0.34985516289735086, 0.3159346038376191, 0.29671673718376956, 0.2793616634570021, 0.27302901399433827, 0.26835983830755455, 0.2655871074103719, 0.26382317503232633, 0.26288188441281995, 0.26160654435313685, 0.25875354134580647, 0.260020756990862], 'jsd': [(0, 0, 0, 0, 0, 0, 0, 0, 0, 0, 0, 0, 0, 0.0207208396239082, 0.31127812445913283, 0.31127812445913283, 0.31127812445913283, 0.11009182675183558, 0.31127812445913283, 0.31127812445913283, 0.31127812445913283, 0.0037024515418363386, 0.31127812445913283, 0.31127812445913283, 0.31127812445913283, 0.31127812445913283, 0.31127812445913283, 0.31127812445913283, 0.31127812445913283, 0.31127812445913283, 0.0037024515418363386, 0.31127812445913283, 0.31127812445913283, 0.0350583482647871, 0.31127812445913283, 0.31127812445913283, 0.31127812445913283, 0, 0, 0), (0, 0, 0, 0, 0, 0, 0, 0, 0, 0, 0, 0, 0, 0.0207208396239082, 0.31127812445913283, 0.31127812445913283, 0.31127812445913283, 0.06548833004089114, 0.0014939931791539789, 0.31127812445913283, 0.07310400793180982, 0, 0.1711038312803313, 0.31127812445913283, 0, 0.007299156760473963, 0.009756534087137225, 0.31127812445913283, 0.31127812445913283, 0.31127812445913283, 0.015085156698935967, 0.0207208396239082, 0.16395604408354778, 0.0350583482647871, 0.31127812445913283, 0.31127812445913283, 0.16395604408354778, 0, 0, 0), (0, 0.16395604408354778, 0.31127812445913283, 0, 0, 0.18850340411986471, 0, 0.11009182675183558, 0, 0, 0, 0.1711038312803313, 0, 0, 0, 0.31127812445913283, 0, 0.07310400793180982, 0.31127812445913283, 0.07310400793180982, 0.31127812445913283, 0.31127812445913283, 0, 0.31127812445913283, 0.31127812445913283, 0.31127812445913283, 0, 0.31127812445913283, 0.11009182675183558, 0.31127812445913283, 0.07310400793180982, 0.31127812445913283, 0.0487949406953985, 0, 0.31127812445913283, 0, 0, 0, 0.31127812445913283, 0), (0.09328462323031235, 0.31127812445913283, 0.2087803925185126, 0.009756534087137225, 0.11385563424028564, 0.013714477705244553, 0.08025594233229469, 0.07310400793180982, 0.03857581598654605, 0.13251817521576753, 0.05253690168806249, 0.19326958066820893, 0.0350583482647871, 0.00429810722857266, 0.005050449860393488, 0.0207208396239082, 0.0487949406953985, 0, 0.31127812445913283, 0.07310400793180982, 0.007299156760473963, 0.0037024515418363386, 0.0002145058924891757, 0.31127812445913283, 0.31127812445913283, 0.11009182675183558, 0.12425601093475921, 0.31127812445913283, 0.17750440524619315, 0.07310400793180982, 0.07310400793180982, 0.31127812445913283, 0.31127812445913283, 0.05738732460549023, 0.011482406826014972, 0.001254883843183478, 0.0002145058924891757, 0.0487949406953985, 0.2227619806994962, 0.0487949406953985), (0, 0, 0, 0, 0, 0, 0, 0, 0, 0, 0, 0, 0, 0, 0, 0.2227619806994962, 0, 0, 0, 0, 0, 0, 0, 0, 0, 0, 0, 0, 0, 0, 0, 0, 0, 0, 0, 0, 0, 0, 0, 0), (0.009036677434107646, 0.005050449860393488, 0.23305878051279882, 0.014691469621310085, 0.016941071056623243, 0.00822299722902229, 0.06859186091507882, 0.042041899344894246, 0.05655009359654585, 0.03889315594457522, 0.0463685414106319, 0.10206066129537185, 0.02359015854559616, 0.005865051239364611, 0.05171298000558475, 0.025509910978289904, 0.0487949406953985, 0.0008025382728216734, 0.07310400793180982, 0.011482406826014972, 0.31127812445913283, 0.010396593705431272, 0.08111870596083268, 0.31127812445913283, 0.31127812445913283, 0.0207208396239082, 0.0487949406953985, 0.0022344421708708415, 0.2087803925185126, 0.07310400793180982, 0.042041899344894246, 0.20534969973663775, 0.05738732460549023, 0.01274900060462203, 0.16395604408354778, 0.028564156811275485, 0.0008790379110077892, 0.011482406826014972, 0.0207208396239082, 0.006523190206172563), (0, 0, 0, 0, 0, 0, 0, 0, 0, 0, 0, 0, 0, 0, 0, 0.24237412989240623, 0, 0, 0, 0, 0, 0, 0, 0, 0, 0, 0, 0, 0, 0, 0, 0, 0, 0, 0, 0, 0, 0, 0, 0), (0.0061446088533262735, 0.002830694750015385, 0.24844401300050659, 0.04105726891831728, 0.014038937565777093, 0.0014939931791539789, 0.10372355040574062, 0.0037024515418363386, 0.07898885115561567, 0.0031619139529965624, 0.02711041372683346, 0.08697257500448134, 0.010396593705431272, 0.0010689285835955437, 0.050988453276391066, 0.007299156760473963, 0.039737267151773975, 0.07850994353170956, 0.05738732460549023, 0.05400884513974839, 0.007299156760473963, 0.005407888490294582, 0.0019359358092692971, 0.2292798117148899, 0.15591489886228305, 0.05253690168806249, 0.011482406826014972, 0.00028867375520897666, 0.03857581598654605, 0.05400884513974839, 0.05400884513974839, 0.2227619806994962, 0.03221357089614439, 0.05738732460549023, 0.002830694750015385, 0.0350583482647871, 0.0008589183281813573, 0.018135571823116266, 0.03600088831260688, 0.11009182675183558), (0, 0, 0, 0, 0, 0, 0, 0, 0, 0, 0, 0, 0, 0, 0, 0, 0, 0, 0, 0, 0, 0, 0, 0, 0, 0, 0, 0, 0, 0, 0, 0, 0, 0, 0, 0, 0, 0, 0, 0), (0.0023839413783587893, 0.005301974832984377, 0.06900910450166178, 0.05207398638601675, 0.004122113616565049, 0.0009214584011009545, 0.10749195315105531, 0.0010689285835955437, 0.07622434155290266, 0.0032712817850098566, 0.004122113616565049, 0.1317293194736727, 0.007867664894852307, 0.0006631052098621127, 0.039191434062495145, 0.0064060099920141, 0.03268932243084692, 0, 0.19094034698434098, 0.05738732460549023, 0.009756534087137225, 0.009036677434107646, 0, 0.07622434155290266, 0.11009182675183558, 0, 0.0037024515418363386, 0.009335040408067166, 0.0487949406953985, 0.027910215332363916, 0.0010689285835955437, 0.23646636812449032, 0.0350583482647871, 0.0487949406953985, 0.007299156760473963, 0.031896080966716533, 0.0027533280550219065, 0.025140556297286162, 0.05207398638601675, 0.006830658680456639), (0, 0, 0, 0, 0, 0, 0, 0, 0, 0, 0, 0, 0, 0, 0, 0, 0, 0, 0, 0, 0, 0, 0, 0, 0, 0, 0, 0, 0, 0, 0.013949306965373928, 0, 0, 0, 0, 0, 0, 0, 0, 0), (0.0016626576184457752, 0.0006767219177472479, 0.06149937804507184, 0.06502539038278278, 0.008723329471708632, 0.00036176918093652755, 0.09555361251896813, 0.0001877124226694997, 0.023795695918608258, 0.0010160633509259717, 0.006963639137030152, 0.15058560986911712, 0.007775948452200233, 0.002349447614504129, 0.04066211490300797, 0.004528991295546424, 0.0350583482647871, 0, 0.20534969973663775, 0.06322393781435344, 0.0207208396239082, 0.0024479765006755194, 0, 0.02276859998040022, 0.12745428142147208, 0, 0.0026078279567117203, 0.006523190206172563, 0.004816452941871073, 0.015588395748542892, 0.0001877124226694997, 0.24616505675524458, 0.027910215332363916, 0.03634284572901042, 0.03302877414247969, 0.015297775930101544, 0.006963639137030152, 0.0006767219177472479, 0.04746468216969184, 0), (0, 0, 0, 0, 0, 0, 0, 0, 0, 0, 0, 0, 0, 0, 0, 0, 0, 0, 0, 0, 0, 0, 0, 0, 0, 0, 0, 0, 0, 0, 0.0029530155390121333, 0, 0, 0, 0, 0, 0, 0, 0, 0), (0, 0, 0, 0, 0, 0, 0, 0, 0, 0, 0, 0, 0, 0.004816452941871073, 5.551033283418159e-05, 0.031173613118524304, 0.06390744704610728, 0.0006246337730938037, 0.0004746229241440903, 0.10112402163718603, 0.006523190206172563, 0.017476244325223163, 0.026668965913709028, 0, 0.13138880793914987, 0.002114884643984207, 0.0030834536326394824, 0.03335434504876711, 0.0014939931791539789, 0.045224567067496654, 0, 0.0022344421708708415, 0.001564467561066686, 0.004469552452063288, 0.004528991295546424, 0.049943092483862694, 0.0024479765006755194, 0, 0, 0), (0, 0, 0, 0, 0, 0, 0, 0, 0, 0, 0.00013663754192747794, 0, 0, 0, 0, 0, 0, 0.06149937804507184, 0, 0, 0, 0, 0.001842090186059877, 0, 0, 0.05528500114149415, 0, 0, 0, 0, 0, 0, 0, 0, 0, 0, 0, 0, 0, 0)]}}, 'time': 0.48958873748779297, 'communication_time': 0.4749410152435303}
-0.0034962311798285572
client_selector activated ✅
0.000735045577228585
heterogeneous_data_handler activated ✅ for clients: ['Client 3', 'Client 19', 'Client 25', 'Client 32']
Client Client 9 participates in this round. (CPU: 2, RAM: 2)
Client Client 5 participates in this round. (CPU: 2, RAM: 2)
Client Client 12 participates in this round. (CPU: 2, RAM: 2)
Client Client 14 participates in this round. (CPU: 2, RAM: 2)
Client Client 10 participates in this round. (CPU: 2, RAM: 2)
Client Client 21 participates in this round. (CPU: 2, RAM: 2)
Client Client 16 participates in this round. (CPU: 2, RAM: 2)
Client Client 13 participates in this round. (CPU: 2, RAM: 2)
Client Client 22 participates in this round. (CPU: 2, RAM: 2)
Client Client 19 participates in this round. (CPU: 2, RAM: 2)
Client Client 15 participates in this round. (CPU: 2, RAM: 2)
Client Client 24 participates in this round. (CPU: 2, RAM: 2)
Client Client 23 participates in this round. (CPU: 2, RAM: 2)
Client Client 17 participates in this round. (CPU: 2, RAM: 2)
Client Client 33 has insufficient CPU (1). Will not participate in the next FL round.
Client Client 8 participates in this round. (CPU: 2, RAM: 2)
Client Client 4 participates in this round. (CPU: 2, RAM: 2)
Client Client 30 has insufficient CPU (1). Will not participate in the next FL round.
Client Client 11 participates in this round. (CPU: 2, RAM: 2)
Client Client 20 participates in this round. (CPU: 2, RAM: 2)
Client Client 35 has insufficient CPU (1). Will not participate in the next FL round.
Client Client 34 has insufficient CPU (1). Will not participate in the next FL round.
Client Client 25 has insufficient CPU (1). Will not participate in the next FL round.
Client Client 7 participates in this round. (CPU: 2, RAM: 2)
Client Client 6 participates in this round. (CPU: 2, RAM: 2)
Client Client 32 has insufficient CPU (1). Will not participate in the next FL round.
Client Client 27 has insufficient CPU (1). Will not participate in the next FL round.
Client Client 28 has insufficient CPU (1). Will not participate in the next FL round.
Client Client 38 has insufficient CPU (1). Will not participate in the next FL round.
Client Client 1 participates in this round. (CPU: 2, RAM: 2)
Client Client 39 has insufficient CPU (1). Will not participate in the next FL round.
Client Client 18 participates in this round. (CPU: 2, RAM: 2)
Client Client 2 participates in this round. (CPU: 2, RAM: 2)
Client Client 40 has insufficient CPU (1). Will not participate in the next FL round.
Client Client 26 has insufficient CPU (1). Will not participate in the next FL round.
Client Client 3 participates in this round. (CPU: 2, RAM: 2)
Client Client 29 has insufficient CPU (1). Will not participate in the next FL round.
Client Client 36 has insufficient CPU (1). Will not participate in the next FL round.
Client Client 37 has insufficient CPU (1). Will not participate in the next FL round.
Client Client 31 has insufficient CPU (1). Will not participate in the next FL round.
Results Aggregated in 0.42 seconds.
{'prostate_logreg': {'train_loss': [0.5797648924210715, 0.5904991605947184, 0.5741372711924247, 0.5620664890658361, 0.5844833563807552, 0.5601529134499471, 0.5718169605588965, 0.5349920468328702, 0.5518784765599124, 0.5306864954794746, 0.5451663930936413, 0.5251984873838187, 0.5373900642959768, 0.5246615608160361, 0.5301755322297048, 0.5216981568316899], 'train_accuracy': [0.7222222222222222, 0.6937984496124031, 0.7142857142857143, 0.7625178826895566, 0.7085889570552147, 0.7421503330161751, 0.7295528898582334, 0.7778561354019746, 0.7534129692832765, 0.7737226277372263, 0.7541436464088398, 0.7703147017379052, 0.7543757292882147, 0.7603217158176944, 0.7583429228998849, 0.7643192488262911], 'train_f1': [0.6351708696946792, 0.5398648874189105, 0.6303745218279557, 0.6311409069797953, 0.6745301145010185, 0.6529931064159895, 0.7037811685885789, 0.7047412754696403, 0.7495536968582172, 0.7309616839615369, 0.7510466262227434, 0.736147582944784, 0.7528429567547709, 0.7358804089862214, 0.755233139469614, 0.7395496721462671], 'train_mae': [0.2777777777777778, 0.3062015503875969, 0.2857142857142857, 0.2374821173104435, 0.29141104294478526, 0.25784966698382494, 0.27044711014176664, 0.22214386459802538, 0.24658703071672355, 0.22627737226277372, 0.24585635359116023, 0.22968529826209488, 0.2456242707117853, 0.23967828418230563, 0.24165707710011508, 0.23568075117370893], 'val_loss': [0.7245327421107245, 0.6863383310975246, 0.653705006193505, 0.6315183818305831, 0.6125920370914231, 0.6002574452859736, 0.5891591547758905, 0.5809041472285711, 0.5738744544581247, 0.568131300799036, 0.5633624123102782, 0.5595858177994374, 0.5557775124429644, 0.5524072250371886, 0.5511035178802561, 0.5472600764241986], 'val_accuracy': [0.5313520207137229, 0.5798765737533674, 0.6220967271499186, 0.6501448371026493, 0.6840653961623809, 0.7032832628162304, 0.7206383365429978, 0.7269709860056617, 0.7316401616924455, 0.7344128925896282, 0.7361768249676738, 0.7371181155871801, 0.7383934556468631, 0.7412464586541936, 0.739979243009138, 0.7426593247427828], 'val_f1': [0.44126257711300315, 0.4821407878484198, 0.5440600405597353, 0.577862025955832, 0.6360612938990672, 0.6617729262753643, 0.6897725899438116, 0.6973447096787969, 0.7074127248168197, 0.7103822793312201, 0.715053331704128, 0.7155976511250304, 0.719140129093958, 0.7210226329486555, 0.721761741512258, 0.7232779760594619], 'val_mae': [0.46864797928627716, 0.42012342624663257, 0.37790327285008135, 0.34985516289735086, 0.3159346038376191, 0.29671673718376956, 0.2793616634570021, 0.27302901399433827, 0.26835983830755455, 0.2655871074103719, 0.26382317503232633, 0.26288188441281995, 0.26160654435313685, 0.25875354134580647, 0.260020756990862, 0.25734067525721704], 'jsd': [(0, 0, 0, 0, 0, 0, 0, 0, 0, 0, 0, 0, 0, 0.0207208396239082, 0.31127812445913283, 0.31127812445913283, 0.31127812445913283, 0.11009182675183558, 0.31127812445913283, 0.31127812445913283, 0.31127812445913283, 0.0037024515418363386, 0.31127812445913283, 0.31127812445913283, 0.31127812445913283, 0.31127812445913283, 0.31127812445913283, 0.31127812445913283, 0.31127812445913283, 0.31127812445913283, 0.0037024515418363386, 0.31127812445913283, 0.31127812445913283, 0.0350583482647871, 0.31127812445913283, 0.31127812445913283, 0.31127812445913283, 0, 0, 0), (0, 0, 0, 0, 0, 0, 0, 0, 0, 0, 0, 0, 0, 0.0207208396239082, 0.31127812445913283, 0.31127812445913283, 0.31127812445913283, 0.06548833004089114, 0.0014939931791539789, 0.31127812445913283, 0.07310400793180982, 0, 0.1711038312803313, 0.31127812445913283, 0, 0.007299156760473963, 0.009756534087137225, 0.31127812445913283, 0.31127812445913283, 0.31127812445913283, 0.015085156698935967, 0.0207208396239082, 0.16395604408354778, 0.0350583482647871, 0.31127812445913283, 0.31127812445913283, 0.16395604408354778, 0, 0, 0), (0, 0.16395604408354778, 0.31127812445913283, 0, 0, 0.18850340411986471, 0, 0.11009182675183558, 0, 0, 0, 0.1711038312803313, 0, 0, 0, 0.31127812445913283, 0, 0.07310400793180982, 0.31127812445913283, 0.07310400793180982, 0.31127812445913283, 0.31127812445913283, 0, 0.31127812445913283, 0.31127812445913283, 0.31127812445913283, 0, 0.31127812445913283, 0.11009182675183558, 0.31127812445913283, 0.07310400793180982, 0.31127812445913283, 0.0487949406953985, 0, 0.31127812445913283, 0, 0, 0, 0.31127812445913283, 0), (0.09328462323031235, 0.31127812445913283, 0.2087803925185126, 0.009756534087137225, 0.11385563424028564, 0.013714477705244553, 0.08025594233229469, 0.07310400793180982, 0.03857581598654605, 0.13251817521576753, 0.05253690168806249, 0.19326958066820893, 0.0350583482647871, 0.00429810722857266, 0.005050449860393488, 0.0207208396239082, 0.0487949406953985, 0, 0.31127812445913283, 0.07310400793180982, 0.007299156760473963, 0.0037024515418363386, 0.0002145058924891757, 0.31127812445913283, 0.31127812445913283, 0.11009182675183558, 0.12425601093475921, 0.31127812445913283, 0.17750440524619315, 0.07310400793180982, 0.07310400793180982, 0.31127812445913283, 0.31127812445913283, 0.05738732460549023, 0.011482406826014972, 0.001254883843183478, 0.0002145058924891757, 0.0487949406953985, 0.2227619806994962, 0.0487949406953985), (0, 0, 0, 0, 0, 0, 0, 0, 0, 0, 0, 0, 0, 0, 0, 0.2227619806994962, 0, 0, 0, 0, 0, 0, 0, 0, 0, 0, 0, 0, 0, 0, 0, 0, 0, 0, 0, 0, 0, 0, 0, 0), (0.009036677434107646, 0.005050449860393488, 0.23305878051279882, 0.014691469621310085, 0.016941071056623243, 0.00822299722902229, 0.06859186091507882, 0.042041899344894246, 0.05655009359654585, 0.03889315594457522, 0.0463685414106319, 0.10206066129537185, 0.02359015854559616, 0.005865051239364611, 0.05171298000558475, 0.025509910978289904, 0.0487949406953985, 0.0008025382728216734, 0.07310400793180982, 0.011482406826014972, 0.31127812445913283, 0.010396593705431272, 0.08111870596083268, 0.31127812445913283, 0.31127812445913283, 0.0207208396239082, 0.0487949406953985, 0.0022344421708708415, 0.2087803925185126, 0.07310400793180982, 0.042041899344894246, 0.20534969973663775, 0.05738732460549023, 0.01274900060462203, 0.16395604408354778, 0.028564156811275485, 0.0008790379110077892, 0.011482406826014972, 0.0207208396239082, 0.006523190206172563), (0, 0, 0, 0, 0, 0, 0, 0, 0, 0, 0, 0, 0, 0, 0, 0.24237412989240623, 0, 0, 0, 0, 0, 0, 0, 0, 0, 0, 0, 0, 0, 0, 0, 0, 0, 0, 0, 0, 0, 0, 0, 0), (0.0061446088533262735, 0.002830694750015385, 0.24844401300050659, 0.04105726891831728, 0.014038937565777093, 0.0014939931791539789, 0.10372355040574062, 0.0037024515418363386, 0.07898885115561567, 0.0031619139529965624, 0.02711041372683346, 0.08697257500448134, 0.010396593705431272, 0.0010689285835955437, 0.050988453276391066, 0.007299156760473963, 0.039737267151773975, 0.07850994353170956, 0.05738732460549023, 0.05400884513974839, 0.007299156760473963, 0.005407888490294582, 0.0019359358092692971, 0.2292798117148899, 0.15591489886228305, 0.05253690168806249, 0.011482406826014972, 0.00028867375520897666, 0.03857581598654605, 0.05400884513974839, 0.05400884513974839, 0.2227619806994962, 0.03221357089614439, 0.05738732460549023, 0.002830694750015385, 0.0350583482647871, 0.0008589183281813573, 0.018135571823116266, 0.03600088831260688, 0.11009182675183558), (0, 0, 0, 0, 0, 0, 0, 0, 0, 0, 0, 0, 0, 0, 0, 0, 0, 0, 0, 0, 0, 0, 0, 0, 0, 0, 0, 0, 0, 0, 0, 0, 0, 0, 0, 0, 0, 0, 0, 0), (0.0023839413783587893, 0.005301974832984377, 0.06900910450166178, 0.05207398638601675, 0.004122113616565049, 0.0009214584011009545, 0.10749195315105531, 0.0010689285835955437, 0.07622434155290266, 0.0032712817850098566, 0.004122113616565049, 0.1317293194736727, 0.007867664894852307, 0.0006631052098621127, 0.039191434062495145, 0.0064060099920141, 0.03268932243084692, 0, 0.19094034698434098, 0.05738732460549023, 0.009756534087137225, 0.009036677434107646, 0, 0.07622434155290266, 0.11009182675183558, 0, 0.0037024515418363386, 0.009335040408067166, 0.0487949406953985, 0.027910215332363916, 0.0010689285835955437, 0.23646636812449032, 0.0350583482647871, 0.0487949406953985, 0.007299156760473963, 0.031896080966716533, 0.0027533280550219065, 0.025140556297286162, 0.05207398638601675, 0.006830658680456639), (0, 0, 0, 0, 0, 0, 0, 0, 0, 0, 0, 0, 0, 0, 0, 0, 0, 0, 0, 0, 0, 0, 0, 0, 0, 0, 0, 0, 0, 0, 0.013949306965373928, 0, 0, 0, 0, 0, 0, 0, 0, 0), (0.0016626576184457752, 0.0006767219177472479, 0.06149937804507184, 0.06502539038278278, 0.008723329471708632, 0.00036176918093652755, 0.09555361251896813, 0.0001877124226694997, 0.023795695918608258, 0.0010160633509259717, 0.006963639137030152, 0.15058560986911712, 0.007775948452200233, 0.002349447614504129, 0.04066211490300797, 0.004528991295546424, 0.0350583482647871, 0, 0.20534969973663775, 0.06322393781435344, 0.0207208396239082, 0.0024479765006755194, 0, 0.02276859998040022, 0.12745428142147208, 0, 0.0026078279567117203, 0.006523190206172563, 0.004816452941871073, 0.015588395748542892, 0.0001877124226694997, 0.24616505675524458, 0.027910215332363916, 0.03634284572901042, 0.03302877414247969, 0.015297775930101544, 0.006963639137030152, 0.0006767219177472479, 0.04746468216969184, 0), (0, 0, 0, 0, 0, 0, 0, 0, 0, 0, 0, 0, 0, 0, 0, 0, 0, 0, 0, 0, 0, 0, 0, 0, 0, 0, 0, 0, 0, 0, 0.0029530155390121333, 0, 0, 0, 0, 0, 0, 0, 0, 0), (0, 0, 0, 0, 0, 0, 0, 0, 0, 0, 0, 0, 0, 0.004816452941871073, 5.551033283418159e-05, 0.031173613118524304, 0.06390744704610728, 0.0006246337730938037, 0.0004746229241440903, 0.10112402163718603, 0.006523190206172563, 0.017476244325223163, 0.026668965913709028, 0, 0.13138880793914987, 0.002114884643984207, 0.0030834536326394824, 0.03335434504876711, 0.0014939931791539789, 0.045224567067496654, 0, 0.0022344421708708415, 0.001564467561066686, 0.004469552452063288, 0.004528991295546424, 0.049943092483862694, 0.0024479765006755194, 0, 0, 0), (0, 0, 0, 0, 0, 0, 0, 0, 0, 0, 0.00013663754192747794, 0, 0, 0, 0, 0, 0, 0.06149937804507184, 0, 0, 0, 0, 0.001842090186059877, 0, 0, 0.05528500114149415, 0, 0, 0, 0, 0, 0, 0, 0, 0, 0, 0, 0, 0, 0), (0, 0, 0, 0, 0, 0, 0, 0, 0, 0, 0, 0, 0, 0.0061446088533262735, 0.0003843884653275346, 0.031069480068634414, 0.07850994353170956, 0.0013431113450645717, 0.0018496468978117624, 0.05207398638601675, 0.015085156698935967, 0.0013431113450645717, 0.036940224638936384, 0, 0.11978983412227931, 0.0066132061053925245, 0.0207208396239082, 0.011720053679030874, 0.00566775380589651, 0.059046967456822835, 0, 0.00429810722857266, 0.00030058237746002827, 0.0043730621958221125, 0.015807917200052736, 0.059458789360000736, 0.0014939931791539789, 0, 0, 0)]}}
AdaptationManager: Configuring next round...
{'client_registry': {'enabled': True, 'params': {}}, 'client_selector': {'enabled': True, 'params': {'selection_strategy': 'Resource-Based', 'selection_criteria': 'CPU', 'selection_value': 2}}, 'client_cluster': {'enabled': False, 'params': {}}, 'message_compressor': {'enabled': False, 'params': {}}, 'model_co-versioning_registry': {'enabled': False, 'params': {}}, 'multi-task_model_trainer': {'enabled': False, 'params': {}}, 'heterogeneous_data_handler': {'enabled': True, 'params': {'enabled_clients': []}}}
{'client_selector': {'enabled': True}, 'client_cluster': {'enabled': False}, 'message_compressor': {'enabled': False}, 'model_co-versioning_registry': {'enabled': False}, 'multi-task_model_trainer': {'enabled': False}, 'heterogeneous_data_handler': {'enabled': True, 'params': {'enabled_clients': ['Client 3', 'Client 19', 'Client 25', 'Client 32']}}, 'client_registry': {'enabled': True, 'params': {}}}
{'model_type': 'prostate_logreg', 'metrics': {'prostate_logreg': {'train_loss': [0.5797648924210715, 0.5904991605947184, 0.5741372711924247, 0.5620664890658361, 0.5844833563807552, 0.5601529134499471, 0.5718169605588965, 0.5349920468328702, 0.5518784765599124, 0.5306864954794746, 0.5451663930936413, 0.5251984873838187, 0.5373900642959768, 0.5246615608160361, 0.5301755322297048, 0.5216981568316899], 'train_accuracy': [0.7222222222222222, 0.6937984496124031, 0.7142857142857143, 0.7625178826895566, 0.7085889570552147, 0.7421503330161751, 0.7295528898582334, 0.7778561354019746, 0.7534129692832765, 0.7737226277372263, 0.7541436464088398, 0.7703147017379052, 0.7543757292882147, 0.7603217158176944, 0.7583429228998849, 0.7643192488262911], 'train_f1': [0.6351708696946792, 0.5398648874189105, 0.6303745218279557, 0.6311409069797953, 0.6745301145010185, 0.6529931064159895, 0.7037811685885789, 0.7047412754696403, 0.7495536968582172, 0.7309616839615369, 0.7510466262227434, 0.736147582944784, 0.7528429567547709, 0.7358804089862214, 0.755233139469614, 0.7395496721462671], 'train_mae': [0.2777777777777778, 0.3062015503875969, 0.2857142857142857, 0.2374821173104435, 0.29141104294478526, 0.25784966698382494, 0.27044711014176664, 0.22214386459802538, 0.24658703071672355, 0.22627737226277372, 0.24585635359116023, 0.22968529826209488, 0.2456242707117853, 0.23967828418230563, 0.24165707710011508, 0.23568075117370893], 'val_loss': [0.7245327421107245, 0.6863383310975246, 0.653705006193505, 0.6315183818305831, 0.6125920370914231, 0.6002574452859736, 0.5891591547758905, 0.5809041472285711, 0.5738744544581247, 0.568131300799036, 0.5633624123102782, 0.5595858177994374, 0.5557775124429644, 0.5524072250371886, 0.5511035178802561, 0.5472600764241986], 'val_accuracy': [0.5313520207137229, 0.5798765737533674, 0.6220967271499186, 0.6501448371026493, 0.6840653961623809, 0.7032832628162304, 0.7206383365429978, 0.7269709860056617, 0.7316401616924455, 0.7344128925896282, 0.7361768249676738, 0.7371181155871801, 0.7383934556468631, 0.7412464586541936, 0.739979243009138, 0.7426593247427828], 'val_f1': [0.44126257711300315, 0.4821407878484198, 0.5440600405597353, 0.577862025955832, 0.6360612938990672, 0.6617729262753643, 0.6897725899438116, 0.6973447096787969, 0.7074127248168197, 0.7103822793312201, 0.715053331704128, 0.7155976511250304, 0.719140129093958, 0.7210226329486555, 0.721761741512258, 0.7232779760594619], 'val_mae': [0.46864797928627716, 0.42012342624663257, 0.37790327285008135, 0.34985516289735086, 0.3159346038376191, 0.29671673718376956, 0.2793616634570021, 0.27302901399433827, 0.26835983830755455, 0.2655871074103719, 0.26382317503232633, 0.26288188441281995, 0.26160654435313685, 0.25875354134580647, 0.260020756990862, 0.25734067525721704], 'jsd': [(0, 0, 0, 0, 0, 0, 0, 0, 0, 0, 0, 0, 0, 0.0207208396239082, 0.31127812445913283, 0.31127812445913283, 0.31127812445913283, 0.11009182675183558, 0.31127812445913283, 0.31127812445913283, 0.31127812445913283, 0.0037024515418363386, 0.31127812445913283, 0.31127812445913283, 0.31127812445913283, 0.31127812445913283, 0.31127812445913283, 0.31127812445913283, 0.31127812445913283, 0.31127812445913283, 0.0037024515418363386, 0.31127812445913283, 0.31127812445913283, 0.0350583482647871, 0.31127812445913283, 0.31127812445913283, 0.31127812445913283, 0, 0, 0), (0, 0, 0, 0, 0, 0, 0, 0, 0, 0, 0, 0, 0, 0.0207208396239082, 0.31127812445913283, 0.31127812445913283, 0.31127812445913283, 0.06548833004089114, 0.0014939931791539789, 0.31127812445913283, 0.07310400793180982, 0, 0.1711038312803313, 0.31127812445913283, 0, 0.007299156760473963, 0.009756534087137225, 0.31127812445913283, 0.31127812445913283, 0.31127812445913283, 0.015085156698935967, 0.0207208396239082, 0.16395604408354778, 0.0350583482647871, 0.31127812445913283, 0.31127812445913283, 0.16395604408354778, 0, 0, 0), (0, 0.16395604408354778, 0.31127812445913283, 0, 0, 0.18850340411986471, 0, 0.11009182675183558, 0, 0, 0, 0.1711038312803313, 0, 0, 0, 0.31127812445913283, 0, 0.07310400793180982, 0.31127812445913283, 0.07310400793180982, 0.31127812445913283, 0.31127812445913283, 0, 0.31127812445913283, 0.31127812445913283, 0.31127812445913283, 0, 0.31127812445913283, 0.11009182675183558, 0.31127812445913283, 0.07310400793180982, 0.31127812445913283, 0.0487949406953985, 0, 0.31127812445913283, 0, 0, 0, 0.31127812445913283, 0), (0.09328462323031235, 0.31127812445913283, 0.2087803925185126, 0.009756534087137225, 0.11385563424028564, 0.013714477705244553, 0.08025594233229469, 0.07310400793180982, 0.03857581598654605, 0.13251817521576753, 0.05253690168806249, 0.19326958066820893, 0.0350583482647871, 0.00429810722857266, 0.005050449860393488, 0.0207208396239082, 0.0487949406953985, 0, 0.31127812445913283, 0.07310400793180982, 0.007299156760473963, 0.0037024515418363386, 0.0002145058924891757, 0.31127812445913283, 0.31127812445913283, 0.11009182675183558, 0.12425601093475921, 0.31127812445913283, 0.17750440524619315, 0.07310400793180982, 0.07310400793180982, 0.31127812445913283, 0.31127812445913283, 0.05738732460549023, 0.011482406826014972, 0.001254883843183478, 0.0002145058924891757, 0.0487949406953985, 0.2227619806994962, 0.0487949406953985), (0, 0, 0, 0, 0, 0, 0, 0, 0, 0, 0, 0, 0, 0, 0, 0.2227619806994962, 0, 0, 0, 0, 0, 0, 0, 0, 0, 0, 0, 0, 0, 0, 0, 0, 0, 0, 0, 0, 0, 0, 0, 0), (0.009036677434107646, 0.005050449860393488, 0.23305878051279882, 0.014691469621310085, 0.016941071056623243, 0.00822299722902229, 0.06859186091507882, 0.042041899344894246, 0.05655009359654585, 0.03889315594457522, 0.0463685414106319, 0.10206066129537185, 0.02359015854559616, 0.005865051239364611, 0.05171298000558475, 0.025509910978289904, 0.0487949406953985, 0.0008025382728216734, 0.07310400793180982, 0.011482406826014972, 0.31127812445913283, 0.010396593705431272, 0.08111870596083268, 0.31127812445913283, 0.31127812445913283, 0.0207208396239082, 0.0487949406953985, 0.0022344421708708415, 0.2087803925185126, 0.07310400793180982, 0.042041899344894246, 0.20534969973663775, 0.05738732460549023, 0.01274900060462203, 0.16395604408354778, 0.028564156811275485, 0.0008790379110077892, 0.011482406826014972, 0.0207208396239082, 0.006523190206172563), (0, 0, 0, 0, 0, 0, 0, 0, 0, 0, 0, 0, 0, 0, 0, 0.24237412989240623, 0, 0, 0, 0, 0, 0, 0, 0, 0, 0, 0, 0, 0, 0, 0, 0, 0, 0, 0, 0, 0, 0, 0, 0), (0.0061446088533262735, 0.002830694750015385, 0.24844401300050659, 0.04105726891831728, 0.014038937565777093, 0.0014939931791539789, 0.10372355040574062, 0.0037024515418363386, 0.07898885115561567, 0.0031619139529965624, 0.02711041372683346, 0.08697257500448134, 0.010396593705431272, 0.0010689285835955437, 0.050988453276391066, 0.007299156760473963, 0.039737267151773975, 0.07850994353170956, 0.05738732460549023, 0.05400884513974839, 0.007299156760473963, 0.005407888490294582, 0.0019359358092692971, 0.2292798117148899, 0.15591489886228305, 0.05253690168806249, 0.011482406826014972, 0.00028867375520897666, 0.03857581598654605, 0.05400884513974839, 0.05400884513974839, 0.2227619806994962, 0.03221357089614439, 0.05738732460549023, 0.002830694750015385, 0.0350583482647871, 0.0008589183281813573, 0.018135571823116266, 0.03600088831260688, 0.11009182675183558), (0, 0, 0, 0, 0, 0, 0, 0, 0, 0, 0, 0, 0, 0, 0, 0, 0, 0, 0, 0, 0, 0, 0, 0, 0, 0, 0, 0, 0, 0, 0, 0, 0, 0, 0, 0, 0, 0, 0, 0), (0.0023839413783587893, 0.005301974832984377, 0.06900910450166178, 0.05207398638601675, 0.004122113616565049, 0.0009214584011009545, 0.10749195315105531, 0.0010689285835955437, 0.07622434155290266, 0.0032712817850098566, 0.004122113616565049, 0.1317293194736727, 0.007867664894852307, 0.0006631052098621127, 0.039191434062495145, 0.0064060099920141, 0.03268932243084692, 0, 0.19094034698434098, 0.05738732460549023, 0.009756534087137225, 0.009036677434107646, 0, 0.07622434155290266, 0.11009182675183558, 0, 0.0037024515418363386, 0.009335040408067166, 0.0487949406953985, 0.027910215332363916, 0.0010689285835955437, 0.23646636812449032, 0.0350583482647871, 0.0487949406953985, 0.007299156760473963, 0.031896080966716533, 0.0027533280550219065, 0.025140556297286162, 0.05207398638601675, 0.006830658680456639), (0, 0, 0, 0, 0, 0, 0, 0, 0, 0, 0, 0, 0, 0, 0, 0, 0, 0, 0, 0, 0, 0, 0, 0, 0, 0, 0, 0, 0, 0, 0.013949306965373928, 0, 0, 0, 0, 0, 0, 0, 0, 0), (0.0016626576184457752, 0.0006767219177472479, 0.06149937804507184, 0.06502539038278278, 0.008723329471708632, 0.00036176918093652755, 0.09555361251896813, 0.0001877124226694997, 0.023795695918608258, 0.0010160633509259717, 0.006963639137030152, 0.15058560986911712, 0.007775948452200233, 0.002349447614504129, 0.04066211490300797, 0.004528991295546424, 0.0350583482647871, 0, 0.20534969973663775, 0.06322393781435344, 0.0207208396239082, 0.0024479765006755194, 0, 0.02276859998040022, 0.12745428142147208, 0, 0.0026078279567117203, 0.006523190206172563, 0.004816452941871073, 0.015588395748542892, 0.0001877124226694997, 0.24616505675524458, 0.027910215332363916, 0.03634284572901042, 0.03302877414247969, 0.015297775930101544, 0.006963639137030152, 0.0006767219177472479, 0.04746468216969184, 0), (0, 0, 0, 0, 0, 0, 0, 0, 0, 0, 0, 0, 0, 0, 0, 0, 0, 0, 0, 0, 0, 0, 0, 0, 0, 0, 0, 0, 0, 0, 0.0029530155390121333, 0, 0, 0, 0, 0, 0, 0, 0, 0), (0, 0, 0, 0, 0, 0, 0, 0, 0, 0, 0, 0, 0, 0.004816452941871073, 5.551033283418159e-05, 0.031173613118524304, 0.06390744704610728, 0.0006246337730938037, 0.0004746229241440903, 0.10112402163718603, 0.006523190206172563, 0.017476244325223163, 0.026668965913709028, 0, 0.13138880793914987, 0.002114884643984207, 0.0030834536326394824, 0.03335434504876711, 0.0014939931791539789, 0.045224567067496654, 0, 0.0022344421708708415, 0.001564467561066686, 0.004469552452063288, 0.004528991295546424, 0.049943092483862694, 0.0024479765006755194, 0, 0, 0), (0, 0, 0, 0, 0, 0, 0, 0, 0, 0, 0.00013663754192747794, 0, 0, 0, 0, 0, 0, 0.06149937804507184, 0, 0, 0, 0, 0.001842090186059877, 0, 0, 0.05528500114149415, 0, 0, 0, 0, 0, 0, 0, 0, 0, 0, 0, 0, 0, 0), (0, 0, 0, 0, 0, 0, 0, 0, 0, 0, 0, 0, 0, 0.0061446088533262735, 0.0003843884653275346, 0.031069480068634414, 0.07850994353170956, 0.0013431113450645717, 0.0018496468978117624, 0.05207398638601675, 0.015085156698935967, 0.0013431113450645717, 0.036940224638936384, 0, 0.11978983412227931, 0.0066132061053925245, 0.0207208396239082, 0.011720053679030874, 0.00566775380589651, 0.059046967456822835, 0, 0.00429810722857266, 0.00030058237746002827, 0.0043730621958221125, 0.015807917200052736, 0.059458789360000736, 0.0014939931791539789, 0, 0, 0)]}}, 'time': 0.44869422912597656, 'communication_time': 0.36021852493286133}
-0.0028428687517244033
client_selector de-activated ❌
0.0015203239980400246
heterogeneous_data_handler activated ✅ for clients: ['Client 1', 'Client 2', 'Client 4', 'Client 5', 'Client 6', 'Client 7', 'Client 8', 'Client 9', 'Client 10', 'Client 11', 'Client 12', 'Client 13', 'Client 14', 'Client 15', 'Client 16', 'Client 17', 'Client 18', 'Client 20', 'Client 21', 'Client 22', 'Client 23', 'Client 24', 'Client 26', 'Client 27', 'Client 28', 'Client 29', 'Client 30', 'Client 31', 'Client 33', 'Client 34', 'Client 35', 'Client 36', 'Client 37', 'Client 38', 'Client 39', 'Client 40']
Results Aggregated in 0.43 seconds.
{'prostate_logreg': {'train_loss': [0.5797648924210715, 0.5904991605947184, 0.5741372711924247, 0.5620664890658361, 0.5844833563807552, 0.5601529134499471, 0.5718169605588965, 0.5349920468328702, 0.5518784765599124, 0.5306864954794746, 0.5451663930936413, 0.5251984873838187, 0.5373900642959768, 0.5246615608160361, 0.5301755322297048, 0.5216981568316899, 0.5254054510136151], 'train_accuracy': [0.7222222222222222, 0.6937984496124031, 0.7142857142857143, 0.7625178826895566, 0.7085889570552147, 0.7421503330161751, 0.7295528898582334, 0.7778561354019746, 0.7534129692832765, 0.7737226277372263, 0.7541436464088398, 0.7703147017379052, 0.7543757292882147, 0.7603217158176944, 0.7583429228998849, 0.7643192488262911, 0.7574024226110363], 'train_f1': [0.6351708696946792, 0.5398648874189105, 0.6303745218279557, 0.6311409069797953, 0.6745301145010185, 0.6529931064159895, 0.7037811685885789, 0.7047412754696403, 0.7495536968582172, 0.7309616839615369, 0.7510466262227434, 0.736147582944784, 0.7528429567547709, 0.7358804089862214, 0.755233139469614, 0.7395496721462671, 0.7527225107374166], 'train_mae': [0.2777777777777778, 0.3062015503875969, 0.2857142857142857, 0.2374821173104435, 0.29141104294478526, 0.25784966698382494, 0.27044711014176664, 0.22214386459802538, 0.24658703071672355, 0.22627737226277372, 0.24585635359116023, 0.22968529826209488, 0.2456242707117853, 0.23967828418230563, 0.24165707710011508, 0.23568075117370893, 0.24259757738896365], 'val_loss': [0.7245327421107245, 0.6863383310975246, 0.653705006193505, 0.6315183818305831, 0.6125920370914231, 0.6002574452859736, 0.5891591547758905, 0.5809041472285711, 0.5738744544581247, 0.568131300799036, 0.5633624123102782, 0.5595858177994374, 0.5557775124429644, 0.5524072250371886, 0.5511035178802561, 0.5472600764241986, 0.5464145876139016], 'val_accuracy': [0.5313520207137229, 0.5798765737533674, 0.6220967271499186, 0.6501448371026493, 0.6840653961623809, 0.7032832628162304, 0.7206383365429978, 0.7269709860056617, 0.7316401616924455, 0.7344128925896282, 0.7361768249676738, 0.7371181155871801, 0.7383934556468631, 0.7412464586541936, 0.739979243009138, 0.7426593247427828, 0.7426536563481382], 'val_f1': [0.44126257711300315, 0.4821407878484198, 0.5440600405597353, 0.577862025955832, 0.6360612938990672, 0.6617729262753643, 0.6897725899438116, 0.6973447096787969, 0.7074127248168197, 0.7103822793312201, 0.715053331704128, 0.7155976511250304, 0.719140129093958, 0.7210226329486555, 0.721761741512258, 0.7232779760594619, 0.7252045455253431], 'val_mae': [0.46864797928627716, 0.42012342624663257, 0.37790327285008135, 0.34985516289735086, 0.3159346038376191, 0.29671673718376956, 0.2793616634570021, 0.27302901399433827, 0.26835983830755455, 0.2655871074103719, 0.26382317503232633, 0.26288188441281995, 0.26160654435313685, 0.25875354134580647, 0.260020756990862, 0.25734067525721704, 0.2573463436518618], 'jsd': [(0, 0, 0, 0, 0, 0, 0, 0, 0, 0, 0, 0, 0, 0.0207208396239082, 0.31127812445913283, 0.31127812445913283, 0.31127812445913283, 0.11009182675183558, 0.31127812445913283, 0.31127812445913283, 0.31127812445913283, 0.0037024515418363386, 0.31127812445913283, 0.31127812445913283, 0.31127812445913283, 0.31127812445913283, 0.31127812445913283, 0.31127812445913283, 0.31127812445913283, 0.31127812445913283, 0.0037024515418363386, 0.31127812445913283, 0.31127812445913283, 0.0350583482647871, 0.31127812445913283, 0.31127812445913283, 0.31127812445913283, 0, 0, 0), (0, 0, 0, 0, 0, 0, 0, 0, 0, 0, 0, 0, 0, 0.0207208396239082, 0.31127812445913283, 0.31127812445913283, 0.31127812445913283, 0.06548833004089114, 0.0014939931791539789, 0.31127812445913283, 0.07310400793180982, 0, 0.1711038312803313, 0.31127812445913283, 0, 0.007299156760473963, 0.009756534087137225, 0.31127812445913283, 0.31127812445913283, 0.31127812445913283, 0.015085156698935967, 0.0207208396239082, 0.16395604408354778, 0.0350583482647871, 0.31127812445913283, 0.31127812445913283, 0.16395604408354778, 0, 0, 0), (0, 0.16395604408354778, 0.31127812445913283, 0, 0, 0.18850340411986471, 0, 0.11009182675183558, 0, 0, 0, 0.1711038312803313, 0, 0, 0, 0.31127812445913283, 0, 0.07310400793180982, 0.31127812445913283, 0.07310400793180982, 0.31127812445913283, 0.31127812445913283, 0, 0.31127812445913283, 0.31127812445913283, 0.31127812445913283, 0, 0.31127812445913283, 0.11009182675183558, 0.31127812445913283, 0.07310400793180982, 0.31127812445913283, 0.0487949406953985, 0, 0.31127812445913283, 0, 0, 0, 0.31127812445913283, 0), (0.09328462323031235, 0.31127812445913283, 0.2087803925185126, 0.009756534087137225, 0.11385563424028564, 0.013714477705244553, 0.08025594233229469, 0.07310400793180982, 0.03857581598654605, 0.13251817521576753, 0.05253690168806249, 0.19326958066820893, 0.0350583482647871, 0.00429810722857266, 0.005050449860393488, 0.0207208396239082, 0.0487949406953985, 0, 0.31127812445913283, 0.07310400793180982, 0.007299156760473963, 0.0037024515418363386, 0.0002145058924891757, 0.31127812445913283, 0.31127812445913283, 0.11009182675183558, 0.12425601093475921, 0.31127812445913283, 0.17750440524619315, 0.07310400793180982, 0.07310400793180982, 0.31127812445913283, 0.31127812445913283, 0.05738732460549023, 0.011482406826014972, 0.001254883843183478, 0.0002145058924891757, 0.0487949406953985, 0.2227619806994962, 0.0487949406953985), (0, 0, 0, 0, 0, 0, 0, 0, 0, 0, 0, 0, 0, 0, 0, 0.2227619806994962, 0, 0, 0, 0, 0, 0, 0, 0, 0, 0, 0, 0, 0, 0, 0, 0, 0, 0, 0, 0, 0, 0, 0, 0), (0.009036677434107646, 0.005050449860393488, 0.23305878051279882, 0.014691469621310085, 0.016941071056623243, 0.00822299722902229, 0.06859186091507882, 0.042041899344894246, 0.05655009359654585, 0.03889315594457522, 0.0463685414106319, 0.10206066129537185, 0.02359015854559616, 0.005865051239364611, 0.05171298000558475, 0.025509910978289904, 0.0487949406953985, 0.0008025382728216734, 0.07310400793180982, 0.011482406826014972, 0.31127812445913283, 0.010396593705431272, 0.08111870596083268, 0.31127812445913283, 0.31127812445913283, 0.0207208396239082, 0.0487949406953985, 0.0022344421708708415, 0.2087803925185126, 0.07310400793180982, 0.042041899344894246, 0.20534969973663775, 0.05738732460549023, 0.01274900060462203, 0.16395604408354778, 0.028564156811275485, 0.0008790379110077892, 0.011482406826014972, 0.0207208396239082, 0.006523190206172563), (0, 0, 0, 0, 0, 0, 0, 0, 0, 0, 0, 0, 0, 0, 0, 0.24237412989240623, 0, 0, 0, 0, 0, 0, 0, 0, 0, 0, 0, 0, 0, 0, 0, 0, 0, 0, 0, 0, 0, 0, 0, 0), (0.0061446088533262735, 0.002830694750015385, 0.24844401300050659, 0.04105726891831728, 0.014038937565777093, 0.0014939931791539789, 0.10372355040574062, 0.0037024515418363386, 0.07898885115561567, 0.0031619139529965624, 0.02711041372683346, 0.08697257500448134, 0.010396593705431272, 0.0010689285835955437, 0.050988453276391066, 0.007299156760473963, 0.039737267151773975, 0.07850994353170956, 0.05738732460549023, 0.05400884513974839, 0.007299156760473963, 0.005407888490294582, 0.0019359358092692971, 0.2292798117148899, 0.15591489886228305, 0.05253690168806249, 0.011482406826014972, 0.00028867375520897666, 0.03857581598654605, 0.05400884513974839, 0.05400884513974839, 0.2227619806994962, 0.03221357089614439, 0.05738732460549023, 0.002830694750015385, 0.0350583482647871, 0.0008589183281813573, 0.018135571823116266, 0.03600088831260688, 0.11009182675183558), (0, 0, 0, 0, 0, 0, 0, 0, 0, 0, 0, 0, 0, 0, 0, 0, 0, 0, 0, 0, 0, 0, 0, 0, 0, 0, 0, 0, 0, 0, 0, 0, 0, 0, 0, 0, 0, 0, 0, 0), (0.0023839413783587893, 0.005301974832984377, 0.06900910450166178, 0.05207398638601675, 0.004122113616565049, 0.0009214584011009545, 0.10749195315105531, 0.0010689285835955437, 0.07622434155290266, 0.0032712817850098566, 0.004122113616565049, 0.1317293194736727, 0.007867664894852307, 0.0006631052098621127, 0.039191434062495145, 0.0064060099920141, 0.03268932243084692, 0, 0.19094034698434098, 0.05738732460549023, 0.009756534087137225, 0.009036677434107646, 0, 0.07622434155290266, 0.11009182675183558, 0, 0.0037024515418363386, 0.009335040408067166, 0.0487949406953985, 0.027910215332363916, 0.0010689285835955437, 0.23646636812449032, 0.0350583482647871, 0.0487949406953985, 0.007299156760473963, 0.031896080966716533, 0.0027533280550219065, 0.025140556297286162, 0.05207398638601675, 0.006830658680456639), (0, 0, 0, 0, 0, 0, 0, 0, 0, 0, 0, 0, 0, 0, 0, 0, 0, 0, 0, 0, 0, 0, 0, 0, 0, 0, 0, 0, 0, 0, 0.013949306965373928, 0, 0, 0, 0, 0, 0, 0, 0, 0), (0.0016626576184457752, 0.0006767219177472479, 0.06149937804507184, 0.06502539038278278, 0.008723329471708632, 0.00036176918093652755, 0.09555361251896813, 0.0001877124226694997, 0.023795695918608258, 0.0010160633509259717, 0.006963639137030152, 0.15058560986911712, 0.007775948452200233, 0.002349447614504129, 0.04066211490300797, 0.004528991295546424, 0.0350583482647871, 0, 0.20534969973663775, 0.06322393781435344, 0.0207208396239082, 0.0024479765006755194, 0, 0.02276859998040022, 0.12745428142147208, 0, 0.0026078279567117203, 0.006523190206172563, 0.004816452941871073, 0.015588395748542892, 0.0001877124226694997, 0.24616505675524458, 0.027910215332363916, 0.03634284572901042, 0.03302877414247969, 0.015297775930101544, 0.006963639137030152, 0.0006767219177472479, 0.04746468216969184, 0), (0, 0, 0, 0, 0, 0, 0, 0, 0, 0, 0, 0, 0, 0, 0, 0, 0, 0, 0, 0, 0, 0, 0, 0, 0, 0, 0, 0, 0, 0, 0.0029530155390121333, 0, 0, 0, 0, 0, 0, 0, 0, 0), (0, 0, 0, 0, 0, 0, 0, 0, 0, 0, 0, 0, 0, 0.004816452941871073, 5.551033283418159e-05, 0.031173613118524304, 0.06390744704610728, 0.0006246337730938037, 0.0004746229241440903, 0.10112402163718603, 0.006523190206172563, 0.017476244325223163, 0.026668965913709028, 0, 0.13138880793914987, 0.002114884643984207, 0.0030834536326394824, 0.03335434504876711, 0.0014939931791539789, 0.045224567067496654, 0, 0.0022344421708708415, 0.001564467561066686, 0.004469552452063288, 0.004528991295546424, 0.049943092483862694, 0.0024479765006755194, 0, 0, 0), (0, 0, 0, 0, 0, 0, 0, 0, 0, 0, 0.00013663754192747794, 0, 0, 0, 0, 0, 0, 0.06149937804507184, 0, 0, 0, 0, 0.001842090186059877, 0, 0, 0.05528500114149415, 0, 0, 0, 0, 0, 0, 0, 0, 0, 0, 0, 0, 0, 0), (0, 0, 0, 0, 0, 0, 0, 0, 0, 0, 0, 0, 0, 0.0061446088533262735, 0.0003843884653275346, 0.031069480068634414, 0.07850994353170956, 0.0013431113450645717, 0.0018496468978117624, 0.05207398638601675, 0.015085156698935967, 0.0013431113450645717, 0.036940224638936384, 0, 0.11978983412227931, 0.0066132061053925245, 0.0207208396239082, 0.011720053679030874, 0.00566775380589651, 0.059046967456822835, 0, 0.00429810722857266, 0.00030058237746002827, 0.0043730621958221125, 0.015807917200052736, 0.059458789360000736, 0.0014939931791539789, 0, 0, 0), (0, 0, 0, 0, 0, 0, 0, 0, 0, 0, 0, 0, 0, 0, 0, 0, 0, 0.12931448059938455, 0, 0, 0, 0, 0.001175077712856798, 0, 0, 0.045224567067496654, 0, 0, 0, 0, 0, 0, 0, 0, 0, 0, 0, 0, 0, 0)]}}
AdaptationManager: Configuring next round...
{'client_registry': {'enabled': True, 'params': {}}, 'client_selector': {'enabled': True, 'params': {'selection_strategy': 'Resource-Based', 'selection_criteria': 'CPU', 'selection_value': 2}}, 'client_cluster': {'enabled': False, 'params': {}}, 'message_compressor': {'enabled': False, 'params': {}}, 'model_co-versioning_registry': {'enabled': False, 'params': {}}, 'multi-task_model_trainer': {'enabled': False, 'params': {}}, 'heterogeneous_data_handler': {'enabled': True, 'params': {'enabled_clients': []}}}
{'client_selector': {'enabled': False}, 'client_cluster': {'enabled': False}, 'message_compressor': {'enabled': False}, 'model_co-versioning_registry': {'enabled': False}, 'multi-task_model_trainer': {'enabled': False}, 'heterogeneous_data_handler': {'enabled': True, 'params': {'enabled_clients': ['Client 1', 'Client 2', 'Client 4', 'Client 5', 'Client 6', 'Client 7', 'Client 8', 'Client 9', 'Client 10', 'Client 11', 'Client 12', 'Client 13', 'Client 14', 'Client 15', 'Client 16', 'Client 17', 'Client 18', 'Client 20', 'Client 21', 'Client 22', 'Client 23', 'Client 24', 'Client 26', 'Client 27', 'Client 28', 'Client 29', 'Client 30', 'Client 31', 'Client 33', 'Client 34', 'Client 35', 'Client 36', 'Client 37', 'Client 38', 'Client 39', 'Client 40']}}, 'client_registry': {'enabled': True, 'params': {}}}
{'model_type': 'prostate_logreg', 'metrics': {'prostate_logreg': {'train_loss': [0.5797648924210715, 0.5904991605947184, 0.5741372711924247, 0.5620664890658361, 0.5844833563807552, 0.5601529134499471, 0.5718169605588965, 0.5349920468328702, 0.5518784765599124, 0.5306864954794746, 0.5451663930936413, 0.5251984873838187, 0.5373900642959768, 0.5246615608160361, 0.5301755322297048, 0.5216981568316899, 0.5254054510136151], 'train_accuracy': [0.7222222222222222, 0.6937984496124031, 0.7142857142857143, 0.7625178826895566, 0.7085889570552147, 0.7421503330161751, 0.7295528898582334, 0.7778561354019746, 0.7534129692832765, 0.7737226277372263, 0.7541436464088398, 0.7703147017379052, 0.7543757292882147, 0.7603217158176944, 0.7583429228998849, 0.7643192488262911, 0.7574024226110363], 'train_f1': [0.6351708696946792, 0.5398648874189105, 0.6303745218279557, 0.6311409069797953, 0.6745301145010185, 0.6529931064159895, 0.7037811685885789, 0.7047412754696403, 0.7495536968582172, 0.7309616839615369, 0.7510466262227434, 0.736147582944784, 0.7528429567547709, 0.7358804089862214, 0.755233139469614, 0.7395496721462671, 0.7527225107374166], 'train_mae': [0.2777777777777778, 0.3062015503875969, 0.2857142857142857, 0.2374821173104435, 0.29141104294478526, 0.25784966698382494, 0.27044711014176664, 0.22214386459802538, 0.24658703071672355, 0.22627737226277372, 0.24585635359116023, 0.22968529826209488, 0.2456242707117853, 0.23967828418230563, 0.24165707710011508, 0.23568075117370893, 0.24259757738896365], 'val_loss': [0.7245327421107245, 0.6863383310975246, 0.653705006193505, 0.6315183818305831, 0.6125920370914231, 0.6002574452859736, 0.5891591547758905, 0.5809041472285711, 0.5738744544581247, 0.568131300799036, 0.5633624123102782, 0.5595858177994374, 0.5557775124429644, 0.5524072250371886, 0.5511035178802561, 0.5472600764241986, 0.5464145876139016], 'val_accuracy': [0.5313520207137229, 0.5798765737533674, 0.6220967271499186, 0.6501448371026493, 0.6840653961623809, 0.7032832628162304, 0.7206383365429978, 0.7269709860056617, 0.7316401616924455, 0.7344128925896282, 0.7361768249676738, 0.7371181155871801, 0.7383934556468631, 0.7412464586541936, 0.739979243009138, 0.7426593247427828, 0.7426536563481382], 'val_f1': [0.44126257711300315, 0.4821407878484198, 0.5440600405597353, 0.577862025955832, 0.6360612938990672, 0.6617729262753643, 0.6897725899438116, 0.6973447096787969, 0.7074127248168197, 0.7103822793312201, 0.715053331704128, 0.7155976511250304, 0.719140129093958, 0.7210226329486555, 0.721761741512258, 0.7232779760594619, 0.7252045455253431], 'val_mae': [0.46864797928627716, 0.42012342624663257, 0.37790327285008135, 0.34985516289735086, 0.3159346038376191, 0.29671673718376956, 0.2793616634570021, 0.27302901399433827, 0.26835983830755455, 0.2655871074103719, 0.26382317503232633, 0.26288188441281995, 0.26160654435313685, 0.25875354134580647, 0.260020756990862, 0.25734067525721704, 0.2573463436518618], 'jsd': [(0, 0, 0, 0, 0, 0, 0, 0, 0, 0, 0, 0, 0, 0.0207208396239082, 0.31127812445913283, 0.31127812445913283, 0.31127812445913283, 0.11009182675183558, 0.31127812445913283, 0.31127812445913283, 0.31127812445913283, 0.0037024515418363386, 0.31127812445913283, 0.31127812445913283, 0.31127812445913283, 0.31127812445913283, 0.31127812445913283, 0.31127812445913283, 0.31127812445913283, 0.31127812445913283, 0.0037024515418363386, 0.31127812445913283, 0.31127812445913283, 0.0350583482647871, 0.31127812445913283, 0.31127812445913283, 0.31127812445913283, 0, 0, 0), (0, 0, 0, 0, 0, 0, 0, 0, 0, 0, 0, 0, 0, 0.0207208396239082, 0.31127812445913283, 0.31127812445913283, 0.31127812445913283, 0.06548833004089114, 0.0014939931791539789, 0.31127812445913283, 0.07310400793180982, 0, 0.1711038312803313, 0.31127812445913283, 0, 0.007299156760473963, 0.009756534087137225, 0.31127812445913283, 0.31127812445913283, 0.31127812445913283, 0.015085156698935967, 0.0207208396239082, 0.16395604408354778, 0.0350583482647871, 0.31127812445913283, 0.31127812445913283, 0.16395604408354778, 0, 0, 0), (0, 0.16395604408354778, 0.31127812445913283, 0, 0, 0.18850340411986471, 0, 0.11009182675183558, 0, 0, 0, 0.1711038312803313, 0, 0, 0, 0.31127812445913283, 0, 0.07310400793180982, 0.31127812445913283, 0.07310400793180982, 0.31127812445913283, 0.31127812445913283, 0, 0.31127812445913283, 0.31127812445913283, 0.31127812445913283, 0, 0.31127812445913283, 0.11009182675183558, 0.31127812445913283, 0.07310400793180982, 0.31127812445913283, 0.0487949406953985, 0, 0.31127812445913283, 0, 0, 0, 0.31127812445913283, 0), (0.09328462323031235, 0.31127812445913283, 0.2087803925185126, 0.009756534087137225, 0.11385563424028564, 0.013714477705244553, 0.08025594233229469, 0.07310400793180982, 0.03857581598654605, 0.13251817521576753, 0.05253690168806249, 0.19326958066820893, 0.0350583482647871, 0.00429810722857266, 0.005050449860393488, 0.0207208396239082, 0.0487949406953985, 0, 0.31127812445913283, 0.07310400793180982, 0.007299156760473963, 0.0037024515418363386, 0.0002145058924891757, 0.31127812445913283, 0.31127812445913283, 0.11009182675183558, 0.12425601093475921, 0.31127812445913283, 0.17750440524619315, 0.07310400793180982, 0.07310400793180982, 0.31127812445913283, 0.31127812445913283, 0.05738732460549023, 0.011482406826014972, 0.001254883843183478, 0.0002145058924891757, 0.0487949406953985, 0.2227619806994962, 0.0487949406953985), (0, 0, 0, 0, 0, 0, 0, 0, 0, 0, 0, 0, 0, 0, 0, 0.2227619806994962, 0, 0, 0, 0, 0, 0, 0, 0, 0, 0, 0, 0, 0, 0, 0, 0, 0, 0, 0, 0, 0, 0, 0, 0), (0.009036677434107646, 0.005050449860393488, 0.23305878051279882, 0.014691469621310085, 0.016941071056623243, 0.00822299722902229, 0.06859186091507882, 0.042041899344894246, 0.05655009359654585, 0.03889315594457522, 0.0463685414106319, 0.10206066129537185, 0.02359015854559616, 0.005865051239364611, 0.05171298000558475, 0.025509910978289904, 0.0487949406953985, 0.0008025382728216734, 0.07310400793180982, 0.011482406826014972, 0.31127812445913283, 0.010396593705431272, 0.08111870596083268, 0.31127812445913283, 0.31127812445913283, 0.0207208396239082, 0.0487949406953985, 0.0022344421708708415, 0.2087803925185126, 0.07310400793180982, 0.042041899344894246, 0.20534969973663775, 0.05738732460549023, 0.01274900060462203, 0.16395604408354778, 0.028564156811275485, 0.0008790379110077892, 0.011482406826014972, 0.0207208396239082, 0.006523190206172563), (0, 0, 0, 0, 0, 0, 0, 0, 0, 0, 0, 0, 0, 0, 0, 0.24237412989240623, 0, 0, 0, 0, 0, 0, 0, 0, 0, 0, 0, 0, 0, 0, 0, 0, 0, 0, 0, 0, 0, 0, 0, 0), (0.0061446088533262735, 0.002830694750015385, 0.24844401300050659, 0.04105726891831728, 0.014038937565777093, 0.0014939931791539789, 0.10372355040574062, 0.0037024515418363386, 0.07898885115561567, 0.0031619139529965624, 0.02711041372683346, 0.08697257500448134, 0.010396593705431272, 0.0010689285835955437, 0.050988453276391066, 0.007299156760473963, 0.039737267151773975, 0.07850994353170956, 0.05738732460549023, 0.05400884513974839, 0.007299156760473963, 0.005407888490294582, 0.0019359358092692971, 0.2292798117148899, 0.15591489886228305, 0.05253690168806249, 0.011482406826014972, 0.00028867375520897666, 0.03857581598654605, 0.05400884513974839, 0.05400884513974839, 0.2227619806994962, 0.03221357089614439, 0.05738732460549023, 0.002830694750015385, 0.0350583482647871, 0.0008589183281813573, 0.018135571823116266, 0.03600088831260688, 0.11009182675183558), (0, 0, 0, 0, 0, 0, 0, 0, 0, 0, 0, 0, 0, 0, 0, 0, 0, 0, 0, 0, 0, 0, 0, 0, 0, 0, 0, 0, 0, 0, 0, 0, 0, 0, 0, 0, 0, 0, 0, 0), (0.0023839413783587893, 0.005301974832984377, 0.06900910450166178, 0.05207398638601675, 0.004122113616565049, 0.0009214584011009545, 0.10749195315105531, 0.0010689285835955437, 0.07622434155290266, 0.0032712817850098566, 0.004122113616565049, 0.1317293194736727, 0.007867664894852307, 0.0006631052098621127, 0.039191434062495145, 0.0064060099920141, 0.03268932243084692, 0, 0.19094034698434098, 0.05738732460549023, 0.009756534087137225, 0.009036677434107646, 0, 0.07622434155290266, 0.11009182675183558, 0, 0.0037024515418363386, 0.009335040408067166, 0.0487949406953985, 0.027910215332363916, 0.0010689285835955437, 0.23646636812449032, 0.0350583482647871, 0.0487949406953985, 0.007299156760473963, 0.031896080966716533, 0.0027533280550219065, 0.025140556297286162, 0.05207398638601675, 0.006830658680456639), (0, 0, 0, 0, 0, 0, 0, 0, 0, 0, 0, 0, 0, 0, 0, 0, 0, 0, 0, 0, 0, 0, 0, 0, 0, 0, 0, 0, 0, 0, 0.013949306965373928, 0, 0, 0, 0, 0, 0, 0, 0, 0), (0.0016626576184457752, 0.0006767219177472479, 0.06149937804507184, 0.06502539038278278, 0.008723329471708632, 0.00036176918093652755, 0.09555361251896813, 0.0001877124226694997, 0.023795695918608258, 0.0010160633509259717, 0.006963639137030152, 0.15058560986911712, 0.007775948452200233, 0.002349447614504129, 0.04066211490300797, 0.004528991295546424, 0.0350583482647871, 0, 0.20534969973663775, 0.06322393781435344, 0.0207208396239082, 0.0024479765006755194, 0, 0.02276859998040022, 0.12745428142147208, 0, 0.0026078279567117203, 0.006523190206172563, 0.004816452941871073, 0.015588395748542892, 0.0001877124226694997, 0.24616505675524458, 0.027910215332363916, 0.03634284572901042, 0.03302877414247969, 0.015297775930101544, 0.006963639137030152, 0.0006767219177472479, 0.04746468216969184, 0), (0, 0, 0, 0, 0, 0, 0, 0, 0, 0, 0, 0, 0, 0, 0, 0, 0, 0, 0, 0, 0, 0, 0, 0, 0, 0, 0, 0, 0, 0, 0.0029530155390121333, 0, 0, 0, 0, 0, 0, 0, 0, 0), (0, 0, 0, 0, 0, 0, 0, 0, 0, 0, 0, 0, 0, 0.004816452941871073, 5.551033283418159e-05, 0.031173613118524304, 0.06390744704610728, 0.0006246337730938037, 0.0004746229241440903, 0.10112402163718603, 0.006523190206172563, 0.017476244325223163, 0.026668965913709028, 0, 0.13138880793914987, 0.002114884643984207, 0.0030834536326394824, 0.03335434504876711, 0.0014939931791539789, 0.045224567067496654, 0, 0.0022344421708708415, 0.001564467561066686, 0.004469552452063288, 0.004528991295546424, 0.049943092483862694, 0.0024479765006755194, 0, 0, 0), (0, 0, 0, 0, 0, 0, 0, 0, 0, 0, 0.00013663754192747794, 0, 0, 0, 0, 0, 0, 0.06149937804507184, 0, 0, 0, 0, 0.001842090186059877, 0, 0, 0.05528500114149415, 0, 0, 0, 0, 0, 0, 0, 0, 0, 0, 0, 0, 0, 0), (0, 0, 0, 0, 0, 0, 0, 0, 0, 0, 0, 0, 0, 0.0061446088533262735, 0.0003843884653275346, 0.031069480068634414, 0.07850994353170956, 0.0013431113450645717, 0.0018496468978117624, 0.05207398638601675, 0.015085156698935967, 0.0013431113450645717, 0.036940224638936384, 0, 0.11978983412227931, 0.0066132061053925245, 0.0207208396239082, 0.011720053679030874, 0.00566775380589651, 0.059046967456822835, 0, 0.00429810722857266, 0.00030058237746002827, 0.0043730621958221125, 0.015807917200052736, 0.059458789360000736, 0.0014939931791539789, 0, 0, 0), (0, 0, 0, 0, 0, 0, 0, 0, 0, 0, 0, 0, 0, 0, 0, 0, 0, 0.12931448059938455, 0, 0, 0, 0, 0.001175077712856798, 0, 0, 0.045224567067496654, 0, 0, 0, 0, 0, 0, 0, 0, 0, 0, 0, 0, 0, 0)]}}, 'time': 0.4569089412689209, 'communication_time': 0.4475576877593994}
-0.002624242411452496
client_selector activated ✅
0.0019257479946669172
heterogeneous_data_handler activated ✅ for clients: ['Client 3', 'Client 19', 'Client 25', 'Client 32']
Client Client 11 participates in this round. (CPU: 2, RAM: 2)
Client Client 20 participates in this round. (CPU: 2, RAM: 2)
Client Client 10 participates in this round. (CPU: 2, RAM: 2)
Client Client 13 participates in this round. (CPU: 2, RAM: 2)
Client Client 17 participates in this round. (CPU: 2, RAM: 2)
Client Client 9 participates in this round. (CPU: 2, RAM: 2)
Client Client 5 participates in this round. (CPU: 2, RAM: 2)
Client Client 12 participates in this round. (CPU: 2, RAM: 2)
Client Client 19 participates in this round. (CPU: 2, RAM: 2)
Client Client 24 participates in this round. (CPU: 2, RAM: 2)
Client Client 4 participates in this round. (CPU: 2, RAM: 2)
Client Client 6 participates in this round. (CPU: 2, RAM: 2)
Client Client 7 participates in this round. (CPU: 2, RAM: 2)
Client Client 8 participates in this round. (CPU: 2, RAM: 2)
Client Client 28 has insufficient CPU (1). Will not participate in the next FL round.
Client Client 23 participates in this round. (CPU: 2, RAM: 2)
Client Client 3 participates in this round. (CPU: 2, RAM: 2)
Client Client 38 has insufficient CPU (1). Will not participate in the next FL round.
Client Client 36 has insufficient CPU (1). Will not participate in the next FL round.
Client Client 29 has insufficient CPU (1). Will not participate in the next FL round.
Client Client 14 participates in this round. (CPU: 2, RAM: 2)
Client Client 16 participates in this round. (CPU: 2, RAM: 2)
Client Client 1 participates in this round. (CPU: 2, RAM: 2)
Client Client 30 has insufficient CPU (1). Will not participate in the next FL round.
Client Client 34 has insufficient CPU (1). Will not participate in the next FL round.
Client Client 35 has insufficient CPU (1). Will not participate in the next FL round.
Client Client 32 has insufficient CPU (1). Will not participate in the next FL round.
Client Client 31 has insufficient CPU (1). Will not participate in the next FL round.
Client Client 26 has insufficient CPU (1). Will not participate in the next FL round.
Client Client 21 participates in this round. (CPU: 2, RAM: 2)
Client Client 2 participates in this round. (CPU: 2, RAM: 2)
Client Client 27 has insufficient CPU (1). Will not participate in the next FL round.
Client Client 18 participates in this round. (CPU: 2, RAM: 2)
Client Client 39 has insufficient CPU (1). Will not participate in the next FL round.
Client Client 22 participates in this round. (CPU: 2, RAM: 2)
Client Client 25 has insufficient CPU (1). Will not participate in the next FL round.
Client Client 33 has insufficient CPU (1). Will not participate in the next FL round.
Client Client 15 participates in this round. (CPU: 2, RAM: 2)
Client Client 37 has insufficient CPU (1). Will not participate in the next FL round.
Client Client 40 has insufficient CPU (1). Will not participate in the next FL round.
Results Aggregated in 0.43 seconds.
{'prostate_logreg': {'train_loss': [0.5797648924210715, 0.5904991605947184, 0.5741372711924247, 0.5620664890658361, 0.5844833563807552, 0.5601529134499471, 0.5718169605588965, 0.5349920468328702, 0.5518784765599124, 0.5306864954794746, 0.5451663930936413, 0.5251984873838187, 0.5373900642959768, 0.5246615608160361, 0.5301755322297048, 0.5216981568316899, 0.5254054510136151, 0.5208882005815968], 'train_accuracy': [0.7222222222222222, 0.6937984496124031, 0.7142857142857143, 0.7625178826895566, 0.7085889570552147, 0.7421503330161751, 0.7295528898582334, 0.7778561354019746, 0.7534129692832765, 0.7737226277372263, 0.7541436464088398, 0.7703147017379052, 0.7543757292882147, 0.7603217158176944, 0.7583429228998849, 0.7643192488262911, 0.7574024226110363, 0.7613873798579189], 'train_f1': [0.6351708696946792, 0.5398648874189105, 0.6303745218279557, 0.6311409069797953, 0.6745301145010185, 0.6529931064159895, 0.7037811685885789, 0.7047412754696403, 0.7495536968582172, 0.7309616839615369, 0.7510466262227434, 0.736147582944784, 0.7528429567547709, 0.7358804089862214, 0.755233139469614, 0.7395496721462671, 0.7527225107374166, 0.7381865543124287], 'train_mae': [0.2777777777777778, 0.3062015503875969, 0.2857142857142857, 0.2374821173104435, 0.29141104294478526, 0.25784966698382494, 0.27044711014176664, 0.22214386459802538, 0.24658703071672355, 0.22627737226277372, 0.24585635359116023, 0.22968529826209488, 0.2456242707117853, 0.23967828418230563, 0.24165707710011508, 0.23568075117370893, 0.24259757738896365, 0.23861262014208107], 'val_loss': [0.7245327421107245, 0.6863383310975246, 0.653705006193505, 0.6315183818305831, 0.6125920370914231, 0.6002574452859736, 0.5891591547758905, 0.5809041472285711, 0.5738744544581247, 0.568131300799036, 0.5633624123102782, 0.5595858177994374, 0.5557775124429644, 0.5524072250371886, 0.5511035178802561, 0.5472600764241986, 0.5464145876139016, 0.5432826840553872], 'val_accuracy': [0.5313520207137229, 0.5798765737533674, 0.6220967271499186, 0.6501448371026493, 0.6840653961623809, 0.7032832628162304, 0.7206383365429978, 0.7269709860056617, 0.7316401616924455, 0.7344128925896282, 0.7361768249676738, 0.7371181155871801, 0.7383934556468631, 0.7412464586541936, 0.739979243009138, 0.7426593247427828, 0.7426536563481382, 0.7444841336877951], 'val_f1': [0.44126257711300315, 0.4821407878484198, 0.5440600405597353, 0.577862025955832, 0.6360612938990672, 0.6617729262753643, 0.6897725899438116, 0.6973447096787969, 0.7074127248168197, 0.7103822793312201, 0.715053331704128, 0.7155976511250304, 0.719140129093958, 0.7210226329486555, 0.721761741512258, 0.7232779760594619, 0.7252045455253431, 0.7260959811062628], 'val_mae': [0.46864797928627716, 0.42012342624663257, 0.37790327285008135, 0.34985516289735086, 0.3159346038376191, 0.29671673718376956, 0.2793616634570021, 0.27302901399433827, 0.26835983830755455, 0.2655871074103719, 0.26382317503232633, 0.26288188441281995, 0.26160654435313685, 0.25875354134580647, 0.260020756990862, 0.25734067525721704, 0.2573463436518618, 0.2555158663122049], 'jsd': [(0, 0, 0, 0, 0, 0, 0, 0, 0, 0, 0, 0, 0, 0.0207208396239082, 0.31127812445913283, 0.31127812445913283, 0.31127812445913283, 0.11009182675183558, 0.31127812445913283, 0.31127812445913283, 0.31127812445913283, 0.0037024515418363386, 0.31127812445913283, 0.31127812445913283, 0.31127812445913283, 0.31127812445913283, 0.31127812445913283, 0.31127812445913283, 0.31127812445913283, 0.31127812445913283, 0.0037024515418363386, 0.31127812445913283, 0.31127812445913283, 0.0350583482647871, 0.31127812445913283, 0.31127812445913283, 0.31127812445913283, 0, 0, 0), (0, 0, 0, 0, 0, 0, 0, 0, 0, 0, 0, 0, 0, 0.0207208396239082, 0.31127812445913283, 0.31127812445913283, 0.31127812445913283, 0.06548833004089114, 0.0014939931791539789, 0.31127812445913283, 0.07310400793180982, 0, 0.1711038312803313, 0.31127812445913283, 0, 0.007299156760473963, 0.009756534087137225, 0.31127812445913283, 0.31127812445913283, 0.31127812445913283, 0.015085156698935967, 0.0207208396239082, 0.16395604408354778, 0.0350583482647871, 0.31127812445913283, 0.31127812445913283, 0.16395604408354778, 0, 0, 0), (0, 0.16395604408354778, 0.31127812445913283, 0, 0, 0.18850340411986471, 0, 0.11009182675183558, 0, 0, 0, 0.1711038312803313, 0, 0, 0, 0.31127812445913283, 0, 0.07310400793180982, 0.31127812445913283, 0.07310400793180982, 0.31127812445913283, 0.31127812445913283, 0, 0.31127812445913283, 0.31127812445913283, 0.31127812445913283, 0, 0.31127812445913283, 0.11009182675183558, 0.31127812445913283, 0.07310400793180982, 0.31127812445913283, 0.0487949406953985, 0, 0.31127812445913283, 0, 0, 0, 0.31127812445913283, 0), (0.09328462323031235, 0.31127812445913283, 0.2087803925185126, 0.009756534087137225, 0.11385563424028564, 0.013714477705244553, 0.08025594233229469, 0.07310400793180982, 0.03857581598654605, 0.13251817521576753, 0.05253690168806249, 0.19326958066820893, 0.0350583482647871, 0.00429810722857266, 0.005050449860393488, 0.0207208396239082, 0.0487949406953985, 0, 0.31127812445913283, 0.07310400793180982, 0.007299156760473963, 0.0037024515418363386, 0.0002145058924891757, 0.31127812445913283, 0.31127812445913283, 0.11009182675183558, 0.12425601093475921, 0.31127812445913283, 0.17750440524619315, 0.07310400793180982, 0.07310400793180982, 0.31127812445913283, 0.31127812445913283, 0.05738732460549023, 0.011482406826014972, 0.001254883843183478, 0.0002145058924891757, 0.0487949406953985, 0.2227619806994962, 0.0487949406953985), (0, 0, 0, 0, 0, 0, 0, 0, 0, 0, 0, 0, 0, 0, 0, 0.2227619806994962, 0, 0, 0, 0, 0, 0, 0, 0, 0, 0, 0, 0, 0, 0, 0, 0, 0, 0, 0, 0, 0, 0, 0, 0), (0.009036677434107646, 0.005050449860393488, 0.23305878051279882, 0.014691469621310085, 0.016941071056623243, 0.00822299722902229, 0.06859186091507882, 0.042041899344894246, 0.05655009359654585, 0.03889315594457522, 0.0463685414106319, 0.10206066129537185, 0.02359015854559616, 0.005865051239364611, 0.05171298000558475, 0.025509910978289904, 0.0487949406953985, 0.0008025382728216734, 0.07310400793180982, 0.011482406826014972, 0.31127812445913283, 0.010396593705431272, 0.08111870596083268, 0.31127812445913283, 0.31127812445913283, 0.0207208396239082, 0.0487949406953985, 0.0022344421708708415, 0.2087803925185126, 0.07310400793180982, 0.042041899344894246, 0.20534969973663775, 0.05738732460549023, 0.01274900060462203, 0.16395604408354778, 0.028564156811275485, 0.0008790379110077892, 0.011482406826014972, 0.0207208396239082, 0.006523190206172563), (0, 0, 0, 0, 0, 0, 0, 0, 0, 0, 0, 0, 0, 0, 0, 0.24237412989240623, 0, 0, 0, 0, 0, 0, 0, 0, 0, 0, 0, 0, 0, 0, 0, 0, 0, 0, 0, 0, 0, 0, 0, 0), (0.0061446088533262735, 0.002830694750015385, 0.24844401300050659, 0.04105726891831728, 0.014038937565777093, 0.0014939931791539789, 0.10372355040574062, 0.0037024515418363386, 0.07898885115561567, 0.0031619139529965624, 0.02711041372683346, 0.08697257500448134, 0.010396593705431272, 0.0010689285835955437, 0.050988453276391066, 0.007299156760473963, 0.039737267151773975, 0.07850994353170956, 0.05738732460549023, 0.05400884513974839, 0.007299156760473963, 0.005407888490294582, 0.0019359358092692971, 0.2292798117148899, 0.15591489886228305, 0.05253690168806249, 0.011482406826014972, 0.00028867375520897666, 0.03857581598654605, 0.05400884513974839, 0.05400884513974839, 0.2227619806994962, 0.03221357089614439, 0.05738732460549023, 0.002830694750015385, 0.0350583482647871, 0.0008589183281813573, 0.018135571823116266, 0.03600088831260688, 0.11009182675183558), (0, 0, 0, 0, 0, 0, 0, 0, 0, 0, 0, 0, 0, 0, 0, 0, 0, 0, 0, 0, 0, 0, 0, 0, 0, 0, 0, 0, 0, 0, 0, 0, 0, 0, 0, 0, 0, 0, 0, 0), (0.0023839413783587893, 0.005301974832984377, 0.06900910450166178, 0.05207398638601675, 0.004122113616565049, 0.0009214584011009545, 0.10749195315105531, 0.0010689285835955437, 0.07622434155290266, 0.0032712817850098566, 0.004122113616565049, 0.1317293194736727, 0.007867664894852307, 0.0006631052098621127, 0.039191434062495145, 0.0064060099920141, 0.03268932243084692, 0, 0.19094034698434098, 0.05738732460549023, 0.009756534087137225, 0.009036677434107646, 0, 0.07622434155290266, 0.11009182675183558, 0, 0.0037024515418363386, 0.009335040408067166, 0.0487949406953985, 0.027910215332363916, 0.0010689285835955437, 0.23646636812449032, 0.0350583482647871, 0.0487949406953985, 0.007299156760473963, 0.031896080966716533, 0.0027533280550219065, 0.025140556297286162, 0.05207398638601675, 0.006830658680456639), (0, 0, 0, 0, 0, 0, 0, 0, 0, 0, 0, 0, 0, 0, 0, 0, 0, 0, 0, 0, 0, 0, 0, 0, 0, 0, 0, 0, 0, 0, 0.013949306965373928, 0, 0, 0, 0, 0, 0, 0, 0, 0), (0.0016626576184457752, 0.0006767219177472479, 0.06149937804507184, 0.06502539038278278, 0.008723329471708632, 0.00036176918093652755, 0.09555361251896813, 0.0001877124226694997, 0.023795695918608258, 0.0010160633509259717, 0.006963639137030152, 0.15058560986911712, 0.007775948452200233, 0.002349447614504129, 0.04066211490300797, 0.004528991295546424, 0.0350583482647871, 0, 0.20534969973663775, 0.06322393781435344, 0.0207208396239082, 0.0024479765006755194, 0, 0.02276859998040022, 0.12745428142147208, 0, 0.0026078279567117203, 0.006523190206172563, 0.004816452941871073, 0.015588395748542892, 0.0001877124226694997, 0.24616505675524458, 0.027910215332363916, 0.03634284572901042, 0.03302877414247969, 0.015297775930101544, 0.006963639137030152, 0.0006767219177472479, 0.04746468216969184, 0), (0, 0, 0, 0, 0, 0, 0, 0, 0, 0, 0, 0, 0, 0, 0, 0, 0, 0, 0, 0, 0, 0, 0, 0, 0, 0, 0, 0, 0, 0, 0.0029530155390121333, 0, 0, 0, 0, 0, 0, 0, 0, 0), (0, 0, 0, 0, 0, 0, 0, 0, 0, 0, 0, 0, 0, 0.004816452941871073, 5.551033283418159e-05, 0.031173613118524304, 0.06390744704610728, 0.0006246337730938037, 0.0004746229241440903, 0.10112402163718603, 0.006523190206172563, 0.017476244325223163, 0.026668965913709028, 0, 0.13138880793914987, 0.002114884643984207, 0.0030834536326394824, 0.03335434504876711, 0.0014939931791539789, 0.045224567067496654, 0, 0.0022344421708708415, 0.001564467561066686, 0.004469552452063288, 0.004528991295546424, 0.049943092483862694, 0.0024479765006755194, 0, 0, 0), (0, 0, 0, 0, 0, 0, 0, 0, 0, 0, 0.00013663754192747794, 0, 0, 0, 0, 0, 0, 0.06149937804507184, 0, 0, 0, 0, 0.001842090186059877, 0, 0, 0.05528500114149415, 0, 0, 0, 0, 0, 0, 0, 0, 0, 0, 0, 0, 0, 0), (0, 0, 0, 0, 0, 0, 0, 0, 0, 0, 0, 0, 0, 0.0061446088533262735, 0.0003843884653275346, 0.031069480068634414, 0.07850994353170956, 0.0013431113450645717, 0.0018496468978117624, 0.05207398638601675, 0.015085156698935967, 0.0013431113450645717, 0.036940224638936384, 0, 0.11978983412227931, 0.0066132061053925245, 0.0207208396239082, 0.011720053679030874, 0.00566775380589651, 0.059046967456822835, 0, 0.00429810722857266, 0.00030058237746002827, 0.0043730621958221125, 0.015807917200052736, 0.059458789360000736, 0.0014939931791539789, 0, 0, 0), (0, 0, 0, 0, 0, 0, 0, 0, 0, 0, 0, 0, 0, 0, 0, 0, 0, 0.12931448059938455, 0, 0, 0, 0, 0.001175077712856798, 0, 0, 0.045224567067496654, 0, 0, 0, 0, 0, 0, 0, 0, 0, 0, 0, 0, 0, 0), (0, 0, 0, 0, 0, 0, 0, 0, 0, 0, 0, 0, 0, 0.0021536469055539187, 0.00030471608277718963, 0.019828895863554644, 0.026158822648714775, 0.0017810649560001043, 0.004651491303398973, 0.035731909727539896, 0.038306964242260544, 4.2686232120132256e-05, 0.02771571646511272, 0, 0.13251817521576753, 0.04768711957621925, 0.02374160222806597, 0.009286313085199546, 5.551033283418159e-05, 0.05787750669366977, 0, 0, 0.0038391590512110163, 0.007757463007627356, 0.005772727484600407, 0.0350583482647871, 0.004259204687851684, 0, 0, 0)]}}
AdaptationManager: Configuring next round...
{'client_registry': {'enabled': True, 'params': {}}, 'client_selector': {'enabled': True, 'params': {'selection_strategy': 'Resource-Based', 'selection_criteria': 'CPU', 'selection_value': 2}}, 'client_cluster': {'enabled': False, 'params': {}}, 'message_compressor': {'enabled': False, 'params': {}}, 'model_co-versioning_registry': {'enabled': False, 'params': {}}, 'multi-task_model_trainer': {'enabled': False, 'params': {}}, 'heterogeneous_data_handler': {'enabled': True, 'params': {'enabled_clients': []}}}
{'client_selector': {'enabled': True}, 'client_cluster': {'enabled': False}, 'message_compressor': {'enabled': False}, 'model_co-versioning_registry': {'enabled': False}, 'multi-task_model_trainer': {'enabled': False}, 'heterogeneous_data_handler': {'enabled': True, 'params': {'enabled_clients': ['Client 3', 'Client 19', 'Client 25', 'Client 32']}}, 'client_registry': {'enabled': True, 'params': {}}}
{'model_type': 'prostate_logreg', 'metrics': {'prostate_logreg': {'train_loss': [0.5797648924210715, 0.5904991605947184, 0.5741372711924247, 0.5620664890658361, 0.5844833563807552, 0.5601529134499471, 0.5718169605588965, 0.5349920468328702, 0.5518784765599124, 0.5306864954794746, 0.5451663930936413, 0.5251984873838187, 0.5373900642959768, 0.5246615608160361, 0.5301755322297048, 0.5216981568316899, 0.5254054510136151, 0.5208882005815968], 'train_accuracy': [0.7222222222222222, 0.6937984496124031, 0.7142857142857143, 0.7625178826895566, 0.7085889570552147, 0.7421503330161751, 0.7295528898582334, 0.7778561354019746, 0.7534129692832765, 0.7737226277372263, 0.7541436464088398, 0.7703147017379052, 0.7543757292882147, 0.7603217158176944, 0.7583429228998849, 0.7643192488262911, 0.7574024226110363, 0.7613873798579189], 'train_f1': [0.6351708696946792, 0.5398648874189105, 0.6303745218279557, 0.6311409069797953, 0.6745301145010185, 0.6529931064159895, 0.7037811685885789, 0.7047412754696403, 0.7495536968582172, 0.7309616839615369, 0.7510466262227434, 0.736147582944784, 0.7528429567547709, 0.7358804089862214, 0.755233139469614, 0.7395496721462671, 0.7527225107374166, 0.7381865543124287], 'train_mae': [0.2777777777777778, 0.3062015503875969, 0.2857142857142857, 0.2374821173104435, 0.29141104294478526, 0.25784966698382494, 0.27044711014176664, 0.22214386459802538, 0.24658703071672355, 0.22627737226277372, 0.24585635359116023, 0.22968529826209488, 0.2456242707117853, 0.23967828418230563, 0.24165707710011508, 0.23568075117370893, 0.24259757738896365, 0.23861262014208107], 'val_loss': [0.7245327421107245, 0.6863383310975246, 0.653705006193505, 0.6315183818305831, 0.6125920370914231, 0.6002574452859736, 0.5891591547758905, 0.5809041472285711, 0.5738744544581247, 0.568131300799036, 0.5633624123102782, 0.5595858177994374, 0.5557775124429644, 0.5524072250371886, 0.5511035178802561, 0.5472600764241986, 0.5464145876139016, 0.5432826840553872], 'val_accuracy': [0.5313520207137229, 0.5798765737533674, 0.6220967271499186, 0.6501448371026493, 0.6840653961623809, 0.7032832628162304, 0.7206383365429978, 0.7269709860056617, 0.7316401616924455, 0.7344128925896282, 0.7361768249676738, 0.7371181155871801, 0.7383934556468631, 0.7412464586541936, 0.739979243009138, 0.7426593247427828, 0.7426536563481382, 0.7444841336877951], 'val_f1': [0.44126257711300315, 0.4821407878484198, 0.5440600405597353, 0.577862025955832, 0.6360612938990672, 0.6617729262753643, 0.6897725899438116, 0.6973447096787969, 0.7074127248168197, 0.7103822793312201, 0.715053331704128, 0.7155976511250304, 0.719140129093958, 0.7210226329486555, 0.721761741512258, 0.7232779760594619, 0.7252045455253431, 0.7260959811062628], 'val_mae': [0.46864797928627716, 0.42012342624663257, 0.37790327285008135, 0.34985516289735086, 0.3159346038376191, 0.29671673718376956, 0.2793616634570021, 0.27302901399433827, 0.26835983830755455, 0.2655871074103719, 0.26382317503232633, 0.26288188441281995, 0.26160654435313685, 0.25875354134580647, 0.260020756990862, 0.25734067525721704, 0.2573463436518618, 0.2555158663122049], 'jsd': [(0, 0, 0, 0, 0, 0, 0, 0, 0, 0, 0, 0, 0, 0.0207208396239082, 0.31127812445913283, 0.31127812445913283, 0.31127812445913283, 0.11009182675183558, 0.31127812445913283, 0.31127812445913283, 0.31127812445913283, 0.0037024515418363386, 0.31127812445913283, 0.31127812445913283, 0.31127812445913283, 0.31127812445913283, 0.31127812445913283, 0.31127812445913283, 0.31127812445913283, 0.31127812445913283, 0.0037024515418363386, 0.31127812445913283, 0.31127812445913283, 0.0350583482647871, 0.31127812445913283, 0.31127812445913283, 0.31127812445913283, 0, 0, 0), (0, 0, 0, 0, 0, 0, 0, 0, 0, 0, 0, 0, 0, 0.0207208396239082, 0.31127812445913283, 0.31127812445913283, 0.31127812445913283, 0.06548833004089114, 0.0014939931791539789, 0.31127812445913283, 0.07310400793180982, 0, 0.1711038312803313, 0.31127812445913283, 0, 0.007299156760473963, 0.009756534087137225, 0.31127812445913283, 0.31127812445913283, 0.31127812445913283, 0.015085156698935967, 0.0207208396239082, 0.16395604408354778, 0.0350583482647871, 0.31127812445913283, 0.31127812445913283, 0.16395604408354778, 0, 0, 0), (0, 0.16395604408354778, 0.31127812445913283, 0, 0, 0.18850340411986471, 0, 0.11009182675183558, 0, 0, 0, 0.1711038312803313, 0, 0, 0, 0.31127812445913283, 0, 0.07310400793180982, 0.31127812445913283, 0.07310400793180982, 0.31127812445913283, 0.31127812445913283, 0, 0.31127812445913283, 0.31127812445913283, 0.31127812445913283, 0, 0.31127812445913283, 0.11009182675183558, 0.31127812445913283, 0.07310400793180982, 0.31127812445913283, 0.0487949406953985, 0, 0.31127812445913283, 0, 0, 0, 0.31127812445913283, 0), (0.09328462323031235, 0.31127812445913283, 0.2087803925185126, 0.009756534087137225, 0.11385563424028564, 0.013714477705244553, 0.08025594233229469, 0.07310400793180982, 0.03857581598654605, 0.13251817521576753, 0.05253690168806249, 0.19326958066820893, 0.0350583482647871, 0.00429810722857266, 0.005050449860393488, 0.0207208396239082, 0.0487949406953985, 0, 0.31127812445913283, 0.07310400793180982, 0.007299156760473963, 0.0037024515418363386, 0.0002145058924891757, 0.31127812445913283, 0.31127812445913283, 0.11009182675183558, 0.12425601093475921, 0.31127812445913283, 0.17750440524619315, 0.07310400793180982, 0.07310400793180982, 0.31127812445913283, 0.31127812445913283, 0.05738732460549023, 0.011482406826014972, 0.001254883843183478, 0.0002145058924891757, 0.0487949406953985, 0.2227619806994962, 0.0487949406953985), (0, 0, 0, 0, 0, 0, 0, 0, 0, 0, 0, 0, 0, 0, 0, 0.2227619806994962, 0, 0, 0, 0, 0, 0, 0, 0, 0, 0, 0, 0, 0, 0, 0, 0, 0, 0, 0, 0, 0, 0, 0, 0), (0.009036677434107646, 0.005050449860393488, 0.23305878051279882, 0.014691469621310085, 0.016941071056623243, 0.00822299722902229, 0.06859186091507882, 0.042041899344894246, 0.05655009359654585, 0.03889315594457522, 0.0463685414106319, 0.10206066129537185, 0.02359015854559616, 0.005865051239364611, 0.05171298000558475, 0.025509910978289904, 0.0487949406953985, 0.0008025382728216734, 0.07310400793180982, 0.011482406826014972, 0.31127812445913283, 0.010396593705431272, 0.08111870596083268, 0.31127812445913283, 0.31127812445913283, 0.0207208396239082, 0.0487949406953985, 0.0022344421708708415, 0.2087803925185126, 0.07310400793180982, 0.042041899344894246, 0.20534969973663775, 0.05738732460549023, 0.01274900060462203, 0.16395604408354778, 0.028564156811275485, 0.0008790379110077892, 0.011482406826014972, 0.0207208396239082, 0.006523190206172563), (0, 0, 0, 0, 0, 0, 0, 0, 0, 0, 0, 0, 0, 0, 0, 0.24237412989240623, 0, 0, 0, 0, 0, 0, 0, 0, 0, 0, 0, 0, 0, 0, 0, 0, 0, 0, 0, 0, 0, 0, 0, 0), (0.0061446088533262735, 0.002830694750015385, 0.24844401300050659, 0.04105726891831728, 0.014038937565777093, 0.0014939931791539789, 0.10372355040574062, 0.0037024515418363386, 0.07898885115561567, 0.0031619139529965624, 0.02711041372683346, 0.08697257500448134, 0.010396593705431272, 0.0010689285835955437, 0.050988453276391066, 0.007299156760473963, 0.039737267151773975, 0.07850994353170956, 0.05738732460549023, 0.05400884513974839, 0.007299156760473963, 0.005407888490294582, 0.0019359358092692971, 0.2292798117148899, 0.15591489886228305, 0.05253690168806249, 0.011482406826014972, 0.00028867375520897666, 0.03857581598654605, 0.05400884513974839, 0.05400884513974839, 0.2227619806994962, 0.03221357089614439, 0.05738732460549023, 0.002830694750015385, 0.0350583482647871, 0.0008589183281813573, 0.018135571823116266, 0.03600088831260688, 0.11009182675183558), (0, 0, 0, 0, 0, 0, 0, 0, 0, 0, 0, 0, 0, 0, 0, 0, 0, 0, 0, 0, 0, 0, 0, 0, 0, 0, 0, 0, 0, 0, 0, 0, 0, 0, 0, 0, 0, 0, 0, 0), (0.0023839413783587893, 0.005301974832984377, 0.06900910450166178, 0.05207398638601675, 0.004122113616565049, 0.0009214584011009545, 0.10749195315105531, 0.0010689285835955437, 0.07622434155290266, 0.0032712817850098566, 0.004122113616565049, 0.1317293194736727, 0.007867664894852307, 0.0006631052098621127, 0.039191434062495145, 0.0064060099920141, 0.03268932243084692, 0, 0.19094034698434098, 0.05738732460549023, 0.009756534087137225, 0.009036677434107646, 0, 0.07622434155290266, 0.11009182675183558, 0, 0.0037024515418363386, 0.009335040408067166, 0.0487949406953985, 0.027910215332363916, 0.0010689285835955437, 0.23646636812449032, 0.0350583482647871, 0.0487949406953985, 0.007299156760473963, 0.031896080966716533, 0.0027533280550219065, 0.025140556297286162, 0.05207398638601675, 0.006830658680456639), (0, 0, 0, 0, 0, 0, 0, 0, 0, 0, 0, 0, 0, 0, 0, 0, 0, 0, 0, 0, 0, 0, 0, 0, 0, 0, 0, 0, 0, 0, 0.013949306965373928, 0, 0, 0, 0, 0, 0, 0, 0, 0), (0.0016626576184457752, 0.0006767219177472479, 0.06149937804507184, 0.06502539038278278, 0.008723329471708632, 0.00036176918093652755, 0.09555361251896813, 0.0001877124226694997, 0.023795695918608258, 0.0010160633509259717, 0.006963639137030152, 0.15058560986911712, 0.007775948452200233, 0.002349447614504129, 0.04066211490300797, 0.004528991295546424, 0.0350583482647871, 0, 0.20534969973663775, 0.06322393781435344, 0.0207208396239082, 0.0024479765006755194, 0, 0.02276859998040022, 0.12745428142147208, 0, 0.0026078279567117203, 0.006523190206172563, 0.004816452941871073, 0.015588395748542892, 0.0001877124226694997, 0.24616505675524458, 0.027910215332363916, 0.03634284572901042, 0.03302877414247969, 0.015297775930101544, 0.006963639137030152, 0.0006767219177472479, 0.04746468216969184, 0), (0, 0, 0, 0, 0, 0, 0, 0, 0, 0, 0, 0, 0, 0, 0, 0, 0, 0, 0, 0, 0, 0, 0, 0, 0, 0, 0, 0, 0, 0, 0.0029530155390121333, 0, 0, 0, 0, 0, 0, 0, 0, 0), (0, 0, 0, 0, 0, 0, 0, 0, 0, 0, 0, 0, 0, 0.004816452941871073, 5.551033283418159e-05, 0.031173613118524304, 0.06390744704610728, 0.0006246337730938037, 0.0004746229241440903, 0.10112402163718603, 0.006523190206172563, 0.017476244325223163, 0.026668965913709028, 0, 0.13138880793914987, 0.002114884643984207, 0.0030834536326394824, 0.03335434504876711, 0.0014939931791539789, 0.045224567067496654, 0, 0.0022344421708708415, 0.001564467561066686, 0.004469552452063288, 0.004528991295546424, 0.049943092483862694, 0.0024479765006755194, 0, 0, 0), (0, 0, 0, 0, 0, 0, 0, 0, 0, 0, 0.00013663754192747794, 0, 0, 0, 0, 0, 0, 0.06149937804507184, 0, 0, 0, 0, 0.001842090186059877, 0, 0, 0.05528500114149415, 0, 0, 0, 0, 0, 0, 0, 0, 0, 0, 0, 0, 0, 0), (0, 0, 0, 0, 0, 0, 0, 0, 0, 0, 0, 0, 0, 0.0061446088533262735, 0.0003843884653275346, 0.031069480068634414, 0.07850994353170956, 0.0013431113450645717, 0.0018496468978117624, 0.05207398638601675, 0.015085156698935967, 0.0013431113450645717, 0.036940224638936384, 0, 0.11978983412227931, 0.0066132061053925245, 0.0207208396239082, 0.011720053679030874, 0.00566775380589651, 0.059046967456822835, 0, 0.00429810722857266, 0.00030058237746002827, 0.0043730621958221125, 0.015807917200052736, 0.059458789360000736, 0.0014939931791539789, 0, 0, 0), (0, 0, 0, 0, 0, 0, 0, 0, 0, 0, 0, 0, 0, 0, 0, 0, 0, 0.12931448059938455, 0, 0, 0, 0, 0.001175077712856798, 0, 0, 0.045224567067496654, 0, 0, 0, 0, 0, 0, 0, 0, 0, 0, 0, 0, 0, 0), (0, 0, 0, 0, 0, 0, 0, 0, 0, 0, 0, 0, 0, 0.0021536469055539187, 0.00030471608277718963, 0.019828895863554644, 0.026158822648714775, 0.0017810649560001043, 0.004651491303398973, 0.035731909727539896, 0.038306964242260544, 4.2686232120132256e-05, 0.02771571646511272, 0, 0.13251817521576753, 0.04768711957621925, 0.02374160222806597, 0.009286313085199546, 5.551033283418159e-05, 0.05787750669366977, 0, 0, 0.0038391590512110163, 0.007757463007627356, 0.005772727484600407, 0.0350583482647871, 0.004259204687851684, 0, 0, 0)]}}, 'time': 0.46111583709716797, 'communication_time': 0.39858078956604004}
-0.0025291650633697677
client_selector de-activated ❌
0.000891014891336928
heterogeneous_data_handler activated ✅ for clients: ['Client 1', 'Client 2', 'Client 4', 'Client 5', 'Client 6', 'Client 7', 'Client 8', 'Client 9', 'Client 10', 'Client 11', 'Client 12', 'Client 13', 'Client 14', 'Client 15', 'Client 16', 'Client 17', 'Client 18', 'Client 20', 'Client 21', 'Client 22', 'Client 23', 'Client 24', 'Client 26', 'Client 27', 'Client 28', 'Client 29', 'Client 30', 'Client 31', 'Client 33', 'Client 34', 'Client 35', 'Client 36', 'Client 37', 'Client 38', 'Client 39', 'Client 40']
Results Aggregated in 0.50 seconds.
{'prostate_logreg': {'train_loss': [0.5797648924210715, 0.5904991605947184, 0.5741372711924247, 0.5620664890658361, 0.5844833563807552, 0.5601529134499471, 0.5718169605588965, 0.5349920468328702, 0.5518784765599124, 0.5306864954794746, 0.5451663930936413, 0.5251984873838187, 0.5373900642959768, 0.5246615608160361, 0.5301755322297048, 0.5216981568316899, 0.5254054510136151, 0.5208882005815968, 0.5104592550590814], 'train_accuracy': [0.7222222222222222, 0.6937984496124031, 0.7142857142857143, 0.7625178826895566, 0.7085889570552147, 0.7421503330161751, 0.7295528898582334, 0.7778561354019746, 0.7534129692832765, 0.7737226277372263, 0.7541436464088398, 0.7703147017379052, 0.7543757292882147, 0.7603217158176944, 0.7583429228998849, 0.7643192488262911, 0.7574024226110363, 0.7613873798579189, 0.7756024096385542], 'train_f1': [0.6351708696946792, 0.5398648874189105, 0.6303745218279557, 0.6311409069797953, 0.6745301145010185, 0.6529931064159895, 0.7037811685885789, 0.7047412754696403, 0.7495536968582172, 0.7309616839615369, 0.7510466262227434, 0.736147582944784, 0.7528429567547709, 0.7358804089862214, 0.755233139469614, 0.7395496721462671, 0.7527225107374166, 0.7381865543124287, 0.7717289262624959], 'train_mae': [0.2777777777777778, 0.3062015503875969, 0.2857142857142857, 0.2374821173104435, 0.29141104294478526, 0.25784966698382494, 0.27044711014176664, 0.22214386459802538, 0.24658703071672355, 0.22627737226277372, 0.24585635359116023, 0.22968529826209488, 0.2456242707117853, 0.23967828418230563, 0.24165707710011508, 0.23568075117370893, 0.24259757738896365, 0.23861262014208107, 0.22439759036144577], 'val_loss': [0.7245327421107245, 0.6863383310975246, 0.653705006193505, 0.6315183818305831, 0.6125920370914231, 0.6002574452859736, 0.5891591547758905, 0.5809041472285711, 0.5738744544581247, 0.568131300799036, 0.5633624123102782, 0.5595858177994374, 0.5557775124429644, 0.5524072250371886, 0.5511035178802561, 0.5472600764241986, 0.5464145876139016, 0.5432826840553872, 0.5428066741222807], 'val_accuracy': [0.5313520207137229, 0.5798765737533674, 0.6220967271499186, 0.6501448371026493, 0.6840653961623809, 0.7032832628162304, 0.7206383365429978, 0.7269709860056617, 0.7316401616924455, 0.7344128925896282, 0.7361768249676738, 0.7371181155871801, 0.7383934556468631, 0.7412464586541936, 0.739979243009138, 0.7426593247427828, 0.7426536563481382, 0.7444841336877951, 0.7445313167563872], 'val_f1': [0.44126257711300315, 0.4821407878484198, 0.5440600405597353, 0.577862025955832, 0.6360612938990672, 0.6617729262753643, 0.6897725899438116, 0.6973447096787969, 0.7074127248168197, 0.7103822793312201, 0.715053331704128, 0.7155976511250304, 0.719140129093958, 0.7210226329486555, 0.721761741512258, 0.7232779760594619, 0.7252045455253431, 0.7260959811062628, 0.7278029901874017], 'val_mae': [0.46864797928627716, 0.42012342624663257, 0.37790327285008135, 0.34985516289735086, 0.3159346038376191, 0.29671673718376956, 0.2793616634570021, 0.27302901399433827, 0.26835983830755455, 0.2655871074103719, 0.26382317503232633, 0.26288188441281995, 0.26160654435313685, 0.25875354134580647, 0.260020756990862, 0.25734067525721704, 0.2573463436518618, 0.2555158663122049, 0.2554686832436127], 'jsd': [(0, 0, 0, 0, 0, 0, 0, 0, 0, 0, 0, 0, 0, 0.0207208396239082, 0.31127812445913283, 0.31127812445913283, 0.31127812445913283, 0.11009182675183558, 0.31127812445913283, 0.31127812445913283, 0.31127812445913283, 0.0037024515418363386, 0.31127812445913283, 0.31127812445913283, 0.31127812445913283, 0.31127812445913283, 0.31127812445913283, 0.31127812445913283, 0.31127812445913283, 0.31127812445913283, 0.0037024515418363386, 0.31127812445913283, 0.31127812445913283, 0.0350583482647871, 0.31127812445913283, 0.31127812445913283, 0.31127812445913283, 0, 0, 0), (0, 0, 0, 0, 0, 0, 0, 0, 0, 0, 0, 0, 0, 0.0207208396239082, 0.31127812445913283, 0.31127812445913283, 0.31127812445913283, 0.06548833004089114, 0.0014939931791539789, 0.31127812445913283, 0.07310400793180982, 0, 0.1711038312803313, 0.31127812445913283, 0, 0.007299156760473963, 0.009756534087137225, 0.31127812445913283, 0.31127812445913283, 0.31127812445913283, 0.015085156698935967, 0.0207208396239082, 0.16395604408354778, 0.0350583482647871, 0.31127812445913283, 0.31127812445913283, 0.16395604408354778, 0, 0, 0), (0, 0.16395604408354778, 0.31127812445913283, 0, 0, 0.18850340411986471, 0, 0.11009182675183558, 0, 0, 0, 0.1711038312803313, 0, 0, 0, 0.31127812445913283, 0, 0.07310400793180982, 0.31127812445913283, 0.07310400793180982, 0.31127812445913283, 0.31127812445913283, 0, 0.31127812445913283, 0.31127812445913283, 0.31127812445913283, 0, 0.31127812445913283, 0.11009182675183558, 0.31127812445913283, 0.07310400793180982, 0.31127812445913283, 0.0487949406953985, 0, 0.31127812445913283, 0, 0, 0, 0.31127812445913283, 0), (0.09328462323031235, 0.31127812445913283, 0.2087803925185126, 0.009756534087137225, 0.11385563424028564, 0.013714477705244553, 0.08025594233229469, 0.07310400793180982, 0.03857581598654605, 0.13251817521576753, 0.05253690168806249, 0.19326958066820893, 0.0350583482647871, 0.00429810722857266, 0.005050449860393488, 0.0207208396239082, 0.0487949406953985, 0, 0.31127812445913283, 0.07310400793180982, 0.007299156760473963, 0.0037024515418363386, 0.0002145058924891757, 0.31127812445913283, 0.31127812445913283, 0.11009182675183558, 0.12425601093475921, 0.31127812445913283, 0.17750440524619315, 0.07310400793180982, 0.07310400793180982, 0.31127812445913283, 0.31127812445913283, 0.05738732460549023, 0.011482406826014972, 0.001254883843183478, 0.0002145058924891757, 0.0487949406953985, 0.2227619806994962, 0.0487949406953985), (0, 0, 0, 0, 0, 0, 0, 0, 0, 0, 0, 0, 0, 0, 0, 0.2227619806994962, 0, 0, 0, 0, 0, 0, 0, 0, 0, 0, 0, 0, 0, 0, 0, 0, 0, 0, 0, 0, 0, 0, 0, 0), (0.009036677434107646, 0.005050449860393488, 0.23305878051279882, 0.014691469621310085, 0.016941071056623243, 0.00822299722902229, 0.06859186091507882, 0.042041899344894246, 0.05655009359654585, 0.03889315594457522, 0.0463685414106319, 0.10206066129537185, 0.02359015854559616, 0.005865051239364611, 0.05171298000558475, 0.025509910978289904, 0.0487949406953985, 0.0008025382728216734, 0.07310400793180982, 0.011482406826014972, 0.31127812445913283, 0.010396593705431272, 0.08111870596083268, 0.31127812445913283, 0.31127812445913283, 0.0207208396239082, 0.0487949406953985, 0.0022344421708708415, 0.2087803925185126, 0.07310400793180982, 0.042041899344894246, 0.20534969973663775, 0.05738732460549023, 0.01274900060462203, 0.16395604408354778, 0.028564156811275485, 0.0008790379110077892, 0.011482406826014972, 0.0207208396239082, 0.006523190206172563), (0, 0, 0, 0, 0, 0, 0, 0, 0, 0, 0, 0, 0, 0, 0, 0.24237412989240623, 0, 0, 0, 0, 0, 0, 0, 0, 0, 0, 0, 0, 0, 0, 0, 0, 0, 0, 0, 0, 0, 0, 0, 0), (0.0061446088533262735, 0.002830694750015385, 0.24844401300050659, 0.04105726891831728, 0.014038937565777093, 0.0014939931791539789, 0.10372355040574062, 0.0037024515418363386, 0.07898885115561567, 0.0031619139529965624, 0.02711041372683346, 0.08697257500448134, 0.010396593705431272, 0.0010689285835955437, 0.050988453276391066, 0.007299156760473963, 0.039737267151773975, 0.07850994353170956, 0.05738732460549023, 0.05400884513974839, 0.007299156760473963, 0.005407888490294582, 0.0019359358092692971, 0.2292798117148899, 0.15591489886228305, 0.05253690168806249, 0.011482406826014972, 0.00028867375520897666, 0.03857581598654605, 0.05400884513974839, 0.05400884513974839, 0.2227619806994962, 0.03221357089614439, 0.05738732460549023, 0.002830694750015385, 0.0350583482647871, 0.0008589183281813573, 0.018135571823116266, 0.03600088831260688, 0.11009182675183558), (0, 0, 0, 0, 0, 0, 0, 0, 0, 0, 0, 0, 0, 0, 0, 0, 0, 0, 0, 0, 0, 0, 0, 0, 0, 0, 0, 0, 0, 0, 0, 0, 0, 0, 0, 0, 0, 0, 0, 0), (0.0023839413783587893, 0.005301974832984377, 0.06900910450166178, 0.05207398638601675, 0.004122113616565049, 0.0009214584011009545, 0.10749195315105531, 0.0010689285835955437, 0.07622434155290266, 0.0032712817850098566, 0.004122113616565049, 0.1317293194736727, 0.007867664894852307, 0.0006631052098621127, 0.039191434062495145, 0.0064060099920141, 0.03268932243084692, 0, 0.19094034698434098, 0.05738732460549023, 0.009756534087137225, 0.009036677434107646, 0, 0.07622434155290266, 0.11009182675183558, 0, 0.0037024515418363386, 0.009335040408067166, 0.0487949406953985, 0.027910215332363916, 0.0010689285835955437, 0.23646636812449032, 0.0350583482647871, 0.0487949406953985, 0.007299156760473963, 0.031896080966716533, 0.0027533280550219065, 0.025140556297286162, 0.05207398638601675, 0.006830658680456639), (0, 0, 0, 0, 0, 0, 0, 0, 0, 0, 0, 0, 0, 0, 0, 0, 0, 0, 0, 0, 0, 0, 0, 0, 0, 0, 0, 0, 0, 0, 0.013949306965373928, 0, 0, 0, 0, 0, 0, 0, 0, 0), (0.0016626576184457752, 0.0006767219177472479, 0.06149937804507184, 0.06502539038278278, 0.008723329471708632, 0.00036176918093652755, 0.09555361251896813, 0.0001877124226694997, 0.023795695918608258, 0.0010160633509259717, 0.006963639137030152, 0.15058560986911712, 0.007775948452200233, 0.002349447614504129, 0.04066211490300797, 0.004528991295546424, 0.0350583482647871, 0, 0.20534969973663775, 0.06322393781435344, 0.0207208396239082, 0.0024479765006755194, 0, 0.02276859998040022, 0.12745428142147208, 0, 0.0026078279567117203, 0.006523190206172563, 0.004816452941871073, 0.015588395748542892, 0.0001877124226694997, 0.24616505675524458, 0.027910215332363916, 0.03634284572901042, 0.03302877414247969, 0.015297775930101544, 0.006963639137030152, 0.0006767219177472479, 0.04746468216969184, 0), (0, 0, 0, 0, 0, 0, 0, 0, 0, 0, 0, 0, 0, 0, 0, 0, 0, 0, 0, 0, 0, 0, 0, 0, 0, 0, 0, 0, 0, 0, 0.0029530155390121333, 0, 0, 0, 0, 0, 0, 0, 0, 0), (0, 0, 0, 0, 0, 0, 0, 0, 0, 0, 0, 0, 0, 0.004816452941871073, 5.551033283418159e-05, 0.031173613118524304, 0.06390744704610728, 0.0006246337730938037, 0.0004746229241440903, 0.10112402163718603, 0.006523190206172563, 0.017476244325223163, 0.026668965913709028, 0, 0.13138880793914987, 0.002114884643984207, 0.0030834536326394824, 0.03335434504876711, 0.0014939931791539789, 0.045224567067496654, 0, 0.0022344421708708415, 0.001564467561066686, 0.004469552452063288, 0.004528991295546424, 0.049943092483862694, 0.0024479765006755194, 0, 0, 0), (0, 0, 0, 0, 0, 0, 0, 0, 0, 0, 0.00013663754192747794, 0, 0, 0, 0, 0, 0, 0.06149937804507184, 0, 0, 0, 0, 0.001842090186059877, 0, 0, 0.05528500114149415, 0, 0, 0, 0, 0, 0, 0, 0, 0, 0, 0, 0, 0, 0), (0, 0, 0, 0, 0, 0, 0, 0, 0, 0, 0, 0, 0, 0.0061446088533262735, 0.0003843884653275346, 0.031069480068634414, 0.07850994353170956, 0.0013431113450645717, 0.0018496468978117624, 0.05207398638601675, 0.015085156698935967, 0.0013431113450645717, 0.036940224638936384, 0, 0.11978983412227931, 0.0066132061053925245, 0.0207208396239082, 0.011720053679030874, 0.00566775380589651, 0.059046967456822835, 0, 0.00429810722857266, 0.00030058237746002827, 0.0043730621958221125, 0.015807917200052736, 0.059458789360000736, 0.0014939931791539789, 0, 0, 0), (0, 0, 0, 0, 0, 0, 0, 0, 0, 0, 0, 0, 0, 0, 0, 0, 0, 0.12931448059938455, 0, 0, 0, 0, 0.001175077712856798, 0, 0, 0.045224567067496654, 0, 0, 0, 0, 0, 0, 0, 0, 0, 0, 0, 0, 0, 0), (0, 0, 0, 0, 0, 0, 0, 0, 0, 0, 0, 0, 0, 0.0021536469055539187, 0.00030471608277718963, 0.019828895863554644, 0.026158822648714775, 0.0017810649560001043, 0.004651491303398973, 0.035731909727539896, 0.038306964242260544, 4.2686232120132256e-05, 0.02771571646511272, 0, 0.13251817521576753, 0.04768711957621925, 0.02374160222806597, 0.009286313085199546, 5.551033283418159e-05, 0.05787750669366977, 0, 0, 0.0038391590512110163, 0.007757463007627356, 0.005772727484600407, 0.0350583482647871, 0.004259204687851684, 0, 0, 0), (0, 0, 0, 0, 0, 0, 0, 0, 0, 0, 0.0013666233335663074, 0, 0, 0, 0, 0, 0, 0.14070293888931446, 0, 0, 0, 0, 0.0009484022136292663, 0, 0, 0.0381873775199095, 0, 0, 0, 0, 0, 0, 0, 0, 0, 0, 0, 0, 0, 0)]}}
AdaptationManager: Configuring next round...
{'client_registry': {'enabled': True, 'params': {}}, 'client_selector': {'enabled': True, 'params': {'selection_strategy': 'Resource-Based', 'selection_criteria': 'CPU', 'selection_value': 2}}, 'client_cluster': {'enabled': False, 'params': {}}, 'message_compressor': {'enabled': False, 'params': {}}, 'model_co-versioning_registry': {'enabled': False, 'params': {}}, 'multi-task_model_trainer': {'enabled': False, 'params': {}}, 'heterogeneous_data_handler': {'enabled': True, 'params': {'enabled_clients': []}}}
{'client_selector': {'enabled': False}, 'client_cluster': {'enabled': False}, 'message_compressor': {'enabled': False}, 'model_co-versioning_registry': {'enabled': False}, 'multi-task_model_trainer': {'enabled': False}, 'heterogeneous_data_handler': {'enabled': True, 'params': {'enabled_clients': ['Client 1', 'Client 2', 'Client 4', 'Client 5', 'Client 6', 'Client 7', 'Client 8', 'Client 9', 'Client 10', 'Client 11', 'Client 12', 'Client 13', 'Client 14', 'Client 15', 'Client 16', 'Client 17', 'Client 18', 'Client 20', 'Client 21', 'Client 22', 'Client 23', 'Client 24', 'Client 26', 'Client 27', 'Client 28', 'Client 29', 'Client 30', 'Client 31', 'Client 33', 'Client 34', 'Client 35', 'Client 36', 'Client 37', 'Client 38', 'Client 39', 'Client 40']}}, 'client_registry': {'enabled': True, 'params': {}}}
{'model_type': 'prostate_logreg', 'metrics': {'prostate_logreg': {'train_loss': [0.5797648924210715, 0.5904991605947184, 0.5741372711924247, 0.5620664890658361, 0.5844833563807552, 0.5601529134499471, 0.5718169605588965, 0.5349920468328702, 0.5518784765599124, 0.5306864954794746, 0.5451663930936413, 0.5251984873838187, 0.5373900642959768, 0.5246615608160361, 0.5301755322297048, 0.5216981568316899, 0.5254054510136151, 0.5208882005815968, 0.5104592550590814], 'train_accuracy': [0.7222222222222222, 0.6937984496124031, 0.7142857142857143, 0.7625178826895566, 0.7085889570552147, 0.7421503330161751, 0.7295528898582334, 0.7778561354019746, 0.7534129692832765, 0.7737226277372263, 0.7541436464088398, 0.7703147017379052, 0.7543757292882147, 0.7603217158176944, 0.7583429228998849, 0.7643192488262911, 0.7574024226110363, 0.7613873798579189, 0.7756024096385542], 'train_f1': [0.6351708696946792, 0.5398648874189105, 0.6303745218279557, 0.6311409069797953, 0.6745301145010185, 0.6529931064159895, 0.7037811685885789, 0.7047412754696403, 0.7495536968582172, 0.7309616839615369, 0.7510466262227434, 0.736147582944784, 0.7528429567547709, 0.7358804089862214, 0.755233139469614, 0.7395496721462671, 0.7527225107374166, 0.7381865543124287, 0.7717289262624959], 'train_mae': [0.2777777777777778, 0.3062015503875969, 0.2857142857142857, 0.2374821173104435, 0.29141104294478526, 0.25784966698382494, 0.27044711014176664, 0.22214386459802538, 0.24658703071672355, 0.22627737226277372, 0.24585635359116023, 0.22968529826209488, 0.2456242707117853, 0.23967828418230563, 0.24165707710011508, 0.23568075117370893, 0.24259757738896365, 0.23861262014208107, 0.22439759036144577], 'val_loss': [0.7245327421107245, 0.6863383310975246, 0.653705006193505, 0.6315183818305831, 0.6125920370914231, 0.6002574452859736, 0.5891591547758905, 0.5809041472285711, 0.5738744544581247, 0.568131300799036, 0.5633624123102782, 0.5595858177994374, 0.5557775124429644, 0.5524072250371886, 0.5511035178802561, 0.5472600764241986, 0.5464145876139016, 0.5432826840553872, 0.5428066741222807], 'val_accuracy': [0.5313520207137229, 0.5798765737533674, 0.6220967271499186, 0.6501448371026493, 0.6840653961623809, 0.7032832628162304, 0.7206383365429978, 0.7269709860056617, 0.7316401616924455, 0.7344128925896282, 0.7361768249676738, 0.7371181155871801, 0.7383934556468631, 0.7412464586541936, 0.739979243009138, 0.7426593247427828, 0.7426536563481382, 0.7444841336877951, 0.7445313167563872], 'val_f1': [0.44126257711300315, 0.4821407878484198, 0.5440600405597353, 0.577862025955832, 0.6360612938990672, 0.6617729262753643, 0.6897725899438116, 0.6973447096787969, 0.7074127248168197, 0.7103822793312201, 0.715053331704128, 0.7155976511250304, 0.719140129093958, 0.7210226329486555, 0.721761741512258, 0.7232779760594619, 0.7252045455253431, 0.7260959811062628, 0.7278029901874017], 'val_mae': [0.46864797928627716, 0.42012342624663257, 0.37790327285008135, 0.34985516289735086, 0.3159346038376191, 0.29671673718376956, 0.2793616634570021, 0.27302901399433827, 0.26835983830755455, 0.2655871074103719, 0.26382317503232633, 0.26288188441281995, 0.26160654435313685, 0.25875354134580647, 0.260020756990862, 0.25734067525721704, 0.2573463436518618, 0.2555158663122049, 0.2554686832436127], 'jsd': [(0, 0, 0, 0, 0, 0, 0, 0, 0, 0, 0, 0, 0, 0.0207208396239082, 0.31127812445913283, 0.31127812445913283, 0.31127812445913283, 0.11009182675183558, 0.31127812445913283, 0.31127812445913283, 0.31127812445913283, 0.0037024515418363386, 0.31127812445913283, 0.31127812445913283, 0.31127812445913283, 0.31127812445913283, 0.31127812445913283, 0.31127812445913283, 0.31127812445913283, 0.31127812445913283, 0.0037024515418363386, 0.31127812445913283, 0.31127812445913283, 0.0350583482647871, 0.31127812445913283, 0.31127812445913283, 0.31127812445913283, 0, 0, 0), (0, 0, 0, 0, 0, 0, 0, 0, 0, 0, 0, 0, 0, 0.0207208396239082, 0.31127812445913283, 0.31127812445913283, 0.31127812445913283, 0.06548833004089114, 0.0014939931791539789, 0.31127812445913283, 0.07310400793180982, 0, 0.1711038312803313, 0.31127812445913283, 0, 0.007299156760473963, 0.009756534087137225, 0.31127812445913283, 0.31127812445913283, 0.31127812445913283, 0.015085156698935967, 0.0207208396239082, 0.16395604408354778, 0.0350583482647871, 0.31127812445913283, 0.31127812445913283, 0.16395604408354778, 0, 0, 0), (0, 0.16395604408354778, 0.31127812445913283, 0, 0, 0.18850340411986471, 0, 0.11009182675183558, 0, 0, 0, 0.1711038312803313, 0, 0, 0, 0.31127812445913283, 0, 0.07310400793180982, 0.31127812445913283, 0.07310400793180982, 0.31127812445913283, 0.31127812445913283, 0, 0.31127812445913283, 0.31127812445913283, 0.31127812445913283, 0, 0.31127812445913283, 0.11009182675183558, 0.31127812445913283, 0.07310400793180982, 0.31127812445913283, 0.0487949406953985, 0, 0.31127812445913283, 0, 0, 0, 0.31127812445913283, 0), (0.09328462323031235, 0.31127812445913283, 0.2087803925185126, 0.009756534087137225, 0.11385563424028564, 0.013714477705244553, 0.08025594233229469, 0.07310400793180982, 0.03857581598654605, 0.13251817521576753, 0.05253690168806249, 0.19326958066820893, 0.0350583482647871, 0.00429810722857266, 0.005050449860393488, 0.0207208396239082, 0.0487949406953985, 0, 0.31127812445913283, 0.07310400793180982, 0.007299156760473963, 0.0037024515418363386, 0.0002145058924891757, 0.31127812445913283, 0.31127812445913283, 0.11009182675183558, 0.12425601093475921, 0.31127812445913283, 0.17750440524619315, 0.07310400793180982, 0.07310400793180982, 0.31127812445913283, 0.31127812445913283, 0.05738732460549023, 0.011482406826014972, 0.001254883843183478, 0.0002145058924891757, 0.0487949406953985, 0.2227619806994962, 0.0487949406953985), (0, 0, 0, 0, 0, 0, 0, 0, 0, 0, 0, 0, 0, 0, 0, 0.2227619806994962, 0, 0, 0, 0, 0, 0, 0, 0, 0, 0, 0, 0, 0, 0, 0, 0, 0, 0, 0, 0, 0, 0, 0, 0), (0.009036677434107646, 0.005050449860393488, 0.23305878051279882, 0.014691469621310085, 0.016941071056623243, 0.00822299722902229, 0.06859186091507882, 0.042041899344894246, 0.05655009359654585, 0.03889315594457522, 0.0463685414106319, 0.10206066129537185, 0.02359015854559616, 0.005865051239364611, 0.05171298000558475, 0.025509910978289904, 0.0487949406953985, 0.0008025382728216734, 0.07310400793180982, 0.011482406826014972, 0.31127812445913283, 0.010396593705431272, 0.08111870596083268, 0.31127812445913283, 0.31127812445913283, 0.0207208396239082, 0.0487949406953985, 0.0022344421708708415, 0.2087803925185126, 0.07310400793180982, 0.042041899344894246, 0.20534969973663775, 0.05738732460549023, 0.01274900060462203, 0.16395604408354778, 0.028564156811275485, 0.0008790379110077892, 0.011482406826014972, 0.0207208396239082, 0.006523190206172563), (0, 0, 0, 0, 0, 0, 0, 0, 0, 0, 0, 0, 0, 0, 0, 0.24237412989240623, 0, 0, 0, 0, 0, 0, 0, 0, 0, 0, 0, 0, 0, 0, 0, 0, 0, 0, 0, 0, 0, 0, 0, 0), (0.0061446088533262735, 0.002830694750015385, 0.24844401300050659, 0.04105726891831728, 0.014038937565777093, 0.0014939931791539789, 0.10372355040574062, 0.0037024515418363386, 0.07898885115561567, 0.0031619139529965624, 0.02711041372683346, 0.08697257500448134, 0.010396593705431272, 0.0010689285835955437, 0.050988453276391066, 0.007299156760473963, 0.039737267151773975, 0.07850994353170956, 0.05738732460549023, 0.05400884513974839, 0.007299156760473963, 0.005407888490294582, 0.0019359358092692971, 0.2292798117148899, 0.15591489886228305, 0.05253690168806249, 0.011482406826014972, 0.00028867375520897666, 0.03857581598654605, 0.05400884513974839, 0.05400884513974839, 0.2227619806994962, 0.03221357089614439, 0.05738732460549023, 0.002830694750015385, 0.0350583482647871, 0.0008589183281813573, 0.018135571823116266, 0.03600088831260688, 0.11009182675183558), (0, 0, 0, 0, 0, 0, 0, 0, 0, 0, 0, 0, 0, 0, 0, 0, 0, 0, 0, 0, 0, 0, 0, 0, 0, 0, 0, 0, 0, 0, 0, 0, 0, 0, 0, 0, 0, 0, 0, 0), (0.0023839413783587893, 0.005301974832984377, 0.06900910450166178, 0.05207398638601675, 0.004122113616565049, 0.0009214584011009545, 0.10749195315105531, 0.0010689285835955437, 0.07622434155290266, 0.0032712817850098566, 0.004122113616565049, 0.1317293194736727, 0.007867664894852307, 0.0006631052098621127, 0.039191434062495145, 0.0064060099920141, 0.03268932243084692, 0, 0.19094034698434098, 0.05738732460549023, 0.009756534087137225, 0.009036677434107646, 0, 0.07622434155290266, 0.11009182675183558, 0, 0.0037024515418363386, 0.009335040408067166, 0.0487949406953985, 0.027910215332363916, 0.0010689285835955437, 0.23646636812449032, 0.0350583482647871, 0.0487949406953985, 0.007299156760473963, 0.031896080966716533, 0.0027533280550219065, 0.025140556297286162, 0.05207398638601675, 0.006830658680456639), (0, 0, 0, 0, 0, 0, 0, 0, 0, 0, 0, 0, 0, 0, 0, 0, 0, 0, 0, 0, 0, 0, 0, 0, 0, 0, 0, 0, 0, 0, 0.013949306965373928, 0, 0, 0, 0, 0, 0, 0, 0, 0), (0.0016626576184457752, 0.0006767219177472479, 0.06149937804507184, 0.06502539038278278, 0.008723329471708632, 0.00036176918093652755, 0.09555361251896813, 0.0001877124226694997, 0.023795695918608258, 0.0010160633509259717, 0.006963639137030152, 0.15058560986911712, 0.007775948452200233, 0.002349447614504129, 0.04066211490300797, 0.004528991295546424, 0.0350583482647871, 0, 0.20534969973663775, 0.06322393781435344, 0.0207208396239082, 0.0024479765006755194, 0, 0.02276859998040022, 0.12745428142147208, 0, 0.0026078279567117203, 0.006523190206172563, 0.004816452941871073, 0.015588395748542892, 0.0001877124226694997, 0.24616505675524458, 0.027910215332363916, 0.03634284572901042, 0.03302877414247969, 0.015297775930101544, 0.006963639137030152, 0.0006767219177472479, 0.04746468216969184, 0), (0, 0, 0, 0, 0, 0, 0, 0, 0, 0, 0, 0, 0, 0, 0, 0, 0, 0, 0, 0, 0, 0, 0, 0, 0, 0, 0, 0, 0, 0, 0.0029530155390121333, 0, 0, 0, 0, 0, 0, 0, 0, 0), (0, 0, 0, 0, 0, 0, 0, 0, 0, 0, 0, 0, 0, 0.004816452941871073, 5.551033283418159e-05, 0.031173613118524304, 0.06390744704610728, 0.0006246337730938037, 0.0004746229241440903, 0.10112402163718603, 0.006523190206172563, 0.017476244325223163, 0.026668965913709028, 0, 0.13138880793914987, 0.002114884643984207, 0.0030834536326394824, 0.03335434504876711, 0.0014939931791539789, 0.045224567067496654, 0, 0.0022344421708708415, 0.001564467561066686, 0.004469552452063288, 0.004528991295546424, 0.049943092483862694, 0.0024479765006755194, 0, 0, 0), (0, 0, 0, 0, 0, 0, 0, 0, 0, 0, 0.00013663754192747794, 0, 0, 0, 0, 0, 0, 0.06149937804507184, 0, 0, 0, 0, 0.001842090186059877, 0, 0, 0.05528500114149415, 0, 0, 0, 0, 0, 0, 0, 0, 0, 0, 0, 0, 0, 0), (0, 0, 0, 0, 0, 0, 0, 0, 0, 0, 0, 0, 0, 0.0061446088533262735, 0.0003843884653275346, 0.031069480068634414, 0.07850994353170956, 0.0013431113450645717, 0.0018496468978117624, 0.05207398638601675, 0.015085156698935967, 0.0013431113450645717, 0.036940224638936384, 0, 0.11978983412227931, 0.0066132061053925245, 0.0207208396239082, 0.011720053679030874, 0.00566775380589651, 0.059046967456822835, 0, 0.00429810722857266, 0.00030058237746002827, 0.0043730621958221125, 0.015807917200052736, 0.059458789360000736, 0.0014939931791539789, 0, 0, 0), (0, 0, 0, 0, 0, 0, 0, 0, 0, 0, 0, 0, 0, 0, 0, 0, 0, 0.12931448059938455, 0, 0, 0, 0, 0.001175077712856798, 0, 0, 0.045224567067496654, 0, 0, 0, 0, 0, 0, 0, 0, 0, 0, 0, 0, 0, 0), (0, 0, 0, 0, 0, 0, 0, 0, 0, 0, 0, 0, 0, 0.0021536469055539187, 0.00030471608277718963, 0.019828895863554644, 0.026158822648714775, 0.0017810649560001043, 0.004651491303398973, 0.035731909727539896, 0.038306964242260544, 4.2686232120132256e-05, 0.02771571646511272, 0, 0.13251817521576753, 0.04768711957621925, 0.02374160222806597, 0.009286313085199546, 5.551033283418159e-05, 0.05787750669366977, 0, 0, 0.0038391590512110163, 0.007757463007627356, 0.005772727484600407, 0.0350583482647871, 0.004259204687851684, 0, 0, 0), (0, 0, 0, 0, 0, 0, 0, 0, 0, 0, 0.0013666233335663074, 0, 0, 0, 0, 0, 0, 0.14070293888931446, 0, 0, 0, 0, 0.0009484022136292663, 0, 0, 0.0381873775199095, 0, 0, 0, 0, 0, 0, 0, 0, 0, 0, 0, 0, 0, 0)]}}, 'time': 0.5348403453826904, 'communication_time': 0.5034332275390625}
-0.0026363281266536184
client_selector activated ✅
0.0016996366303103027
heterogeneous_data_handler activated ✅ for clients: ['Client 3', 'Client 19', 'Client 25', 'Client 32']
Client Client 10 participates in this round. (CPU: 2, RAM: 2)
Client Client 1 participates in this round. (CPU: 2, RAM: 2)
Client Client 16 participates in this round. (CPU: 2, RAM: 2)
Client Client 20 participates in this round. (CPU: 2, RAM: 2)
Client Client 11 participates in this round. (CPU: 2, RAM: 2)
Client Client 14 participates in this round. (CPU: 2, RAM: 2)
Client Client 5 participates in this round. (CPU: 2, RAM: 2)
Client Client 23 participates in this round. (CPU: 2, RAM: 2)
Client Client 7 participates in this round. (CPU: 2, RAM: 2)
Client Client 8 participates in this round. (CPU: 2, RAM: 2)
Client Client 22 participates in this round. (CPU: 2, RAM: 2)
Client Client 6 participates in this round. (CPU: 2, RAM: 2)
Client Client 28 has insufficient CPU (1). Will not participate in the next FL round.
Client Client 37 has insufficient CPU (1). Will not participate in the next FL round.
Client Client 35 has insufficient CPU (1). Will not participate in the next FL round.
Client Client 18 participates in this round. (CPU: 2, RAM: 2)
Client Client 21 participates in this round. (CPU: 2, RAM: 2)
Client Client 34 has insufficient CPU (1). Will not participate in the next FL round.
Client Client 3 participates in this round. (CPU: 2, RAM: 2)
Client Client 19 participates in this round. (CPU: 2, RAM: 2)
Client Client 4 participates in this round. (CPU: 2, RAM: 2)
Client Client 24 participates in this round. (CPU: 2, RAM: 2)
Client Client 27 has insufficient CPU (1). Will not participate in the next FL round.
Client Client 26 has insufficient CPU (1). Will not participate in the next FL round.
Client Client 38 has insufficient CPU (1). Will not participate in the next FL round.
Client Client 33 has insufficient CPU (1). Will not participate in the next FL round.
Client Client 29 has insufficient CPU (1). Will not participate in the next FL round.
Client Client 9 participates in this round. (CPU: 2, RAM: 2)
Client Client 17 participates in this round. (CPU: 2, RAM: 2)
Client Client 15 participates in this round. (CPU: 2, RAM: 2)
Client Client 13 participates in this round. (CPU: 2, RAM: 2)
Client Client 12 participates in this round. (CPU: 2, RAM: 2)
Client Client 30 has insufficient CPU (1). Will not participate in the next FL round.
Client Client 2 participates in this round. (CPU: 2, RAM: 2)
Client Client 32 has insufficient CPU (1). Will not participate in the next FL round.
Client Client 31 has insufficient CPU (1). Will not participate in the next FL round.
Client Client 36 has insufficient CPU (1). Will not participate in the next FL round.
Client Client 39 has insufficient CPU (1). Will not participate in the next FL round.
Client Client 25 has insufficient CPU (1). Will not participate in the next FL round.
Client Client 40 has insufficient CPU (1). Will not participate in the next FL round.
Results Aggregated in 0.42 seconds.
{'prostate_logreg': {'train_loss': [0.5797648924210715, 0.5904991605947184, 0.5741372711924247, 0.5620664890658361, 0.5844833563807552, 0.5601529134499471, 0.5718169605588965, 0.5349920468328702, 0.5518784765599124, 0.5306864954794746, 0.5451663930936413, 0.5251984873838187, 0.5373900642959768, 0.5246615608160361, 0.5301755322297048, 0.5216981568316899, 0.5254054510136151, 0.5208882005815968, 0.5104592550590814, 0.5203086551352584], 'train_accuracy': [0.7222222222222222, 0.6937984496124031, 0.7142857142857143, 0.7625178826895566, 0.7085889570552147, 0.7421503330161751, 0.7295528898582334, 0.7778561354019746, 0.7534129692832765, 0.7737226277372263, 0.7541436464088398, 0.7703147017379052, 0.7543757292882147, 0.7603217158176944, 0.7583429228998849, 0.7643192488262911, 0.7574024226110363, 0.7613873798579189, 0.7756024096385542, 0.7598057527082555], 'train_f1': [0.6351708696946792, 0.5398648874189105, 0.6303745218279557, 0.6311409069797953, 0.6745301145010185, 0.6529931064159895, 0.7037811685885789, 0.7047412754696403, 0.7495536968582172, 0.7309616839615369, 0.7510466262227434, 0.736147582944784, 0.7528429567547709, 0.7358804089862214, 0.755233139469614, 0.7395496721462671, 0.7527225107374166, 0.7381865543124287, 0.7717289262624959, 0.7423358868414157], 'train_mae': [0.2777777777777778, 0.3062015503875969, 0.2857142857142857, 0.2374821173104435, 0.29141104294478526, 0.25784966698382494, 0.27044711014176664, 0.22214386459802538, 0.24658703071672355, 0.22627737226277372, 0.24585635359116023, 0.22968529826209488, 0.2456242707117853, 0.23967828418230563, 0.24165707710011508, 0.23568075117370893, 0.24259757738896365, 0.23861262014208107, 0.22439759036144577, 0.2401942472917445], 'val_loss': [0.7245327421107245, 0.6863383310975246, 0.653705006193505, 0.6315183818305831, 0.6125920370914231, 0.6002574452859736, 0.5891591547758905, 0.5809041472285711, 0.5738744544581247, 0.568131300799036, 0.5633624123102782, 0.5595858177994374, 0.5557775124429644, 0.5524072250371886, 0.5511035178802561, 0.5472600764241986, 0.5464145876139016, 0.5432826840553872, 0.5428066741222807, 0.5401559158152069], 'val_accuracy': [0.5313520207137229, 0.5798765737533674, 0.6220967271499186, 0.6501448371026493, 0.6840653961623809, 0.7032832628162304, 0.7206383365429978, 0.7269709860056617, 0.7316401616924455, 0.7344128925896282, 0.7361768249676738, 0.7371181155871801, 0.7383934556468631, 0.7412464586541936, 0.739979243009138, 0.7426593247427828, 0.7426536563481382, 0.7444841336877951, 0.7445313167563872, 0.7463307078687108], 'val_f1': [0.44126257711300315, 0.4821407878484198, 0.5440600405597353, 0.577862025955832, 0.6360612938990672, 0.6617729262753643, 0.6897725899438116, 0.6973447096787969, 0.7074127248168197, 0.7103822793312201, 0.715053331704128, 0.7155976511250304, 0.719140129093958, 0.7210226329486555, 0.721761741512258, 0.7232779760594619, 0.7252045455253431, 0.7260959811062628, 0.7278029901874017, 0.7290478825798472], 'val_mae': [0.46864797928627716, 0.42012342624663257, 0.37790327285008135, 0.34985516289735086, 0.3159346038376191, 0.29671673718376956, 0.2793616634570021, 0.27302901399433827, 0.26835983830755455, 0.2655871074103719, 0.26382317503232633, 0.26288188441281995, 0.26160654435313685, 0.25875354134580647, 0.260020756990862, 0.25734067525721704, 0.2573463436518618, 0.2555158663122049, 0.2554686832436127, 0.25366929213128914], 'jsd': [(0, 0, 0, 0, 0, 0, 0, 0, 0, 0, 0, 0, 0, 0.0207208396239082, 0.31127812445913283, 0.31127812445913283, 0.31127812445913283, 0.11009182675183558, 0.31127812445913283, 0.31127812445913283, 0.31127812445913283, 0.0037024515418363386, 0.31127812445913283, 0.31127812445913283, 0.31127812445913283, 0.31127812445913283, 0.31127812445913283, 0.31127812445913283, 0.31127812445913283, 0.31127812445913283, 0.0037024515418363386, 0.31127812445913283, 0.31127812445913283, 0.0350583482647871, 0.31127812445913283, 0.31127812445913283, 0.31127812445913283, 0, 0, 0), (0, 0, 0, 0, 0, 0, 0, 0, 0, 0, 0, 0, 0, 0.0207208396239082, 0.31127812445913283, 0.31127812445913283, 0.31127812445913283, 0.06548833004089114, 0.0014939931791539789, 0.31127812445913283, 0.07310400793180982, 0, 0.1711038312803313, 0.31127812445913283, 0, 0.007299156760473963, 0.009756534087137225, 0.31127812445913283, 0.31127812445913283, 0.31127812445913283, 0.015085156698935967, 0.0207208396239082, 0.16395604408354778, 0.0350583482647871, 0.31127812445913283, 0.31127812445913283, 0.16395604408354778, 0, 0, 0), (0, 0.16395604408354778, 0.31127812445913283, 0, 0, 0.18850340411986471, 0, 0.11009182675183558, 0, 0, 0, 0.1711038312803313, 0, 0, 0, 0.31127812445913283, 0, 0.07310400793180982, 0.31127812445913283, 0.07310400793180982, 0.31127812445913283, 0.31127812445913283, 0, 0.31127812445913283, 0.31127812445913283, 0.31127812445913283, 0, 0.31127812445913283, 0.11009182675183558, 0.31127812445913283, 0.07310400793180982, 0.31127812445913283, 0.0487949406953985, 0, 0.31127812445913283, 0, 0, 0, 0.31127812445913283, 0), (0.09328462323031235, 0.31127812445913283, 0.2087803925185126, 0.009756534087137225, 0.11385563424028564, 0.013714477705244553, 0.08025594233229469, 0.07310400793180982, 0.03857581598654605, 0.13251817521576753, 0.05253690168806249, 0.19326958066820893, 0.0350583482647871, 0.00429810722857266, 0.005050449860393488, 0.0207208396239082, 0.0487949406953985, 0, 0.31127812445913283, 0.07310400793180982, 0.007299156760473963, 0.0037024515418363386, 0.0002145058924891757, 0.31127812445913283, 0.31127812445913283, 0.11009182675183558, 0.12425601093475921, 0.31127812445913283, 0.17750440524619315, 0.07310400793180982, 0.07310400793180982, 0.31127812445913283, 0.31127812445913283, 0.05738732460549023, 0.011482406826014972, 0.001254883843183478, 0.0002145058924891757, 0.0487949406953985, 0.2227619806994962, 0.0487949406953985), (0, 0, 0, 0, 0, 0, 0, 0, 0, 0, 0, 0, 0, 0, 0, 0.2227619806994962, 0, 0, 0, 0, 0, 0, 0, 0, 0, 0, 0, 0, 0, 0, 0, 0, 0, 0, 0, 0, 0, 0, 0, 0), (0.009036677434107646, 0.005050449860393488, 0.23305878051279882, 0.014691469621310085, 0.016941071056623243, 0.00822299722902229, 0.06859186091507882, 0.042041899344894246, 0.05655009359654585, 0.03889315594457522, 0.0463685414106319, 0.10206066129537185, 0.02359015854559616, 0.005865051239364611, 0.05171298000558475, 0.025509910978289904, 0.0487949406953985, 0.0008025382728216734, 0.07310400793180982, 0.011482406826014972, 0.31127812445913283, 0.010396593705431272, 0.08111870596083268, 0.31127812445913283, 0.31127812445913283, 0.0207208396239082, 0.0487949406953985, 0.0022344421708708415, 0.2087803925185126, 0.07310400793180982, 0.042041899344894246, 0.20534969973663775, 0.05738732460549023, 0.01274900060462203, 0.16395604408354778, 0.028564156811275485, 0.0008790379110077892, 0.011482406826014972, 0.0207208396239082, 0.006523190206172563), (0, 0, 0, 0, 0, 0, 0, 0, 0, 0, 0, 0, 0, 0, 0, 0.24237412989240623, 0, 0, 0, 0, 0, 0, 0, 0, 0, 0, 0, 0, 0, 0, 0, 0, 0, 0, 0, 0, 0, 0, 0, 0), (0.0061446088533262735, 0.002830694750015385, 0.24844401300050659, 0.04105726891831728, 0.014038937565777093, 0.0014939931791539789, 0.10372355040574062, 0.0037024515418363386, 0.07898885115561567, 0.0031619139529965624, 0.02711041372683346, 0.08697257500448134, 0.010396593705431272, 0.0010689285835955437, 0.050988453276391066, 0.007299156760473963, 0.039737267151773975, 0.07850994353170956, 0.05738732460549023, 0.05400884513974839, 0.007299156760473963, 0.005407888490294582, 0.0019359358092692971, 0.2292798117148899, 0.15591489886228305, 0.05253690168806249, 0.011482406826014972, 0.00028867375520897666, 0.03857581598654605, 0.05400884513974839, 0.05400884513974839, 0.2227619806994962, 0.03221357089614439, 0.05738732460549023, 0.002830694750015385, 0.0350583482647871, 0.0008589183281813573, 0.018135571823116266, 0.03600088831260688, 0.11009182675183558), (0, 0, 0, 0, 0, 0, 0, 0, 0, 0, 0, 0, 0, 0, 0, 0, 0, 0, 0, 0, 0, 0, 0, 0, 0, 0, 0, 0, 0, 0, 0, 0, 0, 0, 0, 0, 0, 0, 0, 0), (0.0023839413783587893, 0.005301974832984377, 0.06900910450166178, 0.05207398638601675, 0.004122113616565049, 0.0009214584011009545, 0.10749195315105531, 0.0010689285835955437, 0.07622434155290266, 0.0032712817850098566, 0.004122113616565049, 0.1317293194736727, 0.007867664894852307, 0.0006631052098621127, 0.039191434062495145, 0.0064060099920141, 0.03268932243084692, 0, 0.19094034698434098, 0.05738732460549023, 0.009756534087137225, 0.009036677434107646, 0, 0.07622434155290266, 0.11009182675183558, 0, 0.0037024515418363386, 0.009335040408067166, 0.0487949406953985, 0.027910215332363916, 0.0010689285835955437, 0.23646636812449032, 0.0350583482647871, 0.0487949406953985, 0.007299156760473963, 0.031896080966716533, 0.0027533280550219065, 0.025140556297286162, 0.05207398638601675, 0.006830658680456639), (0, 0, 0, 0, 0, 0, 0, 0, 0, 0, 0, 0, 0, 0, 0, 0, 0, 0, 0, 0, 0, 0, 0, 0, 0, 0, 0, 0, 0, 0, 0.013949306965373928, 0, 0, 0, 0, 0, 0, 0, 0, 0), (0.0016626576184457752, 0.0006767219177472479, 0.06149937804507184, 0.06502539038278278, 0.008723329471708632, 0.00036176918093652755, 0.09555361251896813, 0.0001877124226694997, 0.023795695918608258, 0.0010160633509259717, 0.006963639137030152, 0.15058560986911712, 0.007775948452200233, 0.002349447614504129, 0.04066211490300797, 0.004528991295546424, 0.0350583482647871, 0, 0.20534969973663775, 0.06322393781435344, 0.0207208396239082, 0.0024479765006755194, 0, 0.02276859998040022, 0.12745428142147208, 0, 0.0026078279567117203, 0.006523190206172563, 0.004816452941871073, 0.015588395748542892, 0.0001877124226694997, 0.24616505675524458, 0.027910215332363916, 0.03634284572901042, 0.03302877414247969, 0.015297775930101544, 0.006963639137030152, 0.0006767219177472479, 0.04746468216969184, 0), (0, 0, 0, 0, 0, 0, 0, 0, 0, 0, 0, 0, 0, 0, 0, 0, 0, 0, 0, 0, 0, 0, 0, 0, 0, 0, 0, 0, 0, 0, 0.0029530155390121333, 0, 0, 0, 0, 0, 0, 0, 0, 0), (0, 0, 0, 0, 0, 0, 0, 0, 0, 0, 0, 0, 0, 0.004816452941871073, 5.551033283418159e-05, 0.031173613118524304, 0.06390744704610728, 0.0006246337730938037, 0.0004746229241440903, 0.10112402163718603, 0.006523190206172563, 0.017476244325223163, 0.026668965913709028, 0, 0.13138880793914987, 0.002114884643984207, 0.0030834536326394824, 0.03335434504876711, 0.0014939931791539789, 0.045224567067496654, 0, 0.0022344421708708415, 0.001564467561066686, 0.004469552452063288, 0.004528991295546424, 0.049943092483862694, 0.0024479765006755194, 0, 0, 0), (0, 0, 0, 0, 0, 0, 0, 0, 0, 0, 0.00013663754192747794, 0, 0, 0, 0, 0, 0, 0.06149937804507184, 0, 0, 0, 0, 0.001842090186059877, 0, 0, 0.05528500114149415, 0, 0, 0, 0, 0, 0, 0, 0, 0, 0, 0, 0, 0, 0), (0, 0, 0, 0, 0, 0, 0, 0, 0, 0, 0, 0, 0, 0.0061446088533262735, 0.0003843884653275346, 0.031069480068634414, 0.07850994353170956, 0.0013431113450645717, 0.0018496468978117624, 0.05207398638601675, 0.015085156698935967, 0.0013431113450645717, 0.036940224638936384, 0, 0.11978983412227931, 0.0066132061053925245, 0.0207208396239082, 0.011720053679030874, 0.00566775380589651, 0.059046967456822835, 0, 0.00429810722857266, 0.00030058237746002827, 0.0043730621958221125, 0.015807917200052736, 0.059458789360000736, 0.0014939931791539789, 0, 0, 0), (0, 0, 0, 0, 0, 0, 0, 0, 0, 0, 0, 0, 0, 0, 0, 0, 0, 0.12931448059938455, 0, 0, 0, 0, 0.001175077712856798, 0, 0, 0.045224567067496654, 0, 0, 0, 0, 0, 0, 0, 0, 0, 0, 0, 0, 0, 0), (0, 0, 0, 0, 0, 0, 0, 0, 0, 0, 0, 0, 0, 0.0021536469055539187, 0.00030471608277718963, 0.019828895863554644, 0.026158822648714775, 0.0017810649560001043, 0.004651491303398973, 0.035731909727539896, 0.038306964242260544, 4.2686232120132256e-05, 0.02771571646511272, 0, 0.13251817521576753, 0.04768711957621925, 0.02374160222806597, 0.009286313085199546, 5.551033283418159e-05, 0.05787750669366977, 0, 0, 0.0038391590512110163, 0.007757463007627356, 0.005772727484600407, 0.0350583482647871, 0.004259204687851684, 0, 0, 0), (0, 0, 0, 0, 0, 0, 0, 0, 0, 0, 0.0013666233335663074, 0, 0, 0, 0, 0, 0, 0.14070293888931446, 0, 0, 0, 0, 0.0009484022136292663, 0, 0, 0.0381873775199095, 0, 0, 0, 0, 0, 0, 0, 0, 0, 0, 0, 0, 0, 0), (0, 0, 0, 0, 0, 0, 0, 0, 0, 0, 0, 0, 0, 0.0034642219743328505, 0.00042941623229211627, 0.021538652516748455, 0.02272086873228655, 0.0012206713952879027, 0.0014409891346113153, 0.042666013215726564, 0.03600088831260688, 0.001452967385689341, 0.022022771157485542, 0, 0.12306145811218505, 0.021538652516748455, 0.02272086873228655, 0.0030171758098115793, 0.0007052449150227041, 0.042666013215726564, 0, 0.0003843884653275346, 0.0034642219743328505, 0.0012206713952879027, 0.00042941623229211627, 0.021371214021228643, 0.0030171758098115793, 0, 0, 0)]}}
AdaptationManager: Configuring next round...
{'client_registry': {'enabled': True, 'params': {}}, 'client_selector': {'enabled': True, 'params': {'selection_strategy': 'Resource-Based', 'selection_criteria': 'CPU', 'selection_value': 2}}, 'client_cluster': {'enabled': False, 'params': {}}, 'message_compressor': {'enabled': False, 'params': {}}, 'model_co-versioning_registry': {'enabled': False, 'params': {}}, 'multi-task_model_trainer': {'enabled': False, 'params': {}}, 'heterogeneous_data_handler': {'enabled': True, 'params': {'enabled_clients': []}}}
{'client_selector': {'enabled': True}, 'client_cluster': {'enabled': False}, 'message_compressor': {'enabled': False}, 'model_co-versioning_registry': {'enabled': False}, 'multi-task_model_trainer': {'enabled': False}, 'heterogeneous_data_handler': {'enabled': True, 'params': {'enabled_clients': ['Client 3', 'Client 19', 'Client 25', 'Client 32']}}, 'client_registry': {'enabled': True, 'params': {}}}
{'model_type': 'prostate_logreg', 'metrics': {'prostate_logreg': {'train_loss': [0.5797648924210715, 0.5904991605947184, 0.5741372711924247, 0.5620664890658361, 0.5844833563807552, 0.5601529134499471, 0.5718169605588965, 0.5349920468328702, 0.5518784765599124, 0.5306864954794746, 0.5451663930936413, 0.5251984873838187, 0.5373900642959768, 0.5246615608160361, 0.5301755322297048, 0.5216981568316899, 0.5254054510136151, 0.5208882005815968, 0.5104592550590814, 0.5203086551352584], 'train_accuracy': [0.7222222222222222, 0.6937984496124031, 0.7142857142857143, 0.7625178826895566, 0.7085889570552147, 0.7421503330161751, 0.7295528898582334, 0.7778561354019746, 0.7534129692832765, 0.7737226277372263, 0.7541436464088398, 0.7703147017379052, 0.7543757292882147, 0.7603217158176944, 0.7583429228998849, 0.7643192488262911, 0.7574024226110363, 0.7613873798579189, 0.7756024096385542, 0.7598057527082555], 'train_f1': [0.6351708696946792, 0.5398648874189105, 0.6303745218279557, 0.6311409069797953, 0.6745301145010185, 0.6529931064159895, 0.7037811685885789, 0.7047412754696403, 0.7495536968582172, 0.7309616839615369, 0.7510466262227434, 0.736147582944784, 0.7528429567547709, 0.7358804089862214, 0.755233139469614, 0.7395496721462671, 0.7527225107374166, 0.7381865543124287, 0.7717289262624959, 0.7423358868414157], 'train_mae': [0.2777777777777778, 0.3062015503875969, 0.2857142857142857, 0.2374821173104435, 0.29141104294478526, 0.25784966698382494, 0.27044711014176664, 0.22214386459802538, 0.24658703071672355, 0.22627737226277372, 0.24585635359116023, 0.22968529826209488, 0.2456242707117853, 0.23967828418230563, 0.24165707710011508, 0.23568075117370893, 0.24259757738896365, 0.23861262014208107, 0.22439759036144577, 0.2401942472917445], 'val_loss': [0.7245327421107245, 0.6863383310975246, 0.653705006193505, 0.6315183818305831, 0.6125920370914231, 0.6002574452859736, 0.5891591547758905, 0.5809041472285711, 0.5738744544581247, 0.568131300799036, 0.5633624123102782, 0.5595858177994374, 0.5557775124429644, 0.5524072250371886, 0.5511035178802561, 0.5472600764241986, 0.5464145876139016, 0.5432826840553872, 0.5428066741222807, 0.5401559158152069], 'val_accuracy': [0.5313520207137229, 0.5798765737533674, 0.6220967271499186, 0.6501448371026493, 0.6840653961623809, 0.7032832628162304, 0.7206383365429978, 0.7269709860056617, 0.7316401616924455, 0.7344128925896282, 0.7361768249676738, 0.7371181155871801, 0.7383934556468631, 0.7412464586541936, 0.739979243009138, 0.7426593247427828, 0.7426536563481382, 0.7444841336877951, 0.7445313167563872, 0.7463307078687108], 'val_f1': [0.44126257711300315, 0.4821407878484198, 0.5440600405597353, 0.577862025955832, 0.6360612938990672, 0.6617729262753643, 0.6897725899438116, 0.6973447096787969, 0.7074127248168197, 0.7103822793312201, 0.715053331704128, 0.7155976511250304, 0.719140129093958, 0.7210226329486555, 0.721761741512258, 0.7232779760594619, 0.7252045455253431, 0.7260959811062628, 0.7278029901874017, 0.7290478825798472], 'val_mae': [0.46864797928627716, 0.42012342624663257, 0.37790327285008135, 0.34985516289735086, 0.3159346038376191, 0.29671673718376956, 0.2793616634570021, 0.27302901399433827, 0.26835983830755455, 0.2655871074103719, 0.26382317503232633, 0.26288188441281995, 0.26160654435313685, 0.25875354134580647, 0.260020756990862, 0.25734067525721704, 0.2573463436518618, 0.2555158663122049, 0.2554686832436127, 0.25366929213128914], 'jsd': [(0, 0, 0, 0, 0, 0, 0, 0, 0, 0, 0, 0, 0, 0.0207208396239082, 0.31127812445913283, 0.31127812445913283, 0.31127812445913283, 0.11009182675183558, 0.31127812445913283, 0.31127812445913283, 0.31127812445913283, 0.0037024515418363386, 0.31127812445913283, 0.31127812445913283, 0.31127812445913283, 0.31127812445913283, 0.31127812445913283, 0.31127812445913283, 0.31127812445913283, 0.31127812445913283, 0.0037024515418363386, 0.31127812445913283, 0.31127812445913283, 0.0350583482647871, 0.31127812445913283, 0.31127812445913283, 0.31127812445913283, 0, 0, 0), (0, 0, 0, 0, 0, 0, 0, 0, 0, 0, 0, 0, 0, 0.0207208396239082, 0.31127812445913283, 0.31127812445913283, 0.31127812445913283, 0.06548833004089114, 0.0014939931791539789, 0.31127812445913283, 0.07310400793180982, 0, 0.1711038312803313, 0.31127812445913283, 0, 0.007299156760473963, 0.009756534087137225, 0.31127812445913283, 0.31127812445913283, 0.31127812445913283, 0.015085156698935967, 0.0207208396239082, 0.16395604408354778, 0.0350583482647871, 0.31127812445913283, 0.31127812445913283, 0.16395604408354778, 0, 0, 0), (0, 0.16395604408354778, 0.31127812445913283, 0, 0, 0.18850340411986471, 0, 0.11009182675183558, 0, 0, 0, 0.1711038312803313, 0, 0, 0, 0.31127812445913283, 0, 0.07310400793180982, 0.31127812445913283, 0.07310400793180982, 0.31127812445913283, 0.31127812445913283, 0, 0.31127812445913283, 0.31127812445913283, 0.31127812445913283, 0, 0.31127812445913283, 0.11009182675183558, 0.31127812445913283, 0.07310400793180982, 0.31127812445913283, 0.0487949406953985, 0, 0.31127812445913283, 0, 0, 0, 0.31127812445913283, 0), (0.09328462323031235, 0.31127812445913283, 0.2087803925185126, 0.009756534087137225, 0.11385563424028564, 0.013714477705244553, 0.08025594233229469, 0.07310400793180982, 0.03857581598654605, 0.13251817521576753, 0.05253690168806249, 0.19326958066820893, 0.0350583482647871, 0.00429810722857266, 0.005050449860393488, 0.0207208396239082, 0.0487949406953985, 0, 0.31127812445913283, 0.07310400793180982, 0.007299156760473963, 0.0037024515418363386, 0.0002145058924891757, 0.31127812445913283, 0.31127812445913283, 0.11009182675183558, 0.12425601093475921, 0.31127812445913283, 0.17750440524619315, 0.07310400793180982, 0.07310400793180982, 0.31127812445913283, 0.31127812445913283, 0.05738732460549023, 0.011482406826014972, 0.001254883843183478, 0.0002145058924891757, 0.0487949406953985, 0.2227619806994962, 0.0487949406953985), (0, 0, 0, 0, 0, 0, 0, 0, 0, 0, 0, 0, 0, 0, 0, 0.2227619806994962, 0, 0, 0, 0, 0, 0, 0, 0, 0, 0, 0, 0, 0, 0, 0, 0, 0, 0, 0, 0, 0, 0, 0, 0), (0.009036677434107646, 0.005050449860393488, 0.23305878051279882, 0.014691469621310085, 0.016941071056623243, 0.00822299722902229, 0.06859186091507882, 0.042041899344894246, 0.05655009359654585, 0.03889315594457522, 0.0463685414106319, 0.10206066129537185, 0.02359015854559616, 0.005865051239364611, 0.05171298000558475, 0.025509910978289904, 0.0487949406953985, 0.0008025382728216734, 0.07310400793180982, 0.011482406826014972, 0.31127812445913283, 0.010396593705431272, 0.08111870596083268, 0.31127812445913283, 0.31127812445913283, 0.0207208396239082, 0.0487949406953985, 0.0022344421708708415, 0.2087803925185126, 0.07310400793180982, 0.042041899344894246, 0.20534969973663775, 0.05738732460549023, 0.01274900060462203, 0.16395604408354778, 0.028564156811275485, 0.0008790379110077892, 0.011482406826014972, 0.0207208396239082, 0.006523190206172563), (0, 0, 0, 0, 0, 0, 0, 0, 0, 0, 0, 0, 0, 0, 0, 0.24237412989240623, 0, 0, 0, 0, 0, 0, 0, 0, 0, 0, 0, 0, 0, 0, 0, 0, 0, 0, 0, 0, 0, 0, 0, 0), (0.0061446088533262735, 0.002830694750015385, 0.24844401300050659, 0.04105726891831728, 0.014038937565777093, 0.0014939931791539789, 0.10372355040574062, 0.0037024515418363386, 0.07898885115561567, 0.0031619139529965624, 0.02711041372683346, 0.08697257500448134, 0.010396593705431272, 0.0010689285835955437, 0.050988453276391066, 0.007299156760473963, 0.039737267151773975, 0.07850994353170956, 0.05738732460549023, 0.05400884513974839, 0.007299156760473963, 0.005407888490294582, 0.0019359358092692971, 0.2292798117148899, 0.15591489886228305, 0.05253690168806249, 0.011482406826014972, 0.00028867375520897666, 0.03857581598654605, 0.05400884513974839, 0.05400884513974839, 0.2227619806994962, 0.03221357089614439, 0.05738732460549023, 0.002830694750015385, 0.0350583482647871, 0.0008589183281813573, 0.018135571823116266, 0.03600088831260688, 0.11009182675183558), (0, 0, 0, 0, 0, 0, 0, 0, 0, 0, 0, 0, 0, 0, 0, 0, 0, 0, 0, 0, 0, 0, 0, 0, 0, 0, 0, 0, 0, 0, 0, 0, 0, 0, 0, 0, 0, 0, 0, 0), (0.0023839413783587893, 0.005301974832984377, 0.06900910450166178, 0.05207398638601675, 0.004122113616565049, 0.0009214584011009545, 0.10749195315105531, 0.0010689285835955437, 0.07622434155290266, 0.0032712817850098566, 0.004122113616565049, 0.1317293194736727, 0.007867664894852307, 0.0006631052098621127, 0.039191434062495145, 0.0064060099920141, 0.03268932243084692, 0, 0.19094034698434098, 0.05738732460549023, 0.009756534087137225, 0.009036677434107646, 0, 0.07622434155290266, 0.11009182675183558, 0, 0.0037024515418363386, 0.009335040408067166, 0.0487949406953985, 0.027910215332363916, 0.0010689285835955437, 0.23646636812449032, 0.0350583482647871, 0.0487949406953985, 0.007299156760473963, 0.031896080966716533, 0.0027533280550219065, 0.025140556297286162, 0.05207398638601675, 0.006830658680456639), (0, 0, 0, 0, 0, 0, 0, 0, 0, 0, 0, 0, 0, 0, 0, 0, 0, 0, 0, 0, 0, 0, 0, 0, 0, 0, 0, 0, 0, 0, 0.013949306965373928, 0, 0, 0, 0, 0, 0, 0, 0, 0), (0.0016626576184457752, 0.0006767219177472479, 0.06149937804507184, 0.06502539038278278, 0.008723329471708632, 0.00036176918093652755, 0.09555361251896813, 0.0001877124226694997, 0.023795695918608258, 0.0010160633509259717, 0.006963639137030152, 0.15058560986911712, 0.007775948452200233, 0.002349447614504129, 0.04066211490300797, 0.004528991295546424, 0.0350583482647871, 0, 0.20534969973663775, 0.06322393781435344, 0.0207208396239082, 0.0024479765006755194, 0, 0.02276859998040022, 0.12745428142147208, 0, 0.0026078279567117203, 0.006523190206172563, 0.004816452941871073, 0.015588395748542892, 0.0001877124226694997, 0.24616505675524458, 0.027910215332363916, 0.03634284572901042, 0.03302877414247969, 0.015297775930101544, 0.006963639137030152, 0.0006767219177472479, 0.04746468216969184, 0), (0, 0, 0, 0, 0, 0, 0, 0, 0, 0, 0, 0, 0, 0, 0, 0, 0, 0, 0, 0, 0, 0, 0, 0, 0, 0, 0, 0, 0, 0, 0.0029530155390121333, 0, 0, 0, 0, 0, 0, 0, 0, 0), (0, 0, 0, 0, 0, 0, 0, 0, 0, 0, 0, 0, 0, 0.004816452941871073, 5.551033283418159e-05, 0.031173613118524304, 0.06390744704610728, 0.0006246337730938037, 0.0004746229241440903, 0.10112402163718603, 0.006523190206172563, 0.017476244325223163, 0.026668965913709028, 0, 0.13138880793914987, 0.002114884643984207, 0.0030834536326394824, 0.03335434504876711, 0.0014939931791539789, 0.045224567067496654, 0, 0.0022344421708708415, 0.001564467561066686, 0.004469552452063288, 0.004528991295546424, 0.049943092483862694, 0.0024479765006755194, 0, 0, 0), (0, 0, 0, 0, 0, 0, 0, 0, 0, 0, 0.00013663754192747794, 0, 0, 0, 0, 0, 0, 0.06149937804507184, 0, 0, 0, 0, 0.001842090186059877, 0, 0, 0.05528500114149415, 0, 0, 0, 0, 0, 0, 0, 0, 0, 0, 0, 0, 0, 0), (0, 0, 0, 0, 0, 0, 0, 0, 0, 0, 0, 0, 0, 0.0061446088533262735, 0.0003843884653275346, 0.031069480068634414, 0.07850994353170956, 0.0013431113450645717, 0.0018496468978117624, 0.05207398638601675, 0.015085156698935967, 0.0013431113450645717, 0.036940224638936384, 0, 0.11978983412227931, 0.0066132061053925245, 0.0207208396239082, 0.011720053679030874, 0.00566775380589651, 0.059046967456822835, 0, 0.00429810722857266, 0.00030058237746002827, 0.0043730621958221125, 0.015807917200052736, 0.059458789360000736, 0.0014939931791539789, 0, 0, 0), (0, 0, 0, 0, 0, 0, 0, 0, 0, 0, 0, 0, 0, 0, 0, 0, 0, 0.12931448059938455, 0, 0, 0, 0, 0.001175077712856798, 0, 0, 0.045224567067496654, 0, 0, 0, 0, 0, 0, 0, 0, 0, 0, 0, 0, 0, 0), (0, 0, 0, 0, 0, 0, 0, 0, 0, 0, 0, 0, 0, 0.0021536469055539187, 0.00030471608277718963, 0.019828895863554644, 0.026158822648714775, 0.0017810649560001043, 0.004651491303398973, 0.035731909727539896, 0.038306964242260544, 4.2686232120132256e-05, 0.02771571646511272, 0, 0.13251817521576753, 0.04768711957621925, 0.02374160222806597, 0.009286313085199546, 5.551033283418159e-05, 0.05787750669366977, 0, 0, 0.0038391590512110163, 0.007757463007627356, 0.005772727484600407, 0.0350583482647871, 0.004259204687851684, 0, 0, 0), (0, 0, 0, 0, 0, 0, 0, 0, 0, 0, 0.0013666233335663074, 0, 0, 0, 0, 0, 0, 0.14070293888931446, 0, 0, 0, 0, 0.0009484022136292663, 0, 0, 0.0381873775199095, 0, 0, 0, 0, 0, 0, 0, 0, 0, 0, 0, 0, 0, 0), (0, 0, 0, 0, 0, 0, 0, 0, 0, 0, 0, 0, 0, 0.0034642219743328505, 0.00042941623229211627, 0.021538652516748455, 0.02272086873228655, 0.0012206713952879027, 0.0014409891346113153, 0.042666013215726564, 0.03600088831260688, 0.001452967385689341, 0.022022771157485542, 0, 0.12306145811218505, 0.021538652516748455, 0.02272086873228655, 0.0030171758098115793, 0.0007052449150227041, 0.042666013215726564, 0, 0.0003843884653275346, 0.0034642219743328505, 0.0012206713952879027, 0.00042941623229211627, 0.021371214021228643, 0.0030171758098115793, 0, 0, 0)]}}, 'time': 0.45391392707824707, 'communication_time': 0.3478553295135498}
-0.002077378221958359
client_selector activated ✅
0.0012529850342759624
heterogeneous_data_handler activated ✅ for clients: ['Client 1', 'Client 2', 'Client 4', 'Client 5', 'Client 6', 'Client 7', 'Client 8', 'Client 9', 'Client 10', 'Client 11', 'Client 12', 'Client 13', 'Client 14', 'Client 15', 'Client 16', 'Client 17', 'Client 18', 'Client 20', 'Client 21', 'Client 22', 'Client 23', 'Client 24', 'Client 26', 'Client 27', 'Client 28', 'Client 29', 'Client 30', 'Client 31', 'Client 33', 'Client 34', 'Client 35', 'Client 36', 'Client 37', 'Client 38', 'Client 39', 'Client 40']
