==========================================
  ___  ______  ___ ______       _ 
 / _ \ | ___ \/   ||  ___|     | |
/ /_\ \| |_/ / /| || |_ ___  __| |
|  _  ||  __/ /_| ||  _/ _ \/ _` |
| | | || |  \___  || ||  __/ (_| |
\_| |_/\_|      |_/\_| \___|\__,_| v.1.5.0

==========================================
Simulation Started!
List of the Architectural Patterns enabled:
Adaptation Enabled ✅
Metric: val_f1, online learning with alpha 0.1
Metric: val_f1,jsd, online learning (client-level) with alpha 0.1
Client Registry ✅
Client Selector ✅
 AP Parameters: {'selection_strategy': 'Resource-Based', 'selection_criteria': 'CPU', 'selection_value': 2}
Heterogeneous Data Handler ✅
 AP Parameters: {'enabled_clients': []}
==========================================
Client Client 26 participates in this round. (CPU: 2, RAM: 2)
Client Client 23 participates in this round. (CPU: 2, RAM: 2)
Client Client 19 participates in this round. (CPU: 2, RAM: 2)
Client Client 3 participates in this round. (CPU: 2, RAM: 2)
Client Client 22 participates in this round. (CPU: 2, RAM: 2)
Client Client 16 participates in this round. (CPU: 2, RAM: 2)
Client Client 13 participates in this round. (CPU: 2, RAM: 2)
Client Client 24 participates in this round. (CPU: 2, RAM: 2)
Client Client 6 participates in this round. (CPU: 2, RAM: 2)
Client Client 21 participates in this round. (CPU: 2, RAM: 2)
Client Client 4 participates in this round. (CPU: 2, RAM: 2)
Client Client 2 participates in this round. (CPU: 2, RAM: 2)
Client Client 8 participates in this round. (CPU: 2, RAM: 2)
Client Client 15 participates in this round. (CPU: 2, RAM: 2)
Client Client 29 participates in this round. (CPU: 2, RAM: 2)
Client Client 10 participates in this round. (CPU: 2, RAM: 2)
Client Client 11 participates in this round. (CPU: 2, RAM: 2)
Client Client 25 participates in this round. (CPU: 2, RAM: 2)
Client Client 28 participates in this round. (CPU: 2, RAM: 2)
Client Client 14 participates in this round. (CPU: 2, RAM: 2)
Client Client 5 participates in this round. (CPU: 2, RAM: 2)
Client Client 30 participates in this round. (CPU: 2, RAM: 2)
Client Client 9 participates in this round. (CPU: 2, RAM: 2)
Client Client 38 has insufficient CPU (1). Will not participate in the next FL round.
Client Client 33 has insufficient CPU (1). Will not participate in the next FL round.
Client Client 27 participates in this round. (CPU: 2, RAM: 2)
Client Client 34 has insufficient CPU (1). Will not participate in the next FL round.
Client Client 7 participates in this round. (CPU: 2, RAM: 2)
Client Client 35 has insufficient CPU (1). Will not participate in the next FL round.
Client Client 40 has insufficient CPU (1). Will not participate in the next FL round.
Client Client 36 has insufficient CPU (1). Will not participate in the next FL round.
Client Client 12 participates in this round. (CPU: 2, RAM: 2)
Client Client 1 participates in this round. (CPU: 2, RAM: 2)
Client Client 20 participates in this round. (CPU: 2, RAM: 2)
Client Client 31 has insufficient CPU (1). Will not participate in the next FL round.
Client Client 17 participates in this round. (CPU: 2, RAM: 2)
Client Client 18 participates in this round. (CPU: 2, RAM: 2)
Client Client 37 has insufficient CPU (1). Will not participate in the next FL round.
Client Client 39 has insufficient CPU (1). Will not participate in the next FL round.
Client Client 32 has insufficient CPU (1). Will not participate in the next FL round.
Results Aggregated in 1.52 seconds.
{'prostate_logreg': {'train_loss': [0.6685234036765586], 'train_accuracy': [0.5988717339667459], 'train_f1': [0.5397751450898147], 'train_mae': [0.40112826603325413], 'val_loss': [0.6793654817336683], 'val_accuracy': [0.5830116785431512], 'val_f1': [0.5334081925175569], 'val_mae': [0.4169883214568488], 'jsd': [(0, 0, 0, 0, 0, 0, 0, 0, 0.0034642219743328505, 0.00042941623229211627, 0.021538652516748455, 0.02272086873228655, 0.0012206713952879027, 0.0014409891346113153, 0.042666013215726564, 0.03600088831260688, 0.001452967385689341, 0.022022771157485542, 0.0012206713952879027, 0.12306145811218505, 0.021538652516748455, 0.02272086873228655, 0.0030171758098115793, 0.0007052449150227041, 0.042666013215726564, 0.045824702319694016, 0.022022771157485542, 0.04399676213315208, 0.03600088831260688, 0.0012206713952879027, 0.0012206713952879027, 0.0012206713952879027, 0.0003843884653275346, 0.0034642219743328505, 0.0012206713952879027, 0.00042941623229211627, 0.021371214021228643, 0.0030171758098115793, 0, 0)]}}
AdaptationManager: Configuring next round...
{'client_registry': {'enabled': True, 'params': {}}, 'client_selector': {'enabled': True, 'params': {'selection_strategy': 'Resource-Based', 'selection_criteria': 'CPU', 'selection_value': 2}}, 'client_cluster': {'enabled': False, 'params': {}}, 'message_compressor': {'enabled': False, 'params': {}}, 'model_co-versioning_registry': {'enabled': False, 'params': {}}, 'multi-task_model_trainer': {'enabled': False, 'params': {}}, 'heterogeneous_data_handler': {'enabled': True, 'params': {'enabled_clients': []}}}
{'client_selector': {'enabled': True}, 'client_cluster': {'enabled': False}, 'message_compressor': {'enabled': False}, 'model_co-versioning_registry': {'enabled': False}, 'multi-task_model_trainer': {'enabled': False}, 'heterogeneous_data_handler': {'enabled': True}, 'client_registry': {'enabled': True, 'params': {}}}
{'model_type': 'prostate_logreg', 'metrics': {'prostate_logreg': {'train_loss': [0.6685234036765586], 'train_accuracy': [0.5988717339667459], 'train_f1': [0.5397751450898147], 'train_mae': [0.40112826603325413], 'val_loss': [0.6793654817336683], 'val_accuracy': [0.5830116785431512], 'val_f1': [0.5334081925175569], 'val_mae': [0.4169883214568488], 'jsd': [(0, 0, 0, 0, 0, 0, 0, 0, 0.0034642219743328505, 0.00042941623229211627, 0.021538652516748455, 0.02272086873228655, 0.0012206713952879027, 0.0014409891346113153, 0.042666013215726564, 0.03600088831260688, 0.001452967385689341, 0.022022771157485542, 0.0012206713952879027, 0.12306145811218505, 0.021538652516748455, 0.02272086873228655, 0.0030171758098115793, 0.0007052449150227041, 0.042666013215726564, 0.045824702319694016, 0.022022771157485542, 0.04399676213315208, 0.03600088831260688, 0.0012206713952879027, 0.0012206713952879027, 0.0012206713952879027, 0.0003843884653275346, 0.0034642219743328505, 0.0012206713952879027, 0.00042941623229211627, 0.021371214021228643, 0.0030171758098115793, 0, 0)]}}, 'time': 1.531069040298462, 'communication_time': 1.1366441249847412}
client_selector activated ✅
heterogeneous_data_handler de-activated ❌
Client Client 39 has insufficient CPU (1). Will not participate in the next FL round.
Client Client 20 participates in this round. (CPU: 2, RAM: 2)
Client Client 8 participates in this round. (CPU: 2, RAM: 2)
Client Client 21 participates in this round. (CPU: 2, RAM: 2)
Client Client 14 participates in this round. (CPU: 2, RAM: 2)
Client Client 28 participates in this round. (CPU: 2, RAM: 2)
Client Client 17 participates in this round. (CPU: 2, RAM: 2)
Client Client 31 has insufficient CPU (1). Will not participate in the next FL round.
Client Client 18 participates in this round. (CPU: 2, RAM: 2)
Client Client 36 has insufficient CPU (1). Will not participate in the next FL round.
Client Client 11 participates in this round. (CPU: 2, RAM: 2)
Client Client 35 has insufficient CPU (1). Will not participate in the next FL round.
Client Client 26 participates in this round. (CPU: 2, RAM: 2)
Client Client 38 has insufficient CPU (1). Will not participate in the next FL round.
Client Client 24 participates in this round. (CPU: 2, RAM: 2)
Client Client 10 participates in this round. (CPU: 2, RAM: 2)
Client Client 2 participates in this round. (CPU: 2, RAM: 2)
Client Client 4 participates in this round. (CPU: 2, RAM: 2)
Client Client 1 participates in this round. (CPU: 2, RAM: 2)
Client Client 16 participates in this round. (CPU: 2, RAM: 2)
Client Client 12 participates in this round. (CPU: 2, RAM: 2)
Client Client 25 participates in this round. (CPU: 2, RAM: 2)
Client Client 34 has insufficient CPU (1). Will not participate in the next FL round.
Client Client 40 has insufficient CPU (1). Will not participate in the next FL round.
Client Client 3 participates in this round. (CPU: 2, RAM: 2)
Client Client 22 participates in this round. (CPU: 2, RAM: 2)
Client Client 37 has insufficient CPU (1). Will not participate in the next FL round.
Client Client 27 participates in this round. (CPU: 2, RAM: 2)
Client Client 7 participates in this round. (CPU: 2, RAM: 2)
Client Client 6 participates in this round. (CPU: 2, RAM: 2)
Client Client 23 participates in this round. (CPU: 2, RAM: 2)
Client Client 15 participates in this round. (CPU: 2, RAM: 2)
Client Client 30 participates in this round. (CPU: 2, RAM: 2)
Client Client 13 participates in this round. (CPU: 2, RAM: 2)
Client Client 33 has insufficient CPU (1). Will not participate in the next FL round.
Client Client 19 participates in this round. (CPU: 2, RAM: 2)
Client Client 9 participates in this round. (CPU: 2, RAM: 2)
Client Client 32 has insufficient CPU (1). Will not participate in the next FL round.
Client Client 29 participates in this round. (CPU: 2, RAM: 2)
Client Client 5 participates in this round. (CPU: 2, RAM: 2)
Results Aggregated in 0.20 seconds.
{'prostate_logreg': {'train_loss': [0.6685234036765586, 0.640463373103929], 'train_accuracy': [0.5988717339667459, 0.6440023752969121], 'train_f1': [0.5397751450898147, 0.5897373907458786], 'train_mae': [0.40112826603325413, 0.3559976247030879], 'val_loss': [0.6793654817336683, 0.6519164314215807], 'val_accuracy': [0.5830116785431512, 0.6180670494937753], 'val_f1': [0.5334081925175569, 0.5648002749746265], 'val_mae': [0.4169883214568488, 0.3819329505062246], 'jsd': [(0, 0, 0, 0, 0, 0, 0, 0, 0.0034642219743328505, 0.00042941623229211627, 0.021538652516748455, 0.02272086873228655, 0.0012206713952879027, 0.0014409891346113153, 0.042666013215726564, 0.03600088831260688, 0.001452967385689341, 0.022022771157485542, 0.0012206713952879027, 0.12306145811218505, 0.021538652516748455, 0.02272086873228655, 0.0030171758098115793, 0.0007052449150227041, 0.042666013215726564, 0.045824702319694016, 0.022022771157485542, 0.04399676213315208, 0.03600088831260688, 0.0012206713952879027, 0.0012206713952879027, 0.0012206713952879027, 0.0003843884653275346, 0.0034642219743328505, 0.0012206713952879027, 0.00042941623229211627, 0.021371214021228643, 0.0030171758098115793, 0, 0), (0, 0, 0, 0, 0, 0, 0, 0, 0.0034642219743328505, 0.00042941623229211627, 0.021538652516748455, 0.02272086873228655, 0.0012206713952879027, 0.0014409891346113153, 0.042666013215726564, 0.03600088831260688, 0.001452967385689341, 0.022022771157485542, 0.0012206713952879027, 0.12306145811218505, 0.021538652516748455, 0.02272086873228655, 0.0030171758098115793, 0.0007052449150227041, 0.042666013215726564, 0.045824702319694016, 0.022022771157485542, 0.04399676213315208, 0.03600088831260688, 0.0012206713952879027, 0.0012206713952879027, 0.0012206713952879027, 0.0003843884653275346, 0.0034642219743328505, 0.0012206713952879027, 0.00042941623229211627, 0.021371214021228643, 0.0030171758098115793, 0, 0)]}}
AdaptationManager: Configuring next round...
{'client_registry': {'enabled': True, 'params': {}}, 'client_selector': {'enabled': True, 'params': {'selection_strategy': 'Resource-Based', 'selection_criteria': 'CPU', 'selection_value': 2}}, 'client_cluster': {'enabled': False, 'params': {}}, 'message_compressor': {'enabled': False, 'params': {}}, 'model_co-versioning_registry': {'enabled': False, 'params': {}}, 'multi-task_model_trainer': {'enabled': False, 'params': {}}, 'heterogeneous_data_handler': {'enabled': True, 'params': {'enabled_clients': []}}}
{'client_selector': {'enabled': True}, 'client_cluster': {'enabled': False}, 'message_compressor': {'enabled': False}, 'model_co-versioning_registry': {'enabled': False}, 'multi-task_model_trainer': {'enabled': False}, 'heterogeneous_data_handler': {'enabled': False}, 'client_registry': {'enabled': True, 'params': {}}}
{'model_type': 'prostate_logreg', 'metrics': {'prostate_logreg': {'train_loss': [0.6685234036765586, 0.640463373103929], 'train_accuracy': [0.5988717339667459, 0.6440023752969121], 'train_f1': [0.5397751450898147, 0.5897373907458786], 'train_mae': [0.40112826603325413, 0.3559976247030879], 'val_loss': [0.6793654817336683, 0.6519164314215807], 'val_accuracy': [0.5830116785431512, 0.6180670494937753], 'val_f1': [0.5334081925175569, 0.5648002749746265], 'val_mae': [0.4169883214568488, 0.3819329505062246], 'jsd': [(0, 0, 0, 0, 0, 0, 0, 0, 0.0034642219743328505, 0.00042941623229211627, 0.021538652516748455, 0.02272086873228655, 0.0012206713952879027, 0.0014409891346113153, 0.042666013215726564, 0.03600088831260688, 0.001452967385689341, 0.022022771157485542, 0.0012206713952879027, 0.12306145811218505, 0.021538652516748455, 0.02272086873228655, 0.0030171758098115793, 0.0007052449150227041, 0.042666013215726564, 0.045824702319694016, 0.022022771157485542, 0.04399676213315208, 0.03600088831260688, 0.0012206713952879027, 0.0012206713952879027, 0.0012206713952879027, 0.0003843884653275346, 0.0034642219743328505, 0.0012206713952879027, 0.00042941623229211627, 0.021371214021228643, 0.0030171758098115793, 0, 0), (0, 0, 0, 0, 0, 0, 0, 0, 0.0034642219743328505, 0.00042941623229211627, 0.021538652516748455, 0.02272086873228655, 0.0012206713952879027, 0.0014409891346113153, 0.042666013215726564, 0.03600088831260688, 0.001452967385689341, 0.022022771157485542, 0.0012206713952879027, 0.12306145811218505, 0.021538652516748455, 0.02272086873228655, 0.0030171758098115793, 0.0007052449150227041, 0.042666013215726564, 0.045824702319694016, 0.022022771157485542, 0.04399676213315208, 0.03600088831260688, 0.0012206713952879027, 0.0012206713952879027, 0.0012206713952879027, 0.0003843884653275346, 0.0034642219743328505, 0.0012206713952879027, 0.00042941623229211627, 0.021371214021228643, 0.0030171758098115793, 0, 0)]}}, 'time': 0.20555567741394043, 'communication_time': 0.19719624519348145}
-0.02316063567761506
client_selector de-activated ❌
0.03152463379335804
heterogeneous_data_handler activated ✅ for clients: ['Client 1', 'Client 2', 'Client 3', 'Client 4', 'Client 5', 'Client 6', 'Client 7', 'Client 8', 'Client 9', 'Client 10', 'Client 11', 'Client 12', 'Client 13', 'Client 14', 'Client 15', 'Client 16', 'Client 17', 'Client 18', 'Client 19', 'Client 20', 'Client 21', 'Client 22', 'Client 23', 'Client 24', 'Client 25', 'Client 26', 'Client 27', 'Client 28', 'Client 29', 'Client 30', 'Client 31', 'Client 32', 'Client 33', 'Client 34', 'Client 35', 'Client 36', 'Client 37', 'Client 38', 'Client 39', 'Client 40']
Results Aggregated in 0.56 seconds.
{'prostate_logreg': {'train_loss': [0.6685234036765586, 0.640463373103929, 0.6332866406068206], 'train_accuracy': [0.5988717339667459, 0.6440023752969121, 0.6566964285714286], 'train_f1': [0.5397751450898147, 0.5897373907458786, 0.6492367039628034], 'train_mae': [0.40112826603325413, 0.3559976247030879, 0.34330357142857143], 'val_loss': [0.6793654817336683, 0.6519164314215807, 0.6300962863512631], 'val_accuracy': [0.5830116785431512, 0.6180670494937753, 0.6483425151975684], 'val_f1': [0.5334081925175569, 0.5648002749746265, 0.6081406021682595], 'val_mae': [0.4169883214568488, 0.3819329505062246, 0.3516574848024316], 'jsd': [(0, 0, 0, 0, 0, 0, 0, 0, 0.0034642219743328505, 0.00042941623229211627, 0.021538652516748455, 0.02272086873228655, 0.0012206713952879027, 0.0014409891346113153, 0.042666013215726564, 0.03600088831260688, 0.001452967385689341, 0.022022771157485542, 0.0012206713952879027, 0.12306145811218505, 0.021538652516748455, 0.02272086873228655, 0.0030171758098115793, 0.0007052449150227041, 0.042666013215726564, 0.045824702319694016, 0.022022771157485542, 0.04399676213315208, 0.03600088831260688, 0.0012206713952879027, 0.0012206713952879027, 0.0012206713952879027, 0.0003843884653275346, 0.0034642219743328505, 0.0012206713952879027, 0.00042941623229211627, 0.021371214021228643, 0.0030171758098115793, 0, 0), (0, 0, 0, 0, 0, 0, 0, 0, 0.0034642219743328505, 0.00042941623229211627, 0.021538652516748455, 0.02272086873228655, 0.0012206713952879027, 0.0014409891346113153, 0.042666013215726564, 0.03600088831260688, 0.001452967385689341, 0.022022771157485542, 0.0012206713952879027, 0.12306145811218505, 0.021538652516748455, 0.02272086873228655, 0.0030171758098115793, 0.0007052449150227041, 0.042666013215726564, 0.045824702319694016, 0.022022771157485542, 0.04399676213315208, 0.03600088831260688, 0.0012206713952879027, 0.0012206713952879027, 0.0012206713952879027, 0.0003843884653275346, 0.0034642219743328505, 0.0012206713952879027, 0.00042941623229211627, 0.021371214021228643, 0.0030171758098115793, 0, 0), (0, 0, 0, 0, 0, 0, 0, 0, 0, 0, 0, 0, 0, 0, 0, 0, 0, 0, 0, 0, 0, 0, 0, 0, 0, 0, 0, 0, 0, 0, 0, 0, 0, 0, 0, 0, 0, 0, 0, 0)]}}
AdaptationManager: Configuring next round...
{'client_registry': {'enabled': True, 'params': {}}, 'client_selector': {'enabled': True, 'params': {'selection_strategy': 'Resource-Based', 'selection_criteria': 'CPU', 'selection_value': 2}}, 'client_cluster': {'enabled': False, 'params': {}}, 'message_compressor': {'enabled': False, 'params': {}}, 'model_co-versioning_registry': {'enabled': False, 'params': {}}, 'multi-task_model_trainer': {'enabled': False, 'params': {}}, 'heterogeneous_data_handler': {'enabled': True, 'params': {'enabled_clients': []}}}
{'client_selector': {'enabled': False}, 'client_cluster': {'enabled': False}, 'message_compressor': {'enabled': False}, 'model_co-versioning_registry': {'enabled': False}, 'multi-task_model_trainer': {'enabled': False}, 'heterogeneous_data_handler': {'enabled': True, 'params': {'enabled_clients': ['Client 1', 'Client 2', 'Client 3', 'Client 4', 'Client 5', 'Client 6', 'Client 7', 'Client 8', 'Client 9', 'Client 10', 'Client 11', 'Client 12', 'Client 13', 'Client 14', 'Client 15', 'Client 16', 'Client 17', 'Client 18', 'Client 19', 'Client 20', 'Client 21', 'Client 22', 'Client 23', 'Client 24', 'Client 25', 'Client 26', 'Client 27', 'Client 28', 'Client 29', 'Client 30', 'Client 31', 'Client 32', 'Client 33', 'Client 34', 'Client 35', 'Client 36', 'Client 37', 'Client 38', 'Client 39', 'Client 40']}}, 'client_registry': {'enabled': True, 'params': {}}}
{'model_type': 'prostate_logreg', 'metrics': {'prostate_logreg': {'train_loss': [0.6685234036765586, 0.640463373103929, 0.6332866406068206], 'train_accuracy': [0.5988717339667459, 0.6440023752969121, 0.6566964285714286], 'train_f1': [0.5397751450898147, 0.5897373907458786, 0.6492367039628034], 'train_mae': [0.40112826603325413, 0.3559976247030879, 0.34330357142857143], 'val_loss': [0.6793654817336683, 0.6519164314215807, 0.6300962863512631], 'val_accuracy': [0.5830116785431512, 0.6180670494937753, 0.6483425151975684], 'val_f1': [0.5334081925175569, 0.5648002749746265, 0.6081406021682595], 'val_mae': [0.4169883214568488, 0.3819329505062246, 0.3516574848024316], 'jsd': [(0, 0, 0, 0, 0, 0, 0, 0, 0.0034642219743328505, 0.00042941623229211627, 0.021538652516748455, 0.02272086873228655, 0.0012206713952879027, 0.0014409891346113153, 0.042666013215726564, 0.03600088831260688, 0.001452967385689341, 0.022022771157485542, 0.0012206713952879027, 0.12306145811218505, 0.021538652516748455, 0.02272086873228655, 0.0030171758098115793, 0.0007052449150227041, 0.042666013215726564, 0.045824702319694016, 0.022022771157485542, 0.04399676213315208, 0.03600088831260688, 0.0012206713952879027, 0.0012206713952879027, 0.0012206713952879027, 0.0003843884653275346, 0.0034642219743328505, 0.0012206713952879027, 0.00042941623229211627, 0.021371214021228643, 0.0030171758098115793, 0, 0), (0, 0, 0, 0, 0, 0, 0, 0, 0.0034642219743328505, 0.00042941623229211627, 0.021538652516748455, 0.02272086873228655, 0.0012206713952879027, 0.0014409891346113153, 0.042666013215726564, 0.03600088831260688, 0.001452967385689341, 0.022022771157485542, 0.0012206713952879027, 0.12306145811218505, 0.021538652516748455, 0.02272086873228655, 0.0030171758098115793, 0.0007052449150227041, 0.042666013215726564, 0.045824702319694016, 0.022022771157485542, 0.04399676213315208, 0.03600088831260688, 0.0012206713952879027, 0.0012206713952879027, 0.0012206713952879027, 0.0003843884653275346, 0.0034642219743328505, 0.0012206713952879027, 0.00042941623229211627, 0.021371214021228643, 0.0030171758098115793, 0, 0), (0, 0, 0, 0, 0, 0, 0, 0, 0, 0, 0, 0, 0, 0, 0, 0, 0, 0, 0, 0, 0, 0, 0, 0, 0, 0, 0, 0, 0, 0, 0, 0, 0, 0, 0, 0, 0, 0, 0, 0)]}}, 'time': 0.5694653987884521, 'communication_time': 0.2561831474304199}
-0.061518059480590914
client_selector activated ✅
0.04330393622149556
heterogeneous_data_handler de-activated ❌
Client Client 6 participates in this round. (CPU: 2, RAM: 2)
Client Client 35 has insufficient CPU (1). Will not participate in the next FL round.
Client Client 10 participates in this round. (CPU: 2, RAM: 2)
Client Client 15 participates in this round. (CPU: 2, RAM: 2)
Client Client 11 participates in this round. (CPU: 2, RAM: 2)
Client Client 16 participates in this round. (CPU: 2, RAM: 2)
Client Client 31 has insufficient CPU (1). Will not participate in the next FL round.
Client Client 17 participates in this round. (CPU: 2, RAM: 2)
Client Client 34 has insufficient CPU (1). Will not participate in the next FL round.
Client Client 22 participates in this round. (CPU: 2, RAM: 2)
Client Client 19 participates in this round. (CPU: 2, RAM: 2)
Client Client 18 participates in this round. (CPU: 2, RAM: 2)
Client Client 13 participates in this round. (CPU: 2, RAM: 2)
Client Client 38 has insufficient CPU (1). Will not participate in the next FL round.
Client Client 3 participates in this round. (CPU: 2, RAM: 2)
Client Client 32 has insufficient CPU (1). Will not participate in the next FL round.
Client Client 28 participates in this round. (CPU: 2, RAM: 2)
Client Client 27 participates in this round. (CPU: 2, RAM: 2)
Client Client 30 participates in this round. (CPU: 2, RAM: 2)
Client Client 9 participates in this round. (CPU: 2, RAM: 2)
Client Client 24 participates in this round. (CPU: 2, RAM: 2)
Client Client 37 has insufficient CPU (1). Will not participate in the next FL round.
Client Client 7 participates in this round. (CPU: 2, RAM: 2)
Client Client 14 participates in this round. (CPU: 2, RAM: 2)
Client Client 5 participates in this round. (CPU: 2, RAM: 2)
Client Client 26 participates in this round. (CPU: 2, RAM: 2)
Client Client 20 participates in this round. (CPU: 2, RAM: 2)
Client Client 8 participates in this round. (CPU: 2, RAM: 2)
Client Client 1 participates in this round. (CPU: 2, RAM: 2)
Client Client 25 participates in this round. (CPU: 2, RAM: 2)
Client Client 33 has insufficient CPU (1). Will not participate in the next FL round.
Client Client 23 participates in this round. (CPU: 2, RAM: 2)
Client Client 40 has insufficient CPU (1). Will not participate in the next FL round.
Client Client 36 has insufficient CPU (1). Will not participate in the next FL round.
Client Client 21 participates in this round. (CPU: 2, RAM: 2)
Client Client 4 participates in this round. (CPU: 2, RAM: 2)
Client Client 2 participates in this round. (CPU: 2, RAM: 2)
Client Client 29 participates in this round. (CPU: 2, RAM: 2)
Client Client 39 has insufficient CPU (1). Will not participate in the next FL round.
Client Client 12 participates in this round. (CPU: 2, RAM: 2)
Results Aggregated in 0.19 seconds.
{'prostate_logreg': {'train_loss': [0.6685234036765586, 0.640463373103929, 0.6332866406068206, 0.6115823377088085], 'train_accuracy': [0.5988717339667459, 0.6440023752969121, 0.6566964285714286, 0.683253873659118], 'train_f1': [0.5397751450898147, 0.5897373907458786, 0.6492367039628034, 0.6799014888277165], 'train_mae': [0.40112826603325413, 0.3559976247030879, 0.34330357142857143, 0.316746126340882], 'val_loss': [0.6793654817336683, 0.6519164314215807, 0.6300962863512631, 0.6129808559191114], 'val_accuracy': [0.5830116785431512, 0.6180670494937753, 0.6483425151975684, 0.6786907539370577], 'val_f1': [0.5334081925175569, 0.5648002749746265, 0.6081406021682595, 0.6505330851232399], 'val_mae': [0.4169883214568488, 0.3819329505062246, 0.3516574848024316, 0.3213092460629422], 'jsd': [(0, 0, 0, 0, 0, 0, 0, 0, 0.0034642219743328505, 0.00042941623229211627, 0.021538652516748455, 0.02272086873228655, 0.0012206713952879027, 0.0014409891346113153, 0.042666013215726564, 0.03600088831260688, 0.001452967385689341, 0.022022771157485542, 0.0012206713952879027, 0.12306145811218505, 0.021538652516748455, 0.02272086873228655, 0.0030171758098115793, 0.0007052449150227041, 0.042666013215726564, 0.045824702319694016, 0.022022771157485542, 0.04399676213315208, 0.03600088831260688, 0.0012206713952879027, 0.0012206713952879027, 0.0012206713952879027, 0.0003843884653275346, 0.0034642219743328505, 0.0012206713952879027, 0.00042941623229211627, 0.021371214021228643, 0.0030171758098115793, 0, 0), (0, 0, 0, 0, 0, 0, 0, 0, 0.0034642219743328505, 0.00042941623229211627, 0.021538652516748455, 0.02272086873228655, 0.0012206713952879027, 0.0014409891346113153, 0.042666013215726564, 0.03600088831260688, 0.001452967385689341, 0.022022771157485542, 0.0012206713952879027, 0.12306145811218505, 0.021538652516748455, 0.02272086873228655, 0.0030171758098115793, 0.0007052449150227041, 0.042666013215726564, 0.045824702319694016, 0.022022771157485542, 0.04399676213315208, 0.03600088831260688, 0.0012206713952879027, 0.0012206713952879027, 0.0012206713952879027, 0.0003843884653275346, 0.0034642219743328505, 0.0012206713952879027, 0.00042941623229211627, 0.021371214021228643, 0.0030171758098115793, 0, 0), (0, 0, 0, 0, 0, 0, 0, 0, 0, 0, 0, 0, 0, 0, 0, 0, 0, 0, 0, 0, 0, 0, 0, 0, 0, 0, 0, 0, 0, 0, 0, 0, 0, 0, 0, 0, 0, 0, 0, 0), (0, 0, 0, 0, 0, 0, 0, 0, 0, 0, 0, 0, 0, 0, 0, 0, 0, 0, 0, 0, 0, 0, 0, 0, 0, 0, 0, 0, 0, 0, 0, 0, 0, 0, 0, 0, 0, 0, 0, 0)]}}
AdaptationManager: Configuring next round...
{'client_registry': {'enabled': True, 'params': {}}, 'client_selector': {'enabled': True, 'params': {'selection_strategy': 'Resource-Based', 'selection_criteria': 'CPU', 'selection_value': 2}}, 'client_cluster': {'enabled': False, 'params': {}}, 'message_compressor': {'enabled': False, 'params': {}}, 'model_co-versioning_registry': {'enabled': False, 'params': {}}, 'multi-task_model_trainer': {'enabled': False, 'params': {}}, 'heterogeneous_data_handler': {'enabled': True, 'params': {'enabled_clients': []}}}
{'client_selector': {'enabled': True}, 'client_cluster': {'enabled': False}, 'message_compressor': {'enabled': False}, 'model_co-versioning_registry': {'enabled': False}, 'multi-task_model_trainer': {'enabled': False}, 'heterogeneous_data_handler': {'enabled': False, 'params': {'enabled_clients': ['Client 1', 'Client 2', 'Client 3', 'Client 4', 'Client 5', 'Client 6', 'Client 7', 'Client 8', 'Client 9', 'Client 10', 'Client 11', 'Client 12', 'Client 13', 'Client 14', 'Client 15', 'Client 16', 'Client 17', 'Client 18', 'Client 19', 'Client 20', 'Client 21', 'Client 22', 'Client 23', 'Client 24', 'Client 25', 'Client 26', 'Client 27', 'Client 28', 'Client 29', 'Client 30', 'Client 31', 'Client 32', 'Client 33', 'Client 34', 'Client 35', 'Client 36', 'Client 37', 'Client 38', 'Client 39', 'Client 40']}}, 'client_registry': {'enabled': True, 'params': {}}}
{'model_type': 'prostate_logreg', 'metrics': {'prostate_logreg': {'train_loss': [0.6685234036765586, 0.640463373103929, 0.6332866406068206, 0.6115823377088085], 'train_accuracy': [0.5988717339667459, 0.6440023752969121, 0.6566964285714286, 0.683253873659118], 'train_f1': [0.5397751450898147, 0.5897373907458786, 0.6492367039628034, 0.6799014888277165], 'train_mae': [0.40112826603325413, 0.3559976247030879, 0.34330357142857143, 0.316746126340882], 'val_loss': [0.6793654817336683, 0.6519164314215807, 0.6300962863512631, 0.6129808559191114], 'val_accuracy': [0.5830116785431512, 0.6180670494937753, 0.6483425151975684, 0.6786907539370577], 'val_f1': [0.5334081925175569, 0.5648002749746265, 0.6081406021682595, 0.6505330851232399], 'val_mae': [0.4169883214568488, 0.3819329505062246, 0.3516574848024316, 0.3213092460629422], 'jsd': [(0, 0, 0, 0, 0, 0, 0, 0, 0.0034642219743328505, 0.00042941623229211627, 0.021538652516748455, 0.02272086873228655, 0.0012206713952879027, 0.0014409891346113153, 0.042666013215726564, 0.03600088831260688, 0.001452967385689341, 0.022022771157485542, 0.0012206713952879027, 0.12306145811218505, 0.021538652516748455, 0.02272086873228655, 0.0030171758098115793, 0.0007052449150227041, 0.042666013215726564, 0.045824702319694016, 0.022022771157485542, 0.04399676213315208, 0.03600088831260688, 0.0012206713952879027, 0.0012206713952879027, 0.0012206713952879027, 0.0003843884653275346, 0.0034642219743328505, 0.0012206713952879027, 0.00042941623229211627, 0.021371214021228643, 0.0030171758098115793, 0, 0), (0, 0, 0, 0, 0, 0, 0, 0, 0.0034642219743328505, 0.00042941623229211627, 0.021538652516748455, 0.02272086873228655, 0.0012206713952879027, 0.0014409891346113153, 0.042666013215726564, 0.03600088831260688, 0.001452967385689341, 0.022022771157485542, 0.0012206713952879027, 0.12306145811218505, 0.021538652516748455, 0.02272086873228655, 0.0030171758098115793, 0.0007052449150227041, 0.042666013215726564, 0.045824702319694016, 0.022022771157485542, 0.04399676213315208, 0.03600088831260688, 0.0012206713952879027, 0.0012206713952879027, 0.0012206713952879027, 0.0003843884653275346, 0.0034642219743328505, 0.0012206713952879027, 0.00042941623229211627, 0.021371214021228643, 0.0030171758098115793, 0, 0), (0, 0, 0, 0, 0, 0, 0, 0, 0, 0, 0, 0, 0, 0, 0, 0, 0, 0, 0, 0, 0, 0, 0, 0, 0, 0, 0, 0, 0, 0, 0, 0, 0, 0, 0, 0, 0, 0, 0, 0), (0, 0, 0, 0, 0, 0, 0, 0, 0, 0, 0, 0, 0, 0, 0, 0, 0, 0, 0, 0, 0, 0, 0, 0, 0, 0, 0, 0, 0, 0, 0, 0, 0, 0, 0, 0, 0, 0, 0, 0)]}}, 'time': 0.1953117847442627, 'communication_time': 0.18611478805541992}
-0.0036432855527588903
client_selector activated ✅
0.042429898316384856
heterogeneous_data_handler activated ✅ for clients: ['Client 1', 'Client 2', 'Client 3', 'Client 4', 'Client 5', 'Client 6', 'Client 7', 'Client 8', 'Client 9', 'Client 10', 'Client 11', 'Client 12', 'Client 13', 'Client 14', 'Client 15', 'Client 16', 'Client 17', 'Client 18', 'Client 19', 'Client 20', 'Client 21', 'Client 22', 'Client 23', 'Client 24', 'Client 25', 'Client 26', 'Client 27', 'Client 28', 'Client 29', 'Client 30', 'Client 31', 'Client 32', 'Client 33', 'Client 34', 'Client 35', 'Client 36', 'Client 37', 'Client 38', 'Client 39', 'Client 40']
Client Client 33 has insufficient CPU (1). Will not participate in the next FL round.
Client Client 3 participates in this round. (CPU: 2, RAM: 2)
Client Client 16 participates in this round. (CPU: 2, RAM: 2)
Client Client 10 participates in this round. (CPU: 2, RAM: 2)
Client Client 40 has insufficient CPU (1). Will not participate in the next FL round.
Client Client 28 participates in this round. (CPU: 2, RAM: 2)
Client Client 7 participates in this round. (CPU: 2, RAM: 2)
Client Client 21 participates in this round. (CPU: 2, RAM: 2)
Client Client 6 participates in this round. (CPU: 2, RAM: 2)
Client Client 11 participates in this round. (CPU: 2, RAM: 2)
Client Client 5 participates in this round. (CPU: 2, RAM: 2)
Client Client 27 participates in this round. (CPU: 2, RAM: 2)
Client Client 9 participates in this round. (CPU: 2, RAM: 2)
Client Client 23 participates in this round. (CPU: 2, RAM: 2)
Client Client 20 participates in this round. (CPU: 2, RAM: 2)
Client Client 25 participates in this round. (CPU: 2, RAM: 2)
Client Client 22 participates in this round. (CPU: 2, RAM: 2)
Client Client 31 has insufficient CPU (1). Will not participate in the next FL round.
Client Client 4 participates in this round. (CPU: 2, RAM: 2)
Client Client 36 has insufficient CPU (1). Will not participate in the next FL round.
Client Client 17 participates in this round. (CPU: 2, RAM: 2)
Client Client 39 has insufficient CPU (1). Will not participate in the next FL round.
Client Client 32 has insufficient CPU (1). Will not participate in the next FL round.
Client Client 24 participates in this round. (CPU: 2, RAM: 2)
Client Client 14 participates in this round. (CPU: 2, RAM: 2)
Client Client 13 participates in this round. (CPU: 2, RAM: 2)
Client Client 29 participates in this round. (CPU: 2, RAM: 2)
Client Client 15 participates in this round. (CPU: 2, RAM: 2)
Client Client 34 has insufficient CPU (1). Will not participate in the next FL round.
Client Client 38 has insufficient CPU (1). Will not participate in the next FL round.
Client Client 8 participates in this round. (CPU: 2, RAM: 2)
Client Client 18 participates in this round. (CPU: 2, RAM: 2)
Client Client 2 participates in this round. (CPU: 2, RAM: 2)
Client Client 12 participates in this round. (CPU: 2, RAM: 2)
Client Client 26 participates in this round. (CPU: 2, RAM: 2)
Client Client 19 participates in this round. (CPU: 2, RAM: 2)
Client Client 1 participates in this round. (CPU: 2, RAM: 2)
Client Client 37 has insufficient CPU (1). Will not participate in the next FL round.
Client Client 30 participates in this round. (CPU: 2, RAM: 2)
Client Client 35 has insufficient CPU (1). Will not participate in the next FL round.
Results Aggregated in 0.21 seconds.
{'prostate_logreg': {'train_loss': [0.6685234036765586, 0.640463373103929, 0.6332866406068206, 0.6115823377088085, 0.5940066063787712], 'train_accuracy': [0.5988717339667459, 0.6440023752969121, 0.6566964285714286, 0.683253873659118, 0.715435041716329], 'train_f1': [0.5397751450898147, 0.5897373907458786, 0.6492367039628034, 0.6799014888277165, 0.7135455544605325], 'train_mae': [0.40112826603325413, 0.3559976247030879, 0.34330357142857143, 0.316746126340882, 0.284564958283671], 'val_loss': [0.6793654817336683, 0.6519164314215807, 0.6300962863512631, 0.6129808559191114, 0.5999784966355212], 'val_accuracy': [0.5830116785431512, 0.6180670494937753, 0.6483425151975684, 0.6786907539370577, 0.6977589624595306], 'val_f1': [0.5334081925175569, 0.5648002749746265, 0.6081406021682595, 0.6505330851232399, 0.6770462867663786], 'val_mae': [0.4169883214568488, 0.3819329505062246, 0.3516574848024316, 0.3213092460629422, 0.3022410375404695], 'jsd': [(0, 0, 0, 0, 0, 0, 0, 0, 0.0034642219743328505, 0.00042941623229211627, 0.021538652516748455, 0.02272086873228655, 0.0012206713952879027, 0.0014409891346113153, 0.042666013215726564, 0.03600088831260688, 0.001452967385689341, 0.022022771157485542, 0.0012206713952879027, 0.12306145811218505, 0.021538652516748455, 0.02272086873228655, 0.0030171758098115793, 0.0007052449150227041, 0.042666013215726564, 0.045824702319694016, 0.022022771157485542, 0.04399676213315208, 0.03600088831260688, 0.0012206713952879027, 0.0012206713952879027, 0.0012206713952879027, 0.0003843884653275346, 0.0034642219743328505, 0.0012206713952879027, 0.00042941623229211627, 0.021371214021228643, 0.0030171758098115793, 0, 0), (0, 0, 0, 0, 0, 0, 0, 0, 0.0034642219743328505, 0.00042941623229211627, 0.021538652516748455, 0.02272086873228655, 0.0012206713952879027, 0.0014409891346113153, 0.042666013215726564, 0.03600088831260688, 0.001452967385689341, 0.022022771157485542, 0.0012206713952879027, 0.12306145811218505, 0.021538652516748455, 0.02272086873228655, 0.0030171758098115793, 0.0007052449150227041, 0.042666013215726564, 0.045824702319694016, 0.022022771157485542, 0.04399676213315208, 0.03600088831260688, 0.0012206713952879027, 0.0012206713952879027, 0.0012206713952879027, 0.0003843884653275346, 0.0034642219743328505, 0.0012206713952879027, 0.00042941623229211627, 0.021371214021228643, 0.0030171758098115793, 0, 0), (0, 0, 0, 0, 0, 0, 0, 0, 0, 0, 0, 0, 0, 0, 0, 0, 0, 0, 0, 0, 0, 0, 0, 0, 0, 0, 0, 0, 0, 0, 0, 0, 0, 0, 0, 0, 0, 0, 0, 0), (0, 0, 0, 0, 0, 0, 0, 0, 0, 0, 0, 0, 0, 0, 0, 0, 0, 0, 0, 0, 0, 0, 0, 0, 0, 0, 0, 0, 0, 0, 0, 0, 0, 0, 0, 0, 0, 0, 0, 0), (0, 0, 0, 0, 0, 0, 0, 0, 0, 0, 0, 0, 0, 0, 0, 0, 0, 0, 0, 0, 0, 0, 0, 0, 0, 0, 0, 0, 0, 0, 0, 0, 0, 0, 0, 0, 0, 0, 0, 0)]}}
AdaptationManager: Configuring next round...
{'client_registry': {'enabled': True, 'params': {}}, 'client_selector': {'enabled': True, 'params': {'selection_strategy': 'Resource-Based', 'selection_criteria': 'CPU', 'selection_value': 2}}, 'client_cluster': {'enabled': False, 'params': {}}, 'message_compressor': {'enabled': False, 'params': {}}, 'model_co-versioning_registry': {'enabled': False, 'params': {}}, 'multi-task_model_trainer': {'enabled': False, 'params': {}}, 'heterogeneous_data_handler': {'enabled': True, 'params': {'enabled_clients': []}}}
{'client_selector': {'enabled': True}, 'client_cluster': {'enabled': False}, 'message_compressor': {'enabled': False}, 'model_co-versioning_registry': {'enabled': False}, 'multi-task_model_trainer': {'enabled': False}, 'heterogeneous_data_handler': {'enabled': True, 'params': {'enabled_clients': ['Client 1', 'Client 2', 'Client 3', 'Client 4', 'Client 5', 'Client 6', 'Client 7', 'Client 8', 'Client 9', 'Client 10', 'Client 11', 'Client 12', 'Client 13', 'Client 14', 'Client 15', 'Client 16', 'Client 17', 'Client 18', 'Client 19', 'Client 20', 'Client 21', 'Client 22', 'Client 23', 'Client 24', 'Client 25', 'Client 26', 'Client 27', 'Client 28', 'Client 29', 'Client 30', 'Client 31', 'Client 32', 'Client 33', 'Client 34', 'Client 35', 'Client 36', 'Client 37', 'Client 38', 'Client 39', 'Client 40']}}, 'client_registry': {'enabled': True, 'params': {}}}
{'model_type': 'prostate_logreg', 'metrics': {'prostate_logreg': {'train_loss': [0.6685234036765586, 0.640463373103929, 0.6332866406068206, 0.6115823377088085, 0.5940066063787712], 'train_accuracy': [0.5988717339667459, 0.6440023752969121, 0.6566964285714286, 0.683253873659118, 0.715435041716329], 'train_f1': [0.5397751450898147, 0.5897373907458786, 0.6492367039628034, 0.6799014888277165, 0.7135455544605325], 'train_mae': [0.40112826603325413, 0.3559976247030879, 0.34330357142857143, 0.316746126340882, 0.284564958283671], 'val_loss': [0.6793654817336683, 0.6519164314215807, 0.6300962863512631, 0.6129808559191114, 0.5999784966355212], 'val_accuracy': [0.5830116785431512, 0.6180670494937753, 0.6483425151975684, 0.6786907539370577, 0.6977589624595306], 'val_f1': [0.5334081925175569, 0.5648002749746265, 0.6081406021682595, 0.6505330851232399, 0.6770462867663786], 'val_mae': [0.4169883214568488, 0.3819329505062246, 0.3516574848024316, 0.3213092460629422, 0.3022410375404695], 'jsd': [(0, 0, 0, 0, 0, 0, 0, 0, 0.0034642219743328505, 0.00042941623229211627, 0.021538652516748455, 0.02272086873228655, 0.0012206713952879027, 0.0014409891346113153, 0.042666013215726564, 0.03600088831260688, 0.001452967385689341, 0.022022771157485542, 0.0012206713952879027, 0.12306145811218505, 0.021538652516748455, 0.02272086873228655, 0.0030171758098115793, 0.0007052449150227041, 0.042666013215726564, 0.045824702319694016, 0.022022771157485542, 0.04399676213315208, 0.03600088831260688, 0.0012206713952879027, 0.0012206713952879027, 0.0012206713952879027, 0.0003843884653275346, 0.0034642219743328505, 0.0012206713952879027, 0.00042941623229211627, 0.021371214021228643, 0.0030171758098115793, 0, 0), (0, 0, 0, 0, 0, 0, 0, 0, 0.0034642219743328505, 0.00042941623229211627, 0.021538652516748455, 0.02272086873228655, 0.0012206713952879027, 0.0014409891346113153, 0.042666013215726564, 0.03600088831260688, 0.001452967385689341, 0.022022771157485542, 0.0012206713952879027, 0.12306145811218505, 0.021538652516748455, 0.02272086873228655, 0.0030171758098115793, 0.0007052449150227041, 0.042666013215726564, 0.045824702319694016, 0.022022771157485542, 0.04399676213315208, 0.03600088831260688, 0.0012206713952879027, 0.0012206713952879027, 0.0012206713952879027, 0.0003843884653275346, 0.0034642219743328505, 0.0012206713952879027, 0.00042941623229211627, 0.021371214021228643, 0.0030171758098115793, 0, 0), (0, 0, 0, 0, 0, 0, 0, 0, 0, 0, 0, 0, 0, 0, 0, 0, 0, 0, 0, 0, 0, 0, 0, 0, 0, 0, 0, 0, 0, 0, 0, 0, 0, 0, 0, 0, 0, 0, 0, 0), (0, 0, 0, 0, 0, 0, 0, 0, 0, 0, 0, 0, 0, 0, 0, 0, 0, 0, 0, 0, 0, 0, 0, 0, 0, 0, 0, 0, 0, 0, 0, 0, 0, 0, 0, 0, 0, 0, 0, 0), (0, 0, 0, 0, 0, 0, 0, 0, 0, 0, 0, 0, 0, 0, 0, 0, 0, 0, 0, 0, 0, 0, 0, 0, 0, 0, 0, 0, 0, 0, 0, 0, 0, 0, 0, 0, 0, 0, 0, 0)]}}, 'time': 0.21602320671081543, 'communication_time': 0.12793588638305664}
-0.010917464352704132
client_selector activated ✅
0.026511130500941983
heterogeneous_data_handler de-activated ❌
Client Client 7 participates in this round. (CPU: 2, RAM: 2)
Client Client 25 participates in this round. (CPU: 2, RAM: 2)
Client Client 37 has insufficient CPU (1). Will not participate in the next FL round.
Client Client 12 participates in this round. (CPU: 2, RAM: 2)
Client Client 8 participates in this round. (CPU: 2, RAM: 2)
Client Client 10 participates in this round. (CPU: 2, RAM: 2)
Client Client 6 participates in this round. (CPU: 2, RAM: 2)
Client Client 13 participates in this round. (CPU: 2, RAM: 2)
Client Client 35 has insufficient CPU (1). Will not participate in the next FL round.
Client Client 2 participates in this round. (CPU: 2, RAM: 2)
Client Client 30 participates in this round. (CPU: 2, RAM: 2)
Client Client 31 has insufficient CPU (1). Will not participate in the next FL round.
Client Client 4 participates in this round. (CPU: 2, RAM: 2)
Client Client 34 has insufficient CPU (1). Will not participate in the next FL round.
Client Client 24 participates in this round. (CPU: 2, RAM: 2)
Client Client 19 participates in this round. (CPU: 2, RAM: 2)
Client Client 27 participates in this round. (CPU: 2, RAM: 2)
Client Client 14 participates in this round. (CPU: 2, RAM: 2)
Client Client 21 participates in this round. (CPU: 2, RAM: 2)
Client Client 16 participates in this round. (CPU: 2, RAM: 2)
Client Client 40 has insufficient CPU (1). Will not participate in the next FL round.
Client Client 36 has insufficient CPU (1). Will not participate in the next FL round.
Client Client 33 has insufficient CPU (1). Will not participate in the next FL round.
Client Client 22 participates in this round. (CPU: 2, RAM: 2)
Client Client 28 participates in this round. (CPU: 2, RAM: 2)
Client Client 29 participates in this round. (CPU: 2, RAM: 2)
Client Client 20 participates in this round. (CPU: 2, RAM: 2)
Client Client 3 participates in this round. (CPU: 2, RAM: 2)
Client Client 39 has insufficient CPU (1). Will not participate in the next FL round.
Client Client 26 participates in this round. (CPU: 2, RAM: 2)
Client Client 1 participates in this round. (CPU: 2, RAM: 2)
Client Client 32 has insufficient CPU (1). Will not participate in the next FL round.
Client Client 38 has insufficient CPU (1). Will not participate in the next FL round.
Client Client 18 participates in this round. (CPU: 2, RAM: 2)
Client Client 9 participates in this round. (CPU: 2, RAM: 2)
Client Client 23 participates in this round. (CPU: 2, RAM: 2)
Client Client 11 participates in this round. (CPU: 2, RAM: 2)
Client Client 5 participates in this round. (CPU: 2, RAM: 2)
Client Client 17 participates in this round. (CPU: 2, RAM: 2)
Client Client 15 participates in this round. (CPU: 2, RAM: 2)
Results Aggregated in 0.23 seconds.
{'prostate_logreg': {'train_loss': [0.6685234036765586, 0.640463373103929, 0.6332866406068206, 0.6115823377088085, 0.5940066063787712, 0.5800438984003056], 'train_accuracy': [0.5988717339667459, 0.6440023752969121, 0.6566964285714286, 0.683253873659118, 0.715435041716329, 0.7276519666269369], 'train_f1': [0.5397751450898147, 0.5897373907458786, 0.6492367039628034, 0.6799014888277165, 0.7135455544605325, 0.7263774483340812], 'train_mae': [0.40112826603325413, 0.3559976247030879, 0.34330357142857143, 0.316746126340882, 0.284564958283671, 0.2723480333730632], 'val_loss': [0.6793654817336683, 0.6519164314215807, 0.6300962863512631, 0.6129808559191114, 0.5999784966355212, 0.5898598949075181], 'val_accuracy': [0.5830116785431512, 0.6180670494937753, 0.6483425151975684, 0.6786907539370577, 0.6977589624595306, 0.7095463613386419], 'val_f1': [0.5334081925175569, 0.5648002749746265, 0.6081406021682595, 0.6505330851232399, 0.6770462867663786, 0.6932451519598752], 'val_mae': [0.4169883214568488, 0.3819329505062246, 0.3516574848024316, 0.3213092460629422, 0.3022410375404695, 0.2904536386613581], 'jsd': [(0, 0, 0, 0, 0, 0, 0, 0, 0.0034642219743328505, 0.00042941623229211627, 0.021538652516748455, 0.02272086873228655, 0.0012206713952879027, 0.0014409891346113153, 0.042666013215726564, 0.03600088831260688, 0.001452967385689341, 0.022022771157485542, 0.0012206713952879027, 0.12306145811218505, 0.021538652516748455, 0.02272086873228655, 0.0030171758098115793, 0.0007052449150227041, 0.042666013215726564, 0.045824702319694016, 0.022022771157485542, 0.04399676213315208, 0.03600088831260688, 0.0012206713952879027, 0.0012206713952879027, 0.0012206713952879027, 0.0003843884653275346, 0.0034642219743328505, 0.0012206713952879027, 0.00042941623229211627, 0.021371214021228643, 0.0030171758098115793, 0, 0), (0, 0, 0, 0, 0, 0, 0, 0, 0.0034642219743328505, 0.00042941623229211627, 0.021538652516748455, 0.02272086873228655, 0.0012206713952879027, 0.0014409891346113153, 0.042666013215726564, 0.03600088831260688, 0.001452967385689341, 0.022022771157485542, 0.0012206713952879027, 0.12306145811218505, 0.021538652516748455, 0.02272086873228655, 0.0030171758098115793, 0.0007052449150227041, 0.042666013215726564, 0.045824702319694016, 0.022022771157485542, 0.04399676213315208, 0.03600088831260688, 0.0012206713952879027, 0.0012206713952879027, 0.0012206713952879027, 0.0003843884653275346, 0.0034642219743328505, 0.0012206713952879027, 0.00042941623229211627, 0.021371214021228643, 0.0030171758098115793, 0, 0), (0, 0, 0, 0, 0, 0, 0, 0, 0, 0, 0, 0, 0, 0, 0, 0, 0, 0, 0, 0, 0, 0, 0, 0, 0, 0, 0, 0, 0, 0, 0, 0, 0, 0, 0, 0, 0, 0, 0, 0), (0, 0, 0, 0, 0, 0, 0, 0, 0, 0, 0, 0, 0, 0, 0, 0, 0, 0, 0, 0, 0, 0, 0, 0, 0, 0, 0, 0, 0, 0, 0, 0, 0, 0, 0, 0, 0, 0, 0, 0), (0, 0, 0, 0, 0, 0, 0, 0, 0, 0, 0, 0, 0, 0, 0, 0, 0, 0, 0, 0, 0, 0, 0, 0, 0, 0, 0, 0, 0, 0, 0, 0, 0, 0, 0, 0, 0, 0, 0, 0), (0, 0, 0, 0, 0, 0, 0, 0, 0, 0, 0, 0, 0, 0, 0, 0, 0, 0, 0, 0, 0, 0, 0, 0, 0, 0, 0, 0, 0, 0, 0, 0, 0, 0, 0, 0, 0, 0, 0, 0)]}}
AdaptationManager: Configuring next round...
{'client_registry': {'enabled': True, 'params': {}}, 'client_selector': {'enabled': True, 'params': {'selection_strategy': 'Resource-Based', 'selection_criteria': 'CPU', 'selection_value': 2}}, 'client_cluster': {'enabled': False, 'params': {}}, 'message_compressor': {'enabled': False, 'params': {}}, 'model_co-versioning_registry': {'enabled': False, 'params': {}}, 'multi-task_model_trainer': {'enabled': False, 'params': {}}, 'heterogeneous_data_handler': {'enabled': True, 'params': {'enabled_clients': []}}}
{'client_selector': {'enabled': True}, 'client_cluster': {'enabled': False}, 'message_compressor': {'enabled': False}, 'model_co-versioning_registry': {'enabled': False}, 'multi-task_model_trainer': {'enabled': False}, 'heterogeneous_data_handler': {'enabled': False, 'params': {'enabled_clients': ['Client 1', 'Client 2', 'Client 3', 'Client 4', 'Client 5', 'Client 6', 'Client 7', 'Client 8', 'Client 9', 'Client 10', 'Client 11', 'Client 12', 'Client 13', 'Client 14', 'Client 15', 'Client 16', 'Client 17', 'Client 18', 'Client 19', 'Client 20', 'Client 21', 'Client 22', 'Client 23', 'Client 24', 'Client 25', 'Client 26', 'Client 27', 'Client 28', 'Client 29', 'Client 30', 'Client 31', 'Client 32', 'Client 33', 'Client 34', 'Client 35', 'Client 36', 'Client 37', 'Client 38', 'Client 39', 'Client 40']}}, 'client_registry': {'enabled': True, 'params': {}}}
{'model_type': 'prostate_logreg', 'metrics': {'prostate_logreg': {'train_loss': [0.6685234036765586, 0.640463373103929, 0.6332866406068206, 0.6115823377088085, 0.5940066063787712, 0.5800438984003056], 'train_accuracy': [0.5988717339667459, 0.6440023752969121, 0.6566964285714286, 0.683253873659118, 0.715435041716329, 0.7276519666269369], 'train_f1': [0.5397751450898147, 0.5897373907458786, 0.6492367039628034, 0.6799014888277165, 0.7135455544605325, 0.7263774483340812], 'train_mae': [0.40112826603325413, 0.3559976247030879, 0.34330357142857143, 0.316746126340882, 0.284564958283671, 0.2723480333730632], 'val_loss': [0.6793654817336683, 0.6519164314215807, 0.6300962863512631, 0.6129808559191114, 0.5999784966355212, 0.5898598949075181], 'val_accuracy': [0.5830116785431512, 0.6180670494937753, 0.6483425151975684, 0.6786907539370577, 0.6977589624595306, 0.7095463613386419], 'val_f1': [0.5334081925175569, 0.5648002749746265, 0.6081406021682595, 0.6505330851232399, 0.6770462867663786, 0.6932451519598752], 'val_mae': [0.4169883214568488, 0.3819329505062246, 0.3516574848024316, 0.3213092460629422, 0.3022410375404695, 0.2904536386613581], 'jsd': [(0, 0, 0, 0, 0, 0, 0, 0, 0.0034642219743328505, 0.00042941623229211627, 0.021538652516748455, 0.02272086873228655, 0.0012206713952879027, 0.0014409891346113153, 0.042666013215726564, 0.03600088831260688, 0.001452967385689341, 0.022022771157485542, 0.0012206713952879027, 0.12306145811218505, 0.021538652516748455, 0.02272086873228655, 0.0030171758098115793, 0.0007052449150227041, 0.042666013215726564, 0.045824702319694016, 0.022022771157485542, 0.04399676213315208, 0.03600088831260688, 0.0012206713952879027, 0.0012206713952879027, 0.0012206713952879027, 0.0003843884653275346, 0.0034642219743328505, 0.0012206713952879027, 0.00042941623229211627, 0.021371214021228643, 0.0030171758098115793, 0, 0), (0, 0, 0, 0, 0, 0, 0, 0, 0.0034642219743328505, 0.00042941623229211627, 0.021538652516748455, 0.02272086873228655, 0.0012206713952879027, 0.0014409891346113153, 0.042666013215726564, 0.03600088831260688, 0.001452967385689341, 0.022022771157485542, 0.0012206713952879027, 0.12306145811218505, 0.021538652516748455, 0.02272086873228655, 0.0030171758098115793, 0.0007052449150227041, 0.042666013215726564, 0.045824702319694016, 0.022022771157485542, 0.04399676213315208, 0.03600088831260688, 0.0012206713952879027, 0.0012206713952879027, 0.0012206713952879027, 0.0003843884653275346, 0.0034642219743328505, 0.0012206713952879027, 0.00042941623229211627, 0.021371214021228643, 0.0030171758098115793, 0, 0), (0, 0, 0, 0, 0, 0, 0, 0, 0, 0, 0, 0, 0, 0, 0, 0, 0, 0, 0, 0, 0, 0, 0, 0, 0, 0, 0, 0, 0, 0, 0, 0, 0, 0, 0, 0, 0, 0, 0, 0), (0, 0, 0, 0, 0, 0, 0, 0, 0, 0, 0, 0, 0, 0, 0, 0, 0, 0, 0, 0, 0, 0, 0, 0, 0, 0, 0, 0, 0, 0, 0, 0, 0, 0, 0, 0, 0, 0, 0, 0), (0, 0, 0, 0, 0, 0, 0, 0, 0, 0, 0, 0, 0, 0, 0, 0, 0, 0, 0, 0, 0, 0, 0, 0, 0, 0, 0, 0, 0, 0, 0, 0, 0, 0, 0, 0, 0, 0, 0, 0), (0, 0, 0, 0, 0, 0, 0, 0, 0, 0, 0, 0, 0, 0, 0, 0, 0, 0, 0, 0, 0, 0, 0, 0, 0, 0, 0, 0, 0, 0, 0, 0, 0, 0, 0, 0, 0, 0, 0, 0)]}}, 'time': 0.23579740524291992, 'communication_time': 0.22532176971435547}
-0.01440800434464179
client_selector de-activated ❌
0.01619688777364346
heterogeneous_data_handler activated ✅ for clients: ['Client 1', 'Client 2', 'Client 3', 'Client 4', 'Client 5', 'Client 6', 'Client 7', 'Client 8', 'Client 9', 'Client 10', 'Client 11', 'Client 12', 'Client 13', 'Client 14', 'Client 15', 'Client 16', 'Client 17', 'Client 18', 'Client 19', 'Client 20', 'Client 21', 'Client 22', 'Client 23', 'Client 24', 'Client 25', 'Client 26', 'Client 27', 'Client 28', 'Client 29', 'Client 30', 'Client 31', 'Client 32', 'Client 33', 'Client 34', 'Client 35', 'Client 36', 'Client 37', 'Client 38', 'Client 39', 'Client 40']
Results Aggregated in 0.23 seconds.
{'prostate_logreg': {'train_loss': [0.6685234036765586, 0.640463373103929, 0.6332866406068206, 0.6115823377088085, 0.5940066063787712, 0.5800438984003056, 0.5678492171157684], 'train_accuracy': [0.5988717339667459, 0.6440023752969121, 0.6566964285714286, 0.683253873659118, 0.715435041716329, 0.7276519666269369, 0.7390625], 'train_f1': [0.5397751450898147, 0.5897373907458786, 0.6492367039628034, 0.6799014888277165, 0.7135455544605325, 0.7263774483340812, 0.7380059791387489], 'train_mae': [0.40112826603325413, 0.3559976247030879, 0.34330357142857143, 0.316746126340882, 0.284564958283671, 0.2723480333730632, 0.2609375], 'val_loss': [0.6793654817336683, 0.6519164314215807, 0.6300962863512631, 0.6129808559191114, 0.5999784966355212, 0.5898598949075181, 0.582069103065746], 'val_accuracy': [0.5830116785431512, 0.6180670494937753, 0.6483425151975684, 0.6786907539370577, 0.6977589624595306, 0.7095463613386419, 0.7137237208713272], 'val_f1': [0.5334081925175569, 0.5648002749746265, 0.6081406021682595, 0.6505330851232399, 0.6770462867663786, 0.6932451519598752, 0.6998017688008104], 'val_mae': [0.4169883214568488, 0.3819329505062246, 0.3516574848024316, 0.3213092460629422, 0.3022410375404695, 0.2904536386613581, 0.28627627912867276], 'jsd': [(0, 0, 0, 0, 0, 0, 0, 0, 0.0034642219743328505, 0.00042941623229211627, 0.021538652516748455, 0.02272086873228655, 0.0012206713952879027, 0.0014409891346113153, 0.042666013215726564, 0.03600088831260688, 0.001452967385689341, 0.022022771157485542, 0.0012206713952879027, 0.12306145811218505, 0.021538652516748455, 0.02272086873228655, 0.0030171758098115793, 0.0007052449150227041, 0.042666013215726564, 0.045824702319694016, 0.022022771157485542, 0.04399676213315208, 0.03600088831260688, 0.0012206713952879027, 0.0012206713952879027, 0.0012206713952879027, 0.0003843884653275346, 0.0034642219743328505, 0.0012206713952879027, 0.00042941623229211627, 0.021371214021228643, 0.0030171758098115793, 0, 0), (0, 0, 0, 0, 0, 0, 0, 0, 0.0034642219743328505, 0.00042941623229211627, 0.021538652516748455, 0.02272086873228655, 0.0012206713952879027, 0.0014409891346113153, 0.042666013215726564, 0.03600088831260688, 0.001452967385689341, 0.022022771157485542, 0.0012206713952879027, 0.12306145811218505, 0.021538652516748455, 0.02272086873228655, 0.0030171758098115793, 0.0007052449150227041, 0.042666013215726564, 0.045824702319694016, 0.022022771157485542, 0.04399676213315208, 0.03600088831260688, 0.0012206713952879027, 0.0012206713952879027, 0.0012206713952879027, 0.0003843884653275346, 0.0034642219743328505, 0.0012206713952879027, 0.00042941623229211627, 0.021371214021228643, 0.0030171758098115793, 0, 0), (0, 0, 0, 0, 0, 0, 0, 0, 0, 0, 0, 0, 0, 0, 0, 0, 0, 0, 0, 0, 0, 0, 0, 0, 0, 0, 0, 0, 0, 0, 0, 0, 0, 0, 0, 0, 0, 0, 0, 0), (0, 0, 0, 0, 0, 0, 0, 0, 0, 0, 0, 0, 0, 0, 0, 0, 0, 0, 0, 0, 0, 0, 0, 0, 0, 0, 0, 0, 0, 0, 0, 0, 0, 0, 0, 0, 0, 0, 0, 0), (0, 0, 0, 0, 0, 0, 0, 0, 0, 0, 0, 0, 0, 0, 0, 0, 0, 0, 0, 0, 0, 0, 0, 0, 0, 0, 0, 0, 0, 0, 0, 0, 0, 0, 0, 0, 0, 0, 0, 0), (0, 0, 0, 0, 0, 0, 0, 0, 0, 0, 0, 0, 0, 0, 0, 0, 0, 0, 0, 0, 0, 0, 0, 0, 0, 0, 0, 0, 0, 0, 0, 0, 0, 0, 0, 0, 0, 0, 0, 0), (0, 0, 0, 0, 0, 0, 0, 0, 0, 0, 0, 0, 0, 0, 0, 0, 0, 0, 0, 0, 0, 0, 0, 0, 0, 0, 0, 0, 0, 0, 0, 0, 0, 0, 0, 0, 0, 0, 0, 0)]}}
AdaptationManager: Configuring next round...
{'client_registry': {'enabled': True, 'params': {}}, 'client_selector': {'enabled': True, 'params': {'selection_strategy': 'Resource-Based', 'selection_criteria': 'CPU', 'selection_value': 2}}, 'client_cluster': {'enabled': False, 'params': {}}, 'message_compressor': {'enabled': False, 'params': {}}, 'model_co-versioning_registry': {'enabled': False, 'params': {}}, 'multi-task_model_trainer': {'enabled': False, 'params': {}}, 'heterogeneous_data_handler': {'enabled': True, 'params': {'enabled_clients': []}}}
{'client_selector': {'enabled': False}, 'client_cluster': {'enabled': False}, 'message_compressor': {'enabled': False}, 'model_co-versioning_registry': {'enabled': False}, 'multi-task_model_trainer': {'enabled': False}, 'heterogeneous_data_handler': {'enabled': True, 'params': {'enabled_clients': ['Client 1', 'Client 2', 'Client 3', 'Client 4', 'Client 5', 'Client 6', 'Client 7', 'Client 8', 'Client 9', 'Client 10', 'Client 11', 'Client 12', 'Client 13', 'Client 14', 'Client 15', 'Client 16', 'Client 17', 'Client 18', 'Client 19', 'Client 20', 'Client 21', 'Client 22', 'Client 23', 'Client 24', 'Client 25', 'Client 26', 'Client 27', 'Client 28', 'Client 29', 'Client 30', 'Client 31', 'Client 32', 'Client 33', 'Client 34', 'Client 35', 'Client 36', 'Client 37', 'Client 38', 'Client 39', 'Client 40']}}, 'client_registry': {'enabled': True, 'params': {}}}
{'model_type': 'prostate_logreg', 'metrics': {'prostate_logreg': {'train_loss': [0.6685234036765586, 0.640463373103929, 0.6332866406068206, 0.6115823377088085, 0.5940066063787712, 0.5800438984003056, 0.5678492171157684], 'train_accuracy': [0.5988717339667459, 0.6440023752969121, 0.6566964285714286, 0.683253873659118, 0.715435041716329, 0.7276519666269369, 0.7390625], 'train_f1': [0.5397751450898147, 0.5897373907458786, 0.6492367039628034, 0.6799014888277165, 0.7135455544605325, 0.7263774483340812, 0.7380059791387489], 'train_mae': [0.40112826603325413, 0.3559976247030879, 0.34330357142857143, 0.316746126340882, 0.284564958283671, 0.2723480333730632, 0.2609375], 'val_loss': [0.6793654817336683, 0.6519164314215807, 0.6300962863512631, 0.6129808559191114, 0.5999784966355212, 0.5898598949075181, 0.582069103065746], 'val_accuracy': [0.5830116785431512, 0.6180670494937753, 0.6483425151975684, 0.6786907539370577, 0.6977589624595306, 0.7095463613386419, 0.7137237208713272], 'val_f1': [0.5334081925175569, 0.5648002749746265, 0.6081406021682595, 0.6505330851232399, 0.6770462867663786, 0.6932451519598752, 0.6998017688008104], 'val_mae': [0.4169883214568488, 0.3819329505062246, 0.3516574848024316, 0.3213092460629422, 0.3022410375404695, 0.2904536386613581, 0.28627627912867276], 'jsd': [(0, 0, 0, 0, 0, 0, 0, 0, 0.0034642219743328505, 0.00042941623229211627, 0.021538652516748455, 0.02272086873228655, 0.0012206713952879027, 0.0014409891346113153, 0.042666013215726564, 0.03600088831260688, 0.001452967385689341, 0.022022771157485542, 0.0012206713952879027, 0.12306145811218505, 0.021538652516748455, 0.02272086873228655, 0.0030171758098115793, 0.0007052449150227041, 0.042666013215726564, 0.045824702319694016, 0.022022771157485542, 0.04399676213315208, 0.03600088831260688, 0.0012206713952879027, 0.0012206713952879027, 0.0012206713952879027, 0.0003843884653275346, 0.0034642219743328505, 0.0012206713952879027, 0.00042941623229211627, 0.021371214021228643, 0.0030171758098115793, 0, 0), (0, 0, 0, 0, 0, 0, 0, 0, 0.0034642219743328505, 0.00042941623229211627, 0.021538652516748455, 0.02272086873228655, 0.0012206713952879027, 0.0014409891346113153, 0.042666013215726564, 0.03600088831260688, 0.001452967385689341, 0.022022771157485542, 0.0012206713952879027, 0.12306145811218505, 0.021538652516748455, 0.02272086873228655, 0.0030171758098115793, 0.0007052449150227041, 0.042666013215726564, 0.045824702319694016, 0.022022771157485542, 0.04399676213315208, 0.03600088831260688, 0.0012206713952879027, 0.0012206713952879027, 0.0012206713952879027, 0.0003843884653275346, 0.0034642219743328505, 0.0012206713952879027, 0.00042941623229211627, 0.021371214021228643, 0.0030171758098115793, 0, 0), (0, 0, 0, 0, 0, 0, 0, 0, 0, 0, 0, 0, 0, 0, 0, 0, 0, 0, 0, 0, 0, 0, 0, 0, 0, 0, 0, 0, 0, 0, 0, 0, 0, 0, 0, 0, 0, 0, 0, 0), (0, 0, 0, 0, 0, 0, 0, 0, 0, 0, 0, 0, 0, 0, 0, 0, 0, 0, 0, 0, 0, 0, 0, 0, 0, 0, 0, 0, 0, 0, 0, 0, 0, 0, 0, 0, 0, 0, 0, 0), (0, 0, 0, 0, 0, 0, 0, 0, 0, 0, 0, 0, 0, 0, 0, 0, 0, 0, 0, 0, 0, 0, 0, 0, 0, 0, 0, 0, 0, 0, 0, 0, 0, 0, 0, 0, 0, 0, 0, 0), (0, 0, 0, 0, 0, 0, 0, 0, 0, 0, 0, 0, 0, 0, 0, 0, 0, 0, 0, 0, 0, 0, 0, 0, 0, 0, 0, 0, 0, 0, 0, 0, 0, 0, 0, 0, 0, 0, 0, 0), (0, 0, 0, 0, 0, 0, 0, 0, 0, 0, 0, 0, 0, 0, 0, 0, 0, 0, 0, 0, 0, 0, 0, 0, 0, 0, 0, 0, 0, 0, 0, 0, 0, 0, 0, 0, 0, 0, 0, 0)]}}, 'time': 0.2378225326538086, 'communication_time': 0.2187187671661377}
-0.01544017797393507
client_selector activated ✅
0.006556414328194026
heterogeneous_data_handler de-activated ❌
Client Client 5 participates in this round. (CPU: 2, RAM: 2)
Client Client 27 participates in this round. (CPU: 2, RAM: 2)
Client Client 13 participates in this round. (CPU: 2, RAM: 2)
Client Client 15 participates in this round. (CPU: 2, RAM: 2)
Client Client 16 participates in this round. (CPU: 2, RAM: 2)
Client Client 4 participates in this round. (CPU: 2, RAM: 2)
Client Client 40 has insufficient CPU (1). Will not participate in the next FL round.
Client Client 6 participates in this round. (CPU: 2, RAM: 2)
Client Client 22 participates in this round. (CPU: 2, RAM: 2)
Client Client 20 participates in this round. (CPU: 2, RAM: 2)
Client Client 23 participates in this round. (CPU: 2, RAM: 2)
Client Client 37 has insufficient CPU (1). Will not participate in the next FL round.
Client Client 36 has insufficient CPU (1). Will not participate in the next FL round.
Client Client 33 has insufficient CPU (1). Will not participate in the next FL round.
Client Client 2 participates in this round. (CPU: 2, RAM: 2)
Client Client 38 has insufficient CPU (1). Will not participate in the next FL round.
Client Client 11 participates in this round. (CPU: 2, RAM: 2)
Client Client 14 participates in this round. (CPU: 2, RAM: 2)
Client Client 12 participates in this round. (CPU: 2, RAM: 2)
Client Client 21 participates in this round. (CPU: 2, RAM: 2)
Client Client 26 participates in this round. (CPU: 2, RAM: 2)
Client Client 7 participates in this round. (CPU: 2, RAM: 2)
Client Client 31 has insufficient CPU (1). Will not participate in the next FL round.
Client Client 28 participates in this round. (CPU: 2, RAM: 2)
Client Client 34 has insufficient CPU (1). Will not participate in the next FL round.
Client Client 8 participates in this round. (CPU: 2, RAM: 2)
Client Client 29 participates in this round. (CPU: 2, RAM: 2)
Client Client 25 participates in this round. (CPU: 2, RAM: 2)
Client Client 17 participates in this round. (CPU: 2, RAM: 2)
Client Client 35 has insufficient CPU (1). Will not participate in the next FL round.
Client Client 3 participates in this round. (CPU: 2, RAM: 2)
Client Client 19 participates in this round. (CPU: 2, RAM: 2)
Client Client 1 participates in this round. (CPU: 2, RAM: 2)
Client Client 10 participates in this round. (CPU: 2, RAM: 2)
Client Client 30 participates in this round. (CPU: 2, RAM: 2)
Client Client 24 participates in this round. (CPU: 2, RAM: 2)
Client Client 32 has insufficient CPU (1). Will not participate in the next FL round.
Client Client 9 participates in this round. (CPU: 2, RAM: 2)
Client Client 18 participates in this round. (CPU: 2, RAM: 2)
Client Client 39 has insufficient CPU (1). Will not participate in the next FL round.
Results Aggregated in 0.21 seconds.
{'prostate_logreg': {'train_loss': [0.6685234036765586, 0.640463373103929, 0.6332866406068206, 0.6115823377088085, 0.5940066063787712, 0.5800438984003056, 0.5678492171157684, 0.5595840058146273], 'train_accuracy': [0.5988717339667459, 0.6440023752969121, 0.6566964285714286, 0.683253873659118, 0.715435041716329, 0.7276519666269369, 0.7390625, 0.7428486293206198], 'train_f1': [0.5397751450898147, 0.5897373907458786, 0.6492367039628034, 0.6799014888277165, 0.7135455544605325, 0.7263774483340812, 0.7380059791387489, 0.7421052330755649], 'train_mae': [0.40112826603325413, 0.3559976247030879, 0.34330357142857143, 0.316746126340882, 0.284564958283671, 0.2723480333730632, 0.2609375, 0.2571513706793802], 'val_loss': [0.6793654817336683, 0.6519164314215807, 0.6300962863512631, 0.6129808559191114, 0.5999784966355212, 0.5898598949075181, 0.582069103065746, 0.5755248404383364], 'val_accuracy': [0.5830116785431512, 0.6180670494937753, 0.6483425151975684, 0.6786907539370577, 0.6977589624595306, 0.7095463613386419, 0.7137237208713272, 0.7161102376182386], 'val_f1': [0.5334081925175569, 0.5648002749746265, 0.6081406021682595, 0.6505330851232399, 0.6770462867663786, 0.6932451519598752, 0.6998017688008104, 0.7031433545913758], 'val_mae': [0.4169883214568488, 0.3819329505062246, 0.3516574848024316, 0.3213092460629422, 0.3022410375404695, 0.2904536386613581, 0.28627627912867276, 0.28388976238176145], 'jsd': [(0, 0, 0, 0, 0, 0, 0, 0, 0.0034642219743328505, 0.00042941623229211627, 0.021538652516748455, 0.02272086873228655, 0.0012206713952879027, 0.0014409891346113153, 0.042666013215726564, 0.03600088831260688, 0.001452967385689341, 0.022022771157485542, 0.0012206713952879027, 0.12306145811218505, 0.021538652516748455, 0.02272086873228655, 0.0030171758098115793, 0.0007052449150227041, 0.042666013215726564, 0.045824702319694016, 0.022022771157485542, 0.04399676213315208, 0.03600088831260688, 0.0012206713952879027, 0.0012206713952879027, 0.0012206713952879027, 0.0003843884653275346, 0.0034642219743328505, 0.0012206713952879027, 0.00042941623229211627, 0.021371214021228643, 0.0030171758098115793, 0, 0), (0, 0, 0, 0, 0, 0, 0, 0, 0.0034642219743328505, 0.00042941623229211627, 0.021538652516748455, 0.02272086873228655, 0.0012206713952879027, 0.0014409891346113153, 0.042666013215726564, 0.03600088831260688, 0.001452967385689341, 0.022022771157485542, 0.0012206713952879027, 0.12306145811218505, 0.021538652516748455, 0.02272086873228655, 0.0030171758098115793, 0.0007052449150227041, 0.042666013215726564, 0.045824702319694016, 0.022022771157485542, 0.04399676213315208, 0.03600088831260688, 0.0012206713952879027, 0.0012206713952879027, 0.0012206713952879027, 0.0003843884653275346, 0.0034642219743328505, 0.0012206713952879027, 0.00042941623229211627, 0.021371214021228643, 0.0030171758098115793, 0, 0), (0, 0, 0, 0, 0, 0, 0, 0, 0, 0, 0, 0, 0, 0, 0, 0, 0, 0, 0, 0, 0, 0, 0, 0, 0, 0, 0, 0, 0, 0, 0, 0, 0, 0, 0, 0, 0, 0, 0, 0), (0, 0, 0, 0, 0, 0, 0, 0, 0, 0, 0, 0, 0, 0, 0, 0, 0, 0, 0, 0, 0, 0, 0, 0, 0, 0, 0, 0, 0, 0, 0, 0, 0, 0, 0, 0, 0, 0, 0, 0), (0, 0, 0, 0, 0, 0, 0, 0, 0, 0, 0, 0, 0, 0, 0, 0, 0, 0, 0, 0, 0, 0, 0, 0, 0, 0, 0, 0, 0, 0, 0, 0, 0, 0, 0, 0, 0, 0, 0, 0), (0, 0, 0, 0, 0, 0, 0, 0, 0, 0, 0, 0, 0, 0, 0, 0, 0, 0, 0, 0, 0, 0, 0, 0, 0, 0, 0, 0, 0, 0, 0, 0, 0, 0, 0, 0, 0, 0, 0, 0), (0, 0, 0, 0, 0, 0, 0, 0, 0, 0, 0, 0, 0, 0, 0, 0, 0, 0, 0, 0, 0, 0, 0, 0, 0, 0, 0, 0, 0, 0, 0, 0, 0, 0, 0, 0, 0, 0, 0, 0), (0, 0, 0, 0, 0, 0, 0, 0, 0, 0, 0, 0, 0, 0, 0, 0, 0, 0, 0, 0, 0, 0, 0, 0, 0, 0, 0, 0, 0, 0, 0, 0, 0, 0, 0, 0, 0, 0, 0, 0)]}}
AdaptationManager: Configuring next round...
{'client_registry': {'enabled': True, 'params': {}}, 'client_selector': {'enabled': True, 'params': {'selection_strategy': 'Resource-Based', 'selection_criteria': 'CPU', 'selection_value': 2}}, 'client_cluster': {'enabled': False, 'params': {}}, 'message_compressor': {'enabled': False, 'params': {}}, 'model_co-versioning_registry': {'enabled': False, 'params': {}}, 'multi-task_model_trainer': {'enabled': False, 'params': {}}, 'heterogeneous_data_handler': {'enabled': True, 'params': {'enabled_clients': []}}}
{'client_selector': {'enabled': True}, 'client_cluster': {'enabled': False}, 'message_compressor': {'enabled': False}, 'model_co-versioning_registry': {'enabled': False}, 'multi-task_model_trainer': {'enabled': False}, 'heterogeneous_data_handler': {'enabled': False, 'params': {'enabled_clients': ['Client 1', 'Client 2', 'Client 3', 'Client 4', 'Client 5', 'Client 6', 'Client 7', 'Client 8', 'Client 9', 'Client 10', 'Client 11', 'Client 12', 'Client 13', 'Client 14', 'Client 15', 'Client 16', 'Client 17', 'Client 18', 'Client 19', 'Client 20', 'Client 21', 'Client 22', 'Client 23', 'Client 24', 'Client 25', 'Client 26', 'Client 27', 'Client 28', 'Client 29', 'Client 30', 'Client 31', 'Client 32', 'Client 33', 'Client 34', 'Client 35', 'Client 36', 'Client 37', 'Client 38', 'Client 39', 'Client 40']}}, 'client_registry': {'enabled': True, 'params': {}}}
{'model_type': 'prostate_logreg', 'metrics': {'prostate_logreg': {'train_loss': [0.6685234036765586, 0.640463373103929, 0.6332866406068206, 0.6115823377088085, 0.5940066063787712, 0.5800438984003056, 0.5678492171157684, 0.5595840058146273], 'train_accuracy': [0.5988717339667459, 0.6440023752969121, 0.6566964285714286, 0.683253873659118, 0.715435041716329, 0.7276519666269369, 0.7390625, 0.7428486293206198], 'train_f1': [0.5397751450898147, 0.5897373907458786, 0.6492367039628034, 0.6799014888277165, 0.7135455544605325, 0.7263774483340812, 0.7380059791387489, 0.7421052330755649], 'train_mae': [0.40112826603325413, 0.3559976247030879, 0.34330357142857143, 0.316746126340882, 0.284564958283671, 0.2723480333730632, 0.2609375, 0.2571513706793802], 'val_loss': [0.6793654817336683, 0.6519164314215807, 0.6300962863512631, 0.6129808559191114, 0.5999784966355212, 0.5898598949075181, 0.582069103065746, 0.5755248404383364], 'val_accuracy': [0.5830116785431512, 0.6180670494937753, 0.6483425151975684, 0.6786907539370577, 0.6977589624595306, 0.7095463613386419, 0.7137237208713272, 0.7161102376182386], 'val_f1': [0.5334081925175569, 0.5648002749746265, 0.6081406021682595, 0.6505330851232399, 0.6770462867663786, 0.6932451519598752, 0.6998017688008104, 0.7031433545913758], 'val_mae': [0.4169883214568488, 0.3819329505062246, 0.3516574848024316, 0.3213092460629422, 0.3022410375404695, 0.2904536386613581, 0.28627627912867276, 0.28388976238176145], 'jsd': [(0, 0, 0, 0, 0, 0, 0, 0, 0.0034642219743328505, 0.00042941623229211627, 0.021538652516748455, 0.02272086873228655, 0.0012206713952879027, 0.0014409891346113153, 0.042666013215726564, 0.03600088831260688, 0.001452967385689341, 0.022022771157485542, 0.0012206713952879027, 0.12306145811218505, 0.021538652516748455, 0.02272086873228655, 0.0030171758098115793, 0.0007052449150227041, 0.042666013215726564, 0.045824702319694016, 0.022022771157485542, 0.04399676213315208, 0.03600088831260688, 0.0012206713952879027, 0.0012206713952879027, 0.0012206713952879027, 0.0003843884653275346, 0.0034642219743328505, 0.0012206713952879027, 0.00042941623229211627, 0.021371214021228643, 0.0030171758098115793, 0, 0), (0, 0, 0, 0, 0, 0, 0, 0, 0.0034642219743328505, 0.00042941623229211627, 0.021538652516748455, 0.02272086873228655, 0.0012206713952879027, 0.0014409891346113153, 0.042666013215726564, 0.03600088831260688, 0.001452967385689341, 0.022022771157485542, 0.0012206713952879027, 0.12306145811218505, 0.021538652516748455, 0.02272086873228655, 0.0030171758098115793, 0.0007052449150227041, 0.042666013215726564, 0.045824702319694016, 0.022022771157485542, 0.04399676213315208, 0.03600088831260688, 0.0012206713952879027, 0.0012206713952879027, 0.0012206713952879027, 0.0003843884653275346, 0.0034642219743328505, 0.0012206713952879027, 0.00042941623229211627, 0.021371214021228643, 0.0030171758098115793, 0, 0), (0, 0, 0, 0, 0, 0, 0, 0, 0, 0, 0, 0, 0, 0, 0, 0, 0, 0, 0, 0, 0, 0, 0, 0, 0, 0, 0, 0, 0, 0, 0, 0, 0, 0, 0, 0, 0, 0, 0, 0), (0, 0, 0, 0, 0, 0, 0, 0, 0, 0, 0, 0, 0, 0, 0, 0, 0, 0, 0, 0, 0, 0, 0, 0, 0, 0, 0, 0, 0, 0, 0, 0, 0, 0, 0, 0, 0, 0, 0, 0), (0, 0, 0, 0, 0, 0, 0, 0, 0, 0, 0, 0, 0, 0, 0, 0, 0, 0, 0, 0, 0, 0, 0, 0, 0, 0, 0, 0, 0, 0, 0, 0, 0, 0, 0, 0, 0, 0, 0, 0), (0, 0, 0, 0, 0, 0, 0, 0, 0, 0, 0, 0, 0, 0, 0, 0, 0, 0, 0, 0, 0, 0, 0, 0, 0, 0, 0, 0, 0, 0, 0, 0, 0, 0, 0, 0, 0, 0, 0, 0), (0, 0, 0, 0, 0, 0, 0, 0, 0, 0, 0, 0, 0, 0, 0, 0, 0, 0, 0, 0, 0, 0, 0, 0, 0, 0, 0, 0, 0, 0, 0, 0, 0, 0, 0, 0, 0, 0, 0, 0), (0, 0, 0, 0, 0, 0, 0, 0, 0, 0, 0, 0, 0, 0, 0, 0, 0, 0, 0, 0, 0, 0, 0, 0, 0, 0, 0, 0, 0, 0, 0, 0, 0, 0, 0, 0, 0, 0, 0, 0)]}}, 'time': 0.21945929527282715, 'communication_time': 0.2098541259765625}
-0.013131847270615227
client_selector de-activated ❌
0.003343422114303525
heterogeneous_data_handler activated ✅ for clients: ['Client 1', 'Client 2', 'Client 3', 'Client 4', 'Client 5', 'Client 6', 'Client 7', 'Client 8', 'Client 9', 'Client 10', 'Client 11', 'Client 12', 'Client 13', 'Client 14', 'Client 15', 'Client 16', 'Client 17', 'Client 18', 'Client 19', 'Client 20', 'Client 21', 'Client 22', 'Client 23', 'Client 24', 'Client 25', 'Client 26', 'Client 27', 'Client 28', 'Client 29', 'Client 30', 'Client 31', 'Client 32', 'Client 33', 'Client 34', 'Client 35', 'Client 36', 'Client 37', 'Client 38', 'Client 39', 'Client 40']
Results Aggregated in 0.28 seconds.
{'prostate_logreg': {'train_loss': [0.6685234036765586, 0.640463373103929, 0.6332866406068206, 0.6115823377088085, 0.5940066063787712, 0.5800438984003056, 0.5678492171157684, 0.5595840058146273, 0.5507640565612486], 'train_accuracy': [0.5988717339667459, 0.6440023752969121, 0.6566964285714286, 0.683253873659118, 0.715435041716329, 0.7276519666269369, 0.7390625, 0.7428486293206198, 0.75], 'train_f1': [0.5397751450898147, 0.5897373907458786, 0.6492367039628034, 0.6799014888277165, 0.7135455544605325, 0.7263774483340812, 0.7380059791387489, 0.7421052330755649, 0.7491851855599129], 'train_mae': [0.40112826603325413, 0.3559976247030879, 0.34330357142857143, 0.316746126340882, 0.284564958283671, 0.2723480333730632, 0.2609375, 0.2571513706793802, 0.25], 'val_loss': [0.6793654817336683, 0.6519164314215807, 0.6300962863512631, 0.6129808559191114, 0.5999784966355212, 0.5898598949075181, 0.582069103065746, 0.5755248404383364, 0.5705131005590146], 'val_accuracy': [0.5830116785431512, 0.6180670494937753, 0.6483425151975684, 0.6786907539370577, 0.6977589624595306, 0.7095463613386419, 0.7137237208713272, 0.7161102376182386, 0.7181409099544074], 'val_f1': [0.5334081925175569, 0.5648002749746265, 0.6081406021682595, 0.6505330851232399, 0.6770462867663786, 0.6932451519598752, 0.6998017688008104, 0.7031433545913758, 0.7059764886328546], 'val_mae': [0.4169883214568488, 0.3819329505062246, 0.3516574848024316, 0.3213092460629422, 0.3022410375404695, 0.2904536386613581, 0.28627627912867276, 0.28388976238176145, 0.28185909004559273], 'jsd': [(0, 0, 0, 0, 0, 0, 0, 0, 0.0034642219743328505, 0.00042941623229211627, 0.021538652516748455, 0.02272086873228655, 0.0012206713952879027, 0.0014409891346113153, 0.042666013215726564, 0.03600088831260688, 0.001452967385689341, 0.022022771157485542, 0.0012206713952879027, 0.12306145811218505, 0.021538652516748455, 0.02272086873228655, 0.0030171758098115793, 0.0007052449150227041, 0.042666013215726564, 0.045824702319694016, 0.022022771157485542, 0.04399676213315208, 0.03600088831260688, 0.0012206713952879027, 0.0012206713952879027, 0.0012206713952879027, 0.0003843884653275346, 0.0034642219743328505, 0.0012206713952879027, 0.00042941623229211627, 0.021371214021228643, 0.0030171758098115793, 0, 0), (0, 0, 0, 0, 0, 0, 0, 0, 0.0034642219743328505, 0.00042941623229211627, 0.021538652516748455, 0.02272086873228655, 0.0012206713952879027, 0.0014409891346113153, 0.042666013215726564, 0.03600088831260688, 0.001452967385689341, 0.022022771157485542, 0.0012206713952879027, 0.12306145811218505, 0.021538652516748455, 0.02272086873228655, 0.0030171758098115793, 0.0007052449150227041, 0.042666013215726564, 0.045824702319694016, 0.022022771157485542, 0.04399676213315208, 0.03600088831260688, 0.0012206713952879027, 0.0012206713952879027, 0.0012206713952879027, 0.0003843884653275346, 0.0034642219743328505, 0.0012206713952879027, 0.00042941623229211627, 0.021371214021228643, 0.0030171758098115793, 0, 0), (0, 0, 0, 0, 0, 0, 0, 0, 0, 0, 0, 0, 0, 0, 0, 0, 0, 0, 0, 0, 0, 0, 0, 0, 0, 0, 0, 0, 0, 0, 0, 0, 0, 0, 0, 0, 0, 0, 0, 0), (0, 0, 0, 0, 0, 0, 0, 0, 0, 0, 0, 0, 0, 0, 0, 0, 0, 0, 0, 0, 0, 0, 0, 0, 0, 0, 0, 0, 0, 0, 0, 0, 0, 0, 0, 0, 0, 0, 0, 0), (0, 0, 0, 0, 0, 0, 0, 0, 0, 0, 0, 0, 0, 0, 0, 0, 0, 0, 0, 0, 0, 0, 0, 0, 0, 0, 0, 0, 0, 0, 0, 0, 0, 0, 0, 0, 0, 0, 0, 0), (0, 0, 0, 0, 0, 0, 0, 0, 0, 0, 0, 0, 0, 0, 0, 0, 0, 0, 0, 0, 0, 0, 0, 0, 0, 0, 0, 0, 0, 0, 0, 0, 0, 0, 0, 0, 0, 0, 0, 0), (0, 0, 0, 0, 0, 0, 0, 0, 0, 0, 0, 0, 0, 0, 0, 0, 0, 0, 0, 0, 0, 0, 0, 0, 0, 0, 0, 0, 0, 0, 0, 0, 0, 0, 0, 0, 0, 0, 0, 0), (0, 0, 0, 0, 0, 0, 0, 0, 0, 0, 0, 0, 0, 0, 0, 0, 0, 0, 0, 0, 0, 0, 0, 0, 0, 0, 0, 0, 0, 0, 0, 0, 0, 0, 0, 0, 0, 0, 0, 0), (0, 0, 0, 0, 0, 0, 0, 0, 0, 0, 0, 0, 0, 0, 0, 0, 0, 0, 0, 0, 0, 0, 0, 0, 0, 0, 0, 0, 0, 0, 0, 0, 0, 0, 0, 0, 0, 0, 0, 0)]}}
AdaptationManager: Configuring next round...
{'client_registry': {'enabled': True, 'params': {}}, 'client_selector': {'enabled': True, 'params': {'selection_strategy': 'Resource-Based', 'selection_criteria': 'CPU', 'selection_value': 2}}, 'client_cluster': {'enabled': False, 'params': {}}, 'message_compressor': {'enabled': False, 'params': {}}, 'model_co-versioning_registry': {'enabled': False, 'params': {}}, 'multi-task_model_trainer': {'enabled': False, 'params': {}}, 'heterogeneous_data_handler': {'enabled': True, 'params': {'enabled_clients': []}}}
{'client_selector': {'enabled': False}, 'client_cluster': {'enabled': False}, 'message_compressor': {'enabled': False}, 'model_co-versioning_registry': {'enabled': False}, 'multi-task_model_trainer': {'enabled': False}, 'heterogeneous_data_handler': {'enabled': True, 'params': {'enabled_clients': ['Client 1', 'Client 2', 'Client 3', 'Client 4', 'Client 5', 'Client 6', 'Client 7', 'Client 8', 'Client 9', 'Client 10', 'Client 11', 'Client 12', 'Client 13', 'Client 14', 'Client 15', 'Client 16', 'Client 17', 'Client 18', 'Client 19', 'Client 20', 'Client 21', 'Client 22', 'Client 23', 'Client 24', 'Client 25', 'Client 26', 'Client 27', 'Client 28', 'Client 29', 'Client 30', 'Client 31', 'Client 32', 'Client 33', 'Client 34', 'Client 35', 'Client 36', 'Client 37', 'Client 38', 'Client 39', 'Client 40']}}, 'client_registry': {'enabled': True, 'params': {}}}
{'model_type': 'prostate_logreg', 'metrics': {'prostate_logreg': {'train_loss': [0.6685234036765586, 0.640463373103929, 0.6332866406068206, 0.6115823377088085, 0.5940066063787712, 0.5800438984003056, 0.5678492171157684, 0.5595840058146273, 0.5507640565612486], 'train_accuracy': [0.5988717339667459, 0.6440023752969121, 0.6566964285714286, 0.683253873659118, 0.715435041716329, 0.7276519666269369, 0.7390625, 0.7428486293206198, 0.75], 'train_f1': [0.5397751450898147, 0.5897373907458786, 0.6492367039628034, 0.6799014888277165, 0.7135455544605325, 0.7263774483340812, 0.7380059791387489, 0.7421052330755649, 0.7491851855599129], 'train_mae': [0.40112826603325413, 0.3559976247030879, 0.34330357142857143, 0.316746126340882, 0.284564958283671, 0.2723480333730632, 0.2609375, 0.2571513706793802, 0.25], 'val_loss': [0.6793654817336683, 0.6519164314215807, 0.6300962863512631, 0.6129808559191114, 0.5999784966355212, 0.5898598949075181, 0.582069103065746, 0.5755248404383364, 0.5705131005590146], 'val_accuracy': [0.5830116785431512, 0.6180670494937753, 0.6483425151975684, 0.6786907539370577, 0.6977589624595306, 0.7095463613386419, 0.7137237208713272, 0.7161102376182386, 0.7181409099544074], 'val_f1': [0.5334081925175569, 0.5648002749746265, 0.6081406021682595, 0.6505330851232399, 0.6770462867663786, 0.6932451519598752, 0.6998017688008104, 0.7031433545913758, 0.7059764886328546], 'val_mae': [0.4169883214568488, 0.3819329505062246, 0.3516574848024316, 0.3213092460629422, 0.3022410375404695, 0.2904536386613581, 0.28627627912867276, 0.28388976238176145, 0.28185909004559273], 'jsd': [(0, 0, 0, 0, 0, 0, 0, 0, 0.0034642219743328505, 0.00042941623229211627, 0.021538652516748455, 0.02272086873228655, 0.0012206713952879027, 0.0014409891346113153, 0.042666013215726564, 0.03600088831260688, 0.001452967385689341, 0.022022771157485542, 0.0012206713952879027, 0.12306145811218505, 0.021538652516748455, 0.02272086873228655, 0.0030171758098115793, 0.0007052449150227041, 0.042666013215726564, 0.045824702319694016, 0.022022771157485542, 0.04399676213315208, 0.03600088831260688, 0.0012206713952879027, 0.0012206713952879027, 0.0012206713952879027, 0.0003843884653275346, 0.0034642219743328505, 0.0012206713952879027, 0.00042941623229211627, 0.021371214021228643, 0.0030171758098115793, 0, 0), (0, 0, 0, 0, 0, 0, 0, 0, 0.0034642219743328505, 0.00042941623229211627, 0.021538652516748455, 0.02272086873228655, 0.0012206713952879027, 0.0014409891346113153, 0.042666013215726564, 0.03600088831260688, 0.001452967385689341, 0.022022771157485542, 0.0012206713952879027, 0.12306145811218505, 0.021538652516748455, 0.02272086873228655, 0.0030171758098115793, 0.0007052449150227041, 0.042666013215726564, 0.045824702319694016, 0.022022771157485542, 0.04399676213315208, 0.03600088831260688, 0.0012206713952879027, 0.0012206713952879027, 0.0012206713952879027, 0.0003843884653275346, 0.0034642219743328505, 0.0012206713952879027, 0.00042941623229211627, 0.021371214021228643, 0.0030171758098115793, 0, 0), (0, 0, 0, 0, 0, 0, 0, 0, 0, 0, 0, 0, 0, 0, 0, 0, 0, 0, 0, 0, 0, 0, 0, 0, 0, 0, 0, 0, 0, 0, 0, 0, 0, 0, 0, 0, 0, 0, 0, 0), (0, 0, 0, 0, 0, 0, 0, 0, 0, 0, 0, 0, 0, 0, 0, 0, 0, 0, 0, 0, 0, 0, 0, 0, 0, 0, 0, 0, 0, 0, 0, 0, 0, 0, 0, 0, 0, 0, 0, 0), (0, 0, 0, 0, 0, 0, 0, 0, 0, 0, 0, 0, 0, 0, 0, 0, 0, 0, 0, 0, 0, 0, 0, 0, 0, 0, 0, 0, 0, 0, 0, 0, 0, 0, 0, 0, 0, 0, 0, 0), (0, 0, 0, 0, 0, 0, 0, 0, 0, 0, 0, 0, 0, 0, 0, 0, 0, 0, 0, 0, 0, 0, 0, 0, 0, 0, 0, 0, 0, 0, 0, 0, 0, 0, 0, 0, 0, 0, 0, 0), (0, 0, 0, 0, 0, 0, 0, 0, 0, 0, 0, 0, 0, 0, 0, 0, 0, 0, 0, 0, 0, 0, 0, 0, 0, 0, 0, 0, 0, 0, 0, 0, 0, 0, 0, 0, 0, 0, 0, 0), (0, 0, 0, 0, 0, 0, 0, 0, 0, 0, 0, 0, 0, 0, 0, 0, 0, 0, 0, 0, 0, 0, 0, 0, 0, 0, 0, 0, 0, 0, 0, 0, 0, 0, 0, 0, 0, 0, 0, 0), (0, 0, 0, 0, 0, 0, 0, 0, 0, 0, 0, 0, 0, 0, 0, 0, 0, 0, 0, 0, 0, 0, 0, 0, 0, 0, 0, 0, 0, 0, 0, 0, 0, 0, 0, 0, 0, 0, 0, 0)]}}, 'time': 0.29247522354125977, 'communication_time': 0.22748064994812012}
-0.015518977052260768
client_selector activated ✅
0.0028258324486519367
heterogeneous_data_handler de-activated ❌
Client Client 24 participates in this round. (CPU: 2, RAM: 2)
Client Client 22 participates in this round. (CPU: 2, RAM: 2)
Client Client 23 participates in this round. (CPU: 2, RAM: 2)
Client Client 13 participates in this round. (CPU: 2, RAM: 2)
Client Client 9 participates in this round. (CPU: 2, RAM: 2)
Client Client 15 participates in this round. (CPU: 2, RAM: 2)
Client Client 34 has insufficient CPU (1). Will not participate in the next FL round.
Client Client 14 participates in this round. (CPU: 2, RAM: 2)
Client Client 5 participates in this round. (CPU: 2, RAM: 2)
Client Client 28 participates in this round. (CPU: 2, RAM: 2)
Client Client 1 participates in this round. (CPU: 2, RAM: 2)
Client Client 2 participates in this round. (CPU: 2, RAM: 2)
Client Client 39 has insufficient CPU (1). Will not participate in the next FL round.
Client Client 31 has insufficient CPU (1). Will not participate in the next FL round.
Client Client 11 participates in this round. (CPU: 2, RAM: 2)
Client Client 21 participates in this round. (CPU: 2, RAM: 2)
Client Client 6 participates in this round. (CPU: 2, RAM: 2)
Client Client 3 participates in this round. (CPU: 2, RAM: 2)
Client Client 36 has insufficient CPU (1). Will not participate in the next FL round.
Client Client 32 has insufficient CPU (1). Will not participate in the next FL round.
Client Client 8 participates in this round. (CPU: 2, RAM: 2)
Client Client 17 participates in this round. (CPU: 2, RAM: 2)
Client Client 35 has insufficient CPU (1). Will not participate in the next FL round.
Client Client 20 participates in this round. (CPU: 2, RAM: 2)
Client Client 4 participates in this round. (CPU: 2, RAM: 2)
Client Client 7 participates in this round. (CPU: 2, RAM: 2)
Client Client 29 participates in this round. (CPU: 2, RAM: 2)
Client Client 27 participates in this round. (CPU: 2, RAM: 2)
Client Client 19 participates in this round. (CPU: 2, RAM: 2)
Client Client 16 participates in this round. (CPU: 2, RAM: 2)
Client Client 33 has insufficient CPU (1). Will not participate in the next FL round.
Client Client 30 participates in this round. (CPU: 2, RAM: 2)
Client Client 18 participates in this round. (CPU: 2, RAM: 2)
Client Client 38 has insufficient CPU (1). Will not participate in the next FL round.
Client Client 25 participates in this round. (CPU: 2, RAM: 2)
Client Client 26 participates in this round. (CPU: 2, RAM: 2)
Client Client 12 participates in this round. (CPU: 2, RAM: 2)
Client Client 40 has insufficient CPU (1). Will not participate in the next FL round.
Client Client 10 participates in this round. (CPU: 2, RAM: 2)
Client Client 37 has insufficient CPU (1). Will not participate in the next FL round.
Results Aggregated in 0.20 seconds.
{'prostate_logreg': {'train_loss': [0.6685234036765586, 0.640463373103929, 0.6332866406068206, 0.6115823377088085, 0.5940066063787712, 0.5800438984003056, 0.5678492171157684, 0.5595840058146273, 0.5507640565612486, 0.5455696496299964], 'train_accuracy': [0.5988717339667459, 0.6440023752969121, 0.6566964285714286, 0.683253873659118, 0.715435041716329, 0.7276519666269369, 0.7390625, 0.7428486293206198, 0.75, 0.7529797377830751], 'train_f1': [0.5397751450898147, 0.5897373907458786, 0.6492367039628034, 0.6799014888277165, 0.7135455544605325, 0.7263774483340812, 0.7380059791387489, 0.7421052330755649, 0.7491851855599129, 0.7521843268057429], 'train_mae': [0.40112826603325413, 0.3559976247030879, 0.34330357142857143, 0.316746126340882, 0.284564958283671, 0.2723480333730632, 0.2609375, 0.2571513706793802, 0.25, 0.2470202622169249], 'val_loss': [0.6793654817336683, 0.6519164314215807, 0.6300962863512631, 0.6129808559191114, 0.5999784966355212, 0.5898598949075181, 0.582069103065746, 0.5755248404383364, 0.5705131005590146, 0.5661055184149083], 'val_accuracy': [0.5830116785431512, 0.6180670494937753, 0.6483425151975684, 0.6786907539370577, 0.6977589624595306, 0.7095463613386419, 0.7137237208713272, 0.7161102376182386, 0.7181409099544074, 0.7222276815526758], 'val_f1': [0.5334081925175569, 0.5648002749746265, 0.6081406021682595, 0.6505330851232399, 0.6770462867663786, 0.6932451519598752, 0.6998017688008104, 0.7031433545913758, 0.7059764886328546, 0.7106407269507085], 'val_mae': [0.4169883214568488, 0.3819329505062246, 0.3516574848024316, 0.3213092460629422, 0.3022410375404695, 0.2904536386613581, 0.28627627912867276, 0.28388976238176145, 0.28185909004559273, 0.27777231844732414], 'jsd': [(0, 0, 0, 0, 0, 0, 0, 0, 0.0034642219743328505, 0.00042941623229211627, 0.021538652516748455, 0.02272086873228655, 0.0012206713952879027, 0.0014409891346113153, 0.042666013215726564, 0.03600088831260688, 0.001452967385689341, 0.022022771157485542, 0.0012206713952879027, 0.12306145811218505, 0.021538652516748455, 0.02272086873228655, 0.0030171758098115793, 0.0007052449150227041, 0.042666013215726564, 0.045824702319694016, 0.022022771157485542, 0.04399676213315208, 0.03600088831260688, 0.0012206713952879027, 0.0012206713952879027, 0.0012206713952879027, 0.0003843884653275346, 0.0034642219743328505, 0.0012206713952879027, 0.00042941623229211627, 0.021371214021228643, 0.0030171758098115793, 0, 0), (0, 0, 0, 0, 0, 0, 0, 0, 0.0034642219743328505, 0.00042941623229211627, 0.021538652516748455, 0.02272086873228655, 0.0012206713952879027, 0.0014409891346113153, 0.042666013215726564, 0.03600088831260688, 0.001452967385689341, 0.022022771157485542, 0.0012206713952879027, 0.12306145811218505, 0.021538652516748455, 0.02272086873228655, 0.0030171758098115793, 0.0007052449150227041, 0.042666013215726564, 0.045824702319694016, 0.022022771157485542, 0.04399676213315208, 0.03600088831260688, 0.0012206713952879027, 0.0012206713952879027, 0.0012206713952879027, 0.0003843884653275346, 0.0034642219743328505, 0.0012206713952879027, 0.00042941623229211627, 0.021371214021228643, 0.0030171758098115793, 0, 0), (0, 0, 0, 0, 0, 0, 0, 0, 0, 0, 0, 0, 0, 0, 0, 0, 0, 0, 0, 0, 0, 0, 0, 0, 0, 0, 0, 0, 0, 0, 0, 0, 0, 0, 0, 0, 0, 0, 0, 0), (0, 0, 0, 0, 0, 0, 0, 0, 0, 0, 0, 0, 0, 0, 0, 0, 0, 0, 0, 0, 0, 0, 0, 0, 0, 0, 0, 0, 0, 0, 0, 0, 0, 0, 0, 0, 0, 0, 0, 0), (0, 0, 0, 0, 0, 0, 0, 0, 0, 0, 0, 0, 0, 0, 0, 0, 0, 0, 0, 0, 0, 0, 0, 0, 0, 0, 0, 0, 0, 0, 0, 0, 0, 0, 0, 0, 0, 0, 0, 0), (0, 0, 0, 0, 0, 0, 0, 0, 0, 0, 0, 0, 0, 0, 0, 0, 0, 0, 0, 0, 0, 0, 0, 0, 0, 0, 0, 0, 0, 0, 0, 0, 0, 0, 0, 0, 0, 0, 0, 0), (0, 0, 0, 0, 0, 0, 0, 0, 0, 0, 0, 0, 0, 0, 0, 0, 0, 0, 0, 0, 0, 0, 0, 0, 0, 0, 0, 0, 0, 0, 0, 0, 0, 0, 0, 0, 0, 0, 0, 0), (0, 0, 0, 0, 0, 0, 0, 0, 0, 0, 0, 0, 0, 0, 0, 0, 0, 0, 0, 0, 0, 0, 0, 0, 0, 0, 0, 0, 0, 0, 0, 0, 0, 0, 0, 0, 0, 0, 0, 0), (0, 0, 0, 0, 0, 0, 0, 0, 0, 0, 0, 0, 0, 0, 0, 0, 0, 0, 0, 0, 0, 0, 0, 0, 0, 0, 0, 0, 0, 0, 0, 0, 0, 0, 0, 0, 0, 0, 0, 0), (0, 0, 0, 0, 0, 0, 0, 0, 0, 0, 0, 0, 0, 0, 0, 0, 0, 0, 0, 0, 0, 0, 0, 0, 0, 0, 0, 0, 0, 0, 0, 0, 0, 0, 0, 0, 0, 0, 0, 0)]}}
AdaptationManager: Configuring next round...
{'client_registry': {'enabled': True, 'params': {}}, 'client_selector': {'enabled': True, 'params': {'selection_strategy': 'Resource-Based', 'selection_criteria': 'CPU', 'selection_value': 2}}, 'client_cluster': {'enabled': False, 'params': {}}, 'message_compressor': {'enabled': False, 'params': {}}, 'model_co-versioning_registry': {'enabled': False, 'params': {}}, 'multi-task_model_trainer': {'enabled': False, 'params': {}}, 'heterogeneous_data_handler': {'enabled': True, 'params': {'enabled_clients': []}}}
{'client_selector': {'enabled': True}, 'client_cluster': {'enabled': False}, 'message_compressor': {'enabled': False}, 'model_co-versioning_registry': {'enabled': False}, 'multi-task_model_trainer': {'enabled': False}, 'heterogeneous_data_handler': {'enabled': False, 'params': {'enabled_clients': ['Client 1', 'Client 2', 'Client 3', 'Client 4', 'Client 5', 'Client 6', 'Client 7', 'Client 8', 'Client 9', 'Client 10', 'Client 11', 'Client 12', 'Client 13', 'Client 14', 'Client 15', 'Client 16', 'Client 17', 'Client 18', 'Client 19', 'Client 20', 'Client 21', 'Client 22', 'Client 23', 'Client 24', 'Client 25', 'Client 26', 'Client 27', 'Client 28', 'Client 29', 'Client 30', 'Client 31', 'Client 32', 'Client 33', 'Client 34', 'Client 35', 'Client 36', 'Client 37', 'Client 38', 'Client 39', 'Client 40']}}, 'client_registry': {'enabled': True, 'params': {}}}
{'model_type': 'prostate_logreg', 'metrics': {'prostate_logreg': {'train_loss': [0.6685234036765586, 0.640463373103929, 0.6332866406068206, 0.6115823377088085, 0.5940066063787712, 0.5800438984003056, 0.5678492171157684, 0.5595840058146273, 0.5507640565612486, 0.5455696496299964], 'train_accuracy': [0.5988717339667459, 0.6440023752969121, 0.6566964285714286, 0.683253873659118, 0.715435041716329, 0.7276519666269369, 0.7390625, 0.7428486293206198, 0.75, 0.7529797377830751], 'train_f1': [0.5397751450898147, 0.5897373907458786, 0.6492367039628034, 0.6799014888277165, 0.7135455544605325, 0.7263774483340812, 0.7380059791387489, 0.7421052330755649, 0.7491851855599129, 0.7521843268057429], 'train_mae': [0.40112826603325413, 0.3559976247030879, 0.34330357142857143, 0.316746126340882, 0.284564958283671, 0.2723480333730632, 0.2609375, 0.2571513706793802, 0.25, 0.2470202622169249], 'val_loss': [0.6793654817336683, 0.6519164314215807, 0.6300962863512631, 0.6129808559191114, 0.5999784966355212, 0.5898598949075181, 0.582069103065746, 0.5755248404383364, 0.5705131005590146, 0.5661055184149083], 'val_accuracy': [0.5830116785431512, 0.6180670494937753, 0.6483425151975684, 0.6786907539370577, 0.6977589624595306, 0.7095463613386419, 0.7137237208713272, 0.7161102376182386, 0.7181409099544074, 0.7222276815526758], 'val_f1': [0.5334081925175569, 0.5648002749746265, 0.6081406021682595, 0.6505330851232399, 0.6770462867663786, 0.6932451519598752, 0.6998017688008104, 0.7031433545913758, 0.7059764886328546, 0.7106407269507085], 'val_mae': [0.4169883214568488, 0.3819329505062246, 0.3516574848024316, 0.3213092460629422, 0.3022410375404695, 0.2904536386613581, 0.28627627912867276, 0.28388976238176145, 0.28185909004559273, 0.27777231844732414], 'jsd': [(0, 0, 0, 0, 0, 0, 0, 0, 0.0034642219743328505, 0.00042941623229211627, 0.021538652516748455, 0.02272086873228655, 0.0012206713952879027, 0.0014409891346113153, 0.042666013215726564, 0.03600088831260688, 0.001452967385689341, 0.022022771157485542, 0.0012206713952879027, 0.12306145811218505, 0.021538652516748455, 0.02272086873228655, 0.0030171758098115793, 0.0007052449150227041, 0.042666013215726564, 0.045824702319694016, 0.022022771157485542, 0.04399676213315208, 0.03600088831260688, 0.0012206713952879027, 0.0012206713952879027, 0.0012206713952879027, 0.0003843884653275346, 0.0034642219743328505, 0.0012206713952879027, 0.00042941623229211627, 0.021371214021228643, 0.0030171758098115793, 0, 0), (0, 0, 0, 0, 0, 0, 0, 0, 0.0034642219743328505, 0.00042941623229211627, 0.021538652516748455, 0.02272086873228655, 0.0012206713952879027, 0.0014409891346113153, 0.042666013215726564, 0.03600088831260688, 0.001452967385689341, 0.022022771157485542, 0.0012206713952879027, 0.12306145811218505, 0.021538652516748455, 0.02272086873228655, 0.0030171758098115793, 0.0007052449150227041, 0.042666013215726564, 0.045824702319694016, 0.022022771157485542, 0.04399676213315208, 0.03600088831260688, 0.0012206713952879027, 0.0012206713952879027, 0.0012206713952879027, 0.0003843884653275346, 0.0034642219743328505, 0.0012206713952879027, 0.00042941623229211627, 0.021371214021228643, 0.0030171758098115793, 0, 0), (0, 0, 0, 0, 0, 0, 0, 0, 0, 0, 0, 0, 0, 0, 0, 0, 0, 0, 0, 0, 0, 0, 0, 0, 0, 0, 0, 0, 0, 0, 0, 0, 0, 0, 0, 0, 0, 0, 0, 0), (0, 0, 0, 0, 0, 0, 0, 0, 0, 0, 0, 0, 0, 0, 0, 0, 0, 0, 0, 0, 0, 0, 0, 0, 0, 0, 0, 0, 0, 0, 0, 0, 0, 0, 0, 0, 0, 0, 0, 0), (0, 0, 0, 0, 0, 0, 0, 0, 0, 0, 0, 0, 0, 0, 0, 0, 0, 0, 0, 0, 0, 0, 0, 0, 0, 0, 0, 0, 0, 0, 0, 0, 0, 0, 0, 0, 0, 0, 0, 0), (0, 0, 0, 0, 0, 0, 0, 0, 0, 0, 0, 0, 0, 0, 0, 0, 0, 0, 0, 0, 0, 0, 0, 0, 0, 0, 0, 0, 0, 0, 0, 0, 0, 0, 0, 0, 0, 0, 0, 0), (0, 0, 0, 0, 0, 0, 0, 0, 0, 0, 0, 0, 0, 0, 0, 0, 0, 0, 0, 0, 0, 0, 0, 0, 0, 0, 0, 0, 0, 0, 0, 0, 0, 0, 0, 0, 0, 0, 0, 0), (0, 0, 0, 0, 0, 0, 0, 0, 0, 0, 0, 0, 0, 0, 0, 0, 0, 0, 0, 0, 0, 0, 0, 0, 0, 0, 0, 0, 0, 0, 0, 0, 0, 0, 0, 0, 0, 0, 0, 0), (0, 0, 0, 0, 0, 0, 0, 0, 0, 0, 0, 0, 0, 0, 0, 0, 0, 0, 0, 0, 0, 0, 0, 0, 0, 0, 0, 0, 0, 0, 0, 0, 0, 0, 0, 0, 0, 0, 0, 0), (0, 0, 0, 0, 0, 0, 0, 0, 0, 0, 0, 0, 0, 0, 0, 0, 0, 0, 0, 0, 0, 0, 0, 0, 0, 0, 0, 0, 0, 0, 0, 0, 0, 0, 0, 0, 0, 0, 0, 0)]}}, 'time': 0.21059107780456543, 'communication_time': 0.20091676712036133}
-0.009067204667341094
client_selector de-activated ❌
0.004672426732427567
heterogeneous_data_handler activated ✅ for clients: ['Client 1', 'Client 2', 'Client 3', 'Client 4', 'Client 5', 'Client 6', 'Client 7', 'Client 8', 'Client 9', 'Client 10', 'Client 11', 'Client 12', 'Client 13', 'Client 14', 'Client 15', 'Client 16', 'Client 17', 'Client 18', 'Client 19', 'Client 20', 'Client 21', 'Client 22', 'Client 23', 'Client 24', 'Client 25', 'Client 26', 'Client 27', 'Client 28', 'Client 29', 'Client 30', 'Client 31', 'Client 32', 'Client 33', 'Client 34', 'Client 35', 'Client 36', 'Client 37', 'Client 38', 'Client 39', 'Client 40']
Results Aggregated in 0.26 seconds.
{'prostate_logreg': {'train_loss': [0.6685234036765586, 0.640463373103929, 0.6332866406068206, 0.6115823377088085, 0.5940066063787712, 0.5800438984003056, 0.5678492171157684, 0.5595840058146273, 0.5507640565612486, 0.5455696496299964, 0.5387060987097877], 'train_accuracy': [0.5988717339667459, 0.6440023752969121, 0.6566964285714286, 0.683253873659118, 0.715435041716329, 0.7276519666269369, 0.7390625, 0.7428486293206198, 0.75, 0.7529797377830751, 0.7558035714285715], 'train_f1': [0.5397751450898147, 0.5897373907458786, 0.6492367039628034, 0.6799014888277165, 0.7135455544605325, 0.7263774483340812, 0.7380059791387489, 0.7421052330755649, 0.7491851855599129, 0.7521843268057429, 0.7549600527038086], 'train_mae': [0.40112826603325413, 0.3559976247030879, 0.34330357142857143, 0.316746126340882, 0.284564958283671, 0.2723480333730632, 0.2609375, 0.2571513706793802, 0.25, 0.2470202622169249, 0.24419642857142856], 'val_loss': [0.6793654817336683, 0.6519164314215807, 0.6300962863512631, 0.6129808559191114, 0.5999784966355212, 0.5898598949075181, 0.582069103065746, 0.5755248404383364, 0.5705131005590146, 0.5661055184149083, 0.5627203907615674], 'val_accuracy': [0.5830116785431512, 0.6180670494937753, 0.6483425151975684, 0.6786907539370577, 0.6977589624595306, 0.7095463613386419, 0.7137237208713272, 0.7161102376182386, 0.7181409099544074, 0.7222276815526758, 0.724465314716312], 'val_f1': [0.5334081925175569, 0.5648002749746265, 0.6081406021682595, 0.6505330851232399, 0.6770462867663786, 0.6932451519598752, 0.6998017688008104, 0.7031433545913758, 0.7059764886328546, 0.7106407269507085, 0.7135559870583488], 'val_mae': [0.4169883214568488, 0.3819329505062246, 0.3516574848024316, 0.3213092460629422, 0.3022410375404695, 0.2904536386613581, 0.28627627912867276, 0.28388976238176145, 0.28185909004559273, 0.27777231844732414, 0.27553468528368796], 'jsd': [(0, 0, 0, 0, 0, 0, 0, 0, 0.0034642219743328505, 0.00042941623229211627, 0.021538652516748455, 0.02272086873228655, 0.0012206713952879027, 0.0014409891346113153, 0.042666013215726564, 0.03600088831260688, 0.001452967385689341, 0.022022771157485542, 0.0012206713952879027, 0.12306145811218505, 0.021538652516748455, 0.02272086873228655, 0.0030171758098115793, 0.0007052449150227041, 0.042666013215726564, 0.045824702319694016, 0.022022771157485542, 0.04399676213315208, 0.03600088831260688, 0.0012206713952879027, 0.0012206713952879027, 0.0012206713952879027, 0.0003843884653275346, 0.0034642219743328505, 0.0012206713952879027, 0.00042941623229211627, 0.021371214021228643, 0.0030171758098115793, 0, 0), (0, 0, 0, 0, 0, 0, 0, 0, 0.0034642219743328505, 0.00042941623229211627, 0.021538652516748455, 0.02272086873228655, 0.0012206713952879027, 0.0014409891346113153, 0.042666013215726564, 0.03600088831260688, 0.001452967385689341, 0.022022771157485542, 0.0012206713952879027, 0.12306145811218505, 0.021538652516748455, 0.02272086873228655, 0.0030171758098115793, 0.0007052449150227041, 0.042666013215726564, 0.045824702319694016, 0.022022771157485542, 0.04399676213315208, 0.03600088831260688, 0.0012206713952879027, 0.0012206713952879027, 0.0012206713952879027, 0.0003843884653275346, 0.0034642219743328505, 0.0012206713952879027, 0.00042941623229211627, 0.021371214021228643, 0.0030171758098115793, 0, 0), (0, 0, 0, 0, 0, 0, 0, 0, 0, 0, 0, 0, 0, 0, 0, 0, 0, 0, 0, 0, 0, 0, 0, 0, 0, 0, 0, 0, 0, 0, 0, 0, 0, 0, 0, 0, 0, 0, 0, 0), (0, 0, 0, 0, 0, 0, 0, 0, 0, 0, 0, 0, 0, 0, 0, 0, 0, 0, 0, 0, 0, 0, 0, 0, 0, 0, 0, 0, 0, 0, 0, 0, 0, 0, 0, 0, 0, 0, 0, 0), (0, 0, 0, 0, 0, 0, 0, 0, 0, 0, 0, 0, 0, 0, 0, 0, 0, 0, 0, 0, 0, 0, 0, 0, 0, 0, 0, 0, 0, 0, 0, 0, 0, 0, 0, 0, 0, 0, 0, 0), (0, 0, 0, 0, 0, 0, 0, 0, 0, 0, 0, 0, 0, 0, 0, 0, 0, 0, 0, 0, 0, 0, 0, 0, 0, 0, 0, 0, 0, 0, 0, 0, 0, 0, 0, 0, 0, 0, 0, 0), (0, 0, 0, 0, 0, 0, 0, 0, 0, 0, 0, 0, 0, 0, 0, 0, 0, 0, 0, 0, 0, 0, 0, 0, 0, 0, 0, 0, 0, 0, 0, 0, 0, 0, 0, 0, 0, 0, 0, 0), (0, 0, 0, 0, 0, 0, 0, 0, 0, 0, 0, 0, 0, 0, 0, 0, 0, 0, 0, 0, 0, 0, 0, 0, 0, 0, 0, 0, 0, 0, 0, 0, 0, 0, 0, 0, 0, 0, 0, 0), (0, 0, 0, 0, 0, 0, 0, 0, 0, 0, 0, 0, 0, 0, 0, 0, 0, 0, 0, 0, 0, 0, 0, 0, 0, 0, 0, 0, 0, 0, 0, 0, 0, 0, 0, 0, 0, 0, 0, 0), (0, 0, 0, 0, 0, 0, 0, 0, 0, 0, 0, 0, 0, 0, 0, 0, 0, 0, 0, 0, 0, 0, 0, 0, 0, 0, 0, 0, 0, 0, 0, 0, 0, 0, 0, 0, 0, 0, 0, 0), (0, 0, 0, 0, 0, 0, 0, 0, 0, 0, 0, 0, 0, 0, 0, 0, 0, 0, 0, 0, 0, 0, 0, 0, 0, 0, 0, 0, 0, 0, 0, 0, 0, 0, 0, 0, 0, 0, 0, 0)]}}
AdaptationManager: Configuring next round...
{'client_registry': {'enabled': True, 'params': {}}, 'client_selector': {'enabled': True, 'params': {'selection_strategy': 'Resource-Based', 'selection_criteria': 'CPU', 'selection_value': 2}}, 'client_cluster': {'enabled': False, 'params': {}}, 'message_compressor': {'enabled': False, 'params': {}}, 'model_co-versioning_registry': {'enabled': False, 'params': {}}, 'multi-task_model_trainer': {'enabled': False, 'params': {}}, 'heterogeneous_data_handler': {'enabled': True, 'params': {'enabled_clients': []}}}
{'client_selector': {'enabled': False}, 'client_cluster': {'enabled': False}, 'message_compressor': {'enabled': False}, 'model_co-versioning_registry': {'enabled': False}, 'multi-task_model_trainer': {'enabled': False}, 'heterogeneous_data_handler': {'enabled': True, 'params': {'enabled_clients': ['Client 1', 'Client 2', 'Client 3', 'Client 4', 'Client 5', 'Client 6', 'Client 7', 'Client 8', 'Client 9', 'Client 10', 'Client 11', 'Client 12', 'Client 13', 'Client 14', 'Client 15', 'Client 16', 'Client 17', 'Client 18', 'Client 19', 'Client 20', 'Client 21', 'Client 22', 'Client 23', 'Client 24', 'Client 25', 'Client 26', 'Client 27', 'Client 28', 'Client 29', 'Client 30', 'Client 31', 'Client 32', 'Client 33', 'Client 34', 'Client 35', 'Client 36', 'Client 37', 'Client 38', 'Client 39', 'Client 40']}}, 'client_registry': {'enabled': True, 'params': {}}}
{'model_type': 'prostate_logreg', 'metrics': {'prostate_logreg': {'train_loss': [0.6685234036765586, 0.640463373103929, 0.6332866406068206, 0.6115823377088085, 0.5940066063787712, 0.5800438984003056, 0.5678492171157684, 0.5595840058146273, 0.5507640565612486, 0.5455696496299964, 0.5387060987097877], 'train_accuracy': [0.5988717339667459, 0.6440023752969121, 0.6566964285714286, 0.683253873659118, 0.715435041716329, 0.7276519666269369, 0.7390625, 0.7428486293206198, 0.75, 0.7529797377830751, 0.7558035714285715], 'train_f1': [0.5397751450898147, 0.5897373907458786, 0.6492367039628034, 0.6799014888277165, 0.7135455544605325, 0.7263774483340812, 0.7380059791387489, 0.7421052330755649, 0.7491851855599129, 0.7521843268057429, 0.7549600527038086], 'train_mae': [0.40112826603325413, 0.3559976247030879, 0.34330357142857143, 0.316746126340882, 0.284564958283671, 0.2723480333730632, 0.2609375, 0.2571513706793802, 0.25, 0.2470202622169249, 0.24419642857142856], 'val_loss': [0.6793654817336683, 0.6519164314215807, 0.6300962863512631, 0.6129808559191114, 0.5999784966355212, 0.5898598949075181, 0.582069103065746, 0.5755248404383364, 0.5705131005590146, 0.5661055184149083, 0.5627203907615674], 'val_accuracy': [0.5830116785431512, 0.6180670494937753, 0.6483425151975684, 0.6786907539370577, 0.6977589624595306, 0.7095463613386419, 0.7137237208713272, 0.7161102376182386, 0.7181409099544074, 0.7222276815526758, 0.724465314716312], 'val_f1': [0.5334081925175569, 0.5648002749746265, 0.6081406021682595, 0.6505330851232399, 0.6770462867663786, 0.6932451519598752, 0.6998017688008104, 0.7031433545913758, 0.7059764886328546, 0.7106407269507085, 0.7135559870583488], 'val_mae': [0.4169883214568488, 0.3819329505062246, 0.3516574848024316, 0.3213092460629422, 0.3022410375404695, 0.2904536386613581, 0.28627627912867276, 0.28388976238176145, 0.28185909004559273, 0.27777231844732414, 0.27553468528368796], 'jsd': [(0, 0, 0, 0, 0, 0, 0, 0, 0.0034642219743328505, 0.00042941623229211627, 0.021538652516748455, 0.02272086873228655, 0.0012206713952879027, 0.0014409891346113153, 0.042666013215726564, 0.03600088831260688, 0.001452967385689341, 0.022022771157485542, 0.0012206713952879027, 0.12306145811218505, 0.021538652516748455, 0.02272086873228655, 0.0030171758098115793, 0.0007052449150227041, 0.042666013215726564, 0.045824702319694016, 0.022022771157485542, 0.04399676213315208, 0.03600088831260688, 0.0012206713952879027, 0.0012206713952879027, 0.0012206713952879027, 0.0003843884653275346, 0.0034642219743328505, 0.0012206713952879027, 0.00042941623229211627, 0.021371214021228643, 0.0030171758098115793, 0, 0), (0, 0, 0, 0, 0, 0, 0, 0, 0.0034642219743328505, 0.00042941623229211627, 0.021538652516748455, 0.02272086873228655, 0.0012206713952879027, 0.0014409891346113153, 0.042666013215726564, 0.03600088831260688, 0.001452967385689341, 0.022022771157485542, 0.0012206713952879027, 0.12306145811218505, 0.021538652516748455, 0.02272086873228655, 0.0030171758098115793, 0.0007052449150227041, 0.042666013215726564, 0.045824702319694016, 0.022022771157485542, 0.04399676213315208, 0.03600088831260688, 0.0012206713952879027, 0.0012206713952879027, 0.0012206713952879027, 0.0003843884653275346, 0.0034642219743328505, 0.0012206713952879027, 0.00042941623229211627, 0.021371214021228643, 0.0030171758098115793, 0, 0), (0, 0, 0, 0, 0, 0, 0, 0, 0, 0, 0, 0, 0, 0, 0, 0, 0, 0, 0, 0, 0, 0, 0, 0, 0, 0, 0, 0, 0, 0, 0, 0, 0, 0, 0, 0, 0, 0, 0, 0), (0, 0, 0, 0, 0, 0, 0, 0, 0, 0, 0, 0, 0, 0, 0, 0, 0, 0, 0, 0, 0, 0, 0, 0, 0, 0, 0, 0, 0, 0, 0, 0, 0, 0, 0, 0, 0, 0, 0, 0), (0, 0, 0, 0, 0, 0, 0, 0, 0, 0, 0, 0, 0, 0, 0, 0, 0, 0, 0, 0, 0, 0, 0, 0, 0, 0, 0, 0, 0, 0, 0, 0, 0, 0, 0, 0, 0, 0, 0, 0), (0, 0, 0, 0, 0, 0, 0, 0, 0, 0, 0, 0, 0, 0, 0, 0, 0, 0, 0, 0, 0, 0, 0, 0, 0, 0, 0, 0, 0, 0, 0, 0, 0, 0, 0, 0, 0, 0, 0, 0), (0, 0, 0, 0, 0, 0, 0, 0, 0, 0, 0, 0, 0, 0, 0, 0, 0, 0, 0, 0, 0, 0, 0, 0, 0, 0, 0, 0, 0, 0, 0, 0, 0, 0, 0, 0, 0, 0, 0, 0), (0, 0, 0, 0, 0, 0, 0, 0, 0, 0, 0, 0, 0, 0, 0, 0, 0, 0, 0, 0, 0, 0, 0, 0, 0, 0, 0, 0, 0, 0, 0, 0, 0, 0, 0, 0, 0, 0, 0, 0), (0, 0, 0, 0, 0, 0, 0, 0, 0, 0, 0, 0, 0, 0, 0, 0, 0, 0, 0, 0, 0, 0, 0, 0, 0, 0, 0, 0, 0, 0, 0, 0, 0, 0, 0, 0, 0, 0, 0, 0), (0, 0, 0, 0, 0, 0, 0, 0, 0, 0, 0, 0, 0, 0, 0, 0, 0, 0, 0, 0, 0, 0, 0, 0, 0, 0, 0, 0, 0, 0, 0, 0, 0, 0, 0, 0, 0, 0, 0, 0), (0, 0, 0, 0, 0, 0, 0, 0, 0, 0, 0, 0, 0, 0, 0, 0, 0, 0, 0, 0, 0, 0, 0, 0, 0, 0, 0, 0, 0, 0, 0, 0, 0, 0, 0, 0, 0, 0, 0, 0)]}}, 'time': 0.26511168479919434, 'communication_time': 0.1929328441619873}
-0.010822719472540543
client_selector activated ✅
0.0029098080469408534
heterogeneous_data_handler de-activated ❌
Client Client 24 participates in this round. (CPU: 2, RAM: 2)
Client Client 16 participates in this round. (CPU: 2, RAM: 2)
Client Client 20 participates in this round. (CPU: 2, RAM: 2)
Client Client 15 participates in this round. (CPU: 2, RAM: 2)
Client Client 27 participates in this round. (CPU: 2, RAM: 2)
Client Client 35 has insufficient CPU (1). Will not participate in the next FL round.
Client Client 1 participates in this round. (CPU: 2, RAM: 2)
Client Client 10 participates in this round. (CPU: 2, RAM: 2)
Client Client 21 participates in this round. (CPU: 2, RAM: 2)
Client Client 7 participates in this round. (CPU: 2, RAM: 2)
Client Client 37 has insufficient CPU (1). Will not participate in the next FL round.
Client Client 6 participates in this round. (CPU: 2, RAM: 2)
Client Client 25 participates in this round. (CPU: 2, RAM: 2)
Client Client 14 participates in this round. (CPU: 2, RAM: 2)
Client Client 3 participates in this round. (CPU: 2, RAM: 2)
Client Client 4 participates in this round. (CPU: 2, RAM: 2)
Client Client 5 participates in this round. (CPU: 2, RAM: 2)
Client Client 30 participates in this round. (CPU: 2, RAM: 2)
Client Client 40 has insufficient CPU (1). Will not participate in the next FL round.
Client Client 39 has insufficient CPU (1). Will not participate in the next FL round.
Client Client 28 participates in this round. (CPU: 2, RAM: 2)
Client Client 26 participates in this round. (CPU: 2, RAM: 2)
Client Client 17 participates in this round. (CPU: 2, RAM: 2)
Client Client 8 participates in this round. (CPU: 2, RAM: 2)
Client Client 19 participates in this round. (CPU: 2, RAM: 2)
Client Client 36 has insufficient CPU (1). Will not participate in the next FL round.
Client Client 29 participates in this round. (CPU: 2, RAM: 2)
Client Client 23 participates in this round. (CPU: 2, RAM: 2)
Client Client 32 has insufficient CPU (1). Will not participate in the next FL round.
Client Client 34 has insufficient CPU (1). Will not participate in the next FL round.
Client Client 11 participates in this round. (CPU: 2, RAM: 2)
Client Client 38 has insufficient CPU (1). Will not participate in the next FL round.
Client Client 31 has insufficient CPU (1). Will not participate in the next FL round.
Client Client 13 participates in this round. (CPU: 2, RAM: 2)
Client Client 33 has insufficient CPU (1). Will not participate in the next FL round.
Client Client 22 participates in this round. (CPU: 2, RAM: 2)
Client Client 9 participates in this round. (CPU: 2, RAM: 2)
Client Client 18 participates in this round. (CPU: 2, RAM: 2)
Client Client 12 participates in this round. (CPU: 2, RAM: 2)
Client Client 2 participates in this round. (CPU: 2, RAM: 2)
Results Aggregated in 0.23 seconds.
{'prostate_logreg': {'train_loss': [0.6685234036765586, 0.640463373103929, 0.6332866406068206, 0.6115823377088085, 0.5940066063787712, 0.5800438984003056, 0.5678492171157684, 0.5595840058146273, 0.5507640565612486, 0.5455696496299964, 0.5387060987097877, 0.5355121071879997], 'train_accuracy': [0.5988717339667459, 0.6440023752969121, 0.6566964285714286, 0.683253873659118, 0.715435041716329, 0.7276519666269369, 0.7390625, 0.7428486293206198, 0.75, 0.7529797377830751, 0.7558035714285715, 0.7574493444576877], 'train_f1': [0.5397751450898147, 0.5897373907458786, 0.6492367039628034, 0.6799014888277165, 0.7135455544605325, 0.7263774483340812, 0.7380059791387489, 0.7421052330755649, 0.7491851855599129, 0.7521843268057429, 0.7549600527038086, 0.7566895986218328], 'train_mae': [0.40112826603325413, 0.3559976247030879, 0.34330357142857143, 0.316746126340882, 0.284564958283671, 0.2723480333730632, 0.2609375, 0.2571513706793802, 0.25, 0.2470202622169249, 0.24419642857142856, 0.24255065554231228], 'val_loss': [0.6793654817336683, 0.6519164314215807, 0.6300962863512631, 0.6129808559191114, 0.5999784966355212, 0.5898598949075181, 0.582069103065746, 0.5755248404383364, 0.5705131005590146, 0.5661055184149083, 0.5627203907615674, 0.5595857248171626], 'val_accuracy': [0.5830116785431512, 0.6180670494937753, 0.6483425151975684, 0.6786907539370577, 0.6977589624595306, 0.7095463613386419, 0.7137237208713272, 0.7161102376182386, 0.7181409099544074, 0.7222276815526758, 0.724465314716312, 0.7275515853895637], 'val_f1': [0.5334081925175569, 0.5648002749746265, 0.6081406021682595, 0.6505330851232399, 0.6770462867663786, 0.6932451519598752, 0.6998017688008104, 0.7031433545913758, 0.7059764886328546, 0.7106407269507085, 0.7135559870583488, 0.7171668944156568], 'val_mae': [0.4169883214568488, 0.3819329505062246, 0.3516574848024316, 0.3213092460629422, 0.3022410375404695, 0.2904536386613581, 0.28627627912867276, 0.28388976238176145, 0.28185909004559273, 0.27777231844732414, 0.27553468528368796, 0.27244841461043623], 'jsd': [(0, 0, 0, 0, 0, 0, 0, 0, 0.0034642219743328505, 0.00042941623229211627, 0.021538652516748455, 0.02272086873228655, 0.0012206713952879027, 0.0014409891346113153, 0.042666013215726564, 0.03600088831260688, 0.001452967385689341, 0.022022771157485542, 0.0012206713952879027, 0.12306145811218505, 0.021538652516748455, 0.02272086873228655, 0.0030171758098115793, 0.0007052449150227041, 0.042666013215726564, 0.045824702319694016, 0.022022771157485542, 0.04399676213315208, 0.03600088831260688, 0.0012206713952879027, 0.0012206713952879027, 0.0012206713952879027, 0.0003843884653275346, 0.0034642219743328505, 0.0012206713952879027, 0.00042941623229211627, 0.021371214021228643, 0.0030171758098115793, 0, 0), (0, 0, 0, 0, 0, 0, 0, 0, 0.0034642219743328505, 0.00042941623229211627, 0.021538652516748455, 0.02272086873228655, 0.0012206713952879027, 0.0014409891346113153, 0.042666013215726564, 0.03600088831260688, 0.001452967385689341, 0.022022771157485542, 0.0012206713952879027, 0.12306145811218505, 0.021538652516748455, 0.02272086873228655, 0.0030171758098115793, 0.0007052449150227041, 0.042666013215726564, 0.045824702319694016, 0.022022771157485542, 0.04399676213315208, 0.03600088831260688, 0.0012206713952879027, 0.0012206713952879027, 0.0012206713952879027, 0.0003843884653275346, 0.0034642219743328505, 0.0012206713952879027, 0.00042941623229211627, 0.021371214021228643, 0.0030171758098115793, 0, 0), (0, 0, 0, 0, 0, 0, 0, 0, 0, 0, 0, 0, 0, 0, 0, 0, 0, 0, 0, 0, 0, 0, 0, 0, 0, 0, 0, 0, 0, 0, 0, 0, 0, 0, 0, 0, 0, 0, 0, 0), (0, 0, 0, 0, 0, 0, 0, 0, 0, 0, 0, 0, 0, 0, 0, 0, 0, 0, 0, 0, 0, 0, 0, 0, 0, 0, 0, 0, 0, 0, 0, 0, 0, 0, 0, 0, 0, 0, 0, 0), (0, 0, 0, 0, 0, 0, 0, 0, 0, 0, 0, 0, 0, 0, 0, 0, 0, 0, 0, 0, 0, 0, 0, 0, 0, 0, 0, 0, 0, 0, 0, 0, 0, 0, 0, 0, 0, 0, 0, 0), (0, 0, 0, 0, 0, 0, 0, 0, 0, 0, 0, 0, 0, 0, 0, 0, 0, 0, 0, 0, 0, 0, 0, 0, 0, 0, 0, 0, 0, 0, 0, 0, 0, 0, 0, 0, 0, 0, 0, 0), (0, 0, 0, 0, 0, 0, 0, 0, 0, 0, 0, 0, 0, 0, 0, 0, 0, 0, 0, 0, 0, 0, 0, 0, 0, 0, 0, 0, 0, 0, 0, 0, 0, 0, 0, 0, 0, 0, 0, 0), (0, 0, 0, 0, 0, 0, 0, 0, 0, 0, 0, 0, 0, 0, 0, 0, 0, 0, 0, 0, 0, 0, 0, 0, 0, 0, 0, 0, 0, 0, 0, 0, 0, 0, 0, 0, 0, 0, 0, 0), (0, 0, 0, 0, 0, 0, 0, 0, 0, 0, 0, 0, 0, 0, 0, 0, 0, 0, 0, 0, 0, 0, 0, 0, 0, 0, 0, 0, 0, 0, 0, 0, 0, 0, 0, 0, 0, 0, 0, 0), (0, 0, 0, 0, 0, 0, 0, 0, 0, 0, 0, 0, 0, 0, 0, 0, 0, 0, 0, 0, 0, 0, 0, 0, 0, 0, 0, 0, 0, 0, 0, 0, 0, 0, 0, 0, 0, 0, 0, 0), (0, 0, 0, 0, 0, 0, 0, 0, 0, 0, 0, 0, 0, 0, 0, 0, 0, 0, 0, 0, 0, 0, 0, 0, 0, 0, 0, 0, 0, 0, 0, 0, 0, 0, 0, 0, 0, 0, 0, 0), (0, 0, 0, 0, 0, 0, 0, 0, 0, 0, 0, 0, 0, 0, 0, 0, 0, 0, 0, 0, 0, 0, 0, 0, 0, 0, 0, 0, 0, 0, 0, 0, 0, 0, 0, 0, 0, 0, 0, 0)]}}
AdaptationManager: Configuring next round...
{'client_registry': {'enabled': True, 'params': {}}, 'client_selector': {'enabled': True, 'params': {'selection_strategy': 'Resource-Based', 'selection_criteria': 'CPU', 'selection_value': 2}}, 'client_cluster': {'enabled': False, 'params': {}}, 'message_compressor': {'enabled': False, 'params': {}}, 'model_co-versioning_registry': {'enabled': False, 'params': {}}, 'multi-task_model_trainer': {'enabled': False, 'params': {}}, 'heterogeneous_data_handler': {'enabled': True, 'params': {'enabled_clients': []}}}
{'client_selector': {'enabled': True}, 'client_cluster': {'enabled': False}, 'message_compressor': {'enabled': False}, 'model_co-versioning_registry': {'enabled': False}, 'multi-task_model_trainer': {'enabled': False}, 'heterogeneous_data_handler': {'enabled': False, 'params': {'enabled_clients': ['Client 1', 'Client 2', 'Client 3', 'Client 4', 'Client 5', 'Client 6', 'Client 7', 'Client 8', 'Client 9', 'Client 10', 'Client 11', 'Client 12', 'Client 13', 'Client 14', 'Client 15', 'Client 16', 'Client 17', 'Client 18', 'Client 19', 'Client 20', 'Client 21', 'Client 22', 'Client 23', 'Client 24', 'Client 25', 'Client 26', 'Client 27', 'Client 28', 'Client 29', 'Client 30', 'Client 31', 'Client 32', 'Client 33', 'Client 34', 'Client 35', 'Client 36', 'Client 37', 'Client 38', 'Client 39', 'Client 40']}}, 'client_registry': {'enabled': True, 'params': {}}}
{'model_type': 'prostate_logreg', 'metrics': {'prostate_logreg': {'train_loss': [0.6685234036765586, 0.640463373103929, 0.6332866406068206, 0.6115823377088085, 0.5940066063787712, 0.5800438984003056, 0.5678492171157684, 0.5595840058146273, 0.5507640565612486, 0.5455696496299964, 0.5387060987097877, 0.5355121071879997], 'train_accuracy': [0.5988717339667459, 0.6440023752969121, 0.6566964285714286, 0.683253873659118, 0.715435041716329, 0.7276519666269369, 0.7390625, 0.7428486293206198, 0.75, 0.7529797377830751, 0.7558035714285715, 0.7574493444576877], 'train_f1': [0.5397751450898147, 0.5897373907458786, 0.6492367039628034, 0.6799014888277165, 0.7135455544605325, 0.7263774483340812, 0.7380059791387489, 0.7421052330755649, 0.7491851855599129, 0.7521843268057429, 0.7549600527038086, 0.7566895986218328], 'train_mae': [0.40112826603325413, 0.3559976247030879, 0.34330357142857143, 0.316746126340882, 0.284564958283671, 0.2723480333730632, 0.2609375, 0.2571513706793802, 0.25, 0.2470202622169249, 0.24419642857142856, 0.24255065554231228], 'val_loss': [0.6793654817336683, 0.6519164314215807, 0.6300962863512631, 0.6129808559191114, 0.5999784966355212, 0.5898598949075181, 0.582069103065746, 0.5755248404383364, 0.5705131005590146, 0.5661055184149083, 0.5627203907615674, 0.5595857248171626], 'val_accuracy': [0.5830116785431512, 0.6180670494937753, 0.6483425151975684, 0.6786907539370577, 0.6977589624595306, 0.7095463613386419, 0.7137237208713272, 0.7161102376182386, 0.7181409099544074, 0.7222276815526758, 0.724465314716312, 0.7275515853895637], 'val_f1': [0.5334081925175569, 0.5648002749746265, 0.6081406021682595, 0.6505330851232399, 0.6770462867663786, 0.6932451519598752, 0.6998017688008104, 0.7031433545913758, 0.7059764886328546, 0.7106407269507085, 0.7135559870583488, 0.7171668944156568], 'val_mae': [0.4169883214568488, 0.3819329505062246, 0.3516574848024316, 0.3213092460629422, 0.3022410375404695, 0.2904536386613581, 0.28627627912867276, 0.28388976238176145, 0.28185909004559273, 0.27777231844732414, 0.27553468528368796, 0.27244841461043623], 'jsd': [(0, 0, 0, 0, 0, 0, 0, 0, 0.0034642219743328505, 0.00042941623229211627, 0.021538652516748455, 0.02272086873228655, 0.0012206713952879027, 0.0014409891346113153, 0.042666013215726564, 0.03600088831260688, 0.001452967385689341, 0.022022771157485542, 0.0012206713952879027, 0.12306145811218505, 0.021538652516748455, 0.02272086873228655, 0.0030171758098115793, 0.0007052449150227041, 0.042666013215726564, 0.045824702319694016, 0.022022771157485542, 0.04399676213315208, 0.03600088831260688, 0.0012206713952879027, 0.0012206713952879027, 0.0012206713952879027, 0.0003843884653275346, 0.0034642219743328505, 0.0012206713952879027, 0.00042941623229211627, 0.021371214021228643, 0.0030171758098115793, 0, 0), (0, 0, 0, 0, 0, 0, 0, 0, 0.0034642219743328505, 0.00042941623229211627, 0.021538652516748455, 0.02272086873228655, 0.0012206713952879027, 0.0014409891346113153, 0.042666013215726564, 0.03600088831260688, 0.001452967385689341, 0.022022771157485542, 0.0012206713952879027, 0.12306145811218505, 0.021538652516748455, 0.02272086873228655, 0.0030171758098115793, 0.0007052449150227041, 0.042666013215726564, 0.045824702319694016, 0.022022771157485542, 0.04399676213315208, 0.03600088831260688, 0.0012206713952879027, 0.0012206713952879027, 0.0012206713952879027, 0.0003843884653275346, 0.0034642219743328505, 0.0012206713952879027, 0.00042941623229211627, 0.021371214021228643, 0.0030171758098115793, 0, 0), (0, 0, 0, 0, 0, 0, 0, 0, 0, 0, 0, 0, 0, 0, 0, 0, 0, 0, 0, 0, 0, 0, 0, 0, 0, 0, 0, 0, 0, 0, 0, 0, 0, 0, 0, 0, 0, 0, 0, 0), (0, 0, 0, 0, 0, 0, 0, 0, 0, 0, 0, 0, 0, 0, 0, 0, 0, 0, 0, 0, 0, 0, 0, 0, 0, 0, 0, 0, 0, 0, 0, 0, 0, 0, 0, 0, 0, 0, 0, 0), (0, 0, 0, 0, 0, 0, 0, 0, 0, 0, 0, 0, 0, 0, 0, 0, 0, 0, 0, 0, 0, 0, 0, 0, 0, 0, 0, 0, 0, 0, 0, 0, 0, 0, 0, 0, 0, 0, 0, 0), (0, 0, 0, 0, 0, 0, 0, 0, 0, 0, 0, 0, 0, 0, 0, 0, 0, 0, 0, 0, 0, 0, 0, 0, 0, 0, 0, 0, 0, 0, 0, 0, 0, 0, 0, 0, 0, 0, 0, 0), (0, 0, 0, 0, 0, 0, 0, 0, 0, 0, 0, 0, 0, 0, 0, 0, 0, 0, 0, 0, 0, 0, 0, 0, 0, 0, 0, 0, 0, 0, 0, 0, 0, 0, 0, 0, 0, 0, 0, 0), (0, 0, 0, 0, 0, 0, 0, 0, 0, 0, 0, 0, 0, 0, 0, 0, 0, 0, 0, 0, 0, 0, 0, 0, 0, 0, 0, 0, 0, 0, 0, 0, 0, 0, 0, 0, 0, 0, 0, 0), (0, 0, 0, 0, 0, 0, 0, 0, 0, 0, 0, 0, 0, 0, 0, 0, 0, 0, 0, 0, 0, 0, 0, 0, 0, 0, 0, 0, 0, 0, 0, 0, 0, 0, 0, 0, 0, 0, 0, 0), (0, 0, 0, 0, 0, 0, 0, 0, 0, 0, 0, 0, 0, 0, 0, 0, 0, 0, 0, 0, 0, 0, 0, 0, 0, 0, 0, 0, 0, 0, 0, 0, 0, 0, 0, 0, 0, 0, 0, 0), (0, 0, 0, 0, 0, 0, 0, 0, 0, 0, 0, 0, 0, 0, 0, 0, 0, 0, 0, 0, 0, 0, 0, 0, 0, 0, 0, 0, 0, 0, 0, 0, 0, 0, 0, 0, 0, 0, 0, 0), (0, 0, 0, 0, 0, 0, 0, 0, 0, 0, 0, 0, 0, 0, 0, 0, 0, 0, 0, 0, 0, 0, 0, 0, 0, 0, 0, 0, 0, 0, 0, 0, 0, 0, 0, 0, 0, 0, 0, 0)]}}, 'time': 0.23545455932617188, 'communication_time': 0.22494220733642578}
-0.008290533435293818
client_selector de-activated ❌
0.0036138730698553707
heterogeneous_data_handler activated ✅ for clients: ['Client 1', 'Client 2', 'Client 3', 'Client 4', 'Client 5', 'Client 6', 'Client 7', 'Client 8', 'Client 9', 'Client 10', 'Client 11', 'Client 12', 'Client 13', 'Client 14', 'Client 15', 'Client 16', 'Client 17', 'Client 18', 'Client 19', 'Client 20', 'Client 21', 'Client 22', 'Client 23', 'Client 24', 'Client 25', 'Client 26', 'Client 27', 'Client 28', 'Client 29', 'Client 30', 'Client 31', 'Client 32', 'Client 33', 'Client 34', 'Client 35', 'Client 36', 'Client 37', 'Client 38', 'Client 39', 'Client 40']
Results Aggregated in 0.20 seconds.
{'prostate_logreg': {'train_loss': [0.6685234036765586, 0.640463373103929, 0.6332866406068206, 0.6115823377088085, 0.5940066063787712, 0.5800438984003056, 0.5678492171157684, 0.5595840058146273, 0.5507640565612486, 0.5455696496299964, 0.5387060987097877, 0.5355121071879997, 0.5298232958252941], 'train_accuracy': [0.5988717339667459, 0.6440023752969121, 0.6566964285714286, 0.683253873659118, 0.715435041716329, 0.7276519666269369, 0.7390625, 0.7428486293206198, 0.75, 0.7529797377830751, 0.7558035714285715, 0.7574493444576877, 0.7629464285714286], 'train_f1': [0.5397751450898147, 0.5897373907458786, 0.6492367039628034, 0.6799014888277165, 0.7135455544605325, 0.7263774483340812, 0.7380059791387489, 0.7421052330755649, 0.7491851855599129, 0.7521843268057429, 0.7549600527038086, 0.7566895986218328, 0.7620675644276286], 'train_mae': [0.40112826603325413, 0.3559976247030879, 0.34330357142857143, 0.316746126340882, 0.284564958283671, 0.2723480333730632, 0.2609375, 0.2571513706793802, 0.25, 0.2470202622169249, 0.24419642857142856, 0.24255065554231228, 0.23705357142857142], 'val_loss': [0.6793654817336683, 0.6519164314215807, 0.6300962863512631, 0.6129808559191114, 0.5999784966355212, 0.5898598949075181, 0.582069103065746, 0.5755248404383364, 0.5705131005590146, 0.5661055184149083, 0.5627203907615674, 0.5595857248171626, 0.5571936701117753], 'val_accuracy': [0.5830116785431512, 0.6180670494937753, 0.6483425151975684, 0.6786907539370577, 0.6977589624595306, 0.7095463613386419, 0.7137237208713272, 0.7161102376182386, 0.7181409099544074, 0.7222276815526758, 0.724465314716312, 0.7275515853895637, 0.7283438608156029], 'val_f1': [0.5334081925175569, 0.5648002749746265, 0.6081406021682595, 0.6505330851232399, 0.6770462867663786, 0.6932451519598752, 0.6998017688008104, 0.7031433545913758, 0.7059764886328546, 0.7106407269507085, 0.7135559870583488, 0.7171668944156568, 0.7183004837795167], 'val_mae': [0.4169883214568488, 0.3819329505062246, 0.3516574848024316, 0.3213092460629422, 0.3022410375404695, 0.2904536386613581, 0.28627627912867276, 0.28388976238176145, 0.28185909004559273, 0.27777231844732414, 0.27553468528368796, 0.27244841461043623, 0.2716561391843972], 'jsd': [(0, 0, 0, 0, 0, 0, 0, 0, 0.0034642219743328505, 0.00042941623229211627, 0.021538652516748455, 0.02272086873228655, 0.0012206713952879027, 0.0014409891346113153, 0.042666013215726564, 0.03600088831260688, 0.001452967385689341, 0.022022771157485542, 0.0012206713952879027, 0.12306145811218505, 0.021538652516748455, 0.02272086873228655, 0.0030171758098115793, 0.0007052449150227041, 0.042666013215726564, 0.045824702319694016, 0.022022771157485542, 0.04399676213315208, 0.03600088831260688, 0.0012206713952879027, 0.0012206713952879027, 0.0012206713952879027, 0.0003843884653275346, 0.0034642219743328505, 0.0012206713952879027, 0.00042941623229211627, 0.021371214021228643, 0.0030171758098115793, 0, 0), (0, 0, 0, 0, 0, 0, 0, 0, 0.0034642219743328505, 0.00042941623229211627, 0.021538652516748455, 0.02272086873228655, 0.0012206713952879027, 0.0014409891346113153, 0.042666013215726564, 0.03600088831260688, 0.001452967385689341, 0.022022771157485542, 0.0012206713952879027, 0.12306145811218505, 0.021538652516748455, 0.02272086873228655, 0.0030171758098115793, 0.0007052449150227041, 0.042666013215726564, 0.045824702319694016, 0.022022771157485542, 0.04399676213315208, 0.03600088831260688, 0.0012206713952879027, 0.0012206713952879027, 0.0012206713952879027, 0.0003843884653275346, 0.0034642219743328505, 0.0012206713952879027, 0.00042941623229211627, 0.021371214021228643, 0.0030171758098115793, 0, 0), (0, 0, 0, 0, 0, 0, 0, 0, 0, 0, 0, 0, 0, 0, 0, 0, 0, 0, 0, 0, 0, 0, 0, 0, 0, 0, 0, 0, 0, 0, 0, 0, 0, 0, 0, 0, 0, 0, 0, 0), (0, 0, 0, 0, 0, 0, 0, 0, 0, 0, 0, 0, 0, 0, 0, 0, 0, 0, 0, 0, 0, 0, 0, 0, 0, 0, 0, 0, 0, 0, 0, 0, 0, 0, 0, 0, 0, 0, 0, 0), (0, 0, 0, 0, 0, 0, 0, 0, 0, 0, 0, 0, 0, 0, 0, 0, 0, 0, 0, 0, 0, 0, 0, 0, 0, 0, 0, 0, 0, 0, 0, 0, 0, 0, 0, 0, 0, 0, 0, 0), (0, 0, 0, 0, 0, 0, 0, 0, 0, 0, 0, 0, 0, 0, 0, 0, 0, 0, 0, 0, 0, 0, 0, 0, 0, 0, 0, 0, 0, 0, 0, 0, 0, 0, 0, 0, 0, 0, 0, 0), (0, 0, 0, 0, 0, 0, 0, 0, 0, 0, 0, 0, 0, 0, 0, 0, 0, 0, 0, 0, 0, 0, 0, 0, 0, 0, 0, 0, 0, 0, 0, 0, 0, 0, 0, 0, 0, 0, 0, 0), (0, 0, 0, 0, 0, 0, 0, 0, 0, 0, 0, 0, 0, 0, 0, 0, 0, 0, 0, 0, 0, 0, 0, 0, 0, 0, 0, 0, 0, 0, 0, 0, 0, 0, 0, 0, 0, 0, 0, 0), (0, 0, 0, 0, 0, 0, 0, 0, 0, 0, 0, 0, 0, 0, 0, 0, 0, 0, 0, 0, 0, 0, 0, 0, 0, 0, 0, 0, 0, 0, 0, 0, 0, 0, 0, 0, 0, 0, 0, 0), (0, 0, 0, 0, 0, 0, 0, 0, 0, 0, 0, 0, 0, 0, 0, 0, 0, 0, 0, 0, 0, 0, 0, 0, 0, 0, 0, 0, 0, 0, 0, 0, 0, 0, 0, 0, 0, 0, 0, 0), (0, 0, 0, 0, 0, 0, 0, 0, 0, 0, 0, 0, 0, 0, 0, 0, 0, 0, 0, 0, 0, 0, 0, 0, 0, 0, 0, 0, 0, 0, 0, 0, 0, 0, 0, 0, 0, 0, 0, 0), (0, 0, 0, 0, 0, 0, 0, 0, 0, 0, 0, 0, 0, 0, 0, 0, 0, 0, 0, 0, 0, 0, 0, 0, 0, 0, 0, 0, 0, 0, 0, 0, 0, 0, 0, 0, 0, 0, 0, 0), (0, 0, 0, 0, 0, 0, 0, 0, 0, 0, 0, 0, 0, 0, 0, 0, 0, 0, 0, 0, 0, 0, 0, 0, 0, 0, 0, 0, 0, 0, 0, 0, 0, 0, 0, 0, 0, 0, 0, 0)]}}
AdaptationManager: Configuring next round...
{'client_registry': {'enabled': True, 'params': {}}, 'client_selector': {'enabled': True, 'params': {'selection_strategy': 'Resource-Based', 'selection_criteria': 'CPU', 'selection_value': 2}}, 'client_cluster': {'enabled': False, 'params': {}}, 'message_compressor': {'enabled': False, 'params': {}}, 'model_co-versioning_registry': {'enabled': False, 'params': {}}, 'multi-task_model_trainer': {'enabled': False, 'params': {}}, 'heterogeneous_data_handler': {'enabled': True, 'params': {'enabled_clients': []}}}
{'client_selector': {'enabled': False}, 'client_cluster': {'enabled': False}, 'message_compressor': {'enabled': False}, 'model_co-versioning_registry': {'enabled': False}, 'multi-task_model_trainer': {'enabled': False}, 'heterogeneous_data_handler': {'enabled': True, 'params': {'enabled_clients': ['Client 1', 'Client 2', 'Client 3', 'Client 4', 'Client 5', 'Client 6', 'Client 7', 'Client 8', 'Client 9', 'Client 10', 'Client 11', 'Client 12', 'Client 13', 'Client 14', 'Client 15', 'Client 16', 'Client 17', 'Client 18', 'Client 19', 'Client 20', 'Client 21', 'Client 22', 'Client 23', 'Client 24', 'Client 25', 'Client 26', 'Client 27', 'Client 28', 'Client 29', 'Client 30', 'Client 31', 'Client 32', 'Client 33', 'Client 34', 'Client 35', 'Client 36', 'Client 37', 'Client 38', 'Client 39', 'Client 40']}}, 'client_registry': {'enabled': True, 'params': {}}}
{'model_type': 'prostate_logreg', 'metrics': {'prostate_logreg': {'train_loss': [0.6685234036765586, 0.640463373103929, 0.6332866406068206, 0.6115823377088085, 0.5940066063787712, 0.5800438984003056, 0.5678492171157684, 0.5595840058146273, 0.5507640565612486, 0.5455696496299964, 0.5387060987097877, 0.5355121071879997, 0.5298232958252941], 'train_accuracy': [0.5988717339667459, 0.6440023752969121, 0.6566964285714286, 0.683253873659118, 0.715435041716329, 0.7276519666269369, 0.7390625, 0.7428486293206198, 0.75, 0.7529797377830751, 0.7558035714285715, 0.7574493444576877, 0.7629464285714286], 'train_f1': [0.5397751450898147, 0.5897373907458786, 0.6492367039628034, 0.6799014888277165, 0.7135455544605325, 0.7263774483340812, 0.7380059791387489, 0.7421052330755649, 0.7491851855599129, 0.7521843268057429, 0.7549600527038086, 0.7566895986218328, 0.7620675644276286], 'train_mae': [0.40112826603325413, 0.3559976247030879, 0.34330357142857143, 0.316746126340882, 0.284564958283671, 0.2723480333730632, 0.2609375, 0.2571513706793802, 0.25, 0.2470202622169249, 0.24419642857142856, 0.24255065554231228, 0.23705357142857142], 'val_loss': [0.6793654817336683, 0.6519164314215807, 0.6300962863512631, 0.6129808559191114, 0.5999784966355212, 0.5898598949075181, 0.582069103065746, 0.5755248404383364, 0.5705131005590146, 0.5661055184149083, 0.5627203907615674, 0.5595857248171626, 0.5571936701117753], 'val_accuracy': [0.5830116785431512, 0.6180670494937753, 0.6483425151975684, 0.6786907539370577, 0.6977589624595306, 0.7095463613386419, 0.7137237208713272, 0.7161102376182386, 0.7181409099544074, 0.7222276815526758, 0.724465314716312, 0.7275515853895637, 0.7283438608156029], 'val_f1': [0.5334081925175569, 0.5648002749746265, 0.6081406021682595, 0.6505330851232399, 0.6770462867663786, 0.6932451519598752, 0.6998017688008104, 0.7031433545913758, 0.7059764886328546, 0.7106407269507085, 0.7135559870583488, 0.7171668944156568, 0.7183004837795167], 'val_mae': [0.4169883214568488, 0.3819329505062246, 0.3516574848024316, 0.3213092460629422, 0.3022410375404695, 0.2904536386613581, 0.28627627912867276, 0.28388976238176145, 0.28185909004559273, 0.27777231844732414, 0.27553468528368796, 0.27244841461043623, 0.2716561391843972], 'jsd': [(0, 0, 0, 0, 0, 0, 0, 0, 0.0034642219743328505, 0.00042941623229211627, 0.021538652516748455, 0.02272086873228655, 0.0012206713952879027, 0.0014409891346113153, 0.042666013215726564, 0.03600088831260688, 0.001452967385689341, 0.022022771157485542, 0.0012206713952879027, 0.12306145811218505, 0.021538652516748455, 0.02272086873228655, 0.0030171758098115793, 0.0007052449150227041, 0.042666013215726564, 0.045824702319694016, 0.022022771157485542, 0.04399676213315208, 0.03600088831260688, 0.0012206713952879027, 0.0012206713952879027, 0.0012206713952879027, 0.0003843884653275346, 0.0034642219743328505, 0.0012206713952879027, 0.00042941623229211627, 0.021371214021228643, 0.0030171758098115793, 0, 0), (0, 0, 0, 0, 0, 0, 0, 0, 0.0034642219743328505, 0.00042941623229211627, 0.021538652516748455, 0.02272086873228655, 0.0012206713952879027, 0.0014409891346113153, 0.042666013215726564, 0.03600088831260688, 0.001452967385689341, 0.022022771157485542, 0.0012206713952879027, 0.12306145811218505, 0.021538652516748455, 0.02272086873228655, 0.0030171758098115793, 0.0007052449150227041, 0.042666013215726564, 0.045824702319694016, 0.022022771157485542, 0.04399676213315208, 0.03600088831260688, 0.0012206713952879027, 0.0012206713952879027, 0.0012206713952879027, 0.0003843884653275346, 0.0034642219743328505, 0.0012206713952879027, 0.00042941623229211627, 0.021371214021228643, 0.0030171758098115793, 0, 0), (0, 0, 0, 0, 0, 0, 0, 0, 0, 0, 0, 0, 0, 0, 0, 0, 0, 0, 0, 0, 0, 0, 0, 0, 0, 0, 0, 0, 0, 0, 0, 0, 0, 0, 0, 0, 0, 0, 0, 0), (0, 0, 0, 0, 0, 0, 0, 0, 0, 0, 0, 0, 0, 0, 0, 0, 0, 0, 0, 0, 0, 0, 0, 0, 0, 0, 0, 0, 0, 0, 0, 0, 0, 0, 0, 0, 0, 0, 0, 0), (0, 0, 0, 0, 0, 0, 0, 0, 0, 0, 0, 0, 0, 0, 0, 0, 0, 0, 0, 0, 0, 0, 0, 0, 0, 0, 0, 0, 0, 0, 0, 0, 0, 0, 0, 0, 0, 0, 0, 0), (0, 0, 0, 0, 0, 0, 0, 0, 0, 0, 0, 0, 0, 0, 0, 0, 0, 0, 0, 0, 0, 0, 0, 0, 0, 0, 0, 0, 0, 0, 0, 0, 0, 0, 0, 0, 0, 0, 0, 0), (0, 0, 0, 0, 0, 0, 0, 0, 0, 0, 0, 0, 0, 0, 0, 0, 0, 0, 0, 0, 0, 0, 0, 0, 0, 0, 0, 0, 0, 0, 0, 0, 0, 0, 0, 0, 0, 0, 0, 0), (0, 0, 0, 0, 0, 0, 0, 0, 0, 0, 0, 0, 0, 0, 0, 0, 0, 0, 0, 0, 0, 0, 0, 0, 0, 0, 0, 0, 0, 0, 0, 0, 0, 0, 0, 0, 0, 0, 0, 0), (0, 0, 0, 0, 0, 0, 0, 0, 0, 0, 0, 0, 0, 0, 0, 0, 0, 0, 0, 0, 0, 0, 0, 0, 0, 0, 0, 0, 0, 0, 0, 0, 0, 0, 0, 0, 0, 0, 0, 0), (0, 0, 0, 0, 0, 0, 0, 0, 0, 0, 0, 0, 0, 0, 0, 0, 0, 0, 0, 0, 0, 0, 0, 0, 0, 0, 0, 0, 0, 0, 0, 0, 0, 0, 0, 0, 0, 0, 0, 0), (0, 0, 0, 0, 0, 0, 0, 0, 0, 0, 0, 0, 0, 0, 0, 0, 0, 0, 0, 0, 0, 0, 0, 0, 0, 0, 0, 0, 0, 0, 0, 0, 0, 0, 0, 0, 0, 0, 0, 0), (0, 0, 0, 0, 0, 0, 0, 0, 0, 0, 0, 0, 0, 0, 0, 0, 0, 0, 0, 0, 0, 0, 0, 0, 0, 0, 0, 0, 0, 0, 0, 0, 0, 0, 0, 0, 0, 0, 0, 0), (0, 0, 0, 0, 0, 0, 0, 0, 0, 0, 0, 0, 0, 0, 0, 0, 0, 0, 0, 0, 0, 0, 0, 0, 0, 0, 0, 0, 0, 0, 0, 0, 0, 0, 0, 0, 0, 0, 0, 0)]}}, 'time': 0.2078685760498047, 'communication_time': 0.1911165714263916}
-0.007061635071577005
client_selector activated ✅
0.0011363479621875137
heterogeneous_data_handler de-activated ❌
Client Client 40 has insufficient CPU (1). Will not participate in the next FL round.
Client Client 24 participates in this round. (CPU: 2, RAM: 2)
Client Client 21 participates in this round. (CPU: 2, RAM: 2)
Client Client 35 has insufficient CPU (1). Will not participate in the next FL round.
Client Client 18 participates in this round. (CPU: 2, RAM: 2)
Client Client 39 has insufficient CPU (1). Will not participate in the next FL round.
Client Client 38 has insufficient CPU (1). Will not participate in the next FL round.
Client Client 9 participates in this round. (CPU: 2, RAM: 2)
Client Client 8 participates in this round. (CPU: 2, RAM: 2)
Client Client 22 participates in this round. (CPU: 2, RAM: 2)
Client Client 11 participates in this round. (CPU: 2, RAM: 2)
Client Client 33 has insufficient CPU (1). Will not participate in the next FL round.
Client Client 3 participates in this round. (CPU: 2, RAM: 2)
Client Client 32 has insufficient CPU (1). Will not participate in the next FL round.
Client Client 4 participates in this round. (CPU: 2, RAM: 2)
Client Client 34 has insufficient CPU (1). Will not participate in the next FL round.
Client Client 29 participates in this round. (CPU: 2, RAM: 2)
Client Client 19 participates in this round. (CPU: 2, RAM: 2)
Client Client 26 participates in this round. (CPU: 2, RAM: 2)
Client Client 28 participates in this round. (CPU: 2, RAM: 2)
Client Client 5 participates in this round. (CPU: 2, RAM: 2)
Client Client 1 participates in this round. (CPU: 2, RAM: 2)
Client Client 6 participates in this round. (CPU: 2, RAM: 2)
Client Client 27 participates in this round. (CPU: 2, RAM: 2)
Client Client 14 participates in this round. (CPU: 2, RAM: 2)
Client Client 12 participates in this round. (CPU: 2, RAM: 2)
Client Client 17 participates in this round. (CPU: 2, RAM: 2)
Client Client 16 participates in this round. (CPU: 2, RAM: 2)
Client Client 10 participates in this round. (CPU: 2, RAM: 2)
Client Client 23 participates in this round. (CPU: 2, RAM: 2)
Client Client 30 participates in this round. (CPU: 2, RAM: 2)
Client Client 36 has insufficient CPU (1). Will not participate in the next FL round.
Client Client 25 participates in this round. (CPU: 2, RAM: 2)
Client Client 31 has insufficient CPU (1). Will not participate in the next FL round.
Client Client 15 participates in this round. (CPU: 2, RAM: 2)
Client Client 20 participates in this round. (CPU: 2, RAM: 2)
Client Client 7 participates in this round. (CPU: 2, RAM: 2)
Client Client 37 has insufficient CPU (1). Will not participate in the next FL round.
Client Client 13 participates in this round. (CPU: 2, RAM: 2)
Client Client 2 participates in this round. (CPU: 2, RAM: 2)
Results Aggregated in 0.21 seconds.
{'prostate_logreg': {'train_loss': [0.6685234036765586, 0.640463373103929, 0.6332866406068206, 0.6115823377088085, 0.5940066063787712, 0.5800438984003056, 0.5678492171157684, 0.5595840058146273, 0.5507640565612486, 0.5455696496299964, 0.5387060987097877, 0.5355121071879997, 0.5298232958252941, 0.527998485159533], 'train_accuracy': [0.5988717339667459, 0.6440023752969121, 0.6566964285714286, 0.683253873659118, 0.715435041716329, 0.7276519666269369, 0.7390625, 0.7428486293206198, 0.75, 0.7529797377830751, 0.7558035714285715, 0.7574493444576877, 0.7629464285714286, 0.7634088200238379], 'train_f1': [0.5397751450898147, 0.5897373907458786, 0.6492367039628034, 0.6799014888277165, 0.7135455544605325, 0.7263774483340812, 0.7380059791387489, 0.7421052330755649, 0.7491851855599129, 0.7521843268057429, 0.7549600527038086, 0.7566895986218328, 0.7620675644276286, 0.7626251638908601], 'train_mae': [0.40112826603325413, 0.3559976247030879, 0.34330357142857143, 0.316746126340882, 0.284564958283671, 0.2723480333730632, 0.2609375, 0.2571513706793802, 0.25, 0.2470202622169249, 0.24419642857142856, 0.24255065554231228, 0.23705357142857142, 0.2365911799761621], 'val_loss': [0.6793654817336683, 0.6519164314215807, 0.6300962863512631, 0.6129808559191114, 0.5999784966355212, 0.5898598949075181, 0.582069103065746, 0.5755248404383364, 0.5705131005590146, 0.5661055184149083, 0.5627203907615674, 0.5595857248171626, 0.5571936701117753, 0.5548491170231425], 'val_accuracy': [0.5830116785431512, 0.6180670494937753, 0.6483425151975684, 0.6786907539370577, 0.6977589624595306, 0.7095463613386419, 0.7137237208713272, 0.7161102376182386, 0.7181409099544074, 0.7222276815526758, 0.724465314716312, 0.7275515853895637, 0.7283438608156029, 0.7313454678399649], 'val_f1': [0.5334081925175569, 0.5648002749746265, 0.6081406021682595, 0.6505330851232399, 0.6770462867663786, 0.6932451519598752, 0.6998017688008104, 0.7031433545913758, 0.7059764886328546, 0.7106407269507085, 0.7135559870583488, 0.7171668944156568, 0.7183004837795167, 0.7215474208122807], 'val_mae': [0.4169883214568488, 0.3819329505062246, 0.3516574848024316, 0.3213092460629422, 0.3022410375404695, 0.2904536386613581, 0.28627627912867276, 0.28388976238176145, 0.28185909004559273, 0.27777231844732414, 0.27553468528368796, 0.27244841461043623, 0.2716561391843972, 0.26865453216003515], 'jsd': [(0, 0, 0, 0, 0, 0, 0, 0, 0.0034642219743328505, 0.00042941623229211627, 0.021538652516748455, 0.02272086873228655, 0.0012206713952879027, 0.0014409891346113153, 0.042666013215726564, 0.03600088831260688, 0.001452967385689341, 0.022022771157485542, 0.0012206713952879027, 0.12306145811218505, 0.021538652516748455, 0.02272086873228655, 0.0030171758098115793, 0.0007052449150227041, 0.042666013215726564, 0.045824702319694016, 0.022022771157485542, 0.04399676213315208, 0.03600088831260688, 0.0012206713952879027, 0.0012206713952879027, 0.0012206713952879027, 0.0003843884653275346, 0.0034642219743328505, 0.0012206713952879027, 0.00042941623229211627, 0.021371214021228643, 0.0030171758098115793, 0, 0), (0, 0, 0, 0, 0, 0, 0, 0, 0.0034642219743328505, 0.00042941623229211627, 0.021538652516748455, 0.02272086873228655, 0.0012206713952879027, 0.0014409891346113153, 0.042666013215726564, 0.03600088831260688, 0.001452967385689341, 0.022022771157485542, 0.0012206713952879027, 0.12306145811218505, 0.021538652516748455, 0.02272086873228655, 0.0030171758098115793, 0.0007052449150227041, 0.042666013215726564, 0.045824702319694016, 0.022022771157485542, 0.04399676213315208, 0.03600088831260688, 0.0012206713952879027, 0.0012206713952879027, 0.0012206713952879027, 0.0003843884653275346, 0.0034642219743328505, 0.0012206713952879027, 0.00042941623229211627, 0.021371214021228643, 0.0030171758098115793, 0, 0), (0, 0, 0, 0, 0, 0, 0, 0, 0, 0, 0, 0, 0, 0, 0, 0, 0, 0, 0, 0, 0, 0, 0, 0, 0, 0, 0, 0, 0, 0, 0, 0, 0, 0, 0, 0, 0, 0, 0, 0), (0, 0, 0, 0, 0, 0, 0, 0, 0, 0, 0, 0, 0, 0, 0, 0, 0, 0, 0, 0, 0, 0, 0, 0, 0, 0, 0, 0, 0, 0, 0, 0, 0, 0, 0, 0, 0, 0, 0, 0), (0, 0, 0, 0, 0, 0, 0, 0, 0, 0, 0, 0, 0, 0, 0, 0, 0, 0, 0, 0, 0, 0, 0, 0, 0, 0, 0, 0, 0, 0, 0, 0, 0, 0, 0, 0, 0, 0, 0, 0), (0, 0, 0, 0, 0, 0, 0, 0, 0, 0, 0, 0, 0, 0, 0, 0, 0, 0, 0, 0, 0, 0, 0, 0, 0, 0, 0, 0, 0, 0, 0, 0, 0, 0, 0, 0, 0, 0, 0, 0), (0, 0, 0, 0, 0, 0, 0, 0, 0, 0, 0, 0, 0, 0, 0, 0, 0, 0, 0, 0, 0, 0, 0, 0, 0, 0, 0, 0, 0, 0, 0, 0, 0, 0, 0, 0, 0, 0, 0, 0), (0, 0, 0, 0, 0, 0, 0, 0, 0, 0, 0, 0, 0, 0, 0, 0, 0, 0, 0, 0, 0, 0, 0, 0, 0, 0, 0, 0, 0, 0, 0, 0, 0, 0, 0, 0, 0, 0, 0, 0), (0, 0, 0, 0, 0, 0, 0, 0, 0, 0, 0, 0, 0, 0, 0, 0, 0, 0, 0, 0, 0, 0, 0, 0, 0, 0, 0, 0, 0, 0, 0, 0, 0, 0, 0, 0, 0, 0, 0, 0), (0, 0, 0, 0, 0, 0, 0, 0, 0, 0, 0, 0, 0, 0, 0, 0, 0, 0, 0, 0, 0, 0, 0, 0, 0, 0, 0, 0, 0, 0, 0, 0, 0, 0, 0, 0, 0, 0, 0, 0), (0, 0, 0, 0, 0, 0, 0, 0, 0, 0, 0, 0, 0, 0, 0, 0, 0, 0, 0, 0, 0, 0, 0, 0, 0, 0, 0, 0, 0, 0, 0, 0, 0, 0, 0, 0, 0, 0, 0, 0), (0, 0, 0, 0, 0, 0, 0, 0, 0, 0, 0, 0, 0, 0, 0, 0, 0, 0, 0, 0, 0, 0, 0, 0, 0, 0, 0, 0, 0, 0, 0, 0, 0, 0, 0, 0, 0, 0, 0, 0), (0, 0, 0, 0, 0, 0, 0, 0, 0, 0, 0, 0, 0, 0, 0, 0, 0, 0, 0, 0, 0, 0, 0, 0, 0, 0, 0, 0, 0, 0, 0, 0, 0, 0, 0, 0, 0, 0, 0, 0), (0, 0, 0, 0, 0, 0, 0, 0, 0, 0, 0, 0, 0, 0, 0, 0, 0, 0, 0, 0, 0, 0, 0, 0, 0, 0, 0, 0, 0, 0, 0, 0, 0, 0, 0, 0, 0, 0, 0, 0)]}}
AdaptationManager: Configuring next round...
{'client_registry': {'enabled': True, 'params': {}}, 'client_selector': {'enabled': True, 'params': {'selection_strategy': 'Resource-Based', 'selection_criteria': 'CPU', 'selection_value': 2}}, 'client_cluster': {'enabled': False, 'params': {}}, 'message_compressor': {'enabled': False, 'params': {}}, 'model_co-versioning_registry': {'enabled': False, 'params': {}}, 'multi-task_model_trainer': {'enabled': False, 'params': {}}, 'heterogeneous_data_handler': {'enabled': True, 'params': {'enabled_clients': []}}}
{'client_selector': {'enabled': True}, 'client_cluster': {'enabled': False}, 'message_compressor': {'enabled': False}, 'model_co-versioning_registry': {'enabled': False}, 'multi-task_model_trainer': {'enabled': False}, 'heterogeneous_data_handler': {'enabled': False, 'params': {'enabled_clients': ['Client 1', 'Client 2', 'Client 3', 'Client 4', 'Client 5', 'Client 6', 'Client 7', 'Client 8', 'Client 9', 'Client 10', 'Client 11', 'Client 12', 'Client 13', 'Client 14', 'Client 15', 'Client 16', 'Client 17', 'Client 18', 'Client 19', 'Client 20', 'Client 21', 'Client 22', 'Client 23', 'Client 24', 'Client 25', 'Client 26', 'Client 27', 'Client 28', 'Client 29', 'Client 30', 'Client 31', 'Client 32', 'Client 33', 'Client 34', 'Client 35', 'Client 36', 'Client 37', 'Client 38', 'Client 39', 'Client 40']}}, 'client_registry': {'enabled': True, 'params': {}}}
{'model_type': 'prostate_logreg', 'metrics': {'prostate_logreg': {'train_loss': [0.6685234036765586, 0.640463373103929, 0.6332866406068206, 0.6115823377088085, 0.5940066063787712, 0.5800438984003056, 0.5678492171157684, 0.5595840058146273, 0.5507640565612486, 0.5455696496299964, 0.5387060987097877, 0.5355121071879997, 0.5298232958252941, 0.527998485159533], 'train_accuracy': [0.5988717339667459, 0.6440023752969121, 0.6566964285714286, 0.683253873659118, 0.715435041716329, 0.7276519666269369, 0.7390625, 0.7428486293206198, 0.75, 0.7529797377830751, 0.7558035714285715, 0.7574493444576877, 0.7629464285714286, 0.7634088200238379], 'train_f1': [0.5397751450898147, 0.5897373907458786, 0.6492367039628034, 0.6799014888277165, 0.7135455544605325, 0.7263774483340812, 0.7380059791387489, 0.7421052330755649, 0.7491851855599129, 0.7521843268057429, 0.7549600527038086, 0.7566895986218328, 0.7620675644276286, 0.7626251638908601], 'train_mae': [0.40112826603325413, 0.3559976247030879, 0.34330357142857143, 0.316746126340882, 0.284564958283671, 0.2723480333730632, 0.2609375, 0.2571513706793802, 0.25, 0.2470202622169249, 0.24419642857142856, 0.24255065554231228, 0.23705357142857142, 0.2365911799761621], 'val_loss': [0.6793654817336683, 0.6519164314215807, 0.6300962863512631, 0.6129808559191114, 0.5999784966355212, 0.5898598949075181, 0.582069103065746, 0.5755248404383364, 0.5705131005590146, 0.5661055184149083, 0.5627203907615674, 0.5595857248171626, 0.5571936701117753, 0.5548491170231425], 'val_accuracy': [0.5830116785431512, 0.6180670494937753, 0.6483425151975684, 0.6786907539370577, 0.6977589624595306, 0.7095463613386419, 0.7137237208713272, 0.7161102376182386, 0.7181409099544074, 0.7222276815526758, 0.724465314716312, 0.7275515853895637, 0.7283438608156029, 0.7313454678399649], 'val_f1': [0.5334081925175569, 0.5648002749746265, 0.6081406021682595, 0.6505330851232399, 0.6770462867663786, 0.6932451519598752, 0.6998017688008104, 0.7031433545913758, 0.7059764886328546, 0.7106407269507085, 0.7135559870583488, 0.7171668944156568, 0.7183004837795167, 0.7215474208122807], 'val_mae': [0.4169883214568488, 0.3819329505062246, 0.3516574848024316, 0.3213092460629422, 0.3022410375404695, 0.2904536386613581, 0.28627627912867276, 0.28388976238176145, 0.28185909004559273, 0.27777231844732414, 0.27553468528368796, 0.27244841461043623, 0.2716561391843972, 0.26865453216003515], 'jsd': [(0, 0, 0, 0, 0, 0, 0, 0, 0.0034642219743328505, 0.00042941623229211627, 0.021538652516748455, 0.02272086873228655, 0.0012206713952879027, 0.0014409891346113153, 0.042666013215726564, 0.03600088831260688, 0.001452967385689341, 0.022022771157485542, 0.0012206713952879027, 0.12306145811218505, 0.021538652516748455, 0.02272086873228655, 0.0030171758098115793, 0.0007052449150227041, 0.042666013215726564, 0.045824702319694016, 0.022022771157485542, 0.04399676213315208, 0.03600088831260688, 0.0012206713952879027, 0.0012206713952879027, 0.0012206713952879027, 0.0003843884653275346, 0.0034642219743328505, 0.0012206713952879027, 0.00042941623229211627, 0.021371214021228643, 0.0030171758098115793, 0, 0), (0, 0, 0, 0, 0, 0, 0, 0, 0.0034642219743328505, 0.00042941623229211627, 0.021538652516748455, 0.02272086873228655, 0.0012206713952879027, 0.0014409891346113153, 0.042666013215726564, 0.03600088831260688, 0.001452967385689341, 0.022022771157485542, 0.0012206713952879027, 0.12306145811218505, 0.021538652516748455, 0.02272086873228655, 0.0030171758098115793, 0.0007052449150227041, 0.042666013215726564, 0.045824702319694016, 0.022022771157485542, 0.04399676213315208, 0.03600088831260688, 0.0012206713952879027, 0.0012206713952879027, 0.0012206713952879027, 0.0003843884653275346, 0.0034642219743328505, 0.0012206713952879027, 0.00042941623229211627, 0.021371214021228643, 0.0030171758098115793, 0, 0), (0, 0, 0, 0, 0, 0, 0, 0, 0, 0, 0, 0, 0, 0, 0, 0, 0, 0, 0, 0, 0, 0, 0, 0, 0, 0, 0, 0, 0, 0, 0, 0, 0, 0, 0, 0, 0, 0, 0, 0), (0, 0, 0, 0, 0, 0, 0, 0, 0, 0, 0, 0, 0, 0, 0, 0, 0, 0, 0, 0, 0, 0, 0, 0, 0, 0, 0, 0, 0, 0, 0, 0, 0, 0, 0, 0, 0, 0, 0, 0), (0, 0, 0, 0, 0, 0, 0, 0, 0, 0, 0, 0, 0, 0, 0, 0, 0, 0, 0, 0, 0, 0, 0, 0, 0, 0, 0, 0, 0, 0, 0, 0, 0, 0, 0, 0, 0, 0, 0, 0), (0, 0, 0, 0, 0, 0, 0, 0, 0, 0, 0, 0, 0, 0, 0, 0, 0, 0, 0, 0, 0, 0, 0, 0, 0, 0, 0, 0, 0, 0, 0, 0, 0, 0, 0, 0, 0, 0, 0, 0), (0, 0, 0, 0, 0, 0, 0, 0, 0, 0, 0, 0, 0, 0, 0, 0, 0, 0, 0, 0, 0, 0, 0, 0, 0, 0, 0, 0, 0, 0, 0, 0, 0, 0, 0, 0, 0, 0, 0, 0), (0, 0, 0, 0, 0, 0, 0, 0, 0, 0, 0, 0, 0, 0, 0, 0, 0, 0, 0, 0, 0, 0, 0, 0, 0, 0, 0, 0, 0, 0, 0, 0, 0, 0, 0, 0, 0, 0, 0, 0), (0, 0, 0, 0, 0, 0, 0, 0, 0, 0, 0, 0, 0, 0, 0, 0, 0, 0, 0, 0, 0, 0, 0, 0, 0, 0, 0, 0, 0, 0, 0, 0, 0, 0, 0, 0, 0, 0, 0, 0), (0, 0, 0, 0, 0, 0, 0, 0, 0, 0, 0, 0, 0, 0, 0, 0, 0, 0, 0, 0, 0, 0, 0, 0, 0, 0, 0, 0, 0, 0, 0, 0, 0, 0, 0, 0, 0, 0, 0, 0), (0, 0, 0, 0, 0, 0, 0, 0, 0, 0, 0, 0, 0, 0, 0, 0, 0, 0, 0, 0, 0, 0, 0, 0, 0, 0, 0, 0, 0, 0, 0, 0, 0, 0, 0, 0, 0, 0, 0, 0), (0, 0, 0, 0, 0, 0, 0, 0, 0, 0, 0, 0, 0, 0, 0, 0, 0, 0, 0, 0, 0, 0, 0, 0, 0, 0, 0, 0, 0, 0, 0, 0, 0, 0, 0, 0, 0, 0, 0, 0), (0, 0, 0, 0, 0, 0, 0, 0, 0, 0, 0, 0, 0, 0, 0, 0, 0, 0, 0, 0, 0, 0, 0, 0, 0, 0, 0, 0, 0, 0, 0, 0, 0, 0, 0, 0, 0, 0, 0, 0), (0, 0, 0, 0, 0, 0, 0, 0, 0, 0, 0, 0, 0, 0, 0, 0, 0, 0, 0, 0, 0, 0, 0, 0, 0, 0, 0, 0, 0, 0, 0, 0, 0, 0, 0, 0, 0, 0, 0, 0)]}}, 'time': 0.22275972366333008, 'communication_time': 0.21322393417358398}
-0.006475420556932038
client_selector de-activated ❌
0.0032454479180026663
heterogeneous_data_handler activated ✅ for clients: ['Client 1', 'Client 2', 'Client 3', 'Client 4', 'Client 5', 'Client 6', 'Client 7', 'Client 8', 'Client 9', 'Client 10', 'Client 11', 'Client 12', 'Client 13', 'Client 14', 'Client 15', 'Client 16', 'Client 17', 'Client 18', 'Client 19', 'Client 20', 'Client 21', 'Client 22', 'Client 23', 'Client 24', 'Client 25', 'Client 26', 'Client 27', 'Client 28', 'Client 29', 'Client 30', 'Client 31', 'Client 32', 'Client 33', 'Client 34', 'Client 35', 'Client 36', 'Client 37', 'Client 38', 'Client 39', 'Client 40']
Results Aggregated in 0.20 seconds.
{'prostate_logreg': {'train_loss': [0.6685234036765586, 0.640463373103929, 0.6332866406068206, 0.6115823377088085, 0.5940066063787712, 0.5800438984003056, 0.5678492171157684, 0.5595840058146273, 0.5507640565612486, 0.5455696496299964, 0.5387060987097877, 0.5355121071879997, 0.5298232958252941, 0.527998485159533, 0.5230367263379906], 'train_accuracy': [0.5988717339667459, 0.6440023752969121, 0.6566964285714286, 0.683253873659118, 0.715435041716329, 0.7276519666269369, 0.7390625, 0.7428486293206198, 0.75, 0.7529797377830751, 0.7558035714285715, 0.7574493444576877, 0.7629464285714286, 0.7634088200238379, 0.7669642857142858], 'train_f1': [0.5397751450898147, 0.5897373907458786, 0.6492367039628034, 0.6799014888277165, 0.7135455544605325, 0.7263774483340812, 0.7380059791387489, 0.7421052330755649, 0.7491851855599129, 0.7521843268057429, 0.7549600527038086, 0.7566895986218328, 0.7620675644276286, 0.7626251638908601, 0.7660625432772984], 'train_mae': [0.40112826603325413, 0.3559976247030879, 0.34330357142857143, 0.316746126340882, 0.284564958283671, 0.2723480333730632, 0.2609375, 0.2571513706793802, 0.25, 0.2470202622169249, 0.24419642857142856, 0.24255065554231228, 0.23705357142857142, 0.2365911799761621, 0.2330357142857143], 'val_loss': [0.6793654817336683, 0.6519164314215807, 0.6300962863512631, 0.6129808559191114, 0.5999784966355212, 0.5898598949075181, 0.582069103065746, 0.5755248404383364, 0.5705131005590146, 0.5661055184149083, 0.5627203907615674, 0.5595857248171626, 0.5571936701117753, 0.5548491170231425, 0.5530879547400542], 'val_accuracy': [0.5830116785431512, 0.6180670494937753, 0.6483425151975684, 0.6786907539370577, 0.6977589624595306, 0.7095463613386419, 0.7137237208713272, 0.7161102376182386, 0.7181409099544074, 0.7222276815526758, 0.724465314716312, 0.7275515853895637, 0.7283438608156029, 0.7313454678399649, 0.7330400677558258], 'val_f1': [0.5334081925175569, 0.5648002749746265, 0.6081406021682595, 0.6505330851232399, 0.6770462867663786, 0.6932451519598752, 0.6998017688008104, 0.7031433545913758, 0.7059764886328546, 0.7106407269507085, 0.7135559870583488, 0.7171668944156568, 0.7183004837795167, 0.7215474208122807, 0.7234775992005612], 'val_mae': [0.4169883214568488, 0.3819329505062246, 0.3516574848024316, 0.3213092460629422, 0.3022410375404695, 0.2904536386613581, 0.28627627912867276, 0.28388976238176145, 0.28185909004559273, 0.27777231844732414, 0.27553468528368796, 0.27244841461043623, 0.2716561391843972, 0.26865453216003515, 0.26695993224417425], 'jsd': [(0, 0, 0, 0, 0, 0, 0, 0, 0.0034642219743328505, 0.00042941623229211627, 0.021538652516748455, 0.02272086873228655, 0.0012206713952879027, 0.0014409891346113153, 0.042666013215726564, 0.03600088831260688, 0.001452967385689341, 0.022022771157485542, 0.0012206713952879027, 0.12306145811218505, 0.021538652516748455, 0.02272086873228655, 0.0030171758098115793, 0.0007052449150227041, 0.042666013215726564, 0.045824702319694016, 0.022022771157485542, 0.04399676213315208, 0.03600088831260688, 0.0012206713952879027, 0.0012206713952879027, 0.0012206713952879027, 0.0003843884653275346, 0.0034642219743328505, 0.0012206713952879027, 0.00042941623229211627, 0.021371214021228643, 0.0030171758098115793, 0, 0), (0, 0, 0, 0, 0, 0, 0, 0, 0.0034642219743328505, 0.00042941623229211627, 0.021538652516748455, 0.02272086873228655, 0.0012206713952879027, 0.0014409891346113153, 0.042666013215726564, 0.03600088831260688, 0.001452967385689341, 0.022022771157485542, 0.0012206713952879027, 0.12306145811218505, 0.021538652516748455, 0.02272086873228655, 0.0030171758098115793, 0.0007052449150227041, 0.042666013215726564, 0.045824702319694016, 0.022022771157485542, 0.04399676213315208, 0.03600088831260688, 0.0012206713952879027, 0.0012206713952879027, 0.0012206713952879027, 0.0003843884653275346, 0.0034642219743328505, 0.0012206713952879027, 0.00042941623229211627, 0.021371214021228643, 0.0030171758098115793, 0, 0), (0, 0, 0, 0, 0, 0, 0, 0, 0, 0, 0, 0, 0, 0, 0, 0, 0, 0, 0, 0, 0, 0, 0, 0, 0, 0, 0, 0, 0, 0, 0, 0, 0, 0, 0, 0, 0, 0, 0, 0), (0, 0, 0, 0, 0, 0, 0, 0, 0, 0, 0, 0, 0, 0, 0, 0, 0, 0, 0, 0, 0, 0, 0, 0, 0, 0, 0, 0, 0, 0, 0, 0, 0, 0, 0, 0, 0, 0, 0, 0), (0, 0, 0, 0, 0, 0, 0, 0, 0, 0, 0, 0, 0, 0, 0, 0, 0, 0, 0, 0, 0, 0, 0, 0, 0, 0, 0, 0, 0, 0, 0, 0, 0, 0, 0, 0, 0, 0, 0, 0), (0, 0, 0, 0, 0, 0, 0, 0, 0, 0, 0, 0, 0, 0, 0, 0, 0, 0, 0, 0, 0, 0, 0, 0, 0, 0, 0, 0, 0, 0, 0, 0, 0, 0, 0, 0, 0, 0, 0, 0), (0, 0, 0, 0, 0, 0, 0, 0, 0, 0, 0, 0, 0, 0, 0, 0, 0, 0, 0, 0, 0, 0, 0, 0, 0, 0, 0, 0, 0, 0, 0, 0, 0, 0, 0, 0, 0, 0, 0, 0), (0, 0, 0, 0, 0, 0, 0, 0, 0, 0, 0, 0, 0, 0, 0, 0, 0, 0, 0, 0, 0, 0, 0, 0, 0, 0, 0, 0, 0, 0, 0, 0, 0, 0, 0, 0, 0, 0, 0, 0), (0, 0, 0, 0, 0, 0, 0, 0, 0, 0, 0, 0, 0, 0, 0, 0, 0, 0, 0, 0, 0, 0, 0, 0, 0, 0, 0, 0, 0, 0, 0, 0, 0, 0, 0, 0, 0, 0, 0, 0), (0, 0, 0, 0, 0, 0, 0, 0, 0, 0, 0, 0, 0, 0, 0, 0, 0, 0, 0, 0, 0, 0, 0, 0, 0, 0, 0, 0, 0, 0, 0, 0, 0, 0, 0, 0, 0, 0, 0, 0), (0, 0, 0, 0, 0, 0, 0, 0, 0, 0, 0, 0, 0, 0, 0, 0, 0, 0, 0, 0, 0, 0, 0, 0, 0, 0, 0, 0, 0, 0, 0, 0, 0, 0, 0, 0, 0, 0, 0, 0), (0, 0, 0, 0, 0, 0, 0, 0, 0, 0, 0, 0, 0, 0, 0, 0, 0, 0, 0, 0, 0, 0, 0, 0, 0, 0, 0, 0, 0, 0, 0, 0, 0, 0, 0, 0, 0, 0, 0, 0), (0, 0, 0, 0, 0, 0, 0, 0, 0, 0, 0, 0, 0, 0, 0, 0, 0, 0, 0, 0, 0, 0, 0, 0, 0, 0, 0, 0, 0, 0, 0, 0, 0, 0, 0, 0, 0, 0, 0, 0), (0, 0, 0, 0, 0, 0, 0, 0, 0, 0, 0, 0, 0, 0, 0, 0, 0, 0, 0, 0, 0, 0, 0, 0, 0, 0, 0, 0, 0, 0, 0, 0, 0, 0, 0, 0, 0, 0, 0, 0), (0, 0, 0, 0, 0, 0, 0, 0, 0, 0, 0, 0, 0, 0, 0, 0, 0, 0, 0, 0, 0, 0, 0, 0, 0, 0, 0, 0, 0, 0, 0, 0, 0, 0, 0, 0, 0, 0, 0, 0)]}}
AdaptationManager: Configuring next round...
{'client_registry': {'enabled': True, 'params': {}}, 'client_selector': {'enabled': True, 'params': {'selection_strategy': 'Resource-Based', 'selection_criteria': 'CPU', 'selection_value': 2}}, 'client_cluster': {'enabled': False, 'params': {}}, 'message_compressor': {'enabled': False, 'params': {}}, 'model_co-versioning_registry': {'enabled': False, 'params': {}}, 'multi-task_model_trainer': {'enabled': False, 'params': {}}, 'heterogeneous_data_handler': {'enabled': True, 'params': {'enabled_clients': []}}}
{'client_selector': {'enabled': False}, 'client_cluster': {'enabled': False}, 'message_compressor': {'enabled': False}, 'model_co-versioning_registry': {'enabled': False}, 'multi-task_model_trainer': {'enabled': False}, 'heterogeneous_data_handler': {'enabled': True, 'params': {'enabled_clients': ['Client 1', 'Client 2', 'Client 3', 'Client 4', 'Client 5', 'Client 6', 'Client 7', 'Client 8', 'Client 9', 'Client 10', 'Client 11', 'Client 12', 'Client 13', 'Client 14', 'Client 15', 'Client 16', 'Client 17', 'Client 18', 'Client 19', 'Client 20', 'Client 21', 'Client 22', 'Client 23', 'Client 24', 'Client 25', 'Client 26', 'Client 27', 'Client 28', 'Client 29', 'Client 30', 'Client 31', 'Client 32', 'Client 33', 'Client 34', 'Client 35', 'Client 36', 'Client 37', 'Client 38', 'Client 39', 'Client 40']}}, 'client_registry': {'enabled': True, 'params': {}}}
{'model_type': 'prostate_logreg', 'metrics': {'prostate_logreg': {'train_loss': [0.6685234036765586, 0.640463373103929, 0.6332866406068206, 0.6115823377088085, 0.5940066063787712, 0.5800438984003056, 0.5678492171157684, 0.5595840058146273, 0.5507640565612486, 0.5455696496299964, 0.5387060987097877, 0.5355121071879997, 0.5298232958252941, 0.527998485159533, 0.5230367263379906], 'train_accuracy': [0.5988717339667459, 0.6440023752969121, 0.6566964285714286, 0.683253873659118, 0.715435041716329, 0.7276519666269369, 0.7390625, 0.7428486293206198, 0.75, 0.7529797377830751, 0.7558035714285715, 0.7574493444576877, 0.7629464285714286, 0.7634088200238379, 0.7669642857142858], 'train_f1': [0.5397751450898147, 0.5897373907458786, 0.6492367039628034, 0.6799014888277165, 0.7135455544605325, 0.7263774483340812, 0.7380059791387489, 0.7421052330755649, 0.7491851855599129, 0.7521843268057429, 0.7549600527038086, 0.7566895986218328, 0.7620675644276286, 0.7626251638908601, 0.7660625432772984], 'train_mae': [0.40112826603325413, 0.3559976247030879, 0.34330357142857143, 0.316746126340882, 0.284564958283671, 0.2723480333730632, 0.2609375, 0.2571513706793802, 0.25, 0.2470202622169249, 0.24419642857142856, 0.24255065554231228, 0.23705357142857142, 0.2365911799761621, 0.2330357142857143], 'val_loss': [0.6793654817336683, 0.6519164314215807, 0.6300962863512631, 0.6129808559191114, 0.5999784966355212, 0.5898598949075181, 0.582069103065746, 0.5755248404383364, 0.5705131005590146, 0.5661055184149083, 0.5627203907615674, 0.5595857248171626, 0.5571936701117753, 0.5548491170231425, 0.5530879547400542], 'val_accuracy': [0.5830116785431512, 0.6180670494937753, 0.6483425151975684, 0.6786907539370577, 0.6977589624595306, 0.7095463613386419, 0.7137237208713272, 0.7161102376182386, 0.7181409099544074, 0.7222276815526758, 0.724465314716312, 0.7275515853895637, 0.7283438608156029, 0.7313454678399649, 0.7330400677558258], 'val_f1': [0.5334081925175569, 0.5648002749746265, 0.6081406021682595, 0.6505330851232399, 0.6770462867663786, 0.6932451519598752, 0.6998017688008104, 0.7031433545913758, 0.7059764886328546, 0.7106407269507085, 0.7135559870583488, 0.7171668944156568, 0.7183004837795167, 0.7215474208122807, 0.7234775992005612], 'val_mae': [0.4169883214568488, 0.3819329505062246, 0.3516574848024316, 0.3213092460629422, 0.3022410375404695, 0.2904536386613581, 0.28627627912867276, 0.28388976238176145, 0.28185909004559273, 0.27777231844732414, 0.27553468528368796, 0.27244841461043623, 0.2716561391843972, 0.26865453216003515, 0.26695993224417425], 'jsd': [(0, 0, 0, 0, 0, 0, 0, 0, 0.0034642219743328505, 0.00042941623229211627, 0.021538652516748455, 0.02272086873228655, 0.0012206713952879027, 0.0014409891346113153, 0.042666013215726564, 0.03600088831260688, 0.001452967385689341, 0.022022771157485542, 0.0012206713952879027, 0.12306145811218505, 0.021538652516748455, 0.02272086873228655, 0.0030171758098115793, 0.0007052449150227041, 0.042666013215726564, 0.045824702319694016, 0.022022771157485542, 0.04399676213315208, 0.03600088831260688, 0.0012206713952879027, 0.0012206713952879027, 0.0012206713952879027, 0.0003843884653275346, 0.0034642219743328505, 0.0012206713952879027, 0.00042941623229211627, 0.021371214021228643, 0.0030171758098115793, 0, 0), (0, 0, 0, 0, 0, 0, 0, 0, 0.0034642219743328505, 0.00042941623229211627, 0.021538652516748455, 0.02272086873228655, 0.0012206713952879027, 0.0014409891346113153, 0.042666013215726564, 0.03600088831260688, 0.001452967385689341, 0.022022771157485542, 0.0012206713952879027, 0.12306145811218505, 0.021538652516748455, 0.02272086873228655, 0.0030171758098115793, 0.0007052449150227041, 0.042666013215726564, 0.045824702319694016, 0.022022771157485542, 0.04399676213315208, 0.03600088831260688, 0.0012206713952879027, 0.0012206713952879027, 0.0012206713952879027, 0.0003843884653275346, 0.0034642219743328505, 0.0012206713952879027, 0.00042941623229211627, 0.021371214021228643, 0.0030171758098115793, 0, 0), (0, 0, 0, 0, 0, 0, 0, 0, 0, 0, 0, 0, 0, 0, 0, 0, 0, 0, 0, 0, 0, 0, 0, 0, 0, 0, 0, 0, 0, 0, 0, 0, 0, 0, 0, 0, 0, 0, 0, 0), (0, 0, 0, 0, 0, 0, 0, 0, 0, 0, 0, 0, 0, 0, 0, 0, 0, 0, 0, 0, 0, 0, 0, 0, 0, 0, 0, 0, 0, 0, 0, 0, 0, 0, 0, 0, 0, 0, 0, 0), (0, 0, 0, 0, 0, 0, 0, 0, 0, 0, 0, 0, 0, 0, 0, 0, 0, 0, 0, 0, 0, 0, 0, 0, 0, 0, 0, 0, 0, 0, 0, 0, 0, 0, 0, 0, 0, 0, 0, 0), (0, 0, 0, 0, 0, 0, 0, 0, 0, 0, 0, 0, 0, 0, 0, 0, 0, 0, 0, 0, 0, 0, 0, 0, 0, 0, 0, 0, 0, 0, 0, 0, 0, 0, 0, 0, 0, 0, 0, 0), (0, 0, 0, 0, 0, 0, 0, 0, 0, 0, 0, 0, 0, 0, 0, 0, 0, 0, 0, 0, 0, 0, 0, 0, 0, 0, 0, 0, 0, 0, 0, 0, 0, 0, 0, 0, 0, 0, 0, 0), (0, 0, 0, 0, 0, 0, 0, 0, 0, 0, 0, 0, 0, 0, 0, 0, 0, 0, 0, 0, 0, 0, 0, 0, 0, 0, 0, 0, 0, 0, 0, 0, 0, 0, 0, 0, 0, 0, 0, 0), (0, 0, 0, 0, 0, 0, 0, 0, 0, 0, 0, 0, 0, 0, 0, 0, 0, 0, 0, 0, 0, 0, 0, 0, 0, 0, 0, 0, 0, 0, 0, 0, 0, 0, 0, 0, 0, 0, 0, 0), (0, 0, 0, 0, 0, 0, 0, 0, 0, 0, 0, 0, 0, 0, 0, 0, 0, 0, 0, 0, 0, 0, 0, 0, 0, 0, 0, 0, 0, 0, 0, 0, 0, 0, 0, 0, 0, 0, 0, 0), (0, 0, 0, 0, 0, 0, 0, 0, 0, 0, 0, 0, 0, 0, 0, 0, 0, 0, 0, 0, 0, 0, 0, 0, 0, 0, 0, 0, 0, 0, 0, 0, 0, 0, 0, 0, 0, 0, 0, 0), (0, 0, 0, 0, 0, 0, 0, 0, 0, 0, 0, 0, 0, 0, 0, 0, 0, 0, 0, 0, 0, 0, 0, 0, 0, 0, 0, 0, 0, 0, 0, 0, 0, 0, 0, 0, 0, 0, 0, 0), (0, 0, 0, 0, 0, 0, 0, 0, 0, 0, 0, 0, 0, 0, 0, 0, 0, 0, 0, 0, 0, 0, 0, 0, 0, 0, 0, 0, 0, 0, 0, 0, 0, 0, 0, 0, 0, 0, 0, 0), (0, 0, 0, 0, 0, 0, 0, 0, 0, 0, 0, 0, 0, 0, 0, 0, 0, 0, 0, 0, 0, 0, 0, 0, 0, 0, 0, 0, 0, 0, 0, 0, 0, 0, 0, 0, 0, 0, 0, 0), (0, 0, 0, 0, 0, 0, 0, 0, 0, 0, 0, 0, 0, 0, 0, 0, 0, 0, 0, 0, 0, 0, 0, 0, 0, 0, 0, 0, 0, 0, 0, 0, 0, 0, 0, 0, 0, 0, 0, 0)]}}, 'time': 0.21411943435668945, 'communication_time': 0.18959331512451172}
-0.005922127561864388
client_selector activated ✅
0.001931042417211132
heterogeneous_data_handler de-activated ❌
Client Client 13 participates in this round. (CPU: 2, RAM: 2)
Client Client 33 has insufficient CPU (1). Will not participate in the next FL round.
Client Client 21 participates in this round. (CPU: 2, RAM: 2)
Client Client 25 participates in this round. (CPU: 2, RAM: 2)
Client Client 29 participates in this round. (CPU: 2, RAM: 2)
Client Client 2 participates in this round. (CPU: 2, RAM: 2)
Client Client 4 participates in this round. (CPU: 2, RAM: 2)
Client Client 30 participates in this round. (CPU: 2, RAM: 2)
Client Client 36 has insufficient CPU (1). Will not participate in the next FL round.
Client Client 34 has insufficient CPU (1). Will not participate in the next FL round.
Client Client 7 participates in this round. (CPU: 2, RAM: 2)
Client Client 35 has insufficient CPU (1). Will not participate in the next FL round.
Client Client 8 participates in this round. (CPU: 2, RAM: 2)
Client Client 39 has insufficient CPU (1). Will not participate in the next FL round.
Client Client 9 participates in this round. (CPU: 2, RAM: 2)
Client Client 1 participates in this round. (CPU: 2, RAM: 2)
Client Client 23 participates in this round. (CPU: 2, RAM: 2)
Client Client 3 participates in this round. (CPU: 2, RAM: 2)
Client Client 10 participates in this round. (CPU: 2, RAM: 2)
Client Client 31 has insufficient CPU (1). Will not participate in the next FL round.
Client Client 38 has insufficient CPU (1). Will not participate in the next FL round.
Client Client 14 participates in this round. (CPU: 2, RAM: 2)
Client Client 15 participates in this round. (CPU: 2, RAM: 2)
Client Client 16 participates in this round. (CPU: 2, RAM: 2)
Client Client 12 participates in this round. (CPU: 2, RAM: 2)
Client Client 26 participates in this round. (CPU: 2, RAM: 2)
Client Client 18 participates in this round. (CPU: 2, RAM: 2)
Client Client 28 participates in this round. (CPU: 2, RAM: 2)
Client Client 11 participates in this round. (CPU: 2, RAM: 2)
Client Client 32 has insufficient CPU (1). Will not participate in the next FL round.
Client Client 6 participates in this round. (CPU: 2, RAM: 2)
Client Client 19 participates in this round. (CPU: 2, RAM: 2)
Client Client 40 has insufficient CPU (1). Will not participate in the next FL round.
Client Client 37 has insufficient CPU (1). Will not participate in the next FL round.
Client Client 24 participates in this round. (CPU: 2, RAM: 2)
Client Client 5 participates in this round. (CPU: 2, RAM: 2)
Client Client 17 participates in this round. (CPU: 2, RAM: 2)
Client Client 20 participates in this round. (CPU: 2, RAM: 2)
Client Client 27 participates in this round. (CPU: 2, RAM: 2)
Client Client 22 participates in this round. (CPU: 2, RAM: 2)
Results Aggregated in 0.20 seconds.
{'prostate_logreg': {'train_loss': [0.6685234036765586, 0.640463373103929, 0.6332866406068206, 0.6115823377088085, 0.5940066063787712, 0.5800438984003056, 0.5678492171157684, 0.5595840058146273, 0.5507640565612486, 0.5455696496299964, 0.5387060987097877, 0.5355121071879997, 0.5298232958252941, 0.527998485159533, 0.5230367263379906, 0.5221901759238863], 'train_accuracy': [0.5988717339667459, 0.6440023752969121, 0.6566964285714286, 0.683253873659118, 0.715435041716329, 0.7276519666269369, 0.7390625, 0.7428486293206198, 0.75, 0.7529797377830751, 0.7558035714285715, 0.7574493444576877, 0.7629464285714286, 0.7634088200238379, 0.7669642857142858, 0.7648986889153755], 'train_f1': [0.5397751450898147, 0.5897373907458786, 0.6492367039628034, 0.6799014888277165, 0.7135455544605325, 0.7263774483340812, 0.7380059791387489, 0.7421052330755649, 0.7491851855599129, 0.7521843268057429, 0.7549600527038086, 0.7566895986218328, 0.7620675644276286, 0.7626251638908601, 0.7660625432772984, 0.7640528480527833], 'train_mae': [0.40112826603325413, 0.3559976247030879, 0.34330357142857143, 0.316746126340882, 0.284564958283671, 0.2723480333730632, 0.2609375, 0.2571513706793802, 0.25, 0.2470202622169249, 0.24419642857142856, 0.24255065554231228, 0.23705357142857142, 0.2365911799761621, 0.2330357142857143, 0.23510131108462456], 'val_loss': [0.6793654817336683, 0.6519164314215807, 0.6300962863512631, 0.6129808559191114, 0.5999784966355212, 0.5898598949075181, 0.582069103065746, 0.5755248404383364, 0.5705131005590146, 0.5661055184149083, 0.5627203907615674, 0.5595857248171626, 0.5571936701117753, 0.5548491170231425, 0.5530879547400542, 0.5512529288714546], 'val_accuracy': [0.5830116785431512, 0.6180670494937753, 0.6483425151975684, 0.6786907539370577, 0.6977589624595306, 0.7095463613386419, 0.7137237208713272, 0.7161102376182386, 0.7181409099544074, 0.7222276815526758, 0.724465314716312, 0.7275515853895637, 0.7283438608156029, 0.7313454678399649, 0.7330400677558258, 0.7347985824055994], 'val_f1': [0.5334081925175569, 0.5648002749746265, 0.6081406021682595, 0.6505330851232399, 0.6770462867663786, 0.6932451519598752, 0.6998017688008104, 0.7031433545913758, 0.7059764886328546, 0.7106407269507085, 0.7135559870583488, 0.7171668944156568, 0.7183004837795167, 0.7215474208122807, 0.7234775992005612, 0.7254885503097965], 'val_mae': [0.4169883214568488, 0.3819329505062246, 0.3516574848024316, 0.3213092460629422, 0.3022410375404695, 0.2904536386613581, 0.28627627912867276, 0.28388976238176145, 0.28185909004559273, 0.27777231844732414, 0.27553468528368796, 0.27244841461043623, 0.2716561391843972, 0.26865453216003515, 0.26695993224417425, 0.26520141759440063], 'jsd': [(0, 0, 0, 0, 0, 0, 0, 0, 0.0034642219743328505, 0.00042941623229211627, 0.021538652516748455, 0.02272086873228655, 0.0012206713952879027, 0.0014409891346113153, 0.042666013215726564, 0.03600088831260688, 0.001452967385689341, 0.022022771157485542, 0.0012206713952879027, 0.12306145811218505, 0.021538652516748455, 0.02272086873228655, 0.0030171758098115793, 0.0007052449150227041, 0.042666013215726564, 0.045824702319694016, 0.022022771157485542, 0.04399676213315208, 0.03600088831260688, 0.0012206713952879027, 0.0012206713952879027, 0.0012206713952879027, 0.0003843884653275346, 0.0034642219743328505, 0.0012206713952879027, 0.00042941623229211627, 0.021371214021228643, 0.0030171758098115793, 0, 0), (0, 0, 0, 0, 0, 0, 0, 0, 0.0034642219743328505, 0.00042941623229211627, 0.021538652516748455, 0.02272086873228655, 0.0012206713952879027, 0.0014409891346113153, 0.042666013215726564, 0.03600088831260688, 0.001452967385689341, 0.022022771157485542, 0.0012206713952879027, 0.12306145811218505, 0.021538652516748455, 0.02272086873228655, 0.0030171758098115793, 0.0007052449150227041, 0.042666013215726564, 0.045824702319694016, 0.022022771157485542, 0.04399676213315208, 0.03600088831260688, 0.0012206713952879027, 0.0012206713952879027, 0.0012206713952879027, 0.0003843884653275346, 0.0034642219743328505, 0.0012206713952879027, 0.00042941623229211627, 0.021371214021228643, 0.0030171758098115793, 0, 0), (0, 0, 0, 0, 0, 0, 0, 0, 0, 0, 0, 0, 0, 0, 0, 0, 0, 0, 0, 0, 0, 0, 0, 0, 0, 0, 0, 0, 0, 0, 0, 0, 0, 0, 0, 0, 0, 0, 0, 0), (0, 0, 0, 0, 0, 0, 0, 0, 0, 0, 0, 0, 0, 0, 0, 0, 0, 0, 0, 0, 0, 0, 0, 0, 0, 0, 0, 0, 0, 0, 0, 0, 0, 0, 0, 0, 0, 0, 0, 0), (0, 0, 0, 0, 0, 0, 0, 0, 0, 0, 0, 0, 0, 0, 0, 0, 0, 0, 0, 0, 0, 0, 0, 0, 0, 0, 0, 0, 0, 0, 0, 0, 0, 0, 0, 0, 0, 0, 0, 0), (0, 0, 0, 0, 0, 0, 0, 0, 0, 0, 0, 0, 0, 0, 0, 0, 0, 0, 0, 0, 0, 0, 0, 0, 0, 0, 0, 0, 0, 0, 0, 0, 0, 0, 0, 0, 0, 0, 0, 0), (0, 0, 0, 0, 0, 0, 0, 0, 0, 0, 0, 0, 0, 0, 0, 0, 0, 0, 0, 0, 0, 0, 0, 0, 0, 0, 0, 0, 0, 0, 0, 0, 0, 0, 0, 0, 0, 0, 0, 0), (0, 0, 0, 0, 0, 0, 0, 0, 0, 0, 0, 0, 0, 0, 0, 0, 0, 0, 0, 0, 0, 0, 0, 0, 0, 0, 0, 0, 0, 0, 0, 0, 0, 0, 0, 0, 0, 0, 0, 0), (0, 0, 0, 0, 0, 0, 0, 0, 0, 0, 0, 0, 0, 0, 0, 0, 0, 0, 0, 0, 0, 0, 0, 0, 0, 0, 0, 0, 0, 0, 0, 0, 0, 0, 0, 0, 0, 0, 0, 0), (0, 0, 0, 0, 0, 0, 0, 0, 0, 0, 0, 0, 0, 0, 0, 0, 0, 0, 0, 0, 0, 0, 0, 0, 0, 0, 0, 0, 0, 0, 0, 0, 0, 0, 0, 0, 0, 0, 0, 0), (0, 0, 0, 0, 0, 0, 0, 0, 0, 0, 0, 0, 0, 0, 0, 0, 0, 0, 0, 0, 0, 0, 0, 0, 0, 0, 0, 0, 0, 0, 0, 0, 0, 0, 0, 0, 0, 0, 0, 0), (0, 0, 0, 0, 0, 0, 0, 0, 0, 0, 0, 0, 0, 0, 0, 0, 0, 0, 0, 0, 0, 0, 0, 0, 0, 0, 0, 0, 0, 0, 0, 0, 0, 0, 0, 0, 0, 0, 0, 0), (0, 0, 0, 0, 0, 0, 0, 0, 0, 0, 0, 0, 0, 0, 0, 0, 0, 0, 0, 0, 0, 0, 0, 0, 0, 0, 0, 0, 0, 0, 0, 0, 0, 0, 0, 0, 0, 0, 0, 0), (0, 0, 0, 0, 0, 0, 0, 0, 0, 0, 0, 0, 0, 0, 0, 0, 0, 0, 0, 0, 0, 0, 0, 0, 0, 0, 0, 0, 0, 0, 0, 0, 0, 0, 0, 0, 0, 0, 0, 0), (0, 0, 0, 0, 0, 0, 0, 0, 0, 0, 0, 0, 0, 0, 0, 0, 0, 0, 0, 0, 0, 0, 0, 0, 0, 0, 0, 0, 0, 0, 0, 0, 0, 0, 0, 0, 0, 0, 0, 0), (0, 0, 0, 0, 0, 0, 0, 0, 0, 0, 0, 0, 0, 0, 0, 0, 0, 0, 0, 0, 0, 0, 0, 0, 0, 0, 0, 0, 0, 0, 0, 0, 0, 0, 0, 0, 0, 0, 0, 0)]}}
AdaptationManager: Configuring next round...
{'client_registry': {'enabled': True, 'params': {}}, 'client_selector': {'enabled': True, 'params': {'selection_strategy': 'Resource-Based', 'selection_criteria': 'CPU', 'selection_value': 2}}, 'client_cluster': {'enabled': False, 'params': {}}, 'message_compressor': {'enabled': False, 'params': {}}, 'model_co-versioning_registry': {'enabled': False, 'params': {}}, 'multi-task_model_trainer': {'enabled': False, 'params': {}}, 'heterogeneous_data_handler': {'enabled': True, 'params': {'enabled_clients': []}}}
{'client_selector': {'enabled': True}, 'client_cluster': {'enabled': False}, 'message_compressor': {'enabled': False}, 'model_co-versioning_registry': {'enabled': False}, 'multi-task_model_trainer': {'enabled': False}, 'heterogeneous_data_handler': {'enabled': False, 'params': {'enabled_clients': ['Client 1', 'Client 2', 'Client 3', 'Client 4', 'Client 5', 'Client 6', 'Client 7', 'Client 8', 'Client 9', 'Client 10', 'Client 11', 'Client 12', 'Client 13', 'Client 14', 'Client 15', 'Client 16', 'Client 17', 'Client 18', 'Client 19', 'Client 20', 'Client 21', 'Client 22', 'Client 23', 'Client 24', 'Client 25', 'Client 26', 'Client 27', 'Client 28', 'Client 29', 'Client 30', 'Client 31', 'Client 32', 'Client 33', 'Client 34', 'Client 35', 'Client 36', 'Client 37', 'Client 38', 'Client 39', 'Client 40']}}, 'client_registry': {'enabled': True, 'params': {}}}
{'model_type': 'prostate_logreg', 'metrics': {'prostate_logreg': {'train_loss': [0.6685234036765586, 0.640463373103929, 0.6332866406068206, 0.6115823377088085, 0.5940066063787712, 0.5800438984003056, 0.5678492171157684, 0.5595840058146273, 0.5507640565612486, 0.5455696496299964, 0.5387060987097877, 0.5355121071879997, 0.5298232958252941, 0.527998485159533, 0.5230367263379906, 0.5221901759238863], 'train_accuracy': [0.5988717339667459, 0.6440023752969121, 0.6566964285714286, 0.683253873659118, 0.715435041716329, 0.7276519666269369, 0.7390625, 0.7428486293206198, 0.75, 0.7529797377830751, 0.7558035714285715, 0.7574493444576877, 0.7629464285714286, 0.7634088200238379, 0.7669642857142858, 0.7648986889153755], 'train_f1': [0.5397751450898147, 0.5897373907458786, 0.6492367039628034, 0.6799014888277165, 0.7135455544605325, 0.7263774483340812, 0.7380059791387489, 0.7421052330755649, 0.7491851855599129, 0.7521843268057429, 0.7549600527038086, 0.7566895986218328, 0.7620675644276286, 0.7626251638908601, 0.7660625432772984, 0.7640528480527833], 'train_mae': [0.40112826603325413, 0.3559976247030879, 0.34330357142857143, 0.316746126340882, 0.284564958283671, 0.2723480333730632, 0.2609375, 0.2571513706793802, 0.25, 0.2470202622169249, 0.24419642857142856, 0.24255065554231228, 0.23705357142857142, 0.2365911799761621, 0.2330357142857143, 0.23510131108462456], 'val_loss': [0.6793654817336683, 0.6519164314215807, 0.6300962863512631, 0.6129808559191114, 0.5999784966355212, 0.5898598949075181, 0.582069103065746, 0.5755248404383364, 0.5705131005590146, 0.5661055184149083, 0.5627203907615674, 0.5595857248171626, 0.5571936701117753, 0.5548491170231425, 0.5530879547400542, 0.5512529288714546], 'val_accuracy': [0.5830116785431512, 0.6180670494937753, 0.6483425151975684, 0.6786907539370577, 0.6977589624595306, 0.7095463613386419, 0.7137237208713272, 0.7161102376182386, 0.7181409099544074, 0.7222276815526758, 0.724465314716312, 0.7275515853895637, 0.7283438608156029, 0.7313454678399649, 0.7330400677558258, 0.7347985824055994], 'val_f1': [0.5334081925175569, 0.5648002749746265, 0.6081406021682595, 0.6505330851232399, 0.6770462867663786, 0.6932451519598752, 0.6998017688008104, 0.7031433545913758, 0.7059764886328546, 0.7106407269507085, 0.7135559870583488, 0.7171668944156568, 0.7183004837795167, 0.7215474208122807, 0.7234775992005612, 0.7254885503097965], 'val_mae': [0.4169883214568488, 0.3819329505062246, 0.3516574848024316, 0.3213092460629422, 0.3022410375404695, 0.2904536386613581, 0.28627627912867276, 0.28388976238176145, 0.28185909004559273, 0.27777231844732414, 0.27553468528368796, 0.27244841461043623, 0.2716561391843972, 0.26865453216003515, 0.26695993224417425, 0.26520141759440063], 'jsd': [(0, 0, 0, 0, 0, 0, 0, 0, 0.0034642219743328505, 0.00042941623229211627, 0.021538652516748455, 0.02272086873228655, 0.0012206713952879027, 0.0014409891346113153, 0.042666013215726564, 0.03600088831260688, 0.001452967385689341, 0.022022771157485542, 0.0012206713952879027, 0.12306145811218505, 0.021538652516748455, 0.02272086873228655, 0.0030171758098115793, 0.0007052449150227041, 0.042666013215726564, 0.045824702319694016, 0.022022771157485542, 0.04399676213315208, 0.03600088831260688, 0.0012206713952879027, 0.0012206713952879027, 0.0012206713952879027, 0.0003843884653275346, 0.0034642219743328505, 0.0012206713952879027, 0.00042941623229211627, 0.021371214021228643, 0.0030171758098115793, 0, 0), (0, 0, 0, 0, 0, 0, 0, 0, 0.0034642219743328505, 0.00042941623229211627, 0.021538652516748455, 0.02272086873228655, 0.0012206713952879027, 0.0014409891346113153, 0.042666013215726564, 0.03600088831260688, 0.001452967385689341, 0.022022771157485542, 0.0012206713952879027, 0.12306145811218505, 0.021538652516748455, 0.02272086873228655, 0.0030171758098115793, 0.0007052449150227041, 0.042666013215726564, 0.045824702319694016, 0.022022771157485542, 0.04399676213315208, 0.03600088831260688, 0.0012206713952879027, 0.0012206713952879027, 0.0012206713952879027, 0.0003843884653275346, 0.0034642219743328505, 0.0012206713952879027, 0.00042941623229211627, 0.021371214021228643, 0.0030171758098115793, 0, 0), (0, 0, 0, 0, 0, 0, 0, 0, 0, 0, 0, 0, 0, 0, 0, 0, 0, 0, 0, 0, 0, 0, 0, 0, 0, 0, 0, 0, 0, 0, 0, 0, 0, 0, 0, 0, 0, 0, 0, 0), (0, 0, 0, 0, 0, 0, 0, 0, 0, 0, 0, 0, 0, 0, 0, 0, 0, 0, 0, 0, 0, 0, 0, 0, 0, 0, 0, 0, 0, 0, 0, 0, 0, 0, 0, 0, 0, 0, 0, 0), (0, 0, 0, 0, 0, 0, 0, 0, 0, 0, 0, 0, 0, 0, 0, 0, 0, 0, 0, 0, 0, 0, 0, 0, 0, 0, 0, 0, 0, 0, 0, 0, 0, 0, 0, 0, 0, 0, 0, 0), (0, 0, 0, 0, 0, 0, 0, 0, 0, 0, 0, 0, 0, 0, 0, 0, 0, 0, 0, 0, 0, 0, 0, 0, 0, 0, 0, 0, 0, 0, 0, 0, 0, 0, 0, 0, 0, 0, 0, 0), (0, 0, 0, 0, 0, 0, 0, 0, 0, 0, 0, 0, 0, 0, 0, 0, 0, 0, 0, 0, 0, 0, 0, 0, 0, 0, 0, 0, 0, 0, 0, 0, 0, 0, 0, 0, 0, 0, 0, 0), (0, 0, 0, 0, 0, 0, 0, 0, 0, 0, 0, 0, 0, 0, 0, 0, 0, 0, 0, 0, 0, 0, 0, 0, 0, 0, 0, 0, 0, 0, 0, 0, 0, 0, 0, 0, 0, 0, 0, 0), (0, 0, 0, 0, 0, 0, 0, 0, 0, 0, 0, 0, 0, 0, 0, 0, 0, 0, 0, 0, 0, 0, 0, 0, 0, 0, 0, 0, 0, 0, 0, 0, 0, 0, 0, 0, 0, 0, 0, 0), (0, 0, 0, 0, 0, 0, 0, 0, 0, 0, 0, 0, 0, 0, 0, 0, 0, 0, 0, 0, 0, 0, 0, 0, 0, 0, 0, 0, 0, 0, 0, 0, 0, 0, 0, 0, 0, 0, 0, 0), (0, 0, 0, 0, 0, 0, 0, 0, 0, 0, 0, 0, 0, 0, 0, 0, 0, 0, 0, 0, 0, 0, 0, 0, 0, 0, 0, 0, 0, 0, 0, 0, 0, 0, 0, 0, 0, 0, 0, 0), (0, 0, 0, 0, 0, 0, 0, 0, 0, 0, 0, 0, 0, 0, 0, 0, 0, 0, 0, 0, 0, 0, 0, 0, 0, 0, 0, 0, 0, 0, 0, 0, 0, 0, 0, 0, 0, 0, 0, 0), (0, 0, 0, 0, 0, 0, 0, 0, 0, 0, 0, 0, 0, 0, 0, 0, 0, 0, 0, 0, 0, 0, 0, 0, 0, 0, 0, 0, 0, 0, 0, 0, 0, 0, 0, 0, 0, 0, 0, 0), (0, 0, 0, 0, 0, 0, 0, 0, 0, 0, 0, 0, 0, 0, 0, 0, 0, 0, 0, 0, 0, 0, 0, 0, 0, 0, 0, 0, 0, 0, 0, 0, 0, 0, 0, 0, 0, 0, 0, 0), (0, 0, 0, 0, 0, 0, 0, 0, 0, 0, 0, 0, 0, 0, 0, 0, 0, 0, 0, 0, 0, 0, 0, 0, 0, 0, 0, 0, 0, 0, 0, 0, 0, 0, 0, 0, 0, 0, 0, 0), (0, 0, 0, 0, 0, 0, 0, 0, 0, 0, 0, 0, 0, 0, 0, 0, 0, 0, 0, 0, 0, 0, 0, 0, 0, 0, 0, 0, 0, 0, 0, 0, 0, 0, 0, 0, 0, 0, 0, 0)]}}, 'time': 0.21281123161315918, 'communication_time': 0.20372366905212402}
-0.005391710325939575
client_selector de-activated ❌
0.002011081929509679
heterogeneous_data_handler activated ✅ for clients: ['Client 1', 'Client 2', 'Client 3', 'Client 4', 'Client 5', 'Client 6', 'Client 7', 'Client 8', 'Client 9', 'Client 10', 'Client 11', 'Client 12', 'Client 13', 'Client 14', 'Client 15', 'Client 16', 'Client 17', 'Client 18', 'Client 19', 'Client 20', 'Client 21', 'Client 22', 'Client 23', 'Client 24', 'Client 25', 'Client 26', 'Client 27', 'Client 28', 'Client 29', 'Client 30', 'Client 31', 'Client 32', 'Client 33', 'Client 34', 'Client 35', 'Client 36', 'Client 37', 'Client 38', 'Client 39', 'Client 40']
Results Aggregated in 0.22 seconds.
{'prostate_logreg': {'train_loss': [0.6685234036765586, 0.640463373103929, 0.6332866406068206, 0.6115823377088085, 0.5940066063787712, 0.5800438984003056, 0.5678492171157684, 0.5595840058146273, 0.5507640565612486, 0.5455696496299964, 0.5387060987097877, 0.5355121071879997, 0.5298232958252941, 0.527998485159533, 0.5230367263379906, 0.5221901759238863, 0.5176895130691784], 'train_accuracy': [0.5988717339667459, 0.6440023752969121, 0.6566964285714286, 0.683253873659118, 0.715435041716329, 0.7276519666269369, 0.7390625, 0.7428486293206198, 0.75, 0.7529797377830751, 0.7558035714285715, 0.7574493444576877, 0.7629464285714286, 0.7634088200238379, 0.7669642857142858, 0.7648986889153755, 0.7685267857142857], 'train_f1': [0.5397751450898147, 0.5897373907458786, 0.6492367039628034, 0.6799014888277165, 0.7135455544605325, 0.7263774483340812, 0.7380059791387489, 0.7421052330755649, 0.7491851855599129, 0.7521843268057429, 0.7549600527038086, 0.7566895986218328, 0.7620675644276286, 0.7626251638908601, 0.7660625432772984, 0.7640528480527833, 0.7675994849861243], 'train_mae': [0.40112826603325413, 0.3559976247030879, 0.34330357142857143, 0.316746126340882, 0.284564958283671, 0.2723480333730632, 0.2609375, 0.2571513706793802, 0.25, 0.2470202622169249, 0.24419642857142856, 0.24255065554231228, 0.23705357142857142, 0.2365911799761621, 0.2330357142857143, 0.23510131108462456, 0.2314732142857143], 'val_loss': [0.6793654817336683, 0.6519164314215807, 0.6300962863512631, 0.6129808559191114, 0.5999784966355212, 0.5898598949075181, 0.582069103065746, 0.5755248404383364, 0.5705131005590146, 0.5661055184149083, 0.5627203907615674, 0.5595857248171626, 0.5571936701117753, 0.5548491170231425, 0.5530879547400542, 0.5512529288714546, 0.5499075837842856], 'val_accuracy': [0.5830116785431512, 0.6180670494937753, 0.6483425151975684, 0.6786907539370577, 0.6977589624595306, 0.7095463613386419, 0.7137237208713272, 0.7161102376182386, 0.7181409099544074, 0.7222276815526758, 0.724465314716312, 0.7275515853895637, 0.7283438608156029, 0.7313454678399649, 0.7330400677558258, 0.7347985824055994, 0.7351000506585612], 'val_f1': [0.5334081925175569, 0.5648002749746265, 0.6081406021682595, 0.6505330851232399, 0.6770462867663786, 0.6932451519598752, 0.6998017688008104, 0.7031433545913758, 0.7059764886328546, 0.7106407269507085, 0.7135559870583488, 0.7171668944156568, 0.7183004837795167, 0.7215474208122807, 0.7234775992005612, 0.7254885503097965, 0.7260229542358843], 'val_mae': [0.4169883214568488, 0.3819329505062246, 0.3516574848024316, 0.3213092460629422, 0.3022410375404695, 0.2904536386613581, 0.28627627912867276, 0.28388976238176145, 0.28185909004559273, 0.27777231844732414, 0.27553468528368796, 0.27244841461043623, 0.2716561391843972, 0.26865453216003515, 0.26695993224417425, 0.26520141759440063, 0.26489994934143873], 'jsd': [(0, 0, 0, 0, 0, 0, 0, 0, 0.0034642219743328505, 0.00042941623229211627, 0.021538652516748455, 0.02272086873228655, 0.0012206713952879027, 0.0014409891346113153, 0.042666013215726564, 0.03600088831260688, 0.001452967385689341, 0.022022771157485542, 0.0012206713952879027, 0.12306145811218505, 0.021538652516748455, 0.02272086873228655, 0.0030171758098115793, 0.0007052449150227041, 0.042666013215726564, 0.045824702319694016, 0.022022771157485542, 0.04399676213315208, 0.03600088831260688, 0.0012206713952879027, 0.0012206713952879027, 0.0012206713952879027, 0.0003843884653275346, 0.0034642219743328505, 0.0012206713952879027, 0.00042941623229211627, 0.021371214021228643, 0.0030171758098115793, 0, 0), (0, 0, 0, 0, 0, 0, 0, 0, 0.0034642219743328505, 0.00042941623229211627, 0.021538652516748455, 0.02272086873228655, 0.0012206713952879027, 0.0014409891346113153, 0.042666013215726564, 0.03600088831260688, 0.001452967385689341, 0.022022771157485542, 0.0012206713952879027, 0.12306145811218505, 0.021538652516748455, 0.02272086873228655, 0.0030171758098115793, 0.0007052449150227041, 0.042666013215726564, 0.045824702319694016, 0.022022771157485542, 0.04399676213315208, 0.03600088831260688, 0.0012206713952879027, 0.0012206713952879027, 0.0012206713952879027, 0.0003843884653275346, 0.0034642219743328505, 0.0012206713952879027, 0.00042941623229211627, 0.021371214021228643, 0.0030171758098115793, 0, 0), (0, 0, 0, 0, 0, 0, 0, 0, 0, 0, 0, 0, 0, 0, 0, 0, 0, 0, 0, 0, 0, 0, 0, 0, 0, 0, 0, 0, 0, 0, 0, 0, 0, 0, 0, 0, 0, 0, 0, 0), (0, 0, 0, 0, 0, 0, 0, 0, 0, 0, 0, 0, 0, 0, 0, 0, 0, 0, 0, 0, 0, 0, 0, 0, 0, 0, 0, 0, 0, 0, 0, 0, 0, 0, 0, 0, 0, 0, 0, 0), (0, 0, 0, 0, 0, 0, 0, 0, 0, 0, 0, 0, 0, 0, 0, 0, 0, 0, 0, 0, 0, 0, 0, 0, 0, 0, 0, 0, 0, 0, 0, 0, 0, 0, 0, 0, 0, 0, 0, 0), (0, 0, 0, 0, 0, 0, 0, 0, 0, 0, 0, 0, 0, 0, 0, 0, 0, 0, 0, 0, 0, 0, 0, 0, 0, 0, 0, 0, 0, 0, 0, 0, 0, 0, 0, 0, 0, 0, 0, 0), (0, 0, 0, 0, 0, 0, 0, 0, 0, 0, 0, 0, 0, 0, 0, 0, 0, 0, 0, 0, 0, 0, 0, 0, 0, 0, 0, 0, 0, 0, 0, 0, 0, 0, 0, 0, 0, 0, 0, 0), (0, 0, 0, 0, 0, 0, 0, 0, 0, 0, 0, 0, 0, 0, 0, 0, 0, 0, 0, 0, 0, 0, 0, 0, 0, 0, 0, 0, 0, 0, 0, 0, 0, 0, 0, 0, 0, 0, 0, 0), (0, 0, 0, 0, 0, 0, 0, 0, 0, 0, 0, 0, 0, 0, 0, 0, 0, 0, 0, 0, 0, 0, 0, 0, 0, 0, 0, 0, 0, 0, 0, 0, 0, 0, 0, 0, 0, 0, 0, 0), (0, 0, 0, 0, 0, 0, 0, 0, 0, 0, 0, 0, 0, 0, 0, 0, 0, 0, 0, 0, 0, 0, 0, 0, 0, 0, 0, 0, 0, 0, 0, 0, 0, 0, 0, 0, 0, 0, 0, 0), (0, 0, 0, 0, 0, 0, 0, 0, 0, 0, 0, 0, 0, 0, 0, 0, 0, 0, 0, 0, 0, 0, 0, 0, 0, 0, 0, 0, 0, 0, 0, 0, 0, 0, 0, 0, 0, 0, 0, 0), (0, 0, 0, 0, 0, 0, 0, 0, 0, 0, 0, 0, 0, 0, 0, 0, 0, 0, 0, 0, 0, 0, 0, 0, 0, 0, 0, 0, 0, 0, 0, 0, 0, 0, 0, 0, 0, 0, 0, 0), (0, 0, 0, 0, 0, 0, 0, 0, 0, 0, 0, 0, 0, 0, 0, 0, 0, 0, 0, 0, 0, 0, 0, 0, 0, 0, 0, 0, 0, 0, 0, 0, 0, 0, 0, 0, 0, 0, 0, 0), (0, 0, 0, 0, 0, 0, 0, 0, 0, 0, 0, 0, 0, 0, 0, 0, 0, 0, 0, 0, 0, 0, 0, 0, 0, 0, 0, 0, 0, 0, 0, 0, 0, 0, 0, 0, 0, 0, 0, 0), (0, 0, 0, 0, 0, 0, 0, 0, 0, 0, 0, 0, 0, 0, 0, 0, 0, 0, 0, 0, 0, 0, 0, 0, 0, 0, 0, 0, 0, 0, 0, 0, 0, 0, 0, 0, 0, 0, 0, 0), (0, 0, 0, 0, 0, 0, 0, 0, 0, 0, 0, 0, 0, 0, 0, 0, 0, 0, 0, 0, 0, 0, 0, 0, 0, 0, 0, 0, 0, 0, 0, 0, 0, 0, 0, 0, 0, 0, 0, 0), (0, 0, 0, 0, 0, 0, 0, 0, 0, 0, 0, 0, 0, 0, 0, 0, 0, 0, 0, 0, 0, 0, 0, 0, 0, 0, 0, 0, 0, 0, 0, 0, 0, 0, 0, 0, 0, 0, 0, 0)]}}
AdaptationManager: Configuring next round...
{'client_registry': {'enabled': True, 'params': {}}, 'client_selector': {'enabled': True, 'params': {'selection_strategy': 'Resource-Based', 'selection_criteria': 'CPU', 'selection_value': 2}}, 'client_cluster': {'enabled': False, 'params': {}}, 'message_compressor': {'enabled': False, 'params': {}}, 'model_co-versioning_registry': {'enabled': False, 'params': {}}, 'multi-task_model_trainer': {'enabled': False, 'params': {}}, 'heterogeneous_data_handler': {'enabled': True, 'params': {'enabled_clients': []}}}
{'client_selector': {'enabled': False}, 'client_cluster': {'enabled': False}, 'message_compressor': {'enabled': False}, 'model_co-versioning_registry': {'enabled': False}, 'multi-task_model_trainer': {'enabled': False}, 'heterogeneous_data_handler': {'enabled': True, 'params': {'enabled_clients': ['Client 1', 'Client 2', 'Client 3', 'Client 4', 'Client 5', 'Client 6', 'Client 7', 'Client 8', 'Client 9', 'Client 10', 'Client 11', 'Client 12', 'Client 13', 'Client 14', 'Client 15', 'Client 16', 'Client 17', 'Client 18', 'Client 19', 'Client 20', 'Client 21', 'Client 22', 'Client 23', 'Client 24', 'Client 25', 'Client 26', 'Client 27', 'Client 28', 'Client 29', 'Client 30', 'Client 31', 'Client 32', 'Client 33', 'Client 34', 'Client 35', 'Client 36', 'Client 37', 'Client 38', 'Client 39', 'Client 40']}}, 'client_registry': {'enabled': True, 'params': {}}}
{'model_type': 'prostate_logreg', 'metrics': {'prostate_logreg': {'train_loss': [0.6685234036765586, 0.640463373103929, 0.6332866406068206, 0.6115823377088085, 0.5940066063787712, 0.5800438984003056, 0.5678492171157684, 0.5595840058146273, 0.5507640565612486, 0.5455696496299964, 0.5387060987097877, 0.5355121071879997, 0.5298232958252941, 0.527998485159533, 0.5230367263379906, 0.5221901759238863, 0.5176895130691784], 'train_accuracy': [0.5988717339667459, 0.6440023752969121, 0.6566964285714286, 0.683253873659118, 0.715435041716329, 0.7276519666269369, 0.7390625, 0.7428486293206198, 0.75, 0.7529797377830751, 0.7558035714285715, 0.7574493444576877, 0.7629464285714286, 0.7634088200238379, 0.7669642857142858, 0.7648986889153755, 0.7685267857142857], 'train_f1': [0.5397751450898147, 0.5897373907458786, 0.6492367039628034, 0.6799014888277165, 0.7135455544605325, 0.7263774483340812, 0.7380059791387489, 0.7421052330755649, 0.7491851855599129, 0.7521843268057429, 0.7549600527038086, 0.7566895986218328, 0.7620675644276286, 0.7626251638908601, 0.7660625432772984, 0.7640528480527833, 0.7675994849861243], 'train_mae': [0.40112826603325413, 0.3559976247030879, 0.34330357142857143, 0.316746126340882, 0.284564958283671, 0.2723480333730632, 0.2609375, 0.2571513706793802, 0.25, 0.2470202622169249, 0.24419642857142856, 0.24255065554231228, 0.23705357142857142, 0.2365911799761621, 0.2330357142857143, 0.23510131108462456, 0.2314732142857143], 'val_loss': [0.6793654817336683, 0.6519164314215807, 0.6300962863512631, 0.6129808559191114, 0.5999784966355212, 0.5898598949075181, 0.582069103065746, 0.5755248404383364, 0.5705131005590146, 0.5661055184149083, 0.5627203907615674, 0.5595857248171626, 0.5571936701117753, 0.5548491170231425, 0.5530879547400542, 0.5512529288714546, 0.5499075837842856], 'val_accuracy': [0.5830116785431512, 0.6180670494937753, 0.6483425151975684, 0.6786907539370577, 0.6977589624595306, 0.7095463613386419, 0.7137237208713272, 0.7161102376182386, 0.7181409099544074, 0.7222276815526758, 0.724465314716312, 0.7275515853895637, 0.7283438608156029, 0.7313454678399649, 0.7330400677558258, 0.7347985824055994, 0.7351000506585612], 'val_f1': [0.5334081925175569, 0.5648002749746265, 0.6081406021682595, 0.6505330851232399, 0.6770462867663786, 0.6932451519598752, 0.6998017688008104, 0.7031433545913758, 0.7059764886328546, 0.7106407269507085, 0.7135559870583488, 0.7171668944156568, 0.7183004837795167, 0.7215474208122807, 0.7234775992005612, 0.7254885503097965, 0.7260229542358843], 'val_mae': [0.4169883214568488, 0.3819329505062246, 0.3516574848024316, 0.3213092460629422, 0.3022410375404695, 0.2904536386613581, 0.28627627912867276, 0.28388976238176145, 0.28185909004559273, 0.27777231844732414, 0.27553468528368796, 0.27244841461043623, 0.2716561391843972, 0.26865453216003515, 0.26695993224417425, 0.26520141759440063, 0.26489994934143873], 'jsd': [(0, 0, 0, 0, 0, 0, 0, 0, 0.0034642219743328505, 0.00042941623229211627, 0.021538652516748455, 0.02272086873228655, 0.0012206713952879027, 0.0014409891346113153, 0.042666013215726564, 0.03600088831260688, 0.001452967385689341, 0.022022771157485542, 0.0012206713952879027, 0.12306145811218505, 0.021538652516748455, 0.02272086873228655, 0.0030171758098115793, 0.0007052449150227041, 0.042666013215726564, 0.045824702319694016, 0.022022771157485542, 0.04399676213315208, 0.03600088831260688, 0.0012206713952879027, 0.0012206713952879027, 0.0012206713952879027, 0.0003843884653275346, 0.0034642219743328505, 0.0012206713952879027, 0.00042941623229211627, 0.021371214021228643, 0.0030171758098115793, 0, 0), (0, 0, 0, 0, 0, 0, 0, 0, 0.0034642219743328505, 0.00042941623229211627, 0.021538652516748455, 0.02272086873228655, 0.0012206713952879027, 0.0014409891346113153, 0.042666013215726564, 0.03600088831260688, 0.001452967385689341, 0.022022771157485542, 0.0012206713952879027, 0.12306145811218505, 0.021538652516748455, 0.02272086873228655, 0.0030171758098115793, 0.0007052449150227041, 0.042666013215726564, 0.045824702319694016, 0.022022771157485542, 0.04399676213315208, 0.03600088831260688, 0.0012206713952879027, 0.0012206713952879027, 0.0012206713952879027, 0.0003843884653275346, 0.0034642219743328505, 0.0012206713952879027, 0.00042941623229211627, 0.021371214021228643, 0.0030171758098115793, 0, 0), (0, 0, 0, 0, 0, 0, 0, 0, 0, 0, 0, 0, 0, 0, 0, 0, 0, 0, 0, 0, 0, 0, 0, 0, 0, 0, 0, 0, 0, 0, 0, 0, 0, 0, 0, 0, 0, 0, 0, 0), (0, 0, 0, 0, 0, 0, 0, 0, 0, 0, 0, 0, 0, 0, 0, 0, 0, 0, 0, 0, 0, 0, 0, 0, 0, 0, 0, 0, 0, 0, 0, 0, 0, 0, 0, 0, 0, 0, 0, 0), (0, 0, 0, 0, 0, 0, 0, 0, 0, 0, 0, 0, 0, 0, 0, 0, 0, 0, 0, 0, 0, 0, 0, 0, 0, 0, 0, 0, 0, 0, 0, 0, 0, 0, 0, 0, 0, 0, 0, 0), (0, 0, 0, 0, 0, 0, 0, 0, 0, 0, 0, 0, 0, 0, 0, 0, 0, 0, 0, 0, 0, 0, 0, 0, 0, 0, 0, 0, 0, 0, 0, 0, 0, 0, 0, 0, 0, 0, 0, 0), (0, 0, 0, 0, 0, 0, 0, 0, 0, 0, 0, 0, 0, 0, 0, 0, 0, 0, 0, 0, 0, 0, 0, 0, 0, 0, 0, 0, 0, 0, 0, 0, 0, 0, 0, 0, 0, 0, 0, 0), (0, 0, 0, 0, 0, 0, 0, 0, 0, 0, 0, 0, 0, 0, 0, 0, 0, 0, 0, 0, 0, 0, 0, 0, 0, 0, 0, 0, 0, 0, 0, 0, 0, 0, 0, 0, 0, 0, 0, 0), (0, 0, 0, 0, 0, 0, 0, 0, 0, 0, 0, 0, 0, 0, 0, 0, 0, 0, 0, 0, 0, 0, 0, 0, 0, 0, 0, 0, 0, 0, 0, 0, 0, 0, 0, 0, 0, 0, 0, 0), (0, 0, 0, 0, 0, 0, 0, 0, 0, 0, 0, 0, 0, 0, 0, 0, 0, 0, 0, 0, 0, 0, 0, 0, 0, 0, 0, 0, 0, 0, 0, 0, 0, 0, 0, 0, 0, 0, 0, 0), (0, 0, 0, 0, 0, 0, 0, 0, 0, 0, 0, 0, 0, 0, 0, 0, 0, 0, 0, 0, 0, 0, 0, 0, 0, 0, 0, 0, 0, 0, 0, 0, 0, 0, 0, 0, 0, 0, 0, 0), (0, 0, 0, 0, 0, 0, 0, 0, 0, 0, 0, 0, 0, 0, 0, 0, 0, 0, 0, 0, 0, 0, 0, 0, 0, 0, 0, 0, 0, 0, 0, 0, 0, 0, 0, 0, 0, 0, 0, 0), (0, 0, 0, 0, 0, 0, 0, 0, 0, 0, 0, 0, 0, 0, 0, 0, 0, 0, 0, 0, 0, 0, 0, 0, 0, 0, 0, 0, 0, 0, 0, 0, 0, 0, 0, 0, 0, 0, 0, 0), (0, 0, 0, 0, 0, 0, 0, 0, 0, 0, 0, 0, 0, 0, 0, 0, 0, 0, 0, 0, 0, 0, 0, 0, 0, 0, 0, 0, 0, 0, 0, 0, 0, 0, 0, 0, 0, 0, 0, 0), (0, 0, 0, 0, 0, 0, 0, 0, 0, 0, 0, 0, 0, 0, 0, 0, 0, 0, 0, 0, 0, 0, 0, 0, 0, 0, 0, 0, 0, 0, 0, 0, 0, 0, 0, 0, 0, 0, 0, 0), (0, 0, 0, 0, 0, 0, 0, 0, 0, 0, 0, 0, 0, 0, 0, 0, 0, 0, 0, 0, 0, 0, 0, 0, 0, 0, 0, 0, 0, 0, 0, 0, 0, 0, 0, 0, 0, 0, 0, 0), (0, 0, 0, 0, 0, 0, 0, 0, 0, 0, 0, 0, 0, 0, 0, 0, 0, 0, 0, 0, 0, 0, 0, 0, 0, 0, 0, 0, 0, 0, 0, 0, 0, 0, 0, 0, 0, 0, 0, 0)]}}, 'time': 0.2324354648590088, 'communication_time': 0.21230077743530273}
-0.005714483264496556
client_selector activated ✅
0.0005324415027631381
heterogeneous_data_handler de-activated ❌
Client Client 33 has insufficient CPU (1). Will not participate in the next FL round.
Client Client 38 has insufficient CPU (1). Will not participate in the next FL round.
Client Client 10 participates in this round. (CPU: 2, RAM: 2)
Client Client 29 participates in this round. (CPU: 2, RAM: 2)
Client Client 9 participates in this round. (CPU: 2, RAM: 2)
Client Client 4 participates in this round. (CPU: 2, RAM: 2)
Client Client 7 participates in this round. (CPU: 2, RAM: 2)
Client Client 32 has insufficient CPU (1). Will not participate in the next FL round.
Client Client 19 participates in this round. (CPU: 2, RAM: 2)
Client Client 18 participates in this round. (CPU: 2, RAM: 2)
Client Client 37 has insufficient CPU (1). Will not participate in the next FL round.
Client Client 28 participates in this round. (CPU: 2, RAM: 2)
Client Client 22 participates in this round. (CPU: 2, RAM: 2)
Client Client 23 participates in this round. (CPU: 2, RAM: 2)
Client Client 12 participates in this round. (CPU: 2, RAM: 2)
Client Client 5 participates in this round. (CPU: 2, RAM: 2)
Client Client 34 has insufficient CPU (1). Will not participate in the next FL round.
Client Client 15 participates in this round. (CPU: 2, RAM: 2)
Client Client 14 participates in this round. (CPU: 2, RAM: 2)
Client Client 27 participates in this round. (CPU: 2, RAM: 2)
Client Client 2 participates in this round. (CPU: 2, RAM: 2)
Client Client 40 has insufficient CPU (1). Will not participate in the next FL round.
Client Client 35 has insufficient CPU (1). Will not participate in the next FL round.
Client Client 1 participates in this round. (CPU: 2, RAM: 2)
Client Client 31 has insufficient CPU (1). Will not participate in the next FL round.
Client Client 20 participates in this round. (CPU: 2, RAM: 2)
Client Client 21 participates in this round. (CPU: 2, RAM: 2)
Client Client 16 participates in this round. (CPU: 2, RAM: 2)
Client Client 36 has insufficient CPU (1). Will not participate in the next FL round.
Client Client 11 participates in this round. (CPU: 2, RAM: 2)
Client Client 30 participates in this round. (CPU: 2, RAM: 2)
Client Client 3 participates in this round. (CPU: 2, RAM: 2)
Client Client 13 participates in this round. (CPU: 2, RAM: 2)
Client Client 6 participates in this round. (CPU: 2, RAM: 2)
Client Client 24 participates in this round. (CPU: 2, RAM: 2)
Client Client 39 has insufficient CPU (1). Will not participate in the next FL round.
Client Client 17 participates in this round. (CPU: 2, RAM: 2)
Client Client 25 participates in this round. (CPU: 2, RAM: 2)
Client Client 8 participates in this round. (CPU: 2, RAM: 2)
Client Client 26 participates in this round. (CPU: 2, RAM: 2)
Results Aggregated in 0.21 seconds.
{'prostate_logreg': {'train_loss': [0.6685234036765586, 0.640463373103929, 0.6332866406068206, 0.6115823377088085, 0.5940066063787712, 0.5800438984003056, 0.5678492171157684, 0.5595840058146273, 0.5507640565612486, 0.5455696496299964, 0.5387060987097877, 0.5355121071879997, 0.5298232958252941, 0.527998485159533, 0.5230367263379906, 0.5221901759238863, 0.5176895130691784, 0.5175679209725366], 'train_accuracy': [0.5988717339667459, 0.6440023752969121, 0.6566964285714286, 0.683253873659118, 0.715435041716329, 0.7276519666269369, 0.7390625, 0.7428486293206198, 0.75, 0.7529797377830751, 0.7558035714285715, 0.7574493444576877, 0.7629464285714286, 0.7634088200238379, 0.7669642857142858, 0.7648986889153755, 0.7685267857142857, 0.7681764004767581], 'train_f1': [0.5397751450898147, 0.5897373907458786, 0.6492367039628034, 0.6799014888277165, 0.7135455544605325, 0.7263774483340812, 0.7380059791387489, 0.7421052330755649, 0.7491851855599129, 0.7521843268057429, 0.7549600527038086, 0.7566895986218328, 0.7620675644276286, 0.7626251638908601, 0.7660625432772984, 0.7640528480527833, 0.7675994849861243, 0.7672214504843868], 'train_mae': [0.40112826603325413, 0.3559976247030879, 0.34330357142857143, 0.316746126340882, 0.284564958283671, 0.2723480333730632, 0.2609375, 0.2571513706793802, 0.25, 0.2470202622169249, 0.24419642857142856, 0.24255065554231228, 0.23705357142857142, 0.2365911799761621, 0.2330357142857143, 0.23510131108462456, 0.2314732142857143, 0.23182359952324194], 'val_loss': [0.6793654817336683, 0.6519164314215807, 0.6300962863512631, 0.6129808559191114, 0.5999784966355212, 0.5898598949075181, 0.582069103065746, 0.5755248404383364, 0.5705131005590146, 0.5661055184149083, 0.5627203907615674, 0.5595857248171626, 0.5571936701117753, 0.5548491170231425, 0.5530879547400542, 0.5512529288714546, 0.5499075837842856, 0.548413006776673], 'val_accuracy': [0.5830116785431512, 0.6180670494937753, 0.6483425151975684, 0.6786907539370577, 0.6977589624595306, 0.7095463613386419, 0.7137237208713272, 0.7161102376182386, 0.7181409099544074, 0.7222276815526758, 0.724465314716312, 0.7275515853895637, 0.7283438608156029, 0.7313454678399649, 0.7330400677558258, 0.7347985824055994, 0.7351000506585612, 0.7366873346351195], 'val_f1': [0.5334081925175569, 0.5648002749746265, 0.6081406021682595, 0.6505330851232399, 0.6770462867663786, 0.6932451519598752, 0.6998017688008104, 0.7031433545913758, 0.7059764886328546, 0.7106407269507085, 0.7135559870583488, 0.7171668944156568, 0.7183004837795167, 0.7215474208122807, 0.7234775992005612, 0.7254885503097965, 0.7260229542358843, 0.7276672702266571], 'val_mae': [0.4169883214568488, 0.3819329505062246, 0.3516574848024316, 0.3213092460629422, 0.3022410375404695, 0.2904536386613581, 0.28627627912867276, 0.28388976238176145, 0.28185909004559273, 0.27777231844732414, 0.27553468528368796, 0.27244841461043623, 0.2716561391843972, 0.26865453216003515, 0.26695993224417425, 0.26520141759440063, 0.26489994934143873, 0.2633126653648805], 'jsd': [(0, 0, 0, 0, 0, 0, 0, 0, 0.0034642219743328505, 0.00042941623229211627, 0.021538652516748455, 0.02272086873228655, 0.0012206713952879027, 0.0014409891346113153, 0.042666013215726564, 0.03600088831260688, 0.001452967385689341, 0.022022771157485542, 0.0012206713952879027, 0.12306145811218505, 0.021538652516748455, 0.02272086873228655, 0.0030171758098115793, 0.0007052449150227041, 0.042666013215726564, 0.045824702319694016, 0.022022771157485542, 0.04399676213315208, 0.03600088831260688, 0.0012206713952879027, 0.0012206713952879027, 0.0012206713952879027, 0.0003843884653275346, 0.0034642219743328505, 0.0012206713952879027, 0.00042941623229211627, 0.021371214021228643, 0.0030171758098115793, 0, 0), (0, 0, 0, 0, 0, 0, 0, 0, 0.0034642219743328505, 0.00042941623229211627, 0.021538652516748455, 0.02272086873228655, 0.0012206713952879027, 0.0014409891346113153, 0.042666013215726564, 0.03600088831260688, 0.001452967385689341, 0.022022771157485542, 0.0012206713952879027, 0.12306145811218505, 0.021538652516748455, 0.02272086873228655, 0.0030171758098115793, 0.0007052449150227041, 0.042666013215726564, 0.045824702319694016, 0.022022771157485542, 0.04399676213315208, 0.03600088831260688, 0.0012206713952879027, 0.0012206713952879027, 0.0012206713952879027, 0.0003843884653275346, 0.0034642219743328505, 0.0012206713952879027, 0.00042941623229211627, 0.021371214021228643, 0.0030171758098115793, 0, 0), (0, 0, 0, 0, 0, 0, 0, 0, 0, 0, 0, 0, 0, 0, 0, 0, 0, 0, 0, 0, 0, 0, 0, 0, 0, 0, 0, 0, 0, 0, 0, 0, 0, 0, 0, 0, 0, 0, 0, 0), (0, 0, 0, 0, 0, 0, 0, 0, 0, 0, 0, 0, 0, 0, 0, 0, 0, 0, 0, 0, 0, 0, 0, 0, 0, 0, 0, 0, 0, 0, 0, 0, 0, 0, 0, 0, 0, 0, 0, 0), (0, 0, 0, 0, 0, 0, 0, 0, 0, 0, 0, 0, 0, 0, 0, 0, 0, 0, 0, 0, 0, 0, 0, 0, 0, 0, 0, 0, 0, 0, 0, 0, 0, 0, 0, 0, 0, 0, 0, 0), (0, 0, 0, 0, 0, 0, 0, 0, 0, 0, 0, 0, 0, 0, 0, 0, 0, 0, 0, 0, 0, 0, 0, 0, 0, 0, 0, 0, 0, 0, 0, 0, 0, 0, 0, 0, 0, 0, 0, 0), (0, 0, 0, 0, 0, 0, 0, 0, 0, 0, 0, 0, 0, 0, 0, 0, 0, 0, 0, 0, 0, 0, 0, 0, 0, 0, 0, 0, 0, 0, 0, 0, 0, 0, 0, 0, 0, 0, 0, 0), (0, 0, 0, 0, 0, 0, 0, 0, 0, 0, 0, 0, 0, 0, 0, 0, 0, 0, 0, 0, 0, 0, 0, 0, 0, 0, 0, 0, 0, 0, 0, 0, 0, 0, 0, 0, 0, 0, 0, 0), (0, 0, 0, 0, 0, 0, 0, 0, 0, 0, 0, 0, 0, 0, 0, 0, 0, 0, 0, 0, 0, 0, 0, 0, 0, 0, 0, 0, 0, 0, 0, 0, 0, 0, 0, 0, 0, 0, 0, 0), (0, 0, 0, 0, 0, 0, 0, 0, 0, 0, 0, 0, 0, 0, 0, 0, 0, 0, 0, 0, 0, 0, 0, 0, 0, 0, 0, 0, 0, 0, 0, 0, 0, 0, 0, 0, 0, 0, 0, 0), (0, 0, 0, 0, 0, 0, 0, 0, 0, 0, 0, 0, 0, 0, 0, 0, 0, 0, 0, 0, 0, 0, 0, 0, 0, 0, 0, 0, 0, 0, 0, 0, 0, 0, 0, 0, 0, 0, 0, 0), (0, 0, 0, 0, 0, 0, 0, 0, 0, 0, 0, 0, 0, 0, 0, 0, 0, 0, 0, 0, 0, 0, 0, 0, 0, 0, 0, 0, 0, 0, 0, 0, 0, 0, 0, 0, 0, 0, 0, 0), (0, 0, 0, 0, 0, 0, 0, 0, 0, 0, 0, 0, 0, 0, 0, 0, 0, 0, 0, 0, 0, 0, 0, 0, 0, 0, 0, 0, 0, 0, 0, 0, 0, 0, 0, 0, 0, 0, 0, 0), (0, 0, 0, 0, 0, 0, 0, 0, 0, 0, 0, 0, 0, 0, 0, 0, 0, 0, 0, 0, 0, 0, 0, 0, 0, 0, 0, 0, 0, 0, 0, 0, 0, 0, 0, 0, 0, 0, 0, 0), (0, 0, 0, 0, 0, 0, 0, 0, 0, 0, 0, 0, 0, 0, 0, 0, 0, 0, 0, 0, 0, 0, 0, 0, 0, 0, 0, 0, 0, 0, 0, 0, 0, 0, 0, 0, 0, 0, 0, 0), (0, 0, 0, 0, 0, 0, 0, 0, 0, 0, 0, 0, 0, 0, 0, 0, 0, 0, 0, 0, 0, 0, 0, 0, 0, 0, 0, 0, 0, 0, 0, 0, 0, 0, 0, 0, 0, 0, 0, 0), (0, 0, 0, 0, 0, 0, 0, 0, 0, 0, 0, 0, 0, 0, 0, 0, 0, 0, 0, 0, 0, 0, 0, 0, 0, 0, 0, 0, 0, 0, 0, 0, 0, 0, 0, 0, 0, 0, 0, 0), (0, 0, 0, 0, 0, 0, 0, 0, 0, 0, 0, 0, 0, 0, 0, 0, 0, 0, 0, 0, 0, 0, 0, 0, 0, 0, 0, 0, 0, 0, 0, 0, 0, 0, 0, 0, 0, 0, 0, 0)]}}
AdaptationManager: Configuring next round...
{'client_registry': {'enabled': True, 'params': {}}, 'client_selector': {'enabled': True, 'params': {'selection_strategy': 'Resource-Based', 'selection_criteria': 'CPU', 'selection_value': 2}}, 'client_cluster': {'enabled': False, 'params': {}}, 'message_compressor': {'enabled': False, 'params': {}}, 'model_co-versioning_registry': {'enabled': False, 'params': {}}, 'multi-task_model_trainer': {'enabled': False, 'params': {}}, 'heterogeneous_data_handler': {'enabled': True, 'params': {'enabled_clients': []}}}
{'client_selector': {'enabled': True}, 'client_cluster': {'enabled': False}, 'message_compressor': {'enabled': False}, 'model_co-versioning_registry': {'enabled': False}, 'multi-task_model_trainer': {'enabled': False}, 'heterogeneous_data_handler': {'enabled': False, 'params': {'enabled_clients': ['Client 1', 'Client 2', 'Client 3', 'Client 4', 'Client 5', 'Client 6', 'Client 7', 'Client 8', 'Client 9', 'Client 10', 'Client 11', 'Client 12', 'Client 13', 'Client 14', 'Client 15', 'Client 16', 'Client 17', 'Client 18', 'Client 19', 'Client 20', 'Client 21', 'Client 22', 'Client 23', 'Client 24', 'Client 25', 'Client 26', 'Client 27', 'Client 28', 'Client 29', 'Client 30', 'Client 31', 'Client 32', 'Client 33', 'Client 34', 'Client 35', 'Client 36', 'Client 37', 'Client 38', 'Client 39', 'Client 40']}}, 'client_registry': {'enabled': True, 'params': {}}}
{'model_type': 'prostate_logreg', 'metrics': {'prostate_logreg': {'train_loss': [0.6685234036765586, 0.640463373103929, 0.6332866406068206, 0.6115823377088085, 0.5940066063787712, 0.5800438984003056, 0.5678492171157684, 0.5595840058146273, 0.5507640565612486, 0.5455696496299964, 0.5387060987097877, 0.5355121071879997, 0.5298232958252941, 0.527998485159533, 0.5230367263379906, 0.5221901759238863, 0.5176895130691784, 0.5175679209725366], 'train_accuracy': [0.5988717339667459, 0.6440023752969121, 0.6566964285714286, 0.683253873659118, 0.715435041716329, 0.7276519666269369, 0.7390625, 0.7428486293206198, 0.75, 0.7529797377830751, 0.7558035714285715, 0.7574493444576877, 0.7629464285714286, 0.7634088200238379, 0.7669642857142858, 0.7648986889153755, 0.7685267857142857, 0.7681764004767581], 'train_f1': [0.5397751450898147, 0.5897373907458786, 0.6492367039628034, 0.6799014888277165, 0.7135455544605325, 0.7263774483340812, 0.7380059791387489, 0.7421052330755649, 0.7491851855599129, 0.7521843268057429, 0.7549600527038086, 0.7566895986218328, 0.7620675644276286, 0.7626251638908601, 0.7660625432772984, 0.7640528480527833, 0.7675994849861243, 0.7672214504843868], 'train_mae': [0.40112826603325413, 0.3559976247030879, 0.34330357142857143, 0.316746126340882, 0.284564958283671, 0.2723480333730632, 0.2609375, 0.2571513706793802, 0.25, 0.2470202622169249, 0.24419642857142856, 0.24255065554231228, 0.23705357142857142, 0.2365911799761621, 0.2330357142857143, 0.23510131108462456, 0.2314732142857143, 0.23182359952324194], 'val_loss': [0.6793654817336683, 0.6519164314215807, 0.6300962863512631, 0.6129808559191114, 0.5999784966355212, 0.5898598949075181, 0.582069103065746, 0.5755248404383364, 0.5705131005590146, 0.5661055184149083, 0.5627203907615674, 0.5595857248171626, 0.5571936701117753, 0.5548491170231425, 0.5530879547400542, 0.5512529288714546, 0.5499075837842856, 0.548413006776673], 'val_accuracy': [0.5830116785431512, 0.6180670494937753, 0.6483425151975684, 0.6786907539370577, 0.6977589624595306, 0.7095463613386419, 0.7137237208713272, 0.7161102376182386, 0.7181409099544074, 0.7222276815526758, 0.724465314716312, 0.7275515853895637, 0.7283438608156029, 0.7313454678399649, 0.7330400677558258, 0.7347985824055994, 0.7351000506585612, 0.7366873346351195], 'val_f1': [0.5334081925175569, 0.5648002749746265, 0.6081406021682595, 0.6505330851232399, 0.6770462867663786, 0.6932451519598752, 0.6998017688008104, 0.7031433545913758, 0.7059764886328546, 0.7106407269507085, 0.7135559870583488, 0.7171668944156568, 0.7183004837795167, 0.7215474208122807, 0.7234775992005612, 0.7254885503097965, 0.7260229542358843, 0.7276672702266571], 'val_mae': [0.4169883214568488, 0.3819329505062246, 0.3516574848024316, 0.3213092460629422, 0.3022410375404695, 0.2904536386613581, 0.28627627912867276, 0.28388976238176145, 0.28185909004559273, 0.27777231844732414, 0.27553468528368796, 0.27244841461043623, 0.2716561391843972, 0.26865453216003515, 0.26695993224417425, 0.26520141759440063, 0.26489994934143873, 0.2633126653648805], 'jsd': [(0, 0, 0, 0, 0, 0, 0, 0, 0.0034642219743328505, 0.00042941623229211627, 0.021538652516748455, 0.02272086873228655, 0.0012206713952879027, 0.0014409891346113153, 0.042666013215726564, 0.03600088831260688, 0.001452967385689341, 0.022022771157485542, 0.0012206713952879027, 0.12306145811218505, 0.021538652516748455, 0.02272086873228655, 0.0030171758098115793, 0.0007052449150227041, 0.042666013215726564, 0.045824702319694016, 0.022022771157485542, 0.04399676213315208, 0.03600088831260688, 0.0012206713952879027, 0.0012206713952879027, 0.0012206713952879027, 0.0003843884653275346, 0.0034642219743328505, 0.0012206713952879027, 0.00042941623229211627, 0.021371214021228643, 0.0030171758098115793, 0, 0), (0, 0, 0, 0, 0, 0, 0, 0, 0.0034642219743328505, 0.00042941623229211627, 0.021538652516748455, 0.02272086873228655, 0.0012206713952879027, 0.0014409891346113153, 0.042666013215726564, 0.03600088831260688, 0.001452967385689341, 0.022022771157485542, 0.0012206713952879027, 0.12306145811218505, 0.021538652516748455, 0.02272086873228655, 0.0030171758098115793, 0.0007052449150227041, 0.042666013215726564, 0.045824702319694016, 0.022022771157485542, 0.04399676213315208, 0.03600088831260688, 0.0012206713952879027, 0.0012206713952879027, 0.0012206713952879027, 0.0003843884653275346, 0.0034642219743328505, 0.0012206713952879027, 0.00042941623229211627, 0.021371214021228643, 0.0030171758098115793, 0, 0), (0, 0, 0, 0, 0, 0, 0, 0, 0, 0, 0, 0, 0, 0, 0, 0, 0, 0, 0, 0, 0, 0, 0, 0, 0, 0, 0, 0, 0, 0, 0, 0, 0, 0, 0, 0, 0, 0, 0, 0), (0, 0, 0, 0, 0, 0, 0, 0, 0, 0, 0, 0, 0, 0, 0, 0, 0, 0, 0, 0, 0, 0, 0, 0, 0, 0, 0, 0, 0, 0, 0, 0, 0, 0, 0, 0, 0, 0, 0, 0), (0, 0, 0, 0, 0, 0, 0, 0, 0, 0, 0, 0, 0, 0, 0, 0, 0, 0, 0, 0, 0, 0, 0, 0, 0, 0, 0, 0, 0, 0, 0, 0, 0, 0, 0, 0, 0, 0, 0, 0), (0, 0, 0, 0, 0, 0, 0, 0, 0, 0, 0, 0, 0, 0, 0, 0, 0, 0, 0, 0, 0, 0, 0, 0, 0, 0, 0, 0, 0, 0, 0, 0, 0, 0, 0, 0, 0, 0, 0, 0), (0, 0, 0, 0, 0, 0, 0, 0, 0, 0, 0, 0, 0, 0, 0, 0, 0, 0, 0, 0, 0, 0, 0, 0, 0, 0, 0, 0, 0, 0, 0, 0, 0, 0, 0, 0, 0, 0, 0, 0), (0, 0, 0, 0, 0, 0, 0, 0, 0, 0, 0, 0, 0, 0, 0, 0, 0, 0, 0, 0, 0, 0, 0, 0, 0, 0, 0, 0, 0, 0, 0, 0, 0, 0, 0, 0, 0, 0, 0, 0), (0, 0, 0, 0, 0, 0, 0, 0, 0, 0, 0, 0, 0, 0, 0, 0, 0, 0, 0, 0, 0, 0, 0, 0, 0, 0, 0, 0, 0, 0, 0, 0, 0, 0, 0, 0, 0, 0, 0, 0), (0, 0, 0, 0, 0, 0, 0, 0, 0, 0, 0, 0, 0, 0, 0, 0, 0, 0, 0, 0, 0, 0, 0, 0, 0, 0, 0, 0, 0, 0, 0, 0, 0, 0, 0, 0, 0, 0, 0, 0), (0, 0, 0, 0, 0, 0, 0, 0, 0, 0, 0, 0, 0, 0, 0, 0, 0, 0, 0, 0, 0, 0, 0, 0, 0, 0, 0, 0, 0, 0, 0, 0, 0, 0, 0, 0, 0, 0, 0, 0), (0, 0, 0, 0, 0, 0, 0, 0, 0, 0, 0, 0, 0, 0, 0, 0, 0, 0, 0, 0, 0, 0, 0, 0, 0, 0, 0, 0, 0, 0, 0, 0, 0, 0, 0, 0, 0, 0, 0, 0), (0, 0, 0, 0, 0, 0, 0, 0, 0, 0, 0, 0, 0, 0, 0, 0, 0, 0, 0, 0, 0, 0, 0, 0, 0, 0, 0, 0, 0, 0, 0, 0, 0, 0, 0, 0, 0, 0, 0, 0), (0, 0, 0, 0, 0, 0, 0, 0, 0, 0, 0, 0, 0, 0, 0, 0, 0, 0, 0, 0, 0, 0, 0, 0, 0, 0, 0, 0, 0, 0, 0, 0, 0, 0, 0, 0, 0, 0, 0, 0), (0, 0, 0, 0, 0, 0, 0, 0, 0, 0, 0, 0, 0, 0, 0, 0, 0, 0, 0, 0, 0, 0, 0, 0, 0, 0, 0, 0, 0, 0, 0, 0, 0, 0, 0, 0, 0, 0, 0, 0), (0, 0, 0, 0, 0, 0, 0, 0, 0, 0, 0, 0, 0, 0, 0, 0, 0, 0, 0, 0, 0, 0, 0, 0, 0, 0, 0, 0, 0, 0, 0, 0, 0, 0, 0, 0, 0, 0, 0, 0), (0, 0, 0, 0, 0, 0, 0, 0, 0, 0, 0, 0, 0, 0, 0, 0, 0, 0, 0, 0, 0, 0, 0, 0, 0, 0, 0, 0, 0, 0, 0, 0, 0, 0, 0, 0, 0, 0, 0, 0), (0, 0, 0, 0, 0, 0, 0, 0, 0, 0, 0, 0, 0, 0, 0, 0, 0, 0, 0, 0, 0, 0, 0, 0, 0, 0, 0, 0, 0, 0, 0, 0, 0, 0, 0, 0, 0, 0, 0, 0)]}}, 'time': 0.21784472465515137, 'communication_time': 0.2091197967529297}
-0.004734468042984774
client_selector de-activated ❌
0.0016457750647932458
heterogeneous_data_handler activated ✅ for clients: ['Client 1', 'Client 2', 'Client 3', 'Client 4', 'Client 5', 'Client 6', 'Client 7', 'Client 8', 'Client 9', 'Client 10', 'Client 11', 'Client 12', 'Client 13', 'Client 14', 'Client 15', 'Client 16', 'Client 17', 'Client 18', 'Client 19', 'Client 20', 'Client 21', 'Client 22', 'Client 23', 'Client 24', 'Client 25', 'Client 26', 'Client 27', 'Client 28', 'Client 29', 'Client 30', 'Client 31', 'Client 32', 'Client 33', 'Client 34', 'Client 35', 'Client 36', 'Client 37', 'Client 38', 'Client 39', 'Client 40']
Results Aggregated in 0.22 seconds.
{'prostate_logreg': {'train_loss': [0.6685234036765586, 0.640463373103929, 0.6332866406068206, 0.6115823377088085, 0.5940066063787712, 0.5800438984003056, 0.5678492171157684, 0.5595840058146273, 0.5507640565612486, 0.5455696496299964, 0.5387060987097877, 0.5355121071879997, 0.5298232958252941, 0.527998485159533, 0.5230367263379906, 0.5221901759238863, 0.5176895130691784, 0.5175679209725366, 0.5133652230724692], 'train_accuracy': [0.5988717339667459, 0.6440023752969121, 0.6566964285714286, 0.683253873659118, 0.715435041716329, 0.7276519666269369, 0.7390625, 0.7428486293206198, 0.75, 0.7529797377830751, 0.7558035714285715, 0.7574493444576877, 0.7629464285714286, 0.7634088200238379, 0.7669642857142858, 0.7648986889153755, 0.7685267857142857, 0.7681764004767581, 0.7712053571428571], 'train_f1': [0.5397751450898147, 0.5897373907458786, 0.6492367039628034, 0.6799014888277165, 0.7135455544605325, 0.7263774483340812, 0.7380059791387489, 0.7421052330755649, 0.7491851855599129, 0.7521843268057429, 0.7549600527038086, 0.7566895986218328, 0.7620675644276286, 0.7626251638908601, 0.7660625432772984, 0.7640528480527833, 0.7675994849861243, 0.7672214504843868, 0.7702366385135052], 'train_mae': [0.40112826603325413, 0.3559976247030879, 0.34330357142857143, 0.316746126340882, 0.284564958283671, 0.2723480333730632, 0.2609375, 0.2571513706793802, 0.25, 0.2470202622169249, 0.24419642857142856, 0.24255065554231228, 0.23705357142857142, 0.2365911799761621, 0.2330357142857143, 0.23510131108462456, 0.2314732142857143, 0.23182359952324194, 0.22879464285714285], 'val_loss': [0.6793654817336683, 0.6519164314215807, 0.6300962863512631, 0.6129808559191114, 0.5999784966355212, 0.5898598949075181, 0.582069103065746, 0.5755248404383364, 0.5705131005590146, 0.5661055184149083, 0.5627203907615674, 0.5595857248171626, 0.5571936701117753, 0.5548491170231425, 0.5530879547400542, 0.5512529288714546, 0.5499075837842856, 0.548413006776673, 0.5473513195838443], 'val_accuracy': [0.5830116785431512, 0.6180670494937753, 0.6483425151975684, 0.6786907539370577, 0.6977589624595306, 0.7095463613386419, 0.7137237208713272, 0.7161102376182386, 0.7181409099544074, 0.7222276815526758, 0.724465314716312, 0.7275515853895637, 0.7283438608156029, 0.7313454678399649, 0.7330400677558258, 0.7347985824055994, 0.7351000506585612, 0.7366873346351195, 0.7377995978976697], 'val_f1': [0.5334081925175569, 0.5648002749746265, 0.6081406021682595, 0.6505330851232399, 0.6770462867663786, 0.6932451519598752, 0.6998017688008104, 0.7031433545913758, 0.7059764886328546, 0.7106407269507085, 0.7135559870583488, 0.7171668944156568, 0.7183004837795167, 0.7215474208122807, 0.7234775992005612, 0.7254885503097965, 0.7260229542358843, 0.7276672702266571, 0.7289495218914723], 'val_mae': [0.4169883214568488, 0.3819329505062246, 0.3516574848024316, 0.3213092460629422, 0.3022410375404695, 0.2904536386613581, 0.28627627912867276, 0.28388976238176145, 0.28185909004559273, 0.27777231844732414, 0.27553468528368796, 0.27244841461043623, 0.2716561391843972, 0.26865453216003515, 0.26695993224417425, 0.26520141759440063, 0.26489994934143873, 0.2633126653648805, 0.2622004021023303], 'jsd': [(0, 0, 0, 0, 0, 0, 0, 0, 0.0034642219743328505, 0.00042941623229211627, 0.021538652516748455, 0.02272086873228655, 0.0012206713952879027, 0.0014409891346113153, 0.042666013215726564, 0.03600088831260688, 0.001452967385689341, 0.022022771157485542, 0.0012206713952879027, 0.12306145811218505, 0.021538652516748455, 0.02272086873228655, 0.0030171758098115793, 0.0007052449150227041, 0.042666013215726564, 0.045824702319694016, 0.022022771157485542, 0.04399676213315208, 0.03600088831260688, 0.0012206713952879027, 0.0012206713952879027, 0.0012206713952879027, 0.0003843884653275346, 0.0034642219743328505, 0.0012206713952879027, 0.00042941623229211627, 0.021371214021228643, 0.0030171758098115793, 0, 0), (0, 0, 0, 0, 0, 0, 0, 0, 0.0034642219743328505, 0.00042941623229211627, 0.021538652516748455, 0.02272086873228655, 0.0012206713952879027, 0.0014409891346113153, 0.042666013215726564, 0.03600088831260688, 0.001452967385689341, 0.022022771157485542, 0.0012206713952879027, 0.12306145811218505, 0.021538652516748455, 0.02272086873228655, 0.0030171758098115793, 0.0007052449150227041, 0.042666013215726564, 0.045824702319694016, 0.022022771157485542, 0.04399676213315208, 0.03600088831260688, 0.0012206713952879027, 0.0012206713952879027, 0.0012206713952879027, 0.0003843884653275346, 0.0034642219743328505, 0.0012206713952879027, 0.00042941623229211627, 0.021371214021228643, 0.0030171758098115793, 0, 0), (0, 0, 0, 0, 0, 0, 0, 0, 0, 0, 0, 0, 0, 0, 0, 0, 0, 0, 0, 0, 0, 0, 0, 0, 0, 0, 0, 0, 0, 0, 0, 0, 0, 0, 0, 0, 0, 0, 0, 0), (0, 0, 0, 0, 0, 0, 0, 0, 0, 0, 0, 0, 0, 0, 0, 0, 0, 0, 0, 0, 0, 0, 0, 0, 0, 0, 0, 0, 0, 0, 0, 0, 0, 0, 0, 0, 0, 0, 0, 0), (0, 0, 0, 0, 0, 0, 0, 0, 0, 0, 0, 0, 0, 0, 0, 0, 0, 0, 0, 0, 0, 0, 0, 0, 0, 0, 0, 0, 0, 0, 0, 0, 0, 0, 0, 0, 0, 0, 0, 0), (0, 0, 0, 0, 0, 0, 0, 0, 0, 0, 0, 0, 0, 0, 0, 0, 0, 0, 0, 0, 0, 0, 0, 0, 0, 0, 0, 0, 0, 0, 0, 0, 0, 0, 0, 0, 0, 0, 0, 0), (0, 0, 0, 0, 0, 0, 0, 0, 0, 0, 0, 0, 0, 0, 0, 0, 0, 0, 0, 0, 0, 0, 0, 0, 0, 0, 0, 0, 0, 0, 0, 0, 0, 0, 0, 0, 0, 0, 0, 0), (0, 0, 0, 0, 0, 0, 0, 0, 0, 0, 0, 0, 0, 0, 0, 0, 0, 0, 0, 0, 0, 0, 0, 0, 0, 0, 0, 0, 0, 0, 0, 0, 0, 0, 0, 0, 0, 0, 0, 0), (0, 0, 0, 0, 0, 0, 0, 0, 0, 0, 0, 0, 0, 0, 0, 0, 0, 0, 0, 0, 0, 0, 0, 0, 0, 0, 0, 0, 0, 0, 0, 0, 0, 0, 0, 0, 0, 0, 0, 0), (0, 0, 0, 0, 0, 0, 0, 0, 0, 0, 0, 0, 0, 0, 0, 0, 0, 0, 0, 0, 0, 0, 0, 0, 0, 0, 0, 0, 0, 0, 0, 0, 0, 0, 0, 0, 0, 0, 0, 0), (0, 0, 0, 0, 0, 0, 0, 0, 0, 0, 0, 0, 0, 0, 0, 0, 0, 0, 0, 0, 0, 0, 0, 0, 0, 0, 0, 0, 0, 0, 0, 0, 0, 0, 0, 0, 0, 0, 0, 0), (0, 0, 0, 0, 0, 0, 0, 0, 0, 0, 0, 0, 0, 0, 0, 0, 0, 0, 0, 0, 0, 0, 0, 0, 0, 0, 0, 0, 0, 0, 0, 0, 0, 0, 0, 0, 0, 0, 0, 0), (0, 0, 0, 0, 0, 0, 0, 0, 0, 0, 0, 0, 0, 0, 0, 0, 0, 0, 0, 0, 0, 0, 0, 0, 0, 0, 0, 0, 0, 0, 0, 0, 0, 0, 0, 0, 0, 0, 0, 0), (0, 0, 0, 0, 0, 0, 0, 0, 0, 0, 0, 0, 0, 0, 0, 0, 0, 0, 0, 0, 0, 0, 0, 0, 0, 0, 0, 0, 0, 0, 0, 0, 0, 0, 0, 0, 0, 0, 0, 0), (0, 0, 0, 0, 0, 0, 0, 0, 0, 0, 0, 0, 0, 0, 0, 0, 0, 0, 0, 0, 0, 0, 0, 0, 0, 0, 0, 0, 0, 0, 0, 0, 0, 0, 0, 0, 0, 0, 0, 0), (0, 0, 0, 0, 0, 0, 0, 0, 0, 0, 0, 0, 0, 0, 0, 0, 0, 0, 0, 0, 0, 0, 0, 0, 0, 0, 0, 0, 0, 0, 0, 0, 0, 0, 0, 0, 0, 0, 0, 0), (0, 0, 0, 0, 0, 0, 0, 0, 0, 0, 0, 0, 0, 0, 0, 0, 0, 0, 0, 0, 0, 0, 0, 0, 0, 0, 0, 0, 0, 0, 0, 0, 0, 0, 0, 0, 0, 0, 0, 0), (0, 0, 0, 0, 0, 0, 0, 0, 0, 0, 0, 0, 0, 0, 0, 0, 0, 0, 0, 0, 0, 0, 0, 0, 0, 0, 0, 0, 0, 0, 0, 0, 0, 0, 0, 0, 0, 0, 0, 0), (0, 0, 0, 0, 0, 0, 0, 0, 0, 0, 0, 0, 0, 0, 0, 0, 0, 0, 0, 0, 0, 0, 0, 0, 0, 0, 0, 0, 0, 0, 0, 0, 0, 0, 0, 0, 0, 0, 0, 0)]}}
AdaptationManager: Configuring next round...
{'client_registry': {'enabled': True, 'params': {}}, 'client_selector': {'enabled': True, 'params': {'selection_strategy': 'Resource-Based', 'selection_criteria': 'CPU', 'selection_value': 2}}, 'client_cluster': {'enabled': False, 'params': {}}, 'message_compressor': {'enabled': False, 'params': {}}, 'model_co-versioning_registry': {'enabled': False, 'params': {}}, 'multi-task_model_trainer': {'enabled': False, 'params': {}}, 'heterogeneous_data_handler': {'enabled': True, 'params': {'enabled_clients': []}}}
{'client_selector': {'enabled': False}, 'client_cluster': {'enabled': False}, 'message_compressor': {'enabled': False}, 'model_co-versioning_registry': {'enabled': False}, 'multi-task_model_trainer': {'enabled': False}, 'heterogeneous_data_handler': {'enabled': True, 'params': {'enabled_clients': ['Client 1', 'Client 2', 'Client 3', 'Client 4', 'Client 5', 'Client 6', 'Client 7', 'Client 8', 'Client 9', 'Client 10', 'Client 11', 'Client 12', 'Client 13', 'Client 14', 'Client 15', 'Client 16', 'Client 17', 'Client 18', 'Client 19', 'Client 20', 'Client 21', 'Client 22', 'Client 23', 'Client 24', 'Client 25', 'Client 26', 'Client 27', 'Client 28', 'Client 29', 'Client 30', 'Client 31', 'Client 32', 'Client 33', 'Client 34', 'Client 35', 'Client 36', 'Client 37', 'Client 38', 'Client 39', 'Client 40']}}, 'client_registry': {'enabled': True, 'params': {}}}
{'model_type': 'prostate_logreg', 'metrics': {'prostate_logreg': {'train_loss': [0.6685234036765586, 0.640463373103929, 0.6332866406068206, 0.6115823377088085, 0.5940066063787712, 0.5800438984003056, 0.5678492171157684, 0.5595840058146273, 0.5507640565612486, 0.5455696496299964, 0.5387060987097877, 0.5355121071879997, 0.5298232958252941, 0.527998485159533, 0.5230367263379906, 0.5221901759238863, 0.5176895130691784, 0.5175679209725366, 0.5133652230724692], 'train_accuracy': [0.5988717339667459, 0.6440023752969121, 0.6566964285714286, 0.683253873659118, 0.715435041716329, 0.7276519666269369, 0.7390625, 0.7428486293206198, 0.75, 0.7529797377830751, 0.7558035714285715, 0.7574493444576877, 0.7629464285714286, 0.7634088200238379, 0.7669642857142858, 0.7648986889153755, 0.7685267857142857, 0.7681764004767581, 0.7712053571428571], 'train_f1': [0.5397751450898147, 0.5897373907458786, 0.6492367039628034, 0.6799014888277165, 0.7135455544605325, 0.7263774483340812, 0.7380059791387489, 0.7421052330755649, 0.7491851855599129, 0.7521843268057429, 0.7549600527038086, 0.7566895986218328, 0.7620675644276286, 0.7626251638908601, 0.7660625432772984, 0.7640528480527833, 0.7675994849861243, 0.7672214504843868, 0.7702366385135052], 'train_mae': [0.40112826603325413, 0.3559976247030879, 0.34330357142857143, 0.316746126340882, 0.284564958283671, 0.2723480333730632, 0.2609375, 0.2571513706793802, 0.25, 0.2470202622169249, 0.24419642857142856, 0.24255065554231228, 0.23705357142857142, 0.2365911799761621, 0.2330357142857143, 0.23510131108462456, 0.2314732142857143, 0.23182359952324194, 0.22879464285714285], 'val_loss': [0.6793654817336683, 0.6519164314215807, 0.6300962863512631, 0.6129808559191114, 0.5999784966355212, 0.5898598949075181, 0.582069103065746, 0.5755248404383364, 0.5705131005590146, 0.5661055184149083, 0.5627203907615674, 0.5595857248171626, 0.5571936701117753, 0.5548491170231425, 0.5530879547400542, 0.5512529288714546, 0.5499075837842856, 0.548413006776673, 0.5473513195838443], 'val_accuracy': [0.5830116785431512, 0.6180670494937753, 0.6483425151975684, 0.6786907539370577, 0.6977589624595306, 0.7095463613386419, 0.7137237208713272, 0.7161102376182386, 0.7181409099544074, 0.7222276815526758, 0.724465314716312, 0.7275515853895637, 0.7283438608156029, 0.7313454678399649, 0.7330400677558258, 0.7347985824055994, 0.7351000506585612, 0.7366873346351195, 0.7377995978976697], 'val_f1': [0.5334081925175569, 0.5648002749746265, 0.6081406021682595, 0.6505330851232399, 0.6770462867663786, 0.6932451519598752, 0.6998017688008104, 0.7031433545913758, 0.7059764886328546, 0.7106407269507085, 0.7135559870583488, 0.7171668944156568, 0.7183004837795167, 0.7215474208122807, 0.7234775992005612, 0.7254885503097965, 0.7260229542358843, 0.7276672702266571, 0.7289495218914723], 'val_mae': [0.4169883214568488, 0.3819329505062246, 0.3516574848024316, 0.3213092460629422, 0.3022410375404695, 0.2904536386613581, 0.28627627912867276, 0.28388976238176145, 0.28185909004559273, 0.27777231844732414, 0.27553468528368796, 0.27244841461043623, 0.2716561391843972, 0.26865453216003515, 0.26695993224417425, 0.26520141759440063, 0.26489994934143873, 0.2633126653648805, 0.2622004021023303], 'jsd': [(0, 0, 0, 0, 0, 0, 0, 0, 0.0034642219743328505, 0.00042941623229211627, 0.021538652516748455, 0.02272086873228655, 0.0012206713952879027, 0.0014409891346113153, 0.042666013215726564, 0.03600088831260688, 0.001452967385689341, 0.022022771157485542, 0.0012206713952879027, 0.12306145811218505, 0.021538652516748455, 0.02272086873228655, 0.0030171758098115793, 0.0007052449150227041, 0.042666013215726564, 0.045824702319694016, 0.022022771157485542, 0.04399676213315208, 0.03600088831260688, 0.0012206713952879027, 0.0012206713952879027, 0.0012206713952879027, 0.0003843884653275346, 0.0034642219743328505, 0.0012206713952879027, 0.00042941623229211627, 0.021371214021228643, 0.0030171758098115793, 0, 0), (0, 0, 0, 0, 0, 0, 0, 0, 0.0034642219743328505, 0.00042941623229211627, 0.021538652516748455, 0.02272086873228655, 0.0012206713952879027, 0.0014409891346113153, 0.042666013215726564, 0.03600088831260688, 0.001452967385689341, 0.022022771157485542, 0.0012206713952879027, 0.12306145811218505, 0.021538652516748455, 0.02272086873228655, 0.0030171758098115793, 0.0007052449150227041, 0.042666013215726564, 0.045824702319694016, 0.022022771157485542, 0.04399676213315208, 0.03600088831260688, 0.0012206713952879027, 0.0012206713952879027, 0.0012206713952879027, 0.0003843884653275346, 0.0034642219743328505, 0.0012206713952879027, 0.00042941623229211627, 0.021371214021228643, 0.0030171758098115793, 0, 0), (0, 0, 0, 0, 0, 0, 0, 0, 0, 0, 0, 0, 0, 0, 0, 0, 0, 0, 0, 0, 0, 0, 0, 0, 0, 0, 0, 0, 0, 0, 0, 0, 0, 0, 0, 0, 0, 0, 0, 0), (0, 0, 0, 0, 0, 0, 0, 0, 0, 0, 0, 0, 0, 0, 0, 0, 0, 0, 0, 0, 0, 0, 0, 0, 0, 0, 0, 0, 0, 0, 0, 0, 0, 0, 0, 0, 0, 0, 0, 0), (0, 0, 0, 0, 0, 0, 0, 0, 0, 0, 0, 0, 0, 0, 0, 0, 0, 0, 0, 0, 0, 0, 0, 0, 0, 0, 0, 0, 0, 0, 0, 0, 0, 0, 0, 0, 0, 0, 0, 0), (0, 0, 0, 0, 0, 0, 0, 0, 0, 0, 0, 0, 0, 0, 0, 0, 0, 0, 0, 0, 0, 0, 0, 0, 0, 0, 0, 0, 0, 0, 0, 0, 0, 0, 0, 0, 0, 0, 0, 0), (0, 0, 0, 0, 0, 0, 0, 0, 0, 0, 0, 0, 0, 0, 0, 0, 0, 0, 0, 0, 0, 0, 0, 0, 0, 0, 0, 0, 0, 0, 0, 0, 0, 0, 0, 0, 0, 0, 0, 0), (0, 0, 0, 0, 0, 0, 0, 0, 0, 0, 0, 0, 0, 0, 0, 0, 0, 0, 0, 0, 0, 0, 0, 0, 0, 0, 0, 0, 0, 0, 0, 0, 0, 0, 0, 0, 0, 0, 0, 0), (0, 0, 0, 0, 0, 0, 0, 0, 0, 0, 0, 0, 0, 0, 0, 0, 0, 0, 0, 0, 0, 0, 0, 0, 0, 0, 0, 0, 0, 0, 0, 0, 0, 0, 0, 0, 0, 0, 0, 0), (0, 0, 0, 0, 0, 0, 0, 0, 0, 0, 0, 0, 0, 0, 0, 0, 0, 0, 0, 0, 0, 0, 0, 0, 0, 0, 0, 0, 0, 0, 0, 0, 0, 0, 0, 0, 0, 0, 0, 0), (0, 0, 0, 0, 0, 0, 0, 0, 0, 0, 0, 0, 0, 0, 0, 0, 0, 0, 0, 0, 0, 0, 0, 0, 0, 0, 0, 0, 0, 0, 0, 0, 0, 0, 0, 0, 0, 0, 0, 0), (0, 0, 0, 0, 0, 0, 0, 0, 0, 0, 0, 0, 0, 0, 0, 0, 0, 0, 0, 0, 0, 0, 0, 0, 0, 0, 0, 0, 0, 0, 0, 0, 0, 0, 0, 0, 0, 0, 0, 0), (0, 0, 0, 0, 0, 0, 0, 0, 0, 0, 0, 0, 0, 0, 0, 0, 0, 0, 0, 0, 0, 0, 0, 0, 0, 0, 0, 0, 0, 0, 0, 0, 0, 0, 0, 0, 0, 0, 0, 0), (0, 0, 0, 0, 0, 0, 0, 0, 0, 0, 0, 0, 0, 0, 0, 0, 0, 0, 0, 0, 0, 0, 0, 0, 0, 0, 0, 0, 0, 0, 0, 0, 0, 0, 0, 0, 0, 0, 0, 0), (0, 0, 0, 0, 0, 0, 0, 0, 0, 0, 0, 0, 0, 0, 0, 0, 0, 0, 0, 0, 0, 0, 0, 0, 0, 0, 0, 0, 0, 0, 0, 0, 0, 0, 0, 0, 0, 0, 0, 0), (0, 0, 0, 0, 0, 0, 0, 0, 0, 0, 0, 0, 0, 0, 0, 0, 0, 0, 0, 0, 0, 0, 0, 0, 0, 0, 0, 0, 0, 0, 0, 0, 0, 0, 0, 0, 0, 0, 0, 0), (0, 0, 0, 0, 0, 0, 0, 0, 0, 0, 0, 0, 0, 0, 0, 0, 0, 0, 0, 0, 0, 0, 0, 0, 0, 0, 0, 0, 0, 0, 0, 0, 0, 0, 0, 0, 0, 0, 0, 0), (0, 0, 0, 0, 0, 0, 0, 0, 0, 0, 0, 0, 0, 0, 0, 0, 0, 0, 0, 0, 0, 0, 0, 0, 0, 0, 0, 0, 0, 0, 0, 0, 0, 0, 0, 0, 0, 0, 0, 0), (0, 0, 0, 0, 0, 0, 0, 0, 0, 0, 0, 0, 0, 0, 0, 0, 0, 0, 0, 0, 0, 0, 0, 0, 0, 0, 0, 0, 0, 0, 0, 0, 0, 0, 0, 0, 0, 0, 0, 0)]}}, 'time': 0.23293709754943848, 'communication_time': 0.21399450302124023}
-0.004759180190185522
client_selector activated ✅
0.0012807424275257861
heterogeneous_data_handler de-activated ❌
Client Client 19 participates in this round. (CPU: 2, RAM: 2)
Client Client 14 participates in this round. (CPU: 2, RAM: 2)
Client Client 5 participates in this round. (CPU: 2, RAM: 2)
Client Client 33 has insufficient CPU (1). Will not participate in the next FL round.
Client Client 38 has insufficient CPU (1). Will not participate in the next FL round.
Client Client 29 participates in this round. (CPU: 2, RAM: 2)
Client Client 27 participates in this round. (CPU: 2, RAM: 2)
Client Client 40 has insufficient CPU (1). Will not participate in the next FL round.
Client Client 18 participates in this round. (CPU: 2, RAM: 2)
Client Client 2 participates in this round. (CPU: 2, RAM: 2)
Client Client 8 participates in this round. (CPU: 2, RAM: 2)
Client Client 22 participates in this round. (CPU: 2, RAM: 2)
Client Client 20 participates in this round. (CPU: 2, RAM: 2)
Client Client 31 has insufficient CPU (1). Will not participate in the next FL round.
Client Client 15 participates in this round. (CPU: 2, RAM: 2)
Client Client 16 participates in this round. (CPU: 2, RAM: 2)
Client Client 7 participates in this round. (CPU: 2, RAM: 2)
Client Client 11 participates in this round. (CPU: 2, RAM: 2)
Client Client 25 participates in this round. (CPU: 2, RAM: 2)
Client Client 30 participates in this round. (CPU: 2, RAM: 2)
Client Client 23 participates in this round. (CPU: 2, RAM: 2)
Client Client 35 has insufficient CPU (1). Will not participate in the next FL round.
Client Client 26 participates in this round. (CPU: 2, RAM: 2)
Client Client 37 has insufficient CPU (1). Will not participate in the next FL round.
Client Client 32 has insufficient CPU (1). Will not participate in the next FL round.
Client Client 39 has insufficient CPU (1). Will not participate in the next FL round.
Client Client 17 participates in this round. (CPU: 2, RAM: 2)
Client Client 1 participates in this round. (CPU: 2, RAM: 2)
Client Client 6 participates in this round. (CPU: 2, RAM: 2)
Client Client 12 participates in this round. (CPU: 2, RAM: 2)
Client Client 10 participates in this round. (CPU: 2, RAM: 2)
Client Client 3 participates in this round. (CPU: 2, RAM: 2)
Client Client 36 has insufficient CPU (1). Will not participate in the next FL round.
Client Client 24 participates in this round. (CPU: 2, RAM: 2)
Client Client 9 participates in this round. (CPU: 2, RAM: 2)
Client Client 21 participates in this round. (CPU: 2, RAM: 2)
Client Client 13 participates in this round. (CPU: 2, RAM: 2)
Client Client 34 has insufficient CPU (1). Will not participate in the next FL round.
Client Client 4 participates in this round. (CPU: 2, RAM: 2)
Client Client 28 participates in this round. (CPU: 2, RAM: 2)
Results Aggregated in 0.21 seconds.
{'prostate_logreg': {'train_loss': [0.6685234036765586, 0.640463373103929, 0.6332866406068206, 0.6115823377088085, 0.5940066063787712, 0.5800438984003056, 0.5678492171157684, 0.5595840058146273, 0.5507640565612486, 0.5455696496299964, 0.5387060987097877, 0.5355121071879997, 0.5298232958252941, 0.527998485159533, 0.5230367263379906, 0.5221901759238863, 0.5176895130691784, 0.5175679209725366, 0.5133652230724692, 0.5137977678777208], 'train_accuracy': [0.5988717339667459, 0.6440023752969121, 0.6566964285714286, 0.683253873659118, 0.715435041716329, 0.7276519666269369, 0.7390625, 0.7428486293206198, 0.75, 0.7529797377830751, 0.7558035714285715, 0.7574493444576877, 0.7629464285714286, 0.7634088200238379, 0.7669642857142858, 0.7648986889153755, 0.7685267857142857, 0.7681764004767581, 0.7712053571428571, 0.7696662693682956], 'train_f1': [0.5397751450898147, 0.5897373907458786, 0.6492367039628034, 0.6799014888277165, 0.7135455544605325, 0.7263774483340812, 0.7380059791387489, 0.7421052330755649, 0.7491851855599129, 0.7521843268057429, 0.7549600527038086, 0.7566895986218328, 0.7620675644276286, 0.7626251638908601, 0.7660625432772984, 0.7640528480527833, 0.7675994849861243, 0.7672214504843868, 0.7702366385135052, 0.7687028241698135], 'train_mae': [0.40112826603325413, 0.3559976247030879, 0.34330357142857143, 0.316746126340882, 0.284564958283671, 0.2723480333730632, 0.2609375, 0.2571513706793802, 0.25, 0.2470202622169249, 0.24419642857142856, 0.24255065554231228, 0.23705357142857142, 0.2365911799761621, 0.2330357142857143, 0.23510131108462456, 0.2314732142857143, 0.23182359952324194, 0.22879464285714285, 0.2303337306317044], 'val_loss': [0.6793654817336683, 0.6519164314215807, 0.6300962863512631, 0.6129808559191114, 0.5999784966355212, 0.5898598949075181, 0.582069103065746, 0.5755248404383364, 0.5705131005590146, 0.5661055184149083, 0.5627203907615674, 0.5595857248171626, 0.5571936701117753, 0.5548491170231425, 0.5530879547400542, 0.5512529288714546, 0.5499075837842856, 0.548413006776673, 0.5473513195838443, 0.546091956812005], 'val_accuracy': [0.5830116785431512, 0.6180670494937753, 0.6483425151975684, 0.6786907539370577, 0.6977589624595306, 0.7095463613386419, 0.7137237208713272, 0.7161102376182386, 0.7181409099544074, 0.7222276815526758, 0.724465314716312, 0.7275515853895637, 0.7283438608156029, 0.7313454678399649, 0.7330400677558258, 0.7347985824055994, 0.7351000506585612, 0.7366873346351195, 0.7377995978976697, 0.7389564789220534], 'val_f1': [0.5334081925175569, 0.5648002749746265, 0.6081406021682595, 0.6505330851232399, 0.6770462867663786, 0.6932451519598752, 0.6998017688008104, 0.7031433545913758, 0.7059764886328546, 0.7106407269507085, 0.7135559870583488, 0.7171668944156568, 0.7183004837795167, 0.7215474208122807, 0.7234775992005612, 0.7254885503097965, 0.7260229542358843, 0.7276672702266571, 0.7289495218914723, 0.7300705728733357], 'val_mae': [0.4169883214568488, 0.3819329505062246, 0.3516574848024316, 0.3213092460629422, 0.3022410375404695, 0.2904536386613581, 0.28627627912867276, 0.28388976238176145, 0.28185909004559273, 0.27777231844732414, 0.27553468528368796, 0.27244841461043623, 0.2716561391843972, 0.26865453216003515, 0.26695993224417425, 0.26520141759440063, 0.26489994934143873, 0.2633126653648805, 0.2622004021023303, 0.26104352107794654], 'jsd': [(0, 0, 0, 0, 0, 0, 0, 0, 0.0034642219743328505, 0.00042941623229211627, 0.021538652516748455, 0.02272086873228655, 0.0012206713952879027, 0.0014409891346113153, 0.042666013215726564, 0.03600088831260688, 0.001452967385689341, 0.022022771157485542, 0.0012206713952879027, 0.12306145811218505, 0.021538652516748455, 0.02272086873228655, 0.0030171758098115793, 0.0007052449150227041, 0.042666013215726564, 0.045824702319694016, 0.022022771157485542, 0.04399676213315208, 0.03600088831260688, 0.0012206713952879027, 0.0012206713952879027, 0.0012206713952879027, 0.0003843884653275346, 0.0034642219743328505, 0.0012206713952879027, 0.00042941623229211627, 0.021371214021228643, 0.0030171758098115793, 0, 0), (0, 0, 0, 0, 0, 0, 0, 0, 0.0034642219743328505, 0.00042941623229211627, 0.021538652516748455, 0.02272086873228655, 0.0012206713952879027, 0.0014409891346113153, 0.042666013215726564, 0.03600088831260688, 0.001452967385689341, 0.022022771157485542, 0.0012206713952879027, 0.12306145811218505, 0.021538652516748455, 0.02272086873228655, 0.0030171758098115793, 0.0007052449150227041, 0.042666013215726564, 0.045824702319694016, 0.022022771157485542, 0.04399676213315208, 0.03600088831260688, 0.0012206713952879027, 0.0012206713952879027, 0.0012206713952879027, 0.0003843884653275346, 0.0034642219743328505, 0.0012206713952879027, 0.00042941623229211627, 0.021371214021228643, 0.0030171758098115793, 0, 0), (0, 0, 0, 0, 0, 0, 0, 0, 0, 0, 0, 0, 0, 0, 0, 0, 0, 0, 0, 0, 0, 0, 0, 0, 0, 0, 0, 0, 0, 0, 0, 0, 0, 0, 0, 0, 0, 0, 0, 0), (0, 0, 0, 0, 0, 0, 0, 0, 0, 0, 0, 0, 0, 0, 0, 0, 0, 0, 0, 0, 0, 0, 0, 0, 0, 0, 0, 0, 0, 0, 0, 0, 0, 0, 0, 0, 0, 0, 0, 0), (0, 0, 0, 0, 0, 0, 0, 0, 0, 0, 0, 0, 0, 0, 0, 0, 0, 0, 0, 0, 0, 0, 0, 0, 0, 0, 0, 0, 0, 0, 0, 0, 0, 0, 0, 0, 0, 0, 0, 0), (0, 0, 0, 0, 0, 0, 0, 0, 0, 0, 0, 0, 0, 0, 0, 0, 0, 0, 0, 0, 0, 0, 0, 0, 0, 0, 0, 0, 0, 0, 0, 0, 0, 0, 0, 0, 0, 0, 0, 0), (0, 0, 0, 0, 0, 0, 0, 0, 0, 0, 0, 0, 0, 0, 0, 0, 0, 0, 0, 0, 0, 0, 0, 0, 0, 0, 0, 0, 0, 0, 0, 0, 0, 0, 0, 0, 0, 0, 0, 0), (0, 0, 0, 0, 0, 0, 0, 0, 0, 0, 0, 0, 0, 0, 0, 0, 0, 0, 0, 0, 0, 0, 0, 0, 0, 0, 0, 0, 0, 0, 0, 0, 0, 0, 0, 0, 0, 0, 0, 0), (0, 0, 0, 0, 0, 0, 0, 0, 0, 0, 0, 0, 0, 0, 0, 0, 0, 0, 0, 0, 0, 0, 0, 0, 0, 0, 0, 0, 0, 0, 0, 0, 0, 0, 0, 0, 0, 0, 0, 0), (0, 0, 0, 0, 0, 0, 0, 0, 0, 0, 0, 0, 0, 0, 0, 0, 0, 0, 0, 0, 0, 0, 0, 0, 0, 0, 0, 0, 0, 0, 0, 0, 0, 0, 0, 0, 0, 0, 0, 0), (0, 0, 0, 0, 0, 0, 0, 0, 0, 0, 0, 0, 0, 0, 0, 0, 0, 0, 0, 0, 0, 0, 0, 0, 0, 0, 0, 0, 0, 0, 0, 0, 0, 0, 0, 0, 0, 0, 0, 0), (0, 0, 0, 0, 0, 0, 0, 0, 0, 0, 0, 0, 0, 0, 0, 0, 0, 0, 0, 0, 0, 0, 0, 0, 0, 0, 0, 0, 0, 0, 0, 0, 0, 0, 0, 0, 0, 0, 0, 0), (0, 0, 0, 0, 0, 0, 0, 0, 0, 0, 0, 0, 0, 0, 0, 0, 0, 0, 0, 0, 0, 0, 0, 0, 0, 0, 0, 0, 0, 0, 0, 0, 0, 0, 0, 0, 0, 0, 0, 0), (0, 0, 0, 0, 0, 0, 0, 0, 0, 0, 0, 0, 0, 0, 0, 0, 0, 0, 0, 0, 0, 0, 0, 0, 0, 0, 0, 0, 0, 0, 0, 0, 0, 0, 0, 0, 0, 0, 0, 0), (0, 0, 0, 0, 0, 0, 0, 0, 0, 0, 0, 0, 0, 0, 0, 0, 0, 0, 0, 0, 0, 0, 0, 0, 0, 0, 0, 0, 0, 0, 0, 0, 0, 0, 0, 0, 0, 0, 0, 0), (0, 0, 0, 0, 0, 0, 0, 0, 0, 0, 0, 0, 0, 0, 0, 0, 0, 0, 0, 0, 0, 0, 0, 0, 0, 0, 0, 0, 0, 0, 0, 0, 0, 0, 0, 0, 0, 0, 0, 0), (0, 0, 0, 0, 0, 0, 0, 0, 0, 0, 0, 0, 0, 0, 0, 0, 0, 0, 0, 0, 0, 0, 0, 0, 0, 0, 0, 0, 0, 0, 0, 0, 0, 0, 0, 0, 0, 0, 0, 0), (0, 0, 0, 0, 0, 0, 0, 0, 0, 0, 0, 0, 0, 0, 0, 0, 0, 0, 0, 0, 0, 0, 0, 0, 0, 0, 0, 0, 0, 0, 0, 0, 0, 0, 0, 0, 0, 0, 0, 0), (0, 0, 0, 0, 0, 0, 0, 0, 0, 0, 0, 0, 0, 0, 0, 0, 0, 0, 0, 0, 0, 0, 0, 0, 0, 0, 0, 0, 0, 0, 0, 0, 0, 0, 0, 0, 0, 0, 0, 0), (0, 0, 0, 0, 0, 0, 0, 0, 0, 0, 0, 0, 0, 0, 0, 0, 0, 0, 0, 0, 0, 0, 0, 0, 0, 0, 0, 0, 0, 0, 0, 0, 0, 0, 0, 0, 0, 0, 0, 0)]}}
AdaptationManager: Configuring next round...
{'client_registry': {'enabled': True, 'params': {}}, 'client_selector': {'enabled': True, 'params': {'selection_strategy': 'Resource-Based', 'selection_criteria': 'CPU', 'selection_value': 2}}, 'client_cluster': {'enabled': False, 'params': {}}, 'message_compressor': {'enabled': False, 'params': {}}, 'model_co-versioning_registry': {'enabled': False, 'params': {}}, 'multi-task_model_trainer': {'enabled': False, 'params': {}}, 'heterogeneous_data_handler': {'enabled': True, 'params': {'enabled_clients': []}}}
{'client_selector': {'enabled': True}, 'client_cluster': {'enabled': False}, 'message_compressor': {'enabled': False}, 'model_co-versioning_registry': {'enabled': False}, 'multi-task_model_trainer': {'enabled': False}, 'heterogeneous_data_handler': {'enabled': False, 'params': {'enabled_clients': ['Client 1', 'Client 2', 'Client 3', 'Client 4', 'Client 5', 'Client 6', 'Client 7', 'Client 8', 'Client 9', 'Client 10', 'Client 11', 'Client 12', 'Client 13', 'Client 14', 'Client 15', 'Client 16', 'Client 17', 'Client 18', 'Client 19', 'Client 20', 'Client 21', 'Client 22', 'Client 23', 'Client 24', 'Client 25', 'Client 26', 'Client 27', 'Client 28', 'Client 29', 'Client 30', 'Client 31', 'Client 32', 'Client 33', 'Client 34', 'Client 35', 'Client 36', 'Client 37', 'Client 38', 'Client 39', 'Client 40']}}, 'client_registry': {'enabled': True, 'params': {}}}
{'model_type': 'prostate_logreg', 'metrics': {'prostate_logreg': {'train_loss': [0.6685234036765586, 0.640463373103929, 0.6332866406068206, 0.6115823377088085, 0.5940066063787712, 0.5800438984003056, 0.5678492171157684, 0.5595840058146273, 0.5507640565612486, 0.5455696496299964, 0.5387060987097877, 0.5355121071879997, 0.5298232958252941, 0.527998485159533, 0.5230367263379906, 0.5221901759238863, 0.5176895130691784, 0.5175679209725366, 0.5133652230724692, 0.5137977678777208], 'train_accuracy': [0.5988717339667459, 0.6440023752969121, 0.6566964285714286, 0.683253873659118, 0.715435041716329, 0.7276519666269369, 0.7390625, 0.7428486293206198, 0.75, 0.7529797377830751, 0.7558035714285715, 0.7574493444576877, 0.7629464285714286, 0.7634088200238379, 0.7669642857142858, 0.7648986889153755, 0.7685267857142857, 0.7681764004767581, 0.7712053571428571, 0.7696662693682956], 'train_f1': [0.5397751450898147, 0.5897373907458786, 0.6492367039628034, 0.6799014888277165, 0.7135455544605325, 0.7263774483340812, 0.7380059791387489, 0.7421052330755649, 0.7491851855599129, 0.7521843268057429, 0.7549600527038086, 0.7566895986218328, 0.7620675644276286, 0.7626251638908601, 0.7660625432772984, 0.7640528480527833, 0.7675994849861243, 0.7672214504843868, 0.7702366385135052, 0.7687028241698135], 'train_mae': [0.40112826603325413, 0.3559976247030879, 0.34330357142857143, 0.316746126340882, 0.284564958283671, 0.2723480333730632, 0.2609375, 0.2571513706793802, 0.25, 0.2470202622169249, 0.24419642857142856, 0.24255065554231228, 0.23705357142857142, 0.2365911799761621, 0.2330357142857143, 0.23510131108462456, 0.2314732142857143, 0.23182359952324194, 0.22879464285714285, 0.2303337306317044], 'val_loss': [0.6793654817336683, 0.6519164314215807, 0.6300962863512631, 0.6129808559191114, 0.5999784966355212, 0.5898598949075181, 0.582069103065746, 0.5755248404383364, 0.5705131005590146, 0.5661055184149083, 0.5627203907615674, 0.5595857248171626, 0.5571936701117753, 0.5548491170231425, 0.5530879547400542, 0.5512529288714546, 0.5499075837842856, 0.548413006776673, 0.5473513195838443, 0.546091956812005], 'val_accuracy': [0.5830116785431512, 0.6180670494937753, 0.6483425151975684, 0.6786907539370577, 0.6977589624595306, 0.7095463613386419, 0.7137237208713272, 0.7161102376182386, 0.7181409099544074, 0.7222276815526758, 0.724465314716312, 0.7275515853895637, 0.7283438608156029, 0.7313454678399649, 0.7330400677558258, 0.7347985824055994, 0.7351000506585612, 0.7366873346351195, 0.7377995978976697, 0.7389564789220534], 'val_f1': [0.5334081925175569, 0.5648002749746265, 0.6081406021682595, 0.6505330851232399, 0.6770462867663786, 0.6932451519598752, 0.6998017688008104, 0.7031433545913758, 0.7059764886328546, 0.7106407269507085, 0.7135559870583488, 0.7171668944156568, 0.7183004837795167, 0.7215474208122807, 0.7234775992005612, 0.7254885503097965, 0.7260229542358843, 0.7276672702266571, 0.7289495218914723, 0.7300705728733357], 'val_mae': [0.4169883214568488, 0.3819329505062246, 0.3516574848024316, 0.3213092460629422, 0.3022410375404695, 0.2904536386613581, 0.28627627912867276, 0.28388976238176145, 0.28185909004559273, 0.27777231844732414, 0.27553468528368796, 0.27244841461043623, 0.2716561391843972, 0.26865453216003515, 0.26695993224417425, 0.26520141759440063, 0.26489994934143873, 0.2633126653648805, 0.2622004021023303, 0.26104352107794654], 'jsd': [(0, 0, 0, 0, 0, 0, 0, 0, 0.0034642219743328505, 0.00042941623229211627, 0.021538652516748455, 0.02272086873228655, 0.0012206713952879027, 0.0014409891346113153, 0.042666013215726564, 0.03600088831260688, 0.001452967385689341, 0.022022771157485542, 0.0012206713952879027, 0.12306145811218505, 0.021538652516748455, 0.02272086873228655, 0.0030171758098115793, 0.0007052449150227041, 0.042666013215726564, 0.045824702319694016, 0.022022771157485542, 0.04399676213315208, 0.03600088831260688, 0.0012206713952879027, 0.0012206713952879027, 0.0012206713952879027, 0.0003843884653275346, 0.0034642219743328505, 0.0012206713952879027, 0.00042941623229211627, 0.021371214021228643, 0.0030171758098115793, 0, 0), (0, 0, 0, 0, 0, 0, 0, 0, 0.0034642219743328505, 0.00042941623229211627, 0.021538652516748455, 0.02272086873228655, 0.0012206713952879027, 0.0014409891346113153, 0.042666013215726564, 0.03600088831260688, 0.001452967385689341, 0.022022771157485542, 0.0012206713952879027, 0.12306145811218505, 0.021538652516748455, 0.02272086873228655, 0.0030171758098115793, 0.0007052449150227041, 0.042666013215726564, 0.045824702319694016, 0.022022771157485542, 0.04399676213315208, 0.03600088831260688, 0.0012206713952879027, 0.0012206713952879027, 0.0012206713952879027, 0.0003843884653275346, 0.0034642219743328505, 0.0012206713952879027, 0.00042941623229211627, 0.021371214021228643, 0.0030171758098115793, 0, 0), (0, 0, 0, 0, 0, 0, 0, 0, 0, 0, 0, 0, 0, 0, 0, 0, 0, 0, 0, 0, 0, 0, 0, 0, 0, 0, 0, 0, 0, 0, 0, 0, 0, 0, 0, 0, 0, 0, 0, 0), (0, 0, 0, 0, 0, 0, 0, 0, 0, 0, 0, 0, 0, 0, 0, 0, 0, 0, 0, 0, 0, 0, 0, 0, 0, 0, 0, 0, 0, 0, 0, 0, 0, 0, 0, 0, 0, 0, 0, 0), (0, 0, 0, 0, 0, 0, 0, 0, 0, 0, 0, 0, 0, 0, 0, 0, 0, 0, 0, 0, 0, 0, 0, 0, 0, 0, 0, 0, 0, 0, 0, 0, 0, 0, 0, 0, 0, 0, 0, 0), (0, 0, 0, 0, 0, 0, 0, 0, 0, 0, 0, 0, 0, 0, 0, 0, 0, 0, 0, 0, 0, 0, 0, 0, 0, 0, 0, 0, 0, 0, 0, 0, 0, 0, 0, 0, 0, 0, 0, 0), (0, 0, 0, 0, 0, 0, 0, 0, 0, 0, 0, 0, 0, 0, 0, 0, 0, 0, 0, 0, 0, 0, 0, 0, 0, 0, 0, 0, 0, 0, 0, 0, 0, 0, 0, 0, 0, 0, 0, 0), (0, 0, 0, 0, 0, 0, 0, 0, 0, 0, 0, 0, 0, 0, 0, 0, 0, 0, 0, 0, 0, 0, 0, 0, 0, 0, 0, 0, 0, 0, 0, 0, 0, 0, 0, 0, 0, 0, 0, 0), (0, 0, 0, 0, 0, 0, 0, 0, 0, 0, 0, 0, 0, 0, 0, 0, 0, 0, 0, 0, 0, 0, 0, 0, 0, 0, 0, 0, 0, 0, 0, 0, 0, 0, 0, 0, 0, 0, 0, 0), (0, 0, 0, 0, 0, 0, 0, 0, 0, 0, 0, 0, 0, 0, 0, 0, 0, 0, 0, 0, 0, 0, 0, 0, 0, 0, 0, 0, 0, 0, 0, 0, 0, 0, 0, 0, 0, 0, 0, 0), (0, 0, 0, 0, 0, 0, 0, 0, 0, 0, 0, 0, 0, 0, 0, 0, 0, 0, 0, 0, 0, 0, 0, 0, 0, 0, 0, 0, 0, 0, 0, 0, 0, 0, 0, 0, 0, 0, 0, 0), (0, 0, 0, 0, 0, 0, 0, 0, 0, 0, 0, 0, 0, 0, 0, 0, 0, 0, 0, 0, 0, 0, 0, 0, 0, 0, 0, 0, 0, 0, 0, 0, 0, 0, 0, 0, 0, 0, 0, 0), (0, 0, 0, 0, 0, 0, 0, 0, 0, 0, 0, 0, 0, 0, 0, 0, 0, 0, 0, 0, 0, 0, 0, 0, 0, 0, 0, 0, 0, 0, 0, 0, 0, 0, 0, 0, 0, 0, 0, 0), (0, 0, 0, 0, 0, 0, 0, 0, 0, 0, 0, 0, 0, 0, 0, 0, 0, 0, 0, 0, 0, 0, 0, 0, 0, 0, 0, 0, 0, 0, 0, 0, 0, 0, 0, 0, 0, 0, 0, 0), (0, 0, 0, 0, 0, 0, 0, 0, 0, 0, 0, 0, 0, 0, 0, 0, 0, 0, 0, 0, 0, 0, 0, 0, 0, 0, 0, 0, 0, 0, 0, 0, 0, 0, 0, 0, 0, 0, 0, 0), (0, 0, 0, 0, 0, 0, 0, 0, 0, 0, 0, 0, 0, 0, 0, 0, 0, 0, 0, 0, 0, 0, 0, 0, 0, 0, 0, 0, 0, 0, 0, 0, 0, 0, 0, 0, 0, 0, 0, 0), (0, 0, 0, 0, 0, 0, 0, 0, 0, 0, 0, 0, 0, 0, 0, 0, 0, 0, 0, 0, 0, 0, 0, 0, 0, 0, 0, 0, 0, 0, 0, 0, 0, 0, 0, 0, 0, 0, 0, 0), (0, 0, 0, 0, 0, 0, 0, 0, 0, 0, 0, 0, 0, 0, 0, 0, 0, 0, 0, 0, 0, 0, 0, 0, 0, 0, 0, 0, 0, 0, 0, 0, 0, 0, 0, 0, 0, 0, 0, 0), (0, 0, 0, 0, 0, 0, 0, 0, 0, 0, 0, 0, 0, 0, 0, 0, 0, 0, 0, 0, 0, 0, 0, 0, 0, 0, 0, 0, 0, 0, 0, 0, 0, 0, 0, 0, 0, 0, 0, 0), (0, 0, 0, 0, 0, 0, 0, 0, 0, 0, 0, 0, 0, 0, 0, 0, 0, 0, 0, 0, 0, 0, 0, 0, 0, 0, 0, 0, 0, 0, 0, 0, 0, 0, 0, 0, 0, 0, 0, 0)]}}, 'time': 0.2152881622314453, 'communication_time': 0.20656728744506836}
-0.004089442597175724
client_selector de-activated ❌
0.0011228158753951245
heterogeneous_data_handler activated ✅ for clients: ['Client 1', 'Client 2', 'Client 3', 'Client 4', 'Client 5', 'Client 6', 'Client 7', 'Client 8', 'Client 9', 'Client 10', 'Client 11', 'Client 12', 'Client 13', 'Client 14', 'Client 15', 'Client 16', 'Client 17', 'Client 18', 'Client 19', 'Client 20', 'Client 21', 'Client 22', 'Client 23', 'Client 24', 'Client 25', 'Client 26', 'Client 27', 'Client 28', 'Client 29', 'Client 30', 'Client 31', 'Client 32', 'Client 33', 'Client 34', 'Client 35', 'Client 36', 'Client 37', 'Client 38', 'Client 39', 'Client 40']
