==========================================
  ___  ______  ___ ______       _ 
 / _ \ | ___ \/   ||  ___|     | |
/ /_\ \| |_/ / /| || |_ ___  __| |
|  _  ||  __/ /_| ||  _/ _ \/ _` |
| | | || |  \___  || ||  __/ (_| |
\_| |_/\_|      |_/\_| \___|\__,_| v.1.5.0

==========================================
Simulation Started!
List of the Architectural Patterns enabled:
Client Registry ✅
Client Selector ✅
 AP Parameters: {'selection_strategy': 'Resource-Based', 'selection_criteria': 'CPU', 'selection_value': 2}
Heterogeneous Data Handler ✅
 AP Parameters: {'enabled_clients': []}
==========================================
Client Client 2 participates in this round. (CPU: 2, RAM: 2)
Client Client 9 participates in this round. (CPU: 2, RAM: 2)
Client Client 3 participates in this round. (CPU: 2, RAM: 2)
Client Client 5 participates in this round. (CPU: 2, RAM: 2)
Client Client 6 participates in this round. (CPU: 2, RAM: 2)
Client Client 7 participates in this round. (CPU: 2, RAM: 2)
Client Client 4 participates in this round. (CPU: 2, RAM: 2)
Client Client 1 participates in this round. (CPU: 2, RAM: 2)
Client Client 8 participates in this round. (CPU: 2, RAM: 2)
Client Client 14 has insufficient CPU (1). Will not participate in the next FL round.
Client Client 17 has insufficient CPU (1). Will not participate in the next FL round.
Client Client 13 has insufficient CPU (1). Will not participate in the next FL round.
Client Client 33 has insufficient CPU (1). Will not participate in the next FL round.
Client Client 26 has insufficient CPU (1). Will not participate in the next FL round.
Client Client 25 has insufficient CPU (1). Will not participate in the next FL round.
Client Client 35 has insufficient CPU (1). Will not participate in the next FL round.
Client Client 16 has insufficient CPU (1). Will not participate in the next FL round.
Client Client 20 has insufficient CPU (1). Will not participate in the next FL round.
Client Client 30 has insufficient CPU (1). Will not participate in the next FL round.
Client Client 40 has insufficient CPU (1). Will not participate in the next FL round.
Client Client 19 has insufficient CPU (1). Will not participate in the next FL round.
Client Client 21 has insufficient CPU (1). Will not participate in the next FL round.
Client Client 32 has insufficient CPU (1). Will not participate in the next FL round.
Client Client 10 participates in this round. (CPU: 2, RAM: 2)
Client Client 11 has insufficient CPU (1). Will not participate in the next FL round.
Client Client 18 has insufficient CPU (1). Will not participate in the next FL round.
Client Client 22 has insufficient CPU (1). Will not participate in the next FL round.
Client Client 36 has insufficient CPU (1). Will not participate in the next FL round.
Client Client 29 has insufficient CPU (1). Will not participate in the next FL round.
Client Client 37 has insufficient CPU (1). Will not participate in the next FL round.
Client Client 15 has insufficient CPU (1). Will not participate in the next FL round.
Client Client 34 has insufficient CPU (1). Will not participate in the next FL round.
Client Client 39 has insufficient CPU (1). Will not participate in the next FL round.
Client Client 31 has insufficient CPU (1). Will not participate in the next FL round.
Client Client 24 has insufficient CPU (1). Will not participate in the next FL round.
Client Client 27 has insufficient CPU (1). Will not participate in the next FL round.
Client Client 28 has insufficient CPU (1). Will not participate in the next FL round.
Client Client 12 has insufficient CPU (1). Will not participate in the next FL round.
Client Client 38 has insufficient CPU (1). Will not participate in the next FL round.
Client Client 23 has insufficient CPU (1). Will not participate in the next FL round.
Results Aggregated in 2.19 seconds.
{'prostate_logreg': {'train_loss': [0.7034435915688279], 'train_accuracy': [0.4783001808318264], 'train_f1': [0.4744495192067388], 'train_mae': [0.5216998191681737], 'val_loss': [0.7420563817875803], 'val_accuracy': [0.42155297346517384], 'val_f1': [0.4210351719625235], 'val_mae': [0.5784470265348262], 'jsd': [(0, 0, 0, 0, 0, 0, 0, 0, 0, 0, 0, 0, 0, 0, 0, 0, 0, 0, 0, 0, 0, 0, 0, 0, 0, 0, 0, 0, 0, 0, 0, 0, 0, 0, 0, 0, 0, 0, 0, 0)]}}
Client Client 1 participates in this round. (CPU: 2, RAM: 2)
Client Client 3 participates in this round. (CPU: 2, RAM: 2)
Client Client 16 has insufficient CPU (1). Will not participate in the next FL round.
Client Client 33 has insufficient CPU (1). Will not participate in the next FL round.
Client Client 30 has insufficient CPU (1). Will not participate in the next FL round.
Client Client 22 has insufficient CPU (1). Will not participate in the next FL round.
Client Client 32 has insufficient CPU (1). Will not participate in the next FL round.
Client Client 5 participates in this round. (CPU: 2, RAM: 2)
Client Client 40 has insufficient CPU (1). Will not participate in the next FL round.
Client Client 26 has insufficient CPU (1). Will not participate in the next FL round.
Client Client 10 participates in this round. (CPU: 2, RAM: 2)
Client Client 17 has insufficient CPU (1). Will not participate in the next FL round.
Client Client 21 has insufficient CPU (1). Will not participate in the next FL round.
Client Client 14 has insufficient CPU (1). Will not participate in the next FL round.
Client Client 34 has insufficient CPU (1). Will not participate in the next FL round.
Client Client 35 has insufficient CPU (1). Will not participate in the next FL round.
Client Client 7 participates in this round. (CPU: 2, RAM: 2)
Client Client 18 has insufficient CPU (1). Will not participate in the next FL round.
Client Client 36 has insufficient CPU (1). Will not participate in the next FL round.
Client Client 2 participates in this round. (CPU: 2, RAM: 2)
Client Client 24 has insufficient CPU (1). Will not participate in the next FL round.
Client Client 6 participates in this round. (CPU: 2, RAM: 2)
Client Client 23 has insufficient CPU (1). Will not participate in the next FL round.
Client Client 37 has insufficient CPU (1). Will not participate in the next FL round.
Client Client 13 has insufficient CPU (1). Will not participate in the next FL round.
Client Client 28 has insufficient CPU (1). Will not participate in the next FL round.
Client Client 25 has insufficient CPU (1). Will not participate in the next FL round.
Client Client 8 participates in this round. (CPU: 2, RAM: 2)
Client Client 4 participates in this round. (CPU: 2, RAM: 2)
Client Client 11 has insufficient CPU (1). Will not participate in the next FL round.
Client Client 39 has insufficient CPU (1). Will not participate in the next FL round.
Client Client 19 has insufficient CPU (1). Will not participate in the next FL round.
Client Client 15 has insufficient CPU (1). Will not participate in the next FL round.
Client Client 27 has insufficient CPU (1). Will not participate in the next FL round.
Client Client 9 participates in this round. (CPU: 2, RAM: 2)
Client Client 38 has insufficient CPU (1). Will not participate in the next FL round.
Client Client 20 has insufficient CPU (1). Will not participate in the next FL round.
Client Client 31 has insufficient CPU (1). Will not participate in the next FL round.
Client Client 29 has insufficient CPU (1). Will not participate in the next FL round.
Client Client 12 has insufficient CPU (1). Will not participate in the next FL round.
Results Aggregated in 0.10 seconds.
{'prostate_logreg': {'train_loss': [0.7034435915688279, 0.6645639784512856], 'train_accuracy': [0.4783001808318264, 0.530741410488246], 'train_f1': [0.4744495192067388, 0.5275093657327279], 'train_mae': [0.5216998191681737, 0.4692585895117541], 'val_loss': [0.7420563817875803, 0.7051843740085679], 'val_accuracy': [0.42155297346517384, 0.4701563361676478], 'val_f1': [0.4210351719625235, 0.46986444537417904], 'val_mae': [0.5784470265348262, 0.5298436638323522], 'jsd': [(0, 0, 0, 0, 0, 0, 0, 0, 0, 0, 0, 0, 0, 0, 0, 0, 0, 0, 0, 0, 0, 0, 0, 0, 0, 0, 0, 0, 0, 0, 0, 0, 0, 0, 0, 0, 0, 0, 0, 0), (0, 0, 0, 0, 0, 0, 0, 0, 0, 0, 0, 0, 0, 0, 0, 0, 0, 0, 0, 0, 0, 0, 0, 0, 0, 0, 0, 0, 0, 0, 0, 0, 0, 0, 0, 0, 0, 0, 0, 0)]}}
Client Client 24 has insufficient CPU (1). Will not participate in the next FL round.
Client Client 33 has insufficient CPU (1). Will not participate in the next FL round.
Client Client 32 has insufficient CPU (1). Will not participate in the next FL round.
Client Client 5 participates in this round. (CPU: 2, RAM: 2)
Client Client 40 has insufficient CPU (1). Will not participate in the next FL round.
Client Client 25 has insufficient CPU (1). Will not participate in the next FL round.
Client Client 16 has insufficient CPU (1). Will not participate in the next FL round.
Client Client 12 has insufficient CPU (1). Will not participate in the next FL round.
Client Client 15 has insufficient CPU (1). Will not participate in the next FL round.
Client Client 10 participates in this round. (CPU: 2, RAM: 2)
Client Client 7 participates in this round. (CPU: 2, RAM: 2)
Client Client 23 has insufficient CPU (1). Will not participate in the next FL round.
Client Client 27 has insufficient CPU (1). Will not participate in the next FL round.
Client Client 17 has insufficient CPU (1). Will not participate in the next FL round.
Client Client 8 participates in this round. (CPU: 2, RAM: 2)
Client Client 29 has insufficient CPU (1). Will not participate in the next FL round.
Client Client 31 has insufficient CPU (1). Will not participate in the next FL round.
Client Client 2 participates in this round. (CPU: 2, RAM: 2)
Client Client 18 has insufficient CPU (1). Will not participate in the next FL round.
Client Client 39 has insufficient CPU (1). Will not participate in the next FL round.
Client Client 28 has insufficient CPU (1). Will not participate in the next FL round.
Client Client 1 participates in this round. (CPU: 2, RAM: 2)
Client Client 6 participates in this round. (CPU: 2, RAM: 2)
Client Client 30 has insufficient CPU (1). Will not participate in the next FL round.
Client Client 11 has insufficient CPU (1). Will not participate in the next FL round.
Client Client 38 has insufficient CPU (1). Will not participate in the next FL round.
Client Client 37 has insufficient CPU (1). Will not participate in the next FL round.
Client Client 20 has insufficient CPU (1). Will not participate in the next FL round.
Client Client 34 has insufficient CPU (1). Will not participate in the next FL round.
Client Client 3 participates in this round. (CPU: 2, RAM: 2)
Client Client 26 has insufficient CPU (1). Will not participate in the next FL round.
Client Client 36 has insufficient CPU (1). Will not participate in the next FL round.
Client Client 4 participates in this round. (CPU: 2, RAM: 2)
Client Client 21 has insufficient CPU (1). Will not participate in the next FL round.
Client Client 35 has insufficient CPU (1). Will not participate in the next FL round.
Client Client 22 has insufficient CPU (1). Will not participate in the next FL round.
Client Client 9 participates in this round. (CPU: 2, RAM: 2)
Client Client 13 has insufficient CPU (1). Will not participate in the next FL round.
Client Client 14 has insufficient CPU (1). Will not participate in the next FL round.
Client Client 19 has insufficient CPU (1). Will not participate in the next FL round.
Results Aggregated in 0.09 seconds.
{'prostate_logreg': {'train_loss': [0.7034435915688279, 0.6645639784512856, 0.6342049709927109], 'train_accuracy': [0.4783001808318264, 0.530741410488246, 0.6103074141048824], 'train_f1': [0.4744495192067388, 0.5275093657327279, 0.6076883588279914], 'train_mae': [0.5216998191681737, 0.4692585895117541, 0.3896925858951175], 'val_loss': [0.7420563817875803, 0.7051843740085679, 0.6765426507897934], 'val_accuracy': [0.42155297346517384, 0.4701563361676478, 0.5505174868223616], 'val_f1': [0.4210351719625235, 0.46986444537417904, 0.5492425731683991], 'val_mae': [0.5784470265348262, 0.5298436638323522, 0.44948251317763843], 'jsd': [(0, 0, 0, 0, 0, 0, 0, 0, 0, 0, 0, 0, 0, 0, 0, 0, 0, 0, 0, 0, 0, 0, 0, 0, 0, 0, 0, 0, 0, 0, 0, 0, 0, 0, 0, 0, 0, 0, 0, 0), (0, 0, 0, 0, 0, 0, 0, 0, 0, 0, 0, 0, 0, 0, 0, 0, 0, 0, 0, 0, 0, 0, 0, 0, 0, 0, 0, 0, 0, 0, 0, 0, 0, 0, 0, 0, 0, 0, 0, 0), (0, 0, 0, 0, 0, 0, 0, 0, 0, 0, 0, 0, 0, 0, 0, 0, 0, 0, 0, 0, 0, 0, 0, 0, 0, 0, 0, 0, 0, 0, 0, 0, 0, 0, 0, 0, 0, 0, 0, 0)]}}
Client Client 14 has insufficient CPU (1). Will not participate in the next FL round.
Client Client 13 has insufficient CPU (1). Will not participate in the next FL round.
Client Client 16 has insufficient CPU (1). Will not participate in the next FL round.
Client Client 2 participates in this round. (CPU: 2, RAM: 2)
Client Client 22 has insufficient CPU (1). Will not participate in the next FL round.
Client Client 33 has insufficient CPU (1). Will not participate in the next FL round.
Client Client 23 has insufficient CPU (1). Will not participate in the next FL round.
Client Client 39 has insufficient CPU (1). Will not participate in the next FL round.
Client Client 6 participates in this round. (CPU: 2, RAM: 2)
Client Client 30 has insufficient CPU (1). Will not participate in the next FL round.
Client Client 19 has insufficient CPU (1). Will not participate in the next FL round.
Client Client 35 has insufficient CPU (1). Will not participate in the next FL round.
Client Client 12 has insufficient CPU (1). Will not participate in the next FL round.
Client Client 10 participates in this round. (CPU: 2, RAM: 2)
Client Client 5 participates in this round. (CPU: 2, RAM: 2)
Client Client 21 has insufficient CPU (1). Will not participate in the next FL round.
Client Client 15 has insufficient CPU (1). Will not participate in the next FL round.
Client Client 20 has insufficient CPU (1). Will not participate in the next FL round.
Client Client 28 has insufficient CPU (1). Will not participate in the next FL round.
Client Client 8 participates in this round. (CPU: 2, RAM: 2)
Client Client 37 has insufficient CPU (1). Will not participate in the next FL round.
Client Client 26 has insufficient CPU (1). Will not participate in the next FL round.
Client Client 3 participates in this round. (CPU: 2, RAM: 2)
Client Client 1 participates in this round. (CPU: 2, RAM: 2)
Client Client 9 participates in this round. (CPU: 2, RAM: 2)
Client Client 38 has insufficient CPU (1). Will not participate in the next FL round.
Client Client 24 has insufficient CPU (1). Will not participate in the next FL round.
Client Client 36 has insufficient CPU (1). Will not participate in the next FL round.
Client Client 18 has insufficient CPU (1). Will not participate in the next FL round.
Client Client 32 has insufficient CPU (1). Will not participate in the next FL round.
Client Client 31 has insufficient CPU (1). Will not participate in the next FL round.
Client Client 25 has insufficient CPU (1). Will not participate in the next FL round.
Client Client 40 has insufficient CPU (1). Will not participate in the next FL round.
Client Client 27 has insufficient CPU (1). Will not participate in the next FL round.
Client Client 17 has insufficient CPU (1). Will not participate in the next FL round.
Client Client 4 participates in this round. (CPU: 2, RAM: 2)
Client Client 34 has insufficient CPU (1). Will not participate in the next FL round.
Client Client 7 participates in this round. (CPU: 2, RAM: 2)
Client Client 11 has insufficient CPU (1). Will not participate in the next FL round.
Client Client 29 has insufficient CPU (1). Will not participate in the next FL round.
Results Aggregated in 0.10 seconds.
{'prostate_logreg': {'train_loss': [0.7034435915688279, 0.6645639784512856, 0.6342049709927109, 0.6106351702381431], 'train_accuracy': [0.4783001808318264, 0.530741410488246, 0.6103074141048824, 0.6808318264014467], 'train_f1': [0.4744495192067388, 0.5275093657327279, 0.6076883588279914, 0.6796569358586824], 'train_mae': [0.5216998191681737, 0.4692585895117541, 0.3896925858951175, 0.3191681735985534], 'val_loss': [0.7420563817875803, 0.7051843740085679, 0.6765426507897934, 0.6545408012071267], 'val_accuracy': [0.42155297346517384, 0.4701563361676478, 0.5505174868223616, 0.6087235325048415], 'val_f1': [0.4210351719625235, 0.46986444537417904, 0.5492425731683991, 0.6054863860190346], 'val_mae': [0.5784470265348262, 0.5298436638323522, 0.44948251317763843, 0.3912764674951586], 'jsd': [(0, 0, 0, 0, 0, 0, 0, 0, 0, 0, 0, 0, 0, 0, 0, 0, 0, 0, 0, 0, 0, 0, 0, 0, 0, 0, 0, 0, 0, 0, 0, 0, 0, 0, 0, 0, 0, 0, 0, 0), (0, 0, 0, 0, 0, 0, 0, 0, 0, 0, 0, 0, 0, 0, 0, 0, 0, 0, 0, 0, 0, 0, 0, 0, 0, 0, 0, 0, 0, 0, 0, 0, 0, 0, 0, 0, 0, 0, 0, 0), (0, 0, 0, 0, 0, 0, 0, 0, 0, 0, 0, 0, 0, 0, 0, 0, 0, 0, 0, 0, 0, 0, 0, 0, 0, 0, 0, 0, 0, 0, 0, 0, 0, 0, 0, 0, 0, 0, 0, 0), (0, 0, 0, 0, 0, 0, 0, 0, 0, 0, 0, 0, 0, 0, 0, 0, 0, 0, 0, 0, 0, 0, 0, 0, 0, 0, 0, 0, 0, 0, 0, 0, 0, 0, 0, 0, 0, 0, 0, 0)]}}
Client Client 33 has insufficient CPU (1). Will not participate in the next FL round.
Client Client 9 participates in this round. (CPU: 2, RAM: 2)
Client Client 24 has insufficient CPU (1). Will not participate in the next FL round.
Client Client 13 has insufficient CPU (1). Will not participate in the next FL round.
Client Client 28 has insufficient CPU (1). Will not participate in the next FL round.
Client Client 26 has insufficient CPU (1). Will not participate in the next FL round.
Client Client 3 participates in this round. (CPU: 2, RAM: 2)
Client Client 15 has insufficient CPU (1). Will not participate in the next FL round.
Client Client 21 has insufficient CPU (1). Will not participate in the next FL round.
Client Client 40 has insufficient CPU (1). Will not participate in the next FL round.
Client Client 10 participates in this round. (CPU: 2, RAM: 2)
Client Client 25 has insufficient CPU (1). Will not participate in the next FL round.
Client Client 11 has insufficient CPU (1). Will not participate in the next FL round.
Client Client 19 has insufficient CPU (1). Will not participate in the next FL round.
Client Client 31 has insufficient CPU (1). Will not participate in the next FL round.
Client Client 34 has insufficient CPU (1). Will not participate in the next FL round.
Client Client 12 has insufficient CPU (1). Will not participate in the next FL round.
Client Client 1 participates in this round. (CPU: 2, RAM: 2)
Client Client 5 participates in this round. (CPU: 2, RAM: 2)
Client Client 39 has insufficient CPU (1). Will not participate in the next FL round.
Client Client 23 has insufficient CPU (1). Will not participate in the next FL round.
Client Client 4 participates in this round. (CPU: 2, RAM: 2)
Client Client 8 participates in this round. (CPU: 2, RAM: 2)
Client Client 2 participates in this round. (CPU: 2, RAM: 2)
Client Client 27 has insufficient CPU (1). Will not participate in the next FL round.
Client Client 6 participates in this round. (CPU: 2, RAM: 2)
Client Client 18 has insufficient CPU (1). Will not participate in the next FL round.
Client Client 37 has insufficient CPU (1). Will not participate in the next FL round.
Client Client 17 has insufficient CPU (1). Will not participate in the next FL round.
Client Client 32 has insufficient CPU (1). Will not participate in the next FL round.
Client Client 20 has insufficient CPU (1). Will not participate in the next FL round.
Client Client 22 has insufficient CPU (1). Will not participate in the next FL round.
Client Client 14 has insufficient CPU (1). Will not participate in the next FL round.
Client Client 35 has insufficient CPU (1). Will not participate in the next FL round.
Client Client 30 has insufficient CPU (1). Will not participate in the next FL round.
Client Client 7 participates in this round. (CPU: 2, RAM: 2)
Client Client 29 has insufficient CPU (1). Will not participate in the next FL round.
Client Client 36 has insufficient CPU (1). Will not participate in the next FL round.
Client Client 38 has insufficient CPU (1). Will not participate in the next FL round.
Client Client 16 has insufficient CPU (1). Will not participate in the next FL round.
Results Aggregated in 0.09 seconds.
{'prostate_logreg': {'train_loss': [0.7034435915688279, 0.6645639784512856, 0.6342049709927109, 0.6106351702381431, 0.5921530267644748], 'train_accuracy': [0.4783001808318264, 0.530741410488246, 0.6103074141048824, 0.6808318264014467, 0.7088607594936709], 'train_f1': [0.4744495192067388, 0.5275093657327279, 0.6076883588279914, 0.6796569358586824, 0.7077752463067972], 'train_mae': [0.5216998191681737, 0.4692585895117541, 0.3896925858951175, 0.3191681735985534, 0.2911392405063291], 'val_loss': [0.7420563817875803, 0.7051843740085679, 0.6765426507897934, 0.6545408012071267, 0.6376400748569121], 'val_accuracy': [0.42155297346517384, 0.4701563361676478, 0.5505174868223616, 0.6087235325048415, 0.6379692329396073], 'val_f1': [0.4210351719625235, 0.46986444537417904, 0.5492425731683991, 0.6054863860190346, 0.6334998884185497], 'val_mae': [0.5784470265348262, 0.5298436638323522, 0.44948251317763843, 0.3912764674951586, 0.3620307670603927], 'jsd': [(0, 0, 0, 0, 0, 0, 0, 0, 0, 0, 0, 0, 0, 0, 0, 0, 0, 0, 0, 0, 0, 0, 0, 0, 0, 0, 0, 0, 0, 0, 0, 0, 0, 0, 0, 0, 0, 0, 0, 0), (0, 0, 0, 0, 0, 0, 0, 0, 0, 0, 0, 0, 0, 0, 0, 0, 0, 0, 0, 0, 0, 0, 0, 0, 0, 0, 0, 0, 0, 0, 0, 0, 0, 0, 0, 0, 0, 0, 0, 0), (0, 0, 0, 0, 0, 0, 0, 0, 0, 0, 0, 0, 0, 0, 0, 0, 0, 0, 0, 0, 0, 0, 0, 0, 0, 0, 0, 0, 0, 0, 0, 0, 0, 0, 0, 0, 0, 0, 0, 0), (0, 0, 0, 0, 0, 0, 0, 0, 0, 0, 0, 0, 0, 0, 0, 0, 0, 0, 0, 0, 0, 0, 0, 0, 0, 0, 0, 0, 0, 0, 0, 0, 0, 0, 0, 0, 0, 0, 0, 0), (0, 0, 0, 0, 0, 0, 0, 0, 0, 0, 0, 0, 0, 0, 0, 0, 0, 0, 0, 0, 0, 0, 0, 0, 0, 0, 0, 0, 0, 0, 0, 0, 0, 0, 0, 0, 0, 0, 0, 0)]}}
Client Client 24 has insufficient CPU (1). Will not participate in the next FL round.
Client Client 26 has insufficient CPU (1). Will not participate in the next FL round.
Client Client 22 has insufficient CPU (1). Will not participate in the next FL round.
Client Client 32 has insufficient CPU (1). Will not participate in the next FL round.
Client Client 15 has insufficient CPU (1). Will not participate in the next FL round.
Client Client 31 has insufficient CPU (1). Will not participate in the next FL round.
Client Client 12 has insufficient CPU (1). Will not participate in the next FL round.
Client Client 19 has insufficient CPU (1). Will not participate in the next FL round.
Client Client 3 participates in this round. (CPU: 2, RAM: 2)
Client Client 28 has insufficient CPU (1). Will not participate in the next FL round.
Client Client 4 participates in this round. (CPU: 2, RAM: 2)
Client Client 25 has insufficient CPU (1). Will not participate in the next FL round.
Client Client 9 participates in this round. (CPU: 2, RAM: 2)
Client Client 6 participates in this round. (CPU: 2, RAM: 2)
Client Client 23 has insufficient CPU (1). Will not participate in the next FL round.
Client Client 18 has insufficient CPU (1). Will not participate in the next FL round.
Client Client 1 participates in this round. (CPU: 2, RAM: 2)
Client Client 8 participates in this round. (CPU: 2, RAM: 2)
Client Client 38 has insufficient CPU (1). Will not participate in the next FL round.
Client Client 17 has insufficient CPU (1). Will not participate in the next FL round.
Client Client 13 has insufficient CPU (1). Will not participate in the next FL round.
Client Client 40 has insufficient CPU (1). Will not participate in the next FL round.
Client Client 21 has insufficient CPU (1). Will not participate in the next FL round.
Client Client 10 participates in this round. (CPU: 2, RAM: 2)
Client Client 29 has insufficient CPU (1). Will not participate in the next FL round.
Client Client 30 has insufficient CPU (1). Will not participate in the next FL round.
Client Client 33 has insufficient CPU (1). Will not participate in the next FL round.
Client Client 2 participates in this round. (CPU: 2, RAM: 2)
Client Client 20 has insufficient CPU (1). Will not participate in the next FL round.
Client Client 7 participates in this round. (CPU: 2, RAM: 2)
Client Client 36 has insufficient CPU (1). Will not participate in the next FL round.
Client Client 14 has insufficient CPU (1). Will not participate in the next FL round.
Client Client 35 has insufficient CPU (1). Will not participate in the next FL round.
Client Client 39 has insufficient CPU (1). Will not participate in the next FL round.
Client Client 11 has insufficient CPU (1). Will not participate in the next FL round.
Client Client 5 participates in this round. (CPU: 2, RAM: 2)
Client Client 27 has insufficient CPU (1). Will not participate in the next FL round.
Client Client 34 has insufficient CPU (1). Will not participate in the next FL round.
Client Client 37 has insufficient CPU (1). Will not participate in the next FL round.
Client Client 16 has insufficient CPU (1). Will not participate in the next FL round.
Results Aggregated in 0.15 seconds.
{'prostate_logreg': {'train_loss': [0.7034435915688279, 0.6645639784512856, 0.6342049709927109, 0.6106351702381431, 0.5921530267644748, 0.5774179996137808], 'train_accuracy': [0.4783001808318264, 0.530741410488246, 0.6103074141048824, 0.6808318264014467, 0.7088607594936709, 0.7359855334538878], 'train_f1': [0.4744495192067388, 0.5275093657327279, 0.6076883588279914, 0.6796569358586824, 0.7077752463067972, 0.7351159733327346], 'train_mae': [0.5216998191681737, 0.4692585895117541, 0.3896925858951175, 0.3191681735985534, 0.2911392405063291, 0.2640144665461121], 'val_loss': [0.7420563817875803, 0.7051843740085679, 0.6765426507897934, 0.6545408012071267, 0.6376400748569121, 0.6244685056279189], 'val_accuracy': [0.42155297346517384, 0.4701563361676478, 0.5505174868223616, 0.6087235325048415, 0.6379692329396073, 0.6546897644056275], 'val_f1': [0.4210351719625235, 0.46986444537417904, 0.5492425731683991, 0.6054863860190346, 0.6334998884185497, 0.6497702786904973], 'val_mae': [0.5784470265348262, 0.5298436638323522, 0.44948251317763843, 0.3912764674951586, 0.3620307670603927, 0.3453102355943724], 'jsd': [(0, 0, 0, 0, 0, 0, 0, 0, 0, 0, 0, 0, 0, 0, 0, 0, 0, 0, 0, 0, 0, 0, 0, 0, 0, 0, 0, 0, 0, 0, 0, 0, 0, 0, 0, 0, 0, 0, 0, 0), (0, 0, 0, 0, 0, 0, 0, 0, 0, 0, 0, 0, 0, 0, 0, 0, 0, 0, 0, 0, 0, 0, 0, 0, 0, 0, 0, 0, 0, 0, 0, 0, 0, 0, 0, 0, 0, 0, 0, 0), (0, 0, 0, 0, 0, 0, 0, 0, 0, 0, 0, 0, 0, 0, 0, 0, 0, 0, 0, 0, 0, 0, 0, 0, 0, 0, 0, 0, 0, 0, 0, 0, 0, 0, 0, 0, 0, 0, 0, 0), (0, 0, 0, 0, 0, 0, 0, 0, 0, 0, 0, 0, 0, 0, 0, 0, 0, 0, 0, 0, 0, 0, 0, 0, 0, 0, 0, 0, 0, 0, 0, 0, 0, 0, 0, 0, 0, 0, 0, 0), (0, 0, 0, 0, 0, 0, 0, 0, 0, 0, 0, 0, 0, 0, 0, 0, 0, 0, 0, 0, 0, 0, 0, 0, 0, 0, 0, 0, 0, 0, 0, 0, 0, 0, 0, 0, 0, 0, 0, 0), (0, 0, 0, 0, 0, 0, 0, 0, 0, 0, 0, 0, 0, 0, 0, 0, 0, 0, 0, 0, 0, 0, 0, 0, 0, 0, 0, 0, 0, 0, 0, 0, 0, 0, 0, 0, 0, 0, 0, 0)]}}
Client Client 28 has insufficient CPU (1). Will not participate in the next FL round.
Client Client 32 has insufficient CPU (1). Will not participate in the next FL round.
Client Client 24 has insufficient CPU (1). Will not participate in the next FL round.
Client Client 38 has insufficient CPU (1). Will not participate in the next FL round.
Client Client 4 participates in this round. (CPU: 2, RAM: 2)
Client Client 22 has insufficient CPU (1). Will not participate in the next FL round.
Client Client 13 has insufficient CPU (1). Will not participate in the next FL round.
Client Client 20 has insufficient CPU (1). Will not participate in the next FL round.
Client Client 3 participates in this round. (CPU: 2, RAM: 2)
Client Client 21 has insufficient CPU (1). Will not participate in the next FL round.
Client Client 27 has insufficient CPU (1). Will not participate in the next FL round.
Client Client 8 participates in this round. (CPU: 2, RAM: 2)
Client Client 19 has insufficient CPU (1). Will not participate in the next FL round.
Client Client 26 has insufficient CPU (1). Will not participate in the next FL round.
Client Client 31 has insufficient CPU (1). Will not participate in the next FL round.
Client Client 29 has insufficient CPU (1). Will not participate in the next FL round.
Client Client 25 has insufficient CPU (1). Will not participate in the next FL round.
Client Client 36 has insufficient CPU (1). Will not participate in the next FL round.
Client Client 23 has insufficient CPU (1). Will not participate in the next FL round.
Client Client 15 has insufficient CPU (1). Will not participate in the next FL round.
Client Client 11 has insufficient CPU (1). Will not participate in the next FL round.
Client Client 10 participates in this round. (CPU: 2, RAM: 2)
Client Client 33 has insufficient CPU (1). Will not participate in the next FL round.
Client Client 18 has insufficient CPU (1). Will not participate in the next FL round.
Client Client 2 participates in this round. (CPU: 2, RAM: 2)
Client Client 34 has insufficient CPU (1). Will not participate in the next FL round.
Client Client 14 has insufficient CPU (1). Will not participate in the next FL round.
Client Client 16 has insufficient CPU (1). Will not participate in the next FL round.
Client Client 30 has insufficient CPU (1). Will not participate in the next FL round.
Client Client 17 has insufficient CPU (1). Will not participate in the next FL round.
Client Client 40 has insufficient CPU (1). Will not participate in the next FL round.
Client Client 7 participates in this round. (CPU: 2, RAM: 2)
Client Client 39 has insufficient CPU (1). Will not participate in the next FL round.
Client Client 5 participates in this round. (CPU: 2, RAM: 2)
Client Client 6 participates in this round. (CPU: 2, RAM: 2)
Client Client 9 participates in this round. (CPU: 2, RAM: 2)
Client Client 1 participates in this round. (CPU: 2, RAM: 2)
Client Client 12 has insufficient CPU (1). Will not participate in the next FL round.
Client Client 35 has insufficient CPU (1). Will not participate in the next FL round.
Client Client 37 has insufficient CPU (1). Will not participate in the next FL round.
Results Aggregated in 0.09 seconds.
{'prostate_logreg': {'train_loss': [0.7034435915688279, 0.6645639784512856, 0.6342049709927109, 0.6106351702381431, 0.5921530267644748, 0.5774179996137808, 0.5655225192552018], 'train_accuracy': [0.4783001808318264, 0.530741410488246, 0.6103074141048824, 0.6808318264014467, 0.7088607594936709, 0.7359855334538878, 0.7432188065099458], 'train_f1': [0.4744495192067388, 0.5275093657327279, 0.6076883588279914, 0.6796569358586824, 0.7077752463067972, 0.7351159733327346, 0.7420813666498647], 'train_mae': [0.5216998191681737, 0.4692585895117541, 0.3896925858951175, 0.3191681735985534, 0.2911392405063291, 0.2640144665461121, 0.25678119349005424], 'val_loss': [0.7420563817875803, 0.7051843740085679, 0.6765426507897934, 0.6545408012071267, 0.6376400748569121, 0.6244685056279189, 0.6140216215230486], 'val_accuracy': [0.42155297346517384, 0.4701563361676478, 0.5505174868223616, 0.6087235325048415, 0.6379692329396073, 0.6546897644056275, 0.6645361214779475], 'val_f1': [0.4210351719625235, 0.46986444537417904, 0.5492425731683991, 0.6054863860190346, 0.6334998884185497, 0.6497702786904973, 0.6596562267801049], 'val_mae': [0.5784470265348262, 0.5298436638323522, 0.44948251317763843, 0.3912764674951586, 0.3620307670603927, 0.3453102355943724, 0.3354638785220525], 'jsd': [(0, 0, 0, 0, 0, 0, 0, 0, 0, 0, 0, 0, 0, 0, 0, 0, 0, 0, 0, 0, 0, 0, 0, 0, 0, 0, 0, 0, 0, 0, 0, 0, 0, 0, 0, 0, 0, 0, 0, 0), (0, 0, 0, 0, 0, 0, 0, 0, 0, 0, 0, 0, 0, 0, 0, 0, 0, 0, 0, 0, 0, 0, 0, 0, 0, 0, 0, 0, 0, 0, 0, 0, 0, 0, 0, 0, 0, 0, 0, 0), (0, 0, 0, 0, 0, 0, 0, 0, 0, 0, 0, 0, 0, 0, 0, 0, 0, 0, 0, 0, 0, 0, 0, 0, 0, 0, 0, 0, 0, 0, 0, 0, 0, 0, 0, 0, 0, 0, 0, 0), (0, 0, 0, 0, 0, 0, 0, 0, 0, 0, 0, 0, 0, 0, 0, 0, 0, 0, 0, 0, 0, 0, 0, 0, 0, 0, 0, 0, 0, 0, 0, 0, 0, 0, 0, 0, 0, 0, 0, 0), (0, 0, 0, 0, 0, 0, 0, 0, 0, 0, 0, 0, 0, 0, 0, 0, 0, 0, 0, 0, 0, 0, 0, 0, 0, 0, 0, 0, 0, 0, 0, 0, 0, 0, 0, 0, 0, 0, 0, 0), (0, 0, 0, 0, 0, 0, 0, 0, 0, 0, 0, 0, 0, 0, 0, 0, 0, 0, 0, 0, 0, 0, 0, 0, 0, 0, 0, 0, 0, 0, 0, 0, 0, 0, 0, 0, 0, 0, 0, 0), (0, 0, 0, 0, 0, 0, 0, 0, 0, 0, 0, 0, 0, 0, 0, 0, 0, 0, 0, 0, 0, 0, 0, 0, 0, 0, 0, 0, 0, 0, 0, 0, 0, 0, 0, 0, 0, 0, 0, 0)]}}
Client Client 35 has insufficient CPU (1). Will not participate in the next FL round.
Client Client 25 has insufficient CPU (1). Will not participate in the next FL round.
Client Client 34 has insufficient CPU (1). Will not participate in the next FL round.
Client Client 4 participates in this round. (CPU: 2, RAM: 2)
Client Client 3 participates in this round. (CPU: 2, RAM: 2)
Client Client 40 has insufficient CPU (1). Will not participate in the next FL round.
Client Client 12 has insufficient CPU (1). Will not participate in the next FL round.
Client Client 20 has insufficient CPU (1). Will not participate in the next FL round.
Client Client 30 has insufficient CPU (1). Will not participate in the next FL round.
Client Client 16 has insufficient CPU (1). Will not participate in the next FL round.
Client Client 11 has insufficient CPU (1). Will not participate in the next FL round.
Client Client 1 participates in this round. (CPU: 2, RAM: 2)
Client Client 21 has insufficient CPU (1). Will not participate in the next FL round.
Client Client 39 has insufficient CPU (1). Will not participate in the next FL round.
Client Client 10 participates in this round. (CPU: 2, RAM: 2)
Client Client 32 has insufficient CPU (1). Will not participate in the next FL round.
Client Client 17 has insufficient CPU (1). Will not participate in the next FL round.
Client Client 31 has insufficient CPU (1). Will not participate in the next FL round.
Client Client 2 participates in this round. (CPU: 2, RAM: 2)
Client Client 23 has insufficient CPU (1). Will not participate in the next FL round.
Client Client 22 has insufficient CPU (1). Will not participate in the next FL round.
Client Client 14 has insufficient CPU (1). Will not participate in the next FL round.
Client Client 7 participates in this round. (CPU: 2, RAM: 2)
Client Client 28 has insufficient CPU (1). Will not participate in the next FL round.
Client Client 18 has insufficient CPU (1). Will not participate in the next FL round.
Client Client 5 participates in this round. (CPU: 2, RAM: 2)
Client Client 33 has insufficient CPU (1). Will not participate in the next FL round.
Client Client 37 has insufficient CPU (1). Will not participate in the next FL round.
Client Client 6 participates in this round. (CPU: 2, RAM: 2)
Client Client 13 has insufficient CPU (1). Will not participate in the next FL round.
Client Client 38 has insufficient CPU (1). Will not participate in the next FL round.
Client Client 36 has insufficient CPU (1). Will not participate in the next FL round.
Client Client 26 has insufficient CPU (1). Will not participate in the next FL round.
Client Client 29 has insufficient CPU (1). Will not participate in the next FL round.
Client Client 24 has insufficient CPU (1). Will not participate in the next FL round.
Client Client 27 has insufficient CPU (1). Will not participate in the next FL round.
Client Client 15 has insufficient CPU (1). Will not participate in the next FL round.
Client Client 8 participates in this round. (CPU: 2, RAM: 2)
Client Client 19 has insufficient CPU (1). Will not participate in the next FL round.
Client Client 9 participates in this round. (CPU: 2, RAM: 2)
Results Aggregated in 0.10 seconds.
{'prostate_logreg': {'train_loss': [0.7034435915688279, 0.6645639784512856, 0.6342049709927109, 0.6106351702381431, 0.5921530267644748, 0.5774179996137808, 0.5655225192552018, 0.5558048846169794], 'train_accuracy': [0.4783001808318264, 0.530741410488246, 0.6103074141048824, 0.6808318264014467, 0.7088607594936709, 0.7359855334538878, 0.7432188065099458, 0.7459312839059674], 'train_f1': [0.4744495192067388, 0.5275093657327279, 0.6076883588279914, 0.6796569358586824, 0.7077752463067972, 0.7351159733327346, 0.7420813666498647, 0.7445703471185002], 'train_mae': [0.5216998191681737, 0.4692585895117541, 0.3896925858951175, 0.3191681735985534, 0.2911392405063291, 0.2640144665461121, 0.25678119349005424, 0.25406871609403253], 'val_loss': [0.7420563817875803, 0.7051843740085679, 0.6765426507897934, 0.6545408012071267, 0.6376400748569121, 0.6244685056279189, 0.6140216215230486, 0.6056019048921164], 'val_accuracy': [0.42155297346517384, 0.4701563361676478, 0.5505174868223616, 0.6087235325048415, 0.6379692329396073, 0.6546897644056275, 0.6645361214779475, 0.6722888050992011], 'val_f1': [0.4210351719625235, 0.46986444537417904, 0.5492425731683991, 0.6054863860190346, 0.6334998884185497, 0.6497702786904973, 0.6596562267801049, 0.6675671491948746], 'val_mae': [0.5784470265348262, 0.5298436638323522, 0.44948251317763843, 0.3912764674951586, 0.3620307670603927, 0.3453102355943724, 0.3354638785220525, 0.327711194900799], 'jsd': [(0, 0, 0, 0, 0, 0, 0, 0, 0, 0, 0, 0, 0, 0, 0, 0, 0, 0, 0, 0, 0, 0, 0, 0, 0, 0, 0, 0, 0, 0, 0, 0, 0, 0, 0, 0, 0, 0, 0, 0), (0, 0, 0, 0, 0, 0, 0, 0, 0, 0, 0, 0, 0, 0, 0, 0, 0, 0, 0, 0, 0, 0, 0, 0, 0, 0, 0, 0, 0, 0, 0, 0, 0, 0, 0, 0, 0, 0, 0, 0), (0, 0, 0, 0, 0, 0, 0, 0, 0, 0, 0, 0, 0, 0, 0, 0, 0, 0, 0, 0, 0, 0, 0, 0, 0, 0, 0, 0, 0, 0, 0, 0, 0, 0, 0, 0, 0, 0, 0, 0), (0, 0, 0, 0, 0, 0, 0, 0, 0, 0, 0, 0, 0, 0, 0, 0, 0, 0, 0, 0, 0, 0, 0, 0, 0, 0, 0, 0, 0, 0, 0, 0, 0, 0, 0, 0, 0, 0, 0, 0), (0, 0, 0, 0, 0, 0, 0, 0, 0, 0, 0, 0, 0, 0, 0, 0, 0, 0, 0, 0, 0, 0, 0, 0, 0, 0, 0, 0, 0, 0, 0, 0, 0, 0, 0, 0, 0, 0, 0, 0), (0, 0, 0, 0, 0, 0, 0, 0, 0, 0, 0, 0, 0, 0, 0, 0, 0, 0, 0, 0, 0, 0, 0, 0, 0, 0, 0, 0, 0, 0, 0, 0, 0, 0, 0, 0, 0, 0, 0, 0), (0, 0, 0, 0, 0, 0, 0, 0, 0, 0, 0, 0, 0, 0, 0, 0, 0, 0, 0, 0, 0, 0, 0, 0, 0, 0, 0, 0, 0, 0, 0, 0, 0, 0, 0, 0, 0, 0, 0, 0), (0, 0, 0, 0, 0, 0, 0, 0, 0, 0, 0, 0, 0, 0, 0, 0, 0, 0, 0, 0, 0, 0, 0, 0, 0, 0, 0, 0, 0, 0, 0, 0, 0, 0, 0, 0, 0, 0, 0, 0)]}}
Client Client 16 has insufficient CPU (1). Will not participate in the next FL round.
Client Client 20 has insufficient CPU (1). Will not participate in the next FL round.
Client Client 19 has insufficient CPU (1). Will not participate in the next FL round.
Client Client 34 has insufficient CPU (1). Will not participate in the next FL round.
Client Client 23 has insufficient CPU (1). Will not participate in the next FL round.
Client Client 15 has insufficient CPU (1). Will not participate in the next FL round.
Client Client 24 has insufficient CPU (1). Will not participate in the next FL round.
Client Client 27 has insufficient CPU (1). Will not participate in the next FL round.
Client Client 3 participates in this round. (CPU: 2, RAM: 2)
Client Client 25 has insufficient CPU (1). Will not participate in the next FL round.
Client Client 17 has insufficient CPU (1). Will not participate in the next FL round.
Client Client 29 has insufficient CPU (1). Will not participate in the next FL round.
Client Client 6 participates in this round. (CPU: 2, RAM: 2)
Client Client 18 has insufficient CPU (1). Will not participate in the next FL round.
Client Client 31 has insufficient CPU (1). Will not participate in the next FL round.
Client Client 26 has insufficient CPU (1). Will not participate in the next FL round.
Client Client 4 participates in this round. (CPU: 2, RAM: 2)
Client Client 22 has insufficient CPU (1). Will not participate in the next FL round.
Client Client 8 participates in this round. (CPU: 2, RAM: 2)
Client Client 35 has insufficient CPU (1). Will not participate in the next FL round.
Client Client 13 has insufficient CPU (1). Will not participate in the next FL round.
Client Client 37 has insufficient CPU (1). Will not participate in the next FL round.
Client Client 10 participates in this round. (CPU: 2, RAM: 2)
Client Client 32 has insufficient CPU (1). Will not participate in the next FL round.
Client Client 1 participates in this round. (CPU: 2, RAM: 2)
Client Client 33 has insufficient CPU (1). Will not participate in the next FL round.
Client Client 28 has insufficient CPU (1). Will not participate in the next FL round.
Client Client 14 has insufficient CPU (1). Will not participate in the next FL round.
Client Client 30 has insufficient CPU (1). Will not participate in the next FL round.
Client Client 2 participates in this round. (CPU: 2, RAM: 2)
Client Client 11 has insufficient CPU (1). Will not participate in the next FL round.
Client Client 40 has insufficient CPU (1). Will not participate in the next FL round.
Client Client 12 has insufficient CPU (1). Will not participate in the next FL round.
Client Client 36 has insufficient CPU (1). Will not participate in the next FL round.
Client Client 7 participates in this round. (CPU: 2, RAM: 2)
Client Client 39 has insufficient CPU (1). Will not participate in the next FL round.
Client Client 9 participates in this round. (CPU: 2, RAM: 2)
Client Client 38 has insufficient CPU (1). Will not participate in the next FL round.
Client Client 21 has insufficient CPU (1). Will not participate in the next FL round.
Client Client 5 participates in this round. (CPU: 2, RAM: 2)
Results Aggregated in 0.09 seconds.
{'prostate_logreg': {'train_loss': [0.7034435915688279, 0.6645639784512856, 0.6342049709927109, 0.6106351702381431, 0.5921530267644748, 0.5774179996137808, 0.5655225192552018, 0.5558048846169794, 0.5477714054084385], 'train_accuracy': [0.4783001808318264, 0.530741410488246, 0.6103074141048824, 0.6808318264014467, 0.7088607594936709, 0.7359855334538878, 0.7432188065099458, 0.7459312839059674, 0.755877034358047], 'train_f1': [0.4744495192067388, 0.5275093657327279, 0.6076883588279914, 0.6796569358586824, 0.7077752463067972, 0.7351159733327346, 0.7420813666498647, 0.7445703471185002, 0.7545821137791539], 'train_mae': [0.5216998191681737, 0.4692585895117541, 0.3896925858951175, 0.3191681735985534, 0.2911392405063291, 0.2640144665461121, 0.25678119349005424, 0.25406871609403253, 0.244122965641953], 'val_loss': [0.7420563817875803, 0.7051843740085679, 0.6765426507897934, 0.6545408012071267, 0.6376400748569121, 0.6244685056279189, 0.6140216215230486, 0.6056019048921164, 0.5987139170216583], 'val_accuracy': [0.42155297346517384, 0.4701563361676478, 0.5505174868223616, 0.6087235325048415, 0.6379692329396073, 0.6546897644056275, 0.6645361214779475, 0.6722888050992011, 0.6805993741423313], 'val_f1': [0.4210351719625235, 0.46986444537417904, 0.5492425731683991, 0.6054863860190346, 0.6334998884185497, 0.6497702786904973, 0.6596562267801049, 0.6675671491948746, 0.6761634743771744], 'val_mae': [0.5784470265348262, 0.5298436638323522, 0.44948251317763843, 0.3912764674951586, 0.3620307670603927, 0.3453102355943724, 0.3354638785220525, 0.327711194900799, 0.3194006258576687], 'jsd': [(0, 0, 0, 0, 0, 0, 0, 0, 0, 0, 0, 0, 0, 0, 0, 0, 0, 0, 0, 0, 0, 0, 0, 0, 0, 0, 0, 0, 0, 0, 0, 0, 0, 0, 0, 0, 0, 0, 0, 0), (0, 0, 0, 0, 0, 0, 0, 0, 0, 0, 0, 0, 0, 0, 0, 0, 0, 0, 0, 0, 0, 0, 0, 0, 0, 0, 0, 0, 0, 0, 0, 0, 0, 0, 0, 0, 0, 0, 0, 0), (0, 0, 0, 0, 0, 0, 0, 0, 0, 0, 0, 0, 0, 0, 0, 0, 0, 0, 0, 0, 0, 0, 0, 0, 0, 0, 0, 0, 0, 0, 0, 0, 0, 0, 0, 0, 0, 0, 0, 0), (0, 0, 0, 0, 0, 0, 0, 0, 0, 0, 0, 0, 0, 0, 0, 0, 0, 0, 0, 0, 0, 0, 0, 0, 0, 0, 0, 0, 0, 0, 0, 0, 0, 0, 0, 0, 0, 0, 0, 0), (0, 0, 0, 0, 0, 0, 0, 0, 0, 0, 0, 0, 0, 0, 0, 0, 0, 0, 0, 0, 0, 0, 0, 0, 0, 0, 0, 0, 0, 0, 0, 0, 0, 0, 0, 0, 0, 0, 0, 0), (0, 0, 0, 0, 0, 0, 0, 0, 0, 0, 0, 0, 0, 0, 0, 0, 0, 0, 0, 0, 0, 0, 0, 0, 0, 0, 0, 0, 0, 0, 0, 0, 0, 0, 0, 0, 0, 0, 0, 0), (0, 0, 0, 0, 0, 0, 0, 0, 0, 0, 0, 0, 0, 0, 0, 0, 0, 0, 0, 0, 0, 0, 0, 0, 0, 0, 0, 0, 0, 0, 0, 0, 0, 0, 0, 0, 0, 0, 0, 0), (0, 0, 0, 0, 0, 0, 0, 0, 0, 0, 0, 0, 0, 0, 0, 0, 0, 0, 0, 0, 0, 0, 0, 0, 0, 0, 0, 0, 0, 0, 0, 0, 0, 0, 0, 0, 0, 0, 0, 0), (0, 0, 0, 0, 0, 0, 0, 0, 0, 0, 0, 0, 0, 0, 0, 0, 0, 0, 0, 0, 0, 0, 0, 0, 0, 0, 0, 0, 0, 0, 0, 0, 0, 0, 0, 0, 0, 0, 0, 0)]}}
Client Client 30 has insufficient CPU (1). Will not participate in the next FL round.
Client Client 4 participates in this round. (CPU: 2, RAM: 2)
Client Client 37 has insufficient CPU (1). Will not participate in the next FL round.
Client Client 36 has insufficient CPU (1). Will not participate in the next FL round.
Client Client 29 has insufficient CPU (1). Will not participate in the next FL round.
Client Client 12 has insufficient CPU (1). Will not participate in the next FL round.
Client Client 21 has insufficient CPU (1). Will not participate in the next FL round.
Client Client 13 has insufficient CPU (1). Will not participate in the next FL round.
Client Client 23 has insufficient CPU (1). Will not participate in the next FL round.
Client Client 19 has insufficient CPU (1). Will not participate in the next FL round.
Client Client 20 has insufficient CPU (1). Will not participate in the next FL round.
Client Client 15 has insufficient CPU (1). Will not participate in the next FL round.
Client Client 5 participates in this round. (CPU: 2, RAM: 2)
Client Client 32 has insufficient CPU (1). Will not participate in the next FL round.
Client Client 2 participates in this round. (CPU: 2, RAM: 2)
Client Client 3 participates in this round. (CPU: 2, RAM: 2)
Client Client 35 has insufficient CPU (1). Will not participate in the next FL round.
Client Client 14 has insufficient CPU (1). Will not participate in the next FL round.
Client Client 31 has insufficient CPU (1). Will not participate in the next FL round.
Client Client 8 participates in this round. (CPU: 2, RAM: 2)
Client Client 39 has insufficient CPU (1). Will not participate in the next FL round.
Client Client 18 has insufficient CPU (1). Will not participate in the next FL round.
Client Client 25 has insufficient CPU (1). Will not participate in the next FL round.
Client Client 16 has insufficient CPU (1). Will not participate in the next FL round.
Client Client 33 has insufficient CPU (1). Will not participate in the next FL round.
Client Client 26 has insufficient CPU (1). Will not participate in the next FL round.
Client Client 11 has insufficient CPU (1). Will not participate in the next FL round.
Client Client 9 participates in this round. (CPU: 2, RAM: 2)
Client Client 17 has insufficient CPU (1). Will not participate in the next FL round.
Client Client 10 participates in this round. (CPU: 2, RAM: 2)
Client Client 22 has insufficient CPU (1). Will not participate in the next FL round.
Client Client 40 has insufficient CPU (1). Will not participate in the next FL round.
Client Client 28 has insufficient CPU (1). Will not participate in the next FL round.
Client Client 6 participates in this round. (CPU: 2, RAM: 2)
Client Client 27 has insufficient CPU (1). Will not participate in the next FL round.
Client Client 24 has insufficient CPU (1). Will not participate in the next FL round.
Client Client 7 participates in this round. (CPU: 2, RAM: 2)
Client Client 34 has insufficient CPU (1). Will not participate in the next FL round.
Client Client 38 has insufficient CPU (1). Will not participate in the next FL round.
Client Client 1 participates in this round. (CPU: 2, RAM: 2)
Results Aggregated in 0.09 seconds.
{'prostate_logreg': {'train_loss': [0.7034435915688279, 0.6645639784512856, 0.6342049709927109, 0.6106351702381431, 0.5921530267644748, 0.5774179996137808, 0.5655225192552018, 0.5558048846169794, 0.5477714054084385, 0.5410534345543191], 'train_accuracy': [0.4783001808318264, 0.530741410488246, 0.6103074141048824, 0.6808318264014467, 0.7088607594936709, 0.7359855334538878, 0.7432188065099458, 0.7459312839059674, 0.755877034358047, 0.7603978300180831], 'train_f1': [0.4744495192067388, 0.5275093657327279, 0.6076883588279914, 0.6796569358586824, 0.7077752463067972, 0.7351159733327346, 0.7420813666498647, 0.7445703471185002, 0.7545821137791539, 0.7587651418137537], 'train_mae': [0.5216998191681737, 0.4692585895117541, 0.3896925858951175, 0.3191681735985534, 0.2911392405063291, 0.2640144665461121, 0.25678119349005424, 0.25406871609403253, 0.244122965641953, 0.23960216998191683], 'val_loss': [0.7420563817875803, 0.7051843740085679, 0.6765426507897934, 0.6545408012071267, 0.6376400748569121, 0.6244685056279189, 0.6140216215230486, 0.6056019048921164, 0.5987139170216583, 0.5929992801251195], 'val_accuracy': [0.42155297346517384, 0.4701563361676478, 0.5505174868223616, 0.6087235325048415, 0.6379692329396073, 0.6546897644056275, 0.6645361214779475, 0.6722888050992011, 0.6805993741423313, 0.685105741731112], 'val_f1': [0.4210351719625235, 0.46986444537417904, 0.5492425731683991, 0.6054863860190346, 0.6334998884185497, 0.6497702786904973, 0.6596562267801049, 0.6675671491948746, 0.6761634743771744, 0.680846380591444], 'val_mae': [0.5784470265348262, 0.5298436638323522, 0.44948251317763843, 0.3912764674951586, 0.3620307670603927, 0.3453102355943724, 0.3354638785220525, 0.327711194900799, 0.3194006258576687, 0.31489425826888795], 'jsd': [(0, 0, 0, 0, 0, 0, 0, 0, 0, 0, 0, 0, 0, 0, 0, 0, 0, 0, 0, 0, 0, 0, 0, 0, 0, 0, 0, 0, 0, 0, 0, 0, 0, 0, 0, 0, 0, 0, 0, 0), (0, 0, 0, 0, 0, 0, 0, 0, 0, 0, 0, 0, 0, 0, 0, 0, 0, 0, 0, 0, 0, 0, 0, 0, 0, 0, 0, 0, 0, 0, 0, 0, 0, 0, 0, 0, 0, 0, 0, 0), (0, 0, 0, 0, 0, 0, 0, 0, 0, 0, 0, 0, 0, 0, 0, 0, 0, 0, 0, 0, 0, 0, 0, 0, 0, 0, 0, 0, 0, 0, 0, 0, 0, 0, 0, 0, 0, 0, 0, 0), (0, 0, 0, 0, 0, 0, 0, 0, 0, 0, 0, 0, 0, 0, 0, 0, 0, 0, 0, 0, 0, 0, 0, 0, 0, 0, 0, 0, 0, 0, 0, 0, 0, 0, 0, 0, 0, 0, 0, 0), (0, 0, 0, 0, 0, 0, 0, 0, 0, 0, 0, 0, 0, 0, 0, 0, 0, 0, 0, 0, 0, 0, 0, 0, 0, 0, 0, 0, 0, 0, 0, 0, 0, 0, 0, 0, 0, 0, 0, 0), (0, 0, 0, 0, 0, 0, 0, 0, 0, 0, 0, 0, 0, 0, 0, 0, 0, 0, 0, 0, 0, 0, 0, 0, 0, 0, 0, 0, 0, 0, 0, 0, 0, 0, 0, 0, 0, 0, 0, 0), (0, 0, 0, 0, 0, 0, 0, 0, 0, 0, 0, 0, 0, 0, 0, 0, 0, 0, 0, 0, 0, 0, 0, 0, 0, 0, 0, 0, 0, 0, 0, 0, 0, 0, 0, 0, 0, 0, 0, 0), (0, 0, 0, 0, 0, 0, 0, 0, 0, 0, 0, 0, 0, 0, 0, 0, 0, 0, 0, 0, 0, 0, 0, 0, 0, 0, 0, 0, 0, 0, 0, 0, 0, 0, 0, 0, 0, 0, 0, 0), (0, 0, 0, 0, 0, 0, 0, 0, 0, 0, 0, 0, 0, 0, 0, 0, 0, 0, 0, 0, 0, 0, 0, 0, 0, 0, 0, 0, 0, 0, 0, 0, 0, 0, 0, 0, 0, 0, 0, 0), (0, 0, 0, 0, 0, 0, 0, 0, 0, 0, 0, 0, 0, 0, 0, 0, 0, 0, 0, 0, 0, 0, 0, 0, 0, 0, 0, 0, 0, 0, 0, 0, 0, 0, 0, 0, 0, 0, 0, 0)]}}
Client Client 4 participates in this round. (CPU: 2, RAM: 2)
Client Client 35 has insufficient CPU (1). Will not participate in the next FL round.
Client Client 13 has insufficient CPU (1). Will not participate in the next FL round.
Client Client 31 has insufficient CPU (1). Will not participate in the next FL round.
Client Client 17 has insufficient CPU (1). Will not participate in the next FL round.
Client Client 12 has insufficient CPU (1). Will not participate in the next FL round.
Client Client 39 has insufficient CPU (1). Will not participate in the next FL round.
Client Client 16 has insufficient CPU (1). Will not participate in the next FL round.
Client Client 9 participates in this round. (CPU: 2, RAM: 2)
Client Client 3 participates in this round. (CPU: 2, RAM: 2)
Client Client 30 has insufficient CPU (1). Will not participate in the next FL round.
Client Client 20 has insufficient CPU (1). Will not participate in the next FL round.
Client Client 29 has insufficient CPU (1). Will not participate in the next FL round.
Client Client 23 has insufficient CPU (1). Will not participate in the next FL round.
Client Client 6 participates in this round. (CPU: 2, RAM: 2)
Client Client 24 has insufficient CPU (1). Will not participate in the next FL round.
Client Client 11 has insufficient CPU (1). Will not participate in the next FL round.
Client Client 22 has insufficient CPU (1). Will not participate in the next FL round.
Client Client 8 participates in this round. (CPU: 2, RAM: 2)
Client Client 33 has insufficient CPU (1). Will not participate in the next FL round.
Client Client 38 has insufficient CPU (1). Will not participate in the next FL round.
Client Client 19 has insufficient CPU (1). Will not participate in the next FL round.
Client Client 18 has insufficient CPU (1). Will not participate in the next FL round.
Client Client 1 participates in this round. (CPU: 2, RAM: 2)
Client Client 14 has insufficient CPU (1). Will not participate in the next FL round.
Client Client 27 has insufficient CPU (1). Will not participate in the next FL round.
Client Client 10 participates in this round. (CPU: 2, RAM: 2)
Client Client 7 participates in this round. (CPU: 2, RAM: 2)
Client Client 37 has insufficient CPU (1). Will not participate in the next FL round.
Client Client 28 has insufficient CPU (1). Will not participate in the next FL round.
Client Client 32 has insufficient CPU (1). Will not participate in the next FL round.
Client Client 25 has insufficient CPU (1). Will not participate in the next FL round.
Client Client 5 participates in this round. (CPU: 2, RAM: 2)
Client Client 26 has insufficient CPU (1). Will not participate in the next FL round.
Client Client 36 has insufficient CPU (1). Will not participate in the next FL round.
Client Client 2 participates in this round. (CPU: 2, RAM: 2)
Client Client 40 has insufficient CPU (1). Will not participate in the next FL round.
Client Client 21 has insufficient CPU (1). Will not participate in the next FL round.
Client Client 15 has insufficient CPU (1). Will not participate in the next FL round.
Client Client 34 has insufficient CPU (1). Will not participate in the next FL round.
Results Aggregated in 0.09 seconds.
{'prostate_logreg': {'train_loss': [0.7034435915688279, 0.6645639784512856, 0.6342049709927109, 0.6106351702381431, 0.5921530267644748, 0.5774179996137808, 0.5655225192552018, 0.5558048846169794, 0.5477714054084385, 0.5410534345543191, 0.5353745526581949], 'train_accuracy': [0.4783001808318264, 0.530741410488246, 0.6103074141048824, 0.6808318264014467, 0.7088607594936709, 0.7359855334538878, 0.7432188065099458, 0.7459312839059674, 0.755877034358047, 0.7603978300180831, 0.7640144665461122], 'train_f1': [0.4744495192067388, 0.5275093657327279, 0.6076883588279914, 0.6796569358586824, 0.7077752463067972, 0.7351159733327346, 0.7420813666498647, 0.7445703471185002, 0.7545821137791539, 0.7587651418137537, 0.7622239619111341], 'train_mae': [0.5216998191681737, 0.4692585895117541, 0.3896925858951175, 0.3191681735985534, 0.2911392405063291, 0.2640144665461121, 0.25678119349005424, 0.25406871609403253, 0.244122965641953, 0.23960216998191683, 0.2359855334538879], 'val_loss': [0.7420563817875803, 0.7051843740085679, 0.6765426507897934, 0.6545408012071267, 0.6376400748569121, 0.6244685056279189, 0.6140216215230486, 0.6056019048921164, 0.5987139170216583, 0.5929992801251195, 0.5881953021548725], 'val_accuracy': [0.42155297346517384, 0.4701563361676478, 0.5505174868223616, 0.6087235325048415, 0.6379692329396073, 0.6546897644056275, 0.6645361214779475, 0.6722888050992011, 0.6805993741423313, 0.685105741731112, 0.6922989368114604], 'val_f1': [0.4210351719625235, 0.46986444537417904, 0.5492425731683991, 0.6054863860190346, 0.6334998884185497, 0.6497702786904973, 0.6596562267801049, 0.6675671491948746, 0.6761634743771744, 0.680846380591444, 0.6880108844455763], 'val_mae': [0.5784470265348262, 0.5298436638323522, 0.44948251317763843, 0.3912764674951586, 0.3620307670603927, 0.3453102355943724, 0.3354638785220525, 0.327711194900799, 0.3194006258576687, 0.31489425826888795, 0.3077010631885396], 'jsd': [(0, 0, 0, 0, 0, 0, 0, 0, 0, 0, 0, 0, 0, 0, 0, 0, 0, 0, 0, 0, 0, 0, 0, 0, 0, 0, 0, 0, 0, 0, 0, 0, 0, 0, 0, 0, 0, 0, 0, 0), (0, 0, 0, 0, 0, 0, 0, 0, 0, 0, 0, 0, 0, 0, 0, 0, 0, 0, 0, 0, 0, 0, 0, 0, 0, 0, 0, 0, 0, 0, 0, 0, 0, 0, 0, 0, 0, 0, 0, 0), (0, 0, 0, 0, 0, 0, 0, 0, 0, 0, 0, 0, 0, 0, 0, 0, 0, 0, 0, 0, 0, 0, 0, 0, 0, 0, 0, 0, 0, 0, 0, 0, 0, 0, 0, 0, 0, 0, 0, 0), (0, 0, 0, 0, 0, 0, 0, 0, 0, 0, 0, 0, 0, 0, 0, 0, 0, 0, 0, 0, 0, 0, 0, 0, 0, 0, 0, 0, 0, 0, 0, 0, 0, 0, 0, 0, 0, 0, 0, 0), (0, 0, 0, 0, 0, 0, 0, 0, 0, 0, 0, 0, 0, 0, 0, 0, 0, 0, 0, 0, 0, 0, 0, 0, 0, 0, 0, 0, 0, 0, 0, 0, 0, 0, 0, 0, 0, 0, 0, 0), (0, 0, 0, 0, 0, 0, 0, 0, 0, 0, 0, 0, 0, 0, 0, 0, 0, 0, 0, 0, 0, 0, 0, 0, 0, 0, 0, 0, 0, 0, 0, 0, 0, 0, 0, 0, 0, 0, 0, 0), (0, 0, 0, 0, 0, 0, 0, 0, 0, 0, 0, 0, 0, 0, 0, 0, 0, 0, 0, 0, 0, 0, 0, 0, 0, 0, 0, 0, 0, 0, 0, 0, 0, 0, 0, 0, 0, 0, 0, 0), (0, 0, 0, 0, 0, 0, 0, 0, 0, 0, 0, 0, 0, 0, 0, 0, 0, 0, 0, 0, 0, 0, 0, 0, 0, 0, 0, 0, 0, 0, 0, 0, 0, 0, 0, 0, 0, 0, 0, 0), (0, 0, 0, 0, 0, 0, 0, 0, 0, 0, 0, 0, 0, 0, 0, 0, 0, 0, 0, 0, 0, 0, 0, 0, 0, 0, 0, 0, 0, 0, 0, 0, 0, 0, 0, 0, 0, 0, 0, 0), (0, 0, 0, 0, 0, 0, 0, 0, 0, 0, 0, 0, 0, 0, 0, 0, 0, 0, 0, 0, 0, 0, 0, 0, 0, 0, 0, 0, 0, 0, 0, 0, 0, 0, 0, 0, 0, 0, 0, 0), (0, 0, 0, 0, 0, 0, 0, 0, 0, 0, 0, 0, 0, 0, 0, 0, 0, 0, 0, 0, 0, 0, 0, 0, 0, 0, 0, 0, 0, 0, 0, 0, 0, 0, 0, 0, 0, 0, 0, 0)]}}
Client Client 3 participates in this round. (CPU: 2, RAM: 2)
Client Client 38 has insufficient CPU (1). Will not participate in the next FL round.
Client Client 28 has insufficient CPU (1). Will not participate in the next FL round.
Client Client 7 participates in this round. (CPU: 2, RAM: 2)
Client Client 17 has insufficient CPU (1). Will not participate in the next FL round.
Client Client 14 has insufficient CPU (1). Will not participate in the next FL round.
Client Client 15 has insufficient CPU (1). Will not participate in the next FL round.
Client Client 31 has insufficient CPU (1). Will not participate in the next FL round.
Client Client 9 participates in this round. (CPU: 2, RAM: 2)
Client Client 32 has insufficient CPU (1). Will not participate in the next FL round.
Client Client 20 has insufficient CPU (1). Will not participate in the next FL round.
Client Client 16 has insufficient CPU (1). Will not participate in the next FL round.
Client Client 5 participates in this round. (CPU: 2, RAM: 2)
Client Client 37 has insufficient CPU (1). Will not participate in the next FL round.
Client Client 39 has insufficient CPU (1). Will not participate in the next FL round.
Client Client 18 has insufficient CPU (1). Will not participate in the next FL round.
Client Client 22 has insufficient CPU (1). Will not participate in the next FL round.
Client Client 2 participates in this round. (CPU: 2, RAM: 2)
Client Client 10 participates in this round. (CPU: 2, RAM: 2)
Client Client 24 has insufficient CPU (1). Will not participate in the next FL round.
Client Client 13 has insufficient CPU (1). Will not participate in the next FL round.
Client Client 11 has insufficient CPU (1). Will not participate in the next FL round.
Client Client 6 participates in this round. (CPU: 2, RAM: 2)
Client Client 34 has insufficient CPU (1). Will not participate in the next FL round.
Client Client 30 has insufficient CPU (1). Will not participate in the next FL round.
Client Client 8 participates in this round. (CPU: 2, RAM: 2)
Client Client 27 has insufficient CPU (1). Will not participate in the next FL round.
Client Client 35 has insufficient CPU (1). Will not participate in the next FL round.
Client Client 26 has insufficient CPU (1). Will not participate in the next FL round.
Client Client 25 has insufficient CPU (1). Will not participate in the next FL round.
Client Client 36 has insufficient CPU (1). Will not participate in the next FL round.
Client Client 21 has insufficient CPU (1). Will not participate in the next FL round.
Client Client 23 has insufficient CPU (1). Will not participate in the next FL round.
Client Client 12 has insufficient CPU (1). Will not participate in the next FL round.
Client Client 33 has insufficient CPU (1). Will not participate in the next FL round.
Client Client 29 has insufficient CPU (1). Will not participate in the next FL round.
Client Client 40 has insufficient CPU (1). Will not participate in the next FL round.
Client Client 1 participates in this round. (CPU: 2, RAM: 2)
Client Client 19 has insufficient CPU (1). Will not participate in the next FL round.
Client Client 4 participates in this round. (CPU: 2, RAM: 2)
Results Aggregated in 0.09 seconds.
{'prostate_logreg': {'train_loss': [0.7034435915688279, 0.6645639784512856, 0.6342049709927109, 0.6106351702381431, 0.5921530267644748, 0.5774179996137808, 0.5655225192552018, 0.5558048846169794, 0.5477714054084385, 0.5410534345543191, 0.5353745526581949, 0.5305258673203143], 'train_accuracy': [0.4783001808318264, 0.530741410488246, 0.6103074141048824, 0.6808318264014467, 0.7088607594936709, 0.7359855334538878, 0.7432188065099458, 0.7459312839059674, 0.755877034358047, 0.7603978300180831, 0.7640144665461122, 0.7667269439421338], 'train_f1': [0.4744495192067388, 0.5275093657327279, 0.6076883588279914, 0.6796569358586824, 0.7077752463067972, 0.7351159733327346, 0.7420813666498647, 0.7445703471185002, 0.7545821137791539, 0.7587651418137537, 0.7622239619111341, 0.7648905928799642], 'train_mae': [0.5216998191681737, 0.4692585895117541, 0.3896925858951175, 0.3191681735985534, 0.2911392405063291, 0.2640144665461121, 0.25678119349005424, 0.25406871609403253, 0.244122965641953, 0.23960216998191683, 0.2359855334538879, 0.2332730560578662], 'val_loss': [0.7420563817875803, 0.7051843740085679, 0.6765426507897934, 0.6545408012071267, 0.6376400748569121, 0.6244685056279189, 0.6140216215230486, 0.6056019048921164, 0.5987139170216583, 0.5929992801251195, 0.5881953021548725, 0.5841070986687835], 'val_accuracy': [0.42155297346517384, 0.4701563361676478, 0.5505174868223616, 0.6087235325048415, 0.6379692329396073, 0.6546897644056275, 0.6645361214779475, 0.6722888050992011, 0.6805993741423313, 0.685105741731112, 0.6922989368114604, 0.6989647057314712], 'val_f1': [0.4210351719625235, 0.46986444537417904, 0.5492425731683991, 0.6054863860190346, 0.6334998884185497, 0.6497702786904973, 0.6596562267801049, 0.6675671491948746, 0.6761634743771744, 0.680846380591444, 0.6880108844455763, 0.6944789016680805], 'val_mae': [0.5784470265348262, 0.5298436638323522, 0.44948251317763843, 0.3912764674951586, 0.3620307670603927, 0.3453102355943724, 0.3354638785220525, 0.327711194900799, 0.3194006258576687, 0.31489425826888795, 0.3077010631885396, 0.3010352942685289], 'jsd': [(0, 0, 0, 0, 0, 0, 0, 0, 0, 0, 0, 0, 0, 0, 0, 0, 0, 0, 0, 0, 0, 0, 0, 0, 0, 0, 0, 0, 0, 0, 0, 0, 0, 0, 0, 0, 0, 0, 0, 0), (0, 0, 0, 0, 0, 0, 0, 0, 0, 0, 0, 0, 0, 0, 0, 0, 0, 0, 0, 0, 0, 0, 0, 0, 0, 0, 0, 0, 0, 0, 0, 0, 0, 0, 0, 0, 0, 0, 0, 0), (0, 0, 0, 0, 0, 0, 0, 0, 0, 0, 0, 0, 0, 0, 0, 0, 0, 0, 0, 0, 0, 0, 0, 0, 0, 0, 0, 0, 0, 0, 0, 0, 0, 0, 0, 0, 0, 0, 0, 0), (0, 0, 0, 0, 0, 0, 0, 0, 0, 0, 0, 0, 0, 0, 0, 0, 0, 0, 0, 0, 0, 0, 0, 0, 0, 0, 0, 0, 0, 0, 0, 0, 0, 0, 0, 0, 0, 0, 0, 0), (0, 0, 0, 0, 0, 0, 0, 0, 0, 0, 0, 0, 0, 0, 0, 0, 0, 0, 0, 0, 0, 0, 0, 0, 0, 0, 0, 0, 0, 0, 0, 0, 0, 0, 0, 0, 0, 0, 0, 0), (0, 0, 0, 0, 0, 0, 0, 0, 0, 0, 0, 0, 0, 0, 0, 0, 0, 0, 0, 0, 0, 0, 0, 0, 0, 0, 0, 0, 0, 0, 0, 0, 0, 0, 0, 0, 0, 0, 0, 0), (0, 0, 0, 0, 0, 0, 0, 0, 0, 0, 0, 0, 0, 0, 0, 0, 0, 0, 0, 0, 0, 0, 0, 0, 0, 0, 0, 0, 0, 0, 0, 0, 0, 0, 0, 0, 0, 0, 0, 0), (0, 0, 0, 0, 0, 0, 0, 0, 0, 0, 0, 0, 0, 0, 0, 0, 0, 0, 0, 0, 0, 0, 0, 0, 0, 0, 0, 0, 0, 0, 0, 0, 0, 0, 0, 0, 0, 0, 0, 0), (0, 0, 0, 0, 0, 0, 0, 0, 0, 0, 0, 0, 0, 0, 0, 0, 0, 0, 0, 0, 0, 0, 0, 0, 0, 0, 0, 0, 0, 0, 0, 0, 0, 0, 0, 0, 0, 0, 0, 0), (0, 0, 0, 0, 0, 0, 0, 0, 0, 0, 0, 0, 0, 0, 0, 0, 0, 0, 0, 0, 0, 0, 0, 0, 0, 0, 0, 0, 0, 0, 0, 0, 0, 0, 0, 0, 0, 0, 0, 0), (0, 0, 0, 0, 0, 0, 0, 0, 0, 0, 0, 0, 0, 0, 0, 0, 0, 0, 0, 0, 0, 0, 0, 0, 0, 0, 0, 0, 0, 0, 0, 0, 0, 0, 0, 0, 0, 0, 0, 0), (0, 0, 0, 0, 0, 0, 0, 0, 0, 0, 0, 0, 0, 0, 0, 0, 0, 0, 0, 0, 0, 0, 0, 0, 0, 0, 0, 0, 0, 0, 0, 0, 0, 0, 0, 0, 0, 0, 0, 0)]}}
Client Client 35 has insufficient CPU (1). Will not participate in the next FL round.
Client Client 39 has insufficient CPU (1). Will not participate in the next FL round.
Client Client 15 has insufficient CPU (1). Will not participate in the next FL round.
Client Client 1 participates in this round. (CPU: 2, RAM: 2)
Client Client 22 has insufficient CPU (1). Will not participate in the next FL round.
Client Client 36 has insufficient CPU (1). Will not participate in the next FL round.
Client Client 34 has insufficient CPU (1). Will not participate in the next FL round.
Client Client 33 has insufficient CPU (1). Will not participate in the next FL round.
Client Client 5 participates in this round. (CPU: 2, RAM: 2)
Client Client 10 participates in this round. (CPU: 2, RAM: 2)
Client Client 3 participates in this round. (CPU: 2, RAM: 2)
Client Client 40 has insufficient CPU (1). Will not participate in the next FL round.
Client Client 6 participates in this round. (CPU: 2, RAM: 2)
Client Client 4 participates in this round. (CPU: 2, RAM: 2)
Client Client 7 participates in this round. (CPU: 2, RAM: 2)
Client Client 25 has insufficient CPU (1). Will not participate in the next FL round.
Client Client 20 has insufficient CPU (1). Will not participate in the next FL round.
Client Client 11 has insufficient CPU (1). Will not participate in the next FL round.
Client Client 26 has insufficient CPU (1). Will not participate in the next FL round.
Client Client 14 has insufficient CPU (1). Will not participate in the next FL round.
Client Client 19 has insufficient CPU (1). Will not participate in the next FL round.
Client Client 16 has insufficient CPU (1). Will not participate in the next FL round.
Client Client 2 participates in this round. (CPU: 2, RAM: 2)
Client Client 38 has insufficient CPU (1). Will not participate in the next FL round.
Client Client 18 has insufficient CPU (1). Will not participate in the next FL round.
Client Client 21 has insufficient CPU (1). Will not participate in the next FL round.
Client Client 37 has insufficient CPU (1). Will not participate in the next FL round.
Client Client 24 has insufficient CPU (1). Will not participate in the next FL round.
Client Client 30 has insufficient CPU (1). Will not participate in the next FL round.
Client Client 17 has insufficient CPU (1). Will not participate in the next FL round.
Client Client 12 has insufficient CPU (1). Will not participate in the next FL round.
Client Client 23 has insufficient CPU (1). Will not participate in the next FL round.
Client Client 8 participates in this round. (CPU: 2, RAM: 2)
Client Client 9 participates in this round. (CPU: 2, RAM: 2)
Client Client 27 has insufficient CPU (1). Will not participate in the next FL round.
Client Client 13 has insufficient CPU (1). Will not participate in the next FL round.
Client Client 28 has insufficient CPU (1). Will not participate in the next FL round.
Client Client 29 has insufficient CPU (1). Will not participate in the next FL round.
Client Client 32 has insufficient CPU (1). Will not participate in the next FL round.
Client Client 31 has insufficient CPU (1). Will not participate in the next FL round.
Results Aggregated in 0.09 seconds.
{'prostate_logreg': {'train_loss': [0.7034435915688279, 0.6645639784512856, 0.6342049709927109, 0.6106351702381431, 0.5921530267644748, 0.5774179996137808, 0.5655225192552018, 0.5558048846169794, 0.5477714054084385, 0.5410534345543191, 0.5353745526581949, 0.5305258673203143, 0.5263478575951368], 'train_accuracy': [0.4783001808318264, 0.530741410488246, 0.6103074141048824, 0.6808318264014467, 0.7088607594936709, 0.7359855334538878, 0.7432188065099458, 0.7459312839059674, 0.755877034358047, 0.7603978300180831, 0.7640144665461122, 0.7667269439421338, 0.7676311030741411], 'train_f1': [0.4744495192067388, 0.5275093657327279, 0.6076883588279914, 0.6796569358586824, 0.7077752463067972, 0.7351159733327346, 0.7420813666498647, 0.7445703471185002, 0.7545821137791539, 0.7587651418137537, 0.7622239619111341, 0.7648905928799642, 0.7656271871954955], 'train_mae': [0.5216998191681737, 0.4692585895117541, 0.3896925858951175, 0.3191681735985534, 0.2911392405063291, 0.2640144665461121, 0.25678119349005424, 0.25406871609403253, 0.244122965641953, 0.23960216998191683, 0.2359855334538879, 0.2332730560578662, 0.23236889692585896], 'val_loss': [0.7420563817875803, 0.7051843740085679, 0.6765426507897934, 0.6545408012071267, 0.6376400748569121, 0.6244685056279189, 0.6140216215230486, 0.6056019048921164, 0.5987139170216583, 0.5929992801251195, 0.5881953021548725, 0.5841070986687835, 0.5805883869283581], 'val_accuracy': [0.42155297346517384, 0.4701563361676478, 0.5505174868223616, 0.6087235325048415, 0.6379692329396073, 0.6546897644056275, 0.6645361214779475, 0.6722888050992011, 0.6805993741423313, 0.685105741731112, 0.6922989368114604, 0.6989647057314712, 0.7036377976992035], 'val_f1': [0.4210351719625235, 0.46986444537417904, 0.5492425731683991, 0.6054863860190346, 0.6334998884185497, 0.6497702786904973, 0.6596562267801049, 0.6675671491948746, 0.6761634743771744, 0.680846380591444, 0.6880108844455763, 0.6944789016680805, 0.6990196517520882], 'val_mae': [0.5784470265348262, 0.5298436638323522, 0.44948251317763843, 0.3912764674951586, 0.3620307670603927, 0.3453102355943724, 0.3354638785220525, 0.327711194900799, 0.3194006258576687, 0.31489425826888795, 0.3077010631885396, 0.3010352942685289, 0.2963622023007964], 'jsd': [(0, 0, 0, 0, 0, 0, 0, 0, 0, 0, 0, 0, 0, 0, 0, 0, 0, 0, 0, 0, 0, 0, 0, 0, 0, 0, 0, 0, 0, 0, 0, 0, 0, 0, 0, 0, 0, 0, 0, 0), (0, 0, 0, 0, 0, 0, 0, 0, 0, 0, 0, 0, 0, 0, 0, 0, 0, 0, 0, 0, 0, 0, 0, 0, 0, 0, 0, 0, 0, 0, 0, 0, 0, 0, 0, 0, 0, 0, 0, 0), (0, 0, 0, 0, 0, 0, 0, 0, 0, 0, 0, 0, 0, 0, 0, 0, 0, 0, 0, 0, 0, 0, 0, 0, 0, 0, 0, 0, 0, 0, 0, 0, 0, 0, 0, 0, 0, 0, 0, 0), (0, 0, 0, 0, 0, 0, 0, 0, 0, 0, 0, 0, 0, 0, 0, 0, 0, 0, 0, 0, 0, 0, 0, 0, 0, 0, 0, 0, 0, 0, 0, 0, 0, 0, 0, 0, 0, 0, 0, 0), (0, 0, 0, 0, 0, 0, 0, 0, 0, 0, 0, 0, 0, 0, 0, 0, 0, 0, 0, 0, 0, 0, 0, 0, 0, 0, 0, 0, 0, 0, 0, 0, 0, 0, 0, 0, 0, 0, 0, 0), (0, 0, 0, 0, 0, 0, 0, 0, 0, 0, 0, 0, 0, 0, 0, 0, 0, 0, 0, 0, 0, 0, 0, 0, 0, 0, 0, 0, 0, 0, 0, 0, 0, 0, 0, 0, 0, 0, 0, 0), (0, 0, 0, 0, 0, 0, 0, 0, 0, 0, 0, 0, 0, 0, 0, 0, 0, 0, 0, 0, 0, 0, 0, 0, 0, 0, 0, 0, 0, 0, 0, 0, 0, 0, 0, 0, 0, 0, 0, 0), (0, 0, 0, 0, 0, 0, 0, 0, 0, 0, 0, 0, 0, 0, 0, 0, 0, 0, 0, 0, 0, 0, 0, 0, 0, 0, 0, 0, 0, 0, 0, 0, 0, 0, 0, 0, 0, 0, 0, 0), (0, 0, 0, 0, 0, 0, 0, 0, 0, 0, 0, 0, 0, 0, 0, 0, 0, 0, 0, 0, 0, 0, 0, 0, 0, 0, 0, 0, 0, 0, 0, 0, 0, 0, 0, 0, 0, 0, 0, 0), (0, 0, 0, 0, 0, 0, 0, 0, 0, 0, 0, 0, 0, 0, 0, 0, 0, 0, 0, 0, 0, 0, 0, 0, 0, 0, 0, 0, 0, 0, 0, 0, 0, 0, 0, 0, 0, 0, 0, 0), (0, 0, 0, 0, 0, 0, 0, 0, 0, 0, 0, 0, 0, 0, 0, 0, 0, 0, 0, 0, 0, 0, 0, 0, 0, 0, 0, 0, 0, 0, 0, 0, 0, 0, 0, 0, 0, 0, 0, 0), (0, 0, 0, 0, 0, 0, 0, 0, 0, 0, 0, 0, 0, 0, 0, 0, 0, 0, 0, 0, 0, 0, 0, 0, 0, 0, 0, 0, 0, 0, 0, 0, 0, 0, 0, 0, 0, 0, 0, 0), (0, 0, 0, 0, 0, 0, 0, 0, 0, 0, 0, 0, 0, 0, 0, 0, 0, 0, 0, 0, 0, 0, 0, 0, 0, 0, 0, 0, 0, 0, 0, 0, 0, 0, 0, 0, 0, 0, 0, 0)]}}
Client Client 19 has insufficient CPU (1). Will not participate in the next FL round.
Client Client 13 has insufficient CPU (1). Will not participate in the next FL round.
Client Client 10 participates in this round. (CPU: 2, RAM: 2)
Client Client 34 has insufficient CPU (1). Will not participate in the next FL round.
Client Client 24 has insufficient CPU (1). Will not participate in the next FL round.
Client Client 12 has insufficient CPU (1). Will not participate in the next FL round.
Client Client 36 has insufficient CPU (1). Will not participate in the next FL round.
Client Client 28 has insufficient CPU (1). Will not participate in the next FL round.
Client Client 21 has insufficient CPU (1). Will not participate in the next FL round.
Client Client 25 has insufficient CPU (1). Will not participate in the next FL round.
Client Client 38 has insufficient CPU (1). Will not participate in the next FL round.
Client Client 6 participates in this round. (CPU: 2, RAM: 2)
Client Client 20 has insufficient CPU (1). Will not participate in the next FL round.
Client Client 5 participates in this round. (CPU: 2, RAM: 2)
Client Client 31 has insufficient CPU (1). Will not participate in the next FL round.
Client Client 9 participates in this round. (CPU: 2, RAM: 2)
Client Client 22 has insufficient CPU (1). Will not participate in the next FL round.
Client Client 37 has insufficient CPU (1). Will not participate in the next FL round.
Client Client 1 participates in this round. (CPU: 2, RAM: 2)
Client Client 32 has insufficient CPU (1). Will not participate in the next FL round.
Client Client 3 participates in this round. (CPU: 2, RAM: 2)
Client Client 29 has insufficient CPU (1). Will not participate in the next FL round.
Client Client 15 has insufficient CPU (1). Will not participate in the next FL round.
Client Client 27 has insufficient CPU (1). Will not participate in the next FL round.
Client Client 8 participates in this round. (CPU: 2, RAM: 2)
Client Client 18 has insufficient CPU (1). Will not participate in the next FL round.
Client Client 35 has insufficient CPU (1). Will not participate in the next FL round.
Client Client 4 participates in this round. (CPU: 2, RAM: 2)
Client Client 39 has insufficient CPU (1). Will not participate in the next FL round.
Client Client 40 has insufficient CPU (1). Will not participate in the next FL round.
Client Client 2 participates in this round. (CPU: 2, RAM: 2)
Client Client 23 has insufficient CPU (1). Will not participate in the next FL round.
Client Client 7 participates in this round. (CPU: 2, RAM: 2)
Client Client 17 has insufficient CPU (1). Will not participate in the next FL round.
Client Client 26 has insufficient CPU (1). Will not participate in the next FL round.
Client Client 33 has insufficient CPU (1). Will not participate in the next FL round.
Client Client 16 has insufficient CPU (1). Will not participate in the next FL round.
Client Client 30 has insufficient CPU (1). Will not participate in the next FL round.
Client Client 11 has insufficient CPU (1). Will not participate in the next FL round.
Client Client 14 has insufficient CPU (1). Will not participate in the next FL round.
Results Aggregated in 0.10 seconds.
{'prostate_logreg': {'train_loss': [0.7034435915688279, 0.6645639784512856, 0.6342049709927109, 0.6106351702381431, 0.5921530267644748, 0.5774179996137808, 0.5655225192552018, 0.5558048846169794, 0.5477714054084385, 0.5410534345543191, 0.5353745526581949, 0.5305258673203143, 0.5263478575951368, 0.5227175056395436], 'train_accuracy': [0.4783001808318264, 0.530741410488246, 0.6103074141048824, 0.6808318264014467, 0.7088607594936709, 0.7359855334538878, 0.7432188065099458, 0.7459312839059674, 0.755877034358047, 0.7603978300180831, 0.7640144665461122, 0.7667269439421338, 0.7676311030741411, 0.7703435804701627], 'train_f1': [0.4744495192067388, 0.5275093657327279, 0.6076883588279914, 0.6796569358586824, 0.7077752463067972, 0.7351159733327346, 0.7420813666498647, 0.7445703471185002, 0.7545821137791539, 0.7587651418137537, 0.7622239619111341, 0.7648905928799642, 0.7656271871954955, 0.7681874642731954], 'train_mae': [0.5216998191681737, 0.4692585895117541, 0.3896925858951175, 0.3191681735985534, 0.2911392405063291, 0.2640144665461121, 0.25678119349005424, 0.25406871609403253, 0.244122965641953, 0.23960216998191683, 0.2359855334538879, 0.2332730560578662, 0.23236889692585896, 0.22965641952983726], 'val_loss': [0.7420563817875803, 0.7051843740085679, 0.6765426507897934, 0.6545408012071267, 0.6376400748569121, 0.6244685056279189, 0.6140216215230486, 0.6056019048921164, 0.5987139170216583, 0.5929992801251195, 0.5881953021548725, 0.5841070986687835, 0.5805883869283581, 0.5775280775283961], 'val_accuracy': [0.42155297346517384, 0.4701563361676478, 0.5505174868223616, 0.6087235325048415, 0.6379692329396073, 0.6546897644056275, 0.6645361214779475, 0.6722888050992011, 0.6805993741423313, 0.685105741731112, 0.6922989368114604, 0.6989647057314712, 0.7036377976992035, 0.7067831172328883], 'val_f1': [0.4210351719625235, 0.46986444537417904, 0.5492425731683991, 0.6054863860190346, 0.6334998884185497, 0.6497702786904973, 0.6596562267801049, 0.6675671491948746, 0.6761634743771744, 0.680846380591444, 0.6880108844455763, 0.6944789016680805, 0.6990196517520882, 0.7020887389057092], 'val_mae': [0.5784470265348262, 0.5298436638323522, 0.44948251317763843, 0.3912764674951586, 0.3620307670603927, 0.3453102355943724, 0.3354638785220525, 0.327711194900799, 0.3194006258576687, 0.31489425826888795, 0.3077010631885396, 0.3010352942685289, 0.2963622023007964, 0.2932168827671117], 'jsd': [(0, 0, 0, 0, 0, 0, 0, 0, 0, 0, 0, 0, 0, 0, 0, 0, 0, 0, 0, 0, 0, 0, 0, 0, 0, 0, 0, 0, 0, 0, 0, 0, 0, 0, 0, 0, 0, 0, 0, 0), (0, 0, 0, 0, 0, 0, 0, 0, 0, 0, 0, 0, 0, 0, 0, 0, 0, 0, 0, 0, 0, 0, 0, 0, 0, 0, 0, 0, 0, 0, 0, 0, 0, 0, 0, 0, 0, 0, 0, 0), (0, 0, 0, 0, 0, 0, 0, 0, 0, 0, 0, 0, 0, 0, 0, 0, 0, 0, 0, 0, 0, 0, 0, 0, 0, 0, 0, 0, 0, 0, 0, 0, 0, 0, 0, 0, 0, 0, 0, 0), (0, 0, 0, 0, 0, 0, 0, 0, 0, 0, 0, 0, 0, 0, 0, 0, 0, 0, 0, 0, 0, 0, 0, 0, 0, 0, 0, 0, 0, 0, 0, 0, 0, 0, 0, 0, 0, 0, 0, 0), (0, 0, 0, 0, 0, 0, 0, 0, 0, 0, 0, 0, 0, 0, 0, 0, 0, 0, 0, 0, 0, 0, 0, 0, 0, 0, 0, 0, 0, 0, 0, 0, 0, 0, 0, 0, 0, 0, 0, 0), (0, 0, 0, 0, 0, 0, 0, 0, 0, 0, 0, 0, 0, 0, 0, 0, 0, 0, 0, 0, 0, 0, 0, 0, 0, 0, 0, 0, 0, 0, 0, 0, 0, 0, 0, 0, 0, 0, 0, 0), (0, 0, 0, 0, 0, 0, 0, 0, 0, 0, 0, 0, 0, 0, 0, 0, 0, 0, 0, 0, 0, 0, 0, 0, 0, 0, 0, 0, 0, 0, 0, 0, 0, 0, 0, 0, 0, 0, 0, 0), (0, 0, 0, 0, 0, 0, 0, 0, 0, 0, 0, 0, 0, 0, 0, 0, 0, 0, 0, 0, 0, 0, 0, 0, 0, 0, 0, 0, 0, 0, 0, 0, 0, 0, 0, 0, 0, 0, 0, 0), (0, 0, 0, 0, 0, 0, 0, 0, 0, 0, 0, 0, 0, 0, 0, 0, 0, 0, 0, 0, 0, 0, 0, 0, 0, 0, 0, 0, 0, 0, 0, 0, 0, 0, 0, 0, 0, 0, 0, 0), (0, 0, 0, 0, 0, 0, 0, 0, 0, 0, 0, 0, 0, 0, 0, 0, 0, 0, 0, 0, 0, 0, 0, 0, 0, 0, 0, 0, 0, 0, 0, 0, 0, 0, 0, 0, 0, 0, 0, 0), (0, 0, 0, 0, 0, 0, 0, 0, 0, 0, 0, 0, 0, 0, 0, 0, 0, 0, 0, 0, 0, 0, 0, 0, 0, 0, 0, 0, 0, 0, 0, 0, 0, 0, 0, 0, 0, 0, 0, 0), (0, 0, 0, 0, 0, 0, 0, 0, 0, 0, 0, 0, 0, 0, 0, 0, 0, 0, 0, 0, 0, 0, 0, 0, 0, 0, 0, 0, 0, 0, 0, 0, 0, 0, 0, 0, 0, 0, 0, 0), (0, 0, 0, 0, 0, 0, 0, 0, 0, 0, 0, 0, 0, 0, 0, 0, 0, 0, 0, 0, 0, 0, 0, 0, 0, 0, 0, 0, 0, 0, 0, 0, 0, 0, 0, 0, 0, 0, 0, 0), (0, 0, 0, 0, 0, 0, 0, 0, 0, 0, 0, 0, 0, 0, 0, 0, 0, 0, 0, 0, 0, 0, 0, 0, 0, 0, 0, 0, 0, 0, 0, 0, 0, 0, 0, 0, 0, 0, 0, 0)]}}
Client Client 40 has insufficient CPU (1). Will not participate in the next FL round.
Client Client 18 has insufficient CPU (1). Will not participate in the next FL round.
Client Client 26 has insufficient CPU (1). Will not participate in the next FL round.
Client Client 38 has insufficient CPU (1). Will not participate in the next FL round.
Client Client 16 has insufficient CPU (1). Will not participate in the next FL round.
Client Client 23 has insufficient CPU (1). Will not participate in the next FL round.
Client Client 11 has insufficient CPU (1). Will not participate in the next FL round.
Client Client 25 has insufficient CPU (1). Will not participate in the next FL round.
Client Client 33 has insufficient CPU (1). Will not participate in the next FL round.
Client Client 31 has insufficient CPU (1). Will not participate in the next FL round.
Client Client 17 has insufficient CPU (1). Will not participate in the next FL round.
Client Client 7 participates in this round. (CPU: 2, RAM: 2)
Client Client 35 has insufficient CPU (1). Will not participate in the next FL round.
Client Client 27 has insufficient CPU (1). Will not participate in the next FL round.
Client Client 9 participates in this round. (CPU: 2, RAM: 2)
Client Client 37 has insufficient CPU (1). Will not participate in the next FL round.
Client Client 36 has insufficient CPU (1). Will not participate in the next FL round.
Client Client 32 has insufficient CPU (1). Will not participate in the next FL round.
Client Client 12 has insufficient CPU (1). Will not participate in the next FL round.
Client Client 24 has insufficient CPU (1). Will not participate in the next FL round.
Client Client 28 has insufficient CPU (1). Will not participate in the next FL round.
Client Client 29 has insufficient CPU (1). Will not participate in the next FL round.
Client Client 13 has insufficient CPU (1). Will not participate in the next FL round.
Client Client 10 participates in this round. (CPU: 2, RAM: 2)
Client Client 15 has insufficient CPU (1). Will not participate in the next FL round.
Client Client 1 participates in this round. (CPU: 2, RAM: 2)
Client Client 30 has insufficient CPU (1). Will not participate in the next FL round.
Client Client 19 has insufficient CPU (1). Will not participate in the next FL round.
Client Client 4 participates in this round. (CPU: 2, RAM: 2)
Client Client 3 participates in this round. (CPU: 2, RAM: 2)
Client Client 6 participates in this round. (CPU: 2, RAM: 2)
Client Client 2 participates in this round. (CPU: 2, RAM: 2)
Client Client 34 has insufficient CPU (1). Will not participate in the next FL round.
Client Client 8 participates in this round. (CPU: 2, RAM: 2)
Client Client 39 has insufficient CPU (1). Will not participate in the next FL round.
Client Client 21 has insufficient CPU (1). Will not participate in the next FL round.
Client Client 22 has insufficient CPU (1). Will not participate in the next FL round.
Client Client 20 has insufficient CPU (1). Will not participate in the next FL round.
Client Client 5 participates in this round. (CPU: 2, RAM: 2)
Client Client 14 has insufficient CPU (1). Will not participate in the next FL round.
Results Aggregated in 0.10 seconds.
{'prostate_logreg': {'train_loss': [0.7034435915688279, 0.6645639784512856, 0.6342049709927109, 0.6106351702381431, 0.5921530267644748, 0.5774179996137808, 0.5655225192552018, 0.5558048846169794, 0.5477714054084385, 0.5410534345543191, 0.5353745526581949, 0.5305258673203143, 0.5263478575951368, 0.5227175056395436, 0.5195387900414562], 'train_accuracy': [0.4783001808318264, 0.530741410488246, 0.6103074141048824, 0.6808318264014467, 0.7088607594936709, 0.7359855334538878, 0.7432188065099458, 0.7459312839059674, 0.755877034358047, 0.7603978300180831, 0.7640144665461122, 0.7667269439421338, 0.7676311030741411, 0.7703435804701627, 0.77124773960217], 'train_f1': [0.4744495192067388, 0.5275093657327279, 0.6076883588279914, 0.6796569358586824, 0.7077752463067972, 0.7351159733327346, 0.7420813666498647, 0.7445703471185002, 0.7545821137791539, 0.7587651418137537, 0.7622239619111341, 0.7648905928799642, 0.7656271871954955, 0.7681874642731954, 0.7694101911716867], 'train_mae': [0.5216998191681737, 0.4692585895117541, 0.3896925858951175, 0.3191681735985534, 0.2911392405063291, 0.2640144665461121, 0.25678119349005424, 0.25406871609403253, 0.244122965641953, 0.23960216998191683, 0.2359855334538879, 0.2332730560578662, 0.23236889692585896, 0.22965641952983726, 0.22875226039783003], 'val_loss': [0.7420563817875803, 0.7051843740085679, 0.6765426507897934, 0.6545408012071267, 0.6376400748569121, 0.6244685056279189, 0.6140216215230486, 0.6056019048921164, 0.5987139170216583, 0.5929992801251195, 0.5881953021548725, 0.5841070986687835, 0.5805883869283581, 0.5775280775283961, 0.5748408623111865], 'val_accuracy': [0.42155297346517384, 0.4701563361676478, 0.5505174868223616, 0.6087235325048415, 0.6379692329396073, 0.6546897644056275, 0.6645361214779475, 0.6722888050992011, 0.6805993741423313, 0.685105741731112, 0.6922989368114604, 0.6989647057314712, 0.7036377976992035, 0.7067831172328883, 0.7090194682774806], 'val_f1': [0.4210351719625235, 0.46986444537417904, 0.5492425731683991, 0.6054863860190346, 0.6334998884185497, 0.6497702786904973, 0.6596562267801049, 0.6675671491948746, 0.6761634743771744, 0.680846380591444, 0.6880108844455763, 0.6944789016680805, 0.6990196517520882, 0.7020887389057092, 0.7042625385989882], 'val_mae': [0.5784470265348262, 0.5298436638323522, 0.44948251317763843, 0.3912764674951586, 0.3620307670603927, 0.3453102355943724, 0.3354638785220525, 0.327711194900799, 0.3194006258576687, 0.31489425826888795, 0.3077010631885396, 0.3010352942685289, 0.2963622023007964, 0.2932168827671117, 0.29098053172251936], 'jsd': [(0, 0, 0, 0, 0, 0, 0, 0, 0, 0, 0, 0, 0, 0, 0, 0, 0, 0, 0, 0, 0, 0, 0, 0, 0, 0, 0, 0, 0, 0, 0, 0, 0, 0, 0, 0, 0, 0, 0, 0), (0, 0, 0, 0, 0, 0, 0, 0, 0, 0, 0, 0, 0, 0, 0, 0, 0, 0, 0, 0, 0, 0, 0, 0, 0, 0, 0, 0, 0, 0, 0, 0, 0, 0, 0, 0, 0, 0, 0, 0), (0, 0, 0, 0, 0, 0, 0, 0, 0, 0, 0, 0, 0, 0, 0, 0, 0, 0, 0, 0, 0, 0, 0, 0, 0, 0, 0, 0, 0, 0, 0, 0, 0, 0, 0, 0, 0, 0, 0, 0), (0, 0, 0, 0, 0, 0, 0, 0, 0, 0, 0, 0, 0, 0, 0, 0, 0, 0, 0, 0, 0, 0, 0, 0, 0, 0, 0, 0, 0, 0, 0, 0, 0, 0, 0, 0, 0, 0, 0, 0), (0, 0, 0, 0, 0, 0, 0, 0, 0, 0, 0, 0, 0, 0, 0, 0, 0, 0, 0, 0, 0, 0, 0, 0, 0, 0, 0, 0, 0, 0, 0, 0, 0, 0, 0, 0, 0, 0, 0, 0), (0, 0, 0, 0, 0, 0, 0, 0, 0, 0, 0, 0, 0, 0, 0, 0, 0, 0, 0, 0, 0, 0, 0, 0, 0, 0, 0, 0, 0, 0, 0, 0, 0, 0, 0, 0, 0, 0, 0, 0), (0, 0, 0, 0, 0, 0, 0, 0, 0, 0, 0, 0, 0, 0, 0, 0, 0, 0, 0, 0, 0, 0, 0, 0, 0, 0, 0, 0, 0, 0, 0, 0, 0, 0, 0, 0, 0, 0, 0, 0), (0, 0, 0, 0, 0, 0, 0, 0, 0, 0, 0, 0, 0, 0, 0, 0, 0, 0, 0, 0, 0, 0, 0, 0, 0, 0, 0, 0, 0, 0, 0, 0, 0, 0, 0, 0, 0, 0, 0, 0), (0, 0, 0, 0, 0, 0, 0, 0, 0, 0, 0, 0, 0, 0, 0, 0, 0, 0, 0, 0, 0, 0, 0, 0, 0, 0, 0, 0, 0, 0, 0, 0, 0, 0, 0, 0, 0, 0, 0, 0), (0, 0, 0, 0, 0, 0, 0, 0, 0, 0, 0, 0, 0, 0, 0, 0, 0, 0, 0, 0, 0, 0, 0, 0, 0, 0, 0, 0, 0, 0, 0, 0, 0, 0, 0, 0, 0, 0, 0, 0), (0, 0, 0, 0, 0, 0, 0, 0, 0, 0, 0, 0, 0, 0, 0, 0, 0, 0, 0, 0, 0, 0, 0, 0, 0, 0, 0, 0, 0, 0, 0, 0, 0, 0, 0, 0, 0, 0, 0, 0), (0, 0, 0, 0, 0, 0, 0, 0, 0, 0, 0, 0, 0, 0, 0, 0, 0, 0, 0, 0, 0, 0, 0, 0, 0, 0, 0, 0, 0, 0, 0, 0, 0, 0, 0, 0, 0, 0, 0, 0), (0, 0, 0, 0, 0, 0, 0, 0, 0, 0, 0, 0, 0, 0, 0, 0, 0, 0, 0, 0, 0, 0, 0, 0, 0, 0, 0, 0, 0, 0, 0, 0, 0, 0, 0, 0, 0, 0, 0, 0), (0, 0, 0, 0, 0, 0, 0, 0, 0, 0, 0, 0, 0, 0, 0, 0, 0, 0, 0, 0, 0, 0, 0, 0, 0, 0, 0, 0, 0, 0, 0, 0, 0, 0, 0, 0, 0, 0, 0, 0), (0, 0, 0, 0, 0, 0, 0, 0, 0, 0, 0, 0, 0, 0, 0, 0, 0, 0, 0, 0, 0, 0, 0, 0, 0, 0, 0, 0, 0, 0, 0, 0, 0, 0, 0, 0, 0, 0, 0, 0)]}}
Client Client 24 has insufficient CPU (1). Will not participate in the next FL round.
Client Client 33 has insufficient CPU (1). Will not participate in the next FL round.
Client Client 12 has insufficient CPU (1). Will not participate in the next FL round.
Client Client 27 has insufficient CPU (1). Will not participate in the next FL round.
Client Client 3 participates in this round. (CPU: 2, RAM: 2)
Client Client 30 has insufficient CPU (1). Will not participate in the next FL round.
Client Client 28 has insufficient CPU (1). Will not participate in the next FL round.
Client Client 29 has insufficient CPU (1). Will not participate in the next FL round.
Client Client 37 has insufficient CPU (1). Will not participate in the next FL round.
Client Client 7 participates in this round. (CPU: 2, RAM: 2)
Client Client 34 has insufficient CPU (1). Will not participate in the next FL round.
Client Client 39 has insufficient CPU (1). Will not participate in the next FL round.
Client Client 4 participates in this round. (CPU: 2, RAM: 2)
Client Client 10 participates in this round. (CPU: 2, RAM: 2)
Client Client 26 has insufficient CPU (1). Will not participate in the next FL round.
Client Client 40 has insufficient CPU (1). Will not participate in the next FL round.
Client Client 36 has insufficient CPU (1). Will not participate in the next FL round.
Client Client 20 has insufficient CPU (1). Will not participate in the next FL round.
Client Client 13 has insufficient CPU (1). Will not participate in the next FL round.
Client Client 25 has insufficient CPU (1). Will not participate in the next FL round.
Client Client 38 has insufficient CPU (1). Will not participate in the next FL round.
Client Client 21 has insufficient CPU (1). Will not participate in the next FL round.
Client Client 23 has insufficient CPU (1). Will not participate in the next FL round.
Client Client 5 participates in this round. (CPU: 2, RAM: 2)
Client Client 9 participates in this round. (CPU: 2, RAM: 2)
Client Client 17 has insufficient CPU (1). Will not participate in the next FL round.
Client Client 31 has insufficient CPU (1). Will not participate in the next FL round.
Client Client 14 has insufficient CPU (1). Will not participate in the next FL round.
Client Client 6 participates in this round. (CPU: 2, RAM: 2)
Client Client 18 has insufficient CPU (1). Will not participate in the next FL round.
Client Client 15 has insufficient CPU (1). Will not participate in the next FL round.
Client Client 2 participates in this round. (CPU: 2, RAM: 2)
Client Client 32 has insufficient CPU (1). Will not participate in the next FL round.
Client Client 11 has insufficient CPU (1). Will not participate in the next FL round.
Client Client 1 participates in this round. (CPU: 2, RAM: 2)
Client Client 19 has insufficient CPU (1). Will not participate in the next FL round.
Client Client 16 has insufficient CPU (1). Will not participate in the next FL round.
Client Client 22 has insufficient CPU (1). Will not participate in the next FL round.
Client Client 8 participates in this round. (CPU: 2, RAM: 2)
Client Client 35 has insufficient CPU (1). Will not participate in the next FL round.
Results Aggregated in 0.09 seconds.
{'prostate_logreg': {'train_loss': [0.7034435915688279, 0.6645639784512856, 0.6342049709927109, 0.6106351702381431, 0.5921530267644748, 0.5774179996137808, 0.5655225192552018, 0.5558048846169794, 0.5477714054084385, 0.5410534345543191, 0.5353745526581949, 0.5305258673203143, 0.5263478575951368, 0.5227175056395436, 0.5195387900414562, 0.5167360829078267], 'train_accuracy': [0.4783001808318264, 0.530741410488246, 0.6103074141048824, 0.6808318264014467, 0.7088607594936709, 0.7359855334538878, 0.7432188065099458, 0.7459312839059674, 0.755877034358047, 0.7603978300180831, 0.7640144665461122, 0.7667269439421338, 0.7676311030741411, 0.7703435804701627, 0.77124773960217, 0.7748643761301989], 'train_f1': [0.4744495192067388, 0.5275093657327279, 0.6076883588279914, 0.6796569358586824, 0.7077752463067972, 0.7351159733327346, 0.7420813666498647, 0.7445703471185002, 0.7545821137791539, 0.7587651418137537, 0.7622239619111341, 0.7648905928799642, 0.7656271871954955, 0.7681874642731954, 0.7694101911716867, 0.7731930300610809], 'train_mae': [0.5216998191681737, 0.4692585895117541, 0.3896925858951175, 0.3191681735985534, 0.2911392405063291, 0.2640144665461121, 0.25678119349005424, 0.25406871609403253, 0.244122965641953, 0.23960216998191683, 0.2359855334538879, 0.2332730560578662, 0.23236889692585896, 0.22965641952983726, 0.22875226039783003, 0.22513562386980107], 'val_loss': [0.7420563817875803, 0.7051843740085679, 0.6765426507897934, 0.6545408012071267, 0.6376400748569121, 0.6244685056279189, 0.6140216215230486, 0.6056019048921164, 0.5987139170216583, 0.5929992801251195, 0.5881953021548725, 0.5841070986687835, 0.5805883869283581, 0.5775280775283961, 0.5748408623111865, 0.5724604896144337], 'val_accuracy': [0.42155297346517384, 0.4701563361676478, 0.5505174868223616, 0.6087235325048415, 0.6379692329396073, 0.6546897644056275, 0.6645361214779475, 0.6722888050992011, 0.6805993741423313, 0.685105741731112, 0.6922989368114604, 0.6989647057314712, 0.7036377976992035, 0.7067831172328883, 0.7090194682774806, 0.7102186013107101], 'val_f1': [0.4210351719625235, 0.46986444537417904, 0.5492425731683991, 0.6054863860190346, 0.6334998884185497, 0.6497702786904973, 0.6596562267801049, 0.6675671491948746, 0.6761634743771744, 0.680846380591444, 0.6880108844455763, 0.6944789016680805, 0.6990196517520882, 0.7020887389057092, 0.7042625385989882, 0.7054172566050695], 'val_mae': [0.5784470265348262, 0.5298436638323522, 0.44948251317763843, 0.3912764674951586, 0.3620307670603927, 0.3453102355943724, 0.3354638785220525, 0.327711194900799, 0.3194006258576687, 0.31489425826888795, 0.3077010631885396, 0.3010352942685289, 0.2963622023007964, 0.2932168827671117, 0.29098053172251936, 0.28978139868928987], 'jsd': [(0, 0, 0, 0, 0, 0, 0, 0, 0, 0, 0, 0, 0, 0, 0, 0, 0, 0, 0, 0, 0, 0, 0, 0, 0, 0, 0, 0, 0, 0, 0, 0, 0, 0, 0, 0, 0, 0, 0, 0), (0, 0, 0, 0, 0, 0, 0, 0, 0, 0, 0, 0, 0, 0, 0, 0, 0, 0, 0, 0, 0, 0, 0, 0, 0, 0, 0, 0, 0, 0, 0, 0, 0, 0, 0, 0, 0, 0, 0, 0), (0, 0, 0, 0, 0, 0, 0, 0, 0, 0, 0, 0, 0, 0, 0, 0, 0, 0, 0, 0, 0, 0, 0, 0, 0, 0, 0, 0, 0, 0, 0, 0, 0, 0, 0, 0, 0, 0, 0, 0), (0, 0, 0, 0, 0, 0, 0, 0, 0, 0, 0, 0, 0, 0, 0, 0, 0, 0, 0, 0, 0, 0, 0, 0, 0, 0, 0, 0, 0, 0, 0, 0, 0, 0, 0, 0, 0, 0, 0, 0), (0, 0, 0, 0, 0, 0, 0, 0, 0, 0, 0, 0, 0, 0, 0, 0, 0, 0, 0, 0, 0, 0, 0, 0, 0, 0, 0, 0, 0, 0, 0, 0, 0, 0, 0, 0, 0, 0, 0, 0), (0, 0, 0, 0, 0, 0, 0, 0, 0, 0, 0, 0, 0, 0, 0, 0, 0, 0, 0, 0, 0, 0, 0, 0, 0, 0, 0, 0, 0, 0, 0, 0, 0, 0, 0, 0, 0, 0, 0, 0), (0, 0, 0, 0, 0, 0, 0, 0, 0, 0, 0, 0, 0, 0, 0, 0, 0, 0, 0, 0, 0, 0, 0, 0, 0, 0, 0, 0, 0, 0, 0, 0, 0, 0, 0, 0, 0, 0, 0, 0), (0, 0, 0, 0, 0, 0, 0, 0, 0, 0, 0, 0, 0, 0, 0, 0, 0, 0, 0, 0, 0, 0, 0, 0, 0, 0, 0, 0, 0, 0, 0, 0, 0, 0, 0, 0, 0, 0, 0, 0), (0, 0, 0, 0, 0, 0, 0, 0, 0, 0, 0, 0, 0, 0, 0, 0, 0, 0, 0, 0, 0, 0, 0, 0, 0, 0, 0, 0, 0, 0, 0, 0, 0, 0, 0, 0, 0, 0, 0, 0), (0, 0, 0, 0, 0, 0, 0, 0, 0, 0, 0, 0, 0, 0, 0, 0, 0, 0, 0, 0, 0, 0, 0, 0, 0, 0, 0, 0, 0, 0, 0, 0, 0, 0, 0, 0, 0, 0, 0, 0), (0, 0, 0, 0, 0, 0, 0, 0, 0, 0, 0, 0, 0, 0, 0, 0, 0, 0, 0, 0, 0, 0, 0, 0, 0, 0, 0, 0, 0, 0, 0, 0, 0, 0, 0, 0, 0, 0, 0, 0), (0, 0, 0, 0, 0, 0, 0, 0, 0, 0, 0, 0, 0, 0, 0, 0, 0, 0, 0, 0, 0, 0, 0, 0, 0, 0, 0, 0, 0, 0, 0, 0, 0, 0, 0, 0, 0, 0, 0, 0), (0, 0, 0, 0, 0, 0, 0, 0, 0, 0, 0, 0, 0, 0, 0, 0, 0, 0, 0, 0, 0, 0, 0, 0, 0, 0, 0, 0, 0, 0, 0, 0, 0, 0, 0, 0, 0, 0, 0, 0), (0, 0, 0, 0, 0, 0, 0, 0, 0, 0, 0, 0, 0, 0, 0, 0, 0, 0, 0, 0, 0, 0, 0, 0, 0, 0, 0, 0, 0, 0, 0, 0, 0, 0, 0, 0, 0, 0, 0, 0), (0, 0, 0, 0, 0, 0, 0, 0, 0, 0, 0, 0, 0, 0, 0, 0, 0, 0, 0, 0, 0, 0, 0, 0, 0, 0, 0, 0, 0, 0, 0, 0, 0, 0, 0, 0, 0, 0, 0, 0), (0, 0, 0, 0, 0, 0, 0, 0, 0, 0, 0, 0, 0, 0, 0, 0, 0, 0, 0, 0, 0, 0, 0, 0, 0, 0, 0, 0, 0, 0, 0, 0, 0, 0, 0, 0, 0, 0, 0, 0)]}}
Client Client 11 has insufficient CPU (1). Will not participate in the next FL round.
Client Client 34 has insufficient CPU (1). Will not participate in the next FL round.
Client Client 10 participates in this round. (CPU: 2, RAM: 2)
Client Client 12 has insufficient CPU (1). Will not participate in the next FL round.
Client Client 28 has insufficient CPU (1). Will not participate in the next FL round.
Client Client 32 has insufficient CPU (1). Will not participate in the next FL round.
Client Client 25 has insufficient CPU (1). Will not participate in the next FL round.
Client Client 31 has insufficient CPU (1). Will not participate in the next FL round.
Client Client 39 has insufficient CPU (1). Will not participate in the next FL round.
Client Client 30 has insufficient CPU (1). Will not participate in the next FL round.
Client Client 33 has insufficient CPU (1). Will not participate in the next FL round.
Client Client 26 has insufficient CPU (1). Will not participate in the next FL round.
Client Client 13 has insufficient CPU (1). Will not participate in the next FL round.
Client Client 29 has insufficient CPU (1). Will not participate in the next FL round.
Client Client 24 has insufficient CPU (1). Will not participate in the next FL round.
Client Client 15 has insufficient CPU (1). Will not participate in the next FL round.
Client Client 37 has insufficient CPU (1). Will not participate in the next FL round.
Client Client 4 participates in this round. (CPU: 2, RAM: 2)
Client Client 2 participates in this round. (CPU: 2, RAM: 2)
Client Client 38 has insufficient CPU (1). Will not participate in the next FL round.
Client Client 27 has insufficient CPU (1). Will not participate in the next FL round.
Client Client 6 participates in this round. (CPU: 2, RAM: 2)
Client Client 1 participates in this round. (CPU: 2, RAM: 2)
Client Client 40 has insufficient CPU (1). Will not participate in the next FL round.
Client Client 21 has insufficient CPU (1). Will not participate in the next FL round.
Client Client 36 has insufficient CPU (1). Will not participate in the next FL round.
Client Client 3 participates in this round. (CPU: 2, RAM: 2)
Client Client 14 has insufficient CPU (1). Will not participate in the next FL round.
Client Client 23 has insufficient CPU (1). Will not participate in the next FL round.
Client Client 9 participates in this round. (CPU: 2, RAM: 2)
Client Client 17 has insufficient CPU (1). Will not participate in the next FL round.
Client Client 5 participates in this round. (CPU: 2, RAM: 2)
Client Client 35 has insufficient CPU (1). Will not participate in the next FL round.
Client Client 16 has insufficient CPU (1). Will not participate in the next FL round.
Client Client 18 has insufficient CPU (1). Will not participate in the next FL round.
Client Client 20 has insufficient CPU (1). Will not participate in the next FL round.
Client Client 19 has insufficient CPU (1). Will not participate in the next FL round.
Client Client 7 participates in this round. (CPU: 2, RAM: 2)
Client Client 22 has insufficient CPU (1). Will not participate in the next FL round.
Client Client 8 participates in this round. (CPU: 2, RAM: 2)
Results Aggregated in 0.10 seconds.
{'prostate_logreg': {'train_loss': [0.7034435915688279, 0.6645639784512856, 0.6342049709927109, 0.6106351702381431, 0.5921530267644748, 0.5774179996137808, 0.5655225192552018, 0.5558048846169794, 0.5477714054084385, 0.5410534345543191, 0.5353745526581949, 0.5305258673203143, 0.5263478575951368, 0.5227175056395436, 0.5195387900414562, 0.5167360829078267, 0.5142490849249186], 'train_accuracy': [0.4783001808318264, 0.530741410488246, 0.6103074141048824, 0.6808318264014467, 0.7088607594936709, 0.7359855334538878, 0.7432188065099458, 0.7459312839059674, 0.755877034358047, 0.7603978300180831, 0.7640144665461122, 0.7667269439421338, 0.7676311030741411, 0.7703435804701627, 0.77124773960217, 0.7748643761301989, 0.7748643761301989], 'train_f1': [0.4744495192067388, 0.5275093657327279, 0.6076883588279914, 0.6796569358586824, 0.7077752463067972, 0.7351159733327346, 0.7420813666498647, 0.7445703471185002, 0.7545821137791539, 0.7587651418137537, 0.7622239619111341, 0.7648905928799642, 0.7656271871954955, 0.7681874642731954, 0.7694101911716867, 0.7731930300610809, 0.7732031012325317], 'train_mae': [0.5216998191681737, 0.4692585895117541, 0.3896925858951175, 0.3191681735985534, 0.2911392405063291, 0.2640144665461121, 0.25678119349005424, 0.25406871609403253, 0.244122965641953, 0.23960216998191683, 0.2359855334538879, 0.2332730560578662, 0.23236889692585896, 0.22965641952983726, 0.22875226039783003, 0.22513562386980107, 0.22513562386980107], 'val_loss': [0.7420563817875803, 0.7051843740085679, 0.6765426507897934, 0.6545408012071267, 0.6376400748569121, 0.6244685056279189, 0.6140216215230486, 0.6056019048921164, 0.5987139170216583, 0.5929992801251195, 0.5881953021548725, 0.5841070986687835, 0.5805883869283581, 0.5775280775283961, 0.5748408623111865, 0.5724604896144337, 0.570334976890676], 'val_accuracy': [0.42155297346517384, 0.4701563361676478, 0.5505174868223616, 0.6087235325048415, 0.6379692329396073, 0.6546897644056275, 0.6645361214779475, 0.6722888050992011, 0.6805993741423313, 0.685105741731112, 0.6922989368114604, 0.6989647057314712, 0.7036377976992035, 0.7067831172328883, 0.7090194682774806, 0.7102186013107101, 0.7114401780103369], 'val_f1': [0.4210351719625235, 0.46986444537417904, 0.5492425731683991, 0.6054863860190346, 0.6334998884185497, 0.6497702786904973, 0.6596562267801049, 0.6675671491948746, 0.6761634743771744, 0.680846380591444, 0.6880108844455763, 0.6944789016680805, 0.6990196517520882, 0.7020887389057092, 0.7042625385989882, 0.7054172566050695, 0.7066323544738865], 'val_mae': [0.5784470265348262, 0.5298436638323522, 0.44948251317763843, 0.3912764674951586, 0.3620307670603927, 0.3453102355943724, 0.3354638785220525, 0.327711194900799, 0.3194006258576687, 0.31489425826888795, 0.3077010631885396, 0.3010352942685289, 0.2963622023007964, 0.2932168827671117, 0.29098053172251936, 0.28978139868928987, 0.28855982198966307], 'jsd': [(0, 0, 0, 0, 0, 0, 0, 0, 0, 0, 0, 0, 0, 0, 0, 0, 0, 0, 0, 0, 0, 0, 0, 0, 0, 0, 0, 0, 0, 0, 0, 0, 0, 0, 0, 0, 0, 0, 0, 0), (0, 0, 0, 0, 0, 0, 0, 0, 0, 0, 0, 0, 0, 0, 0, 0, 0, 0, 0, 0, 0, 0, 0, 0, 0, 0, 0, 0, 0, 0, 0, 0, 0, 0, 0, 0, 0, 0, 0, 0), (0, 0, 0, 0, 0, 0, 0, 0, 0, 0, 0, 0, 0, 0, 0, 0, 0, 0, 0, 0, 0, 0, 0, 0, 0, 0, 0, 0, 0, 0, 0, 0, 0, 0, 0, 0, 0, 0, 0, 0), (0, 0, 0, 0, 0, 0, 0, 0, 0, 0, 0, 0, 0, 0, 0, 0, 0, 0, 0, 0, 0, 0, 0, 0, 0, 0, 0, 0, 0, 0, 0, 0, 0, 0, 0, 0, 0, 0, 0, 0), (0, 0, 0, 0, 0, 0, 0, 0, 0, 0, 0, 0, 0, 0, 0, 0, 0, 0, 0, 0, 0, 0, 0, 0, 0, 0, 0, 0, 0, 0, 0, 0, 0, 0, 0, 0, 0, 0, 0, 0), (0, 0, 0, 0, 0, 0, 0, 0, 0, 0, 0, 0, 0, 0, 0, 0, 0, 0, 0, 0, 0, 0, 0, 0, 0, 0, 0, 0, 0, 0, 0, 0, 0, 0, 0, 0, 0, 0, 0, 0), (0, 0, 0, 0, 0, 0, 0, 0, 0, 0, 0, 0, 0, 0, 0, 0, 0, 0, 0, 0, 0, 0, 0, 0, 0, 0, 0, 0, 0, 0, 0, 0, 0, 0, 0, 0, 0, 0, 0, 0), (0, 0, 0, 0, 0, 0, 0, 0, 0, 0, 0, 0, 0, 0, 0, 0, 0, 0, 0, 0, 0, 0, 0, 0, 0, 0, 0, 0, 0, 0, 0, 0, 0, 0, 0, 0, 0, 0, 0, 0), (0, 0, 0, 0, 0, 0, 0, 0, 0, 0, 0, 0, 0, 0, 0, 0, 0, 0, 0, 0, 0, 0, 0, 0, 0, 0, 0, 0, 0, 0, 0, 0, 0, 0, 0, 0, 0, 0, 0, 0), (0, 0, 0, 0, 0, 0, 0, 0, 0, 0, 0, 0, 0, 0, 0, 0, 0, 0, 0, 0, 0, 0, 0, 0, 0, 0, 0, 0, 0, 0, 0, 0, 0, 0, 0, 0, 0, 0, 0, 0), (0, 0, 0, 0, 0, 0, 0, 0, 0, 0, 0, 0, 0, 0, 0, 0, 0, 0, 0, 0, 0, 0, 0, 0, 0, 0, 0, 0, 0, 0, 0, 0, 0, 0, 0, 0, 0, 0, 0, 0), (0, 0, 0, 0, 0, 0, 0, 0, 0, 0, 0, 0, 0, 0, 0, 0, 0, 0, 0, 0, 0, 0, 0, 0, 0, 0, 0, 0, 0, 0, 0, 0, 0, 0, 0, 0, 0, 0, 0, 0), (0, 0, 0, 0, 0, 0, 0, 0, 0, 0, 0, 0, 0, 0, 0, 0, 0, 0, 0, 0, 0, 0, 0, 0, 0, 0, 0, 0, 0, 0, 0, 0, 0, 0, 0, 0, 0, 0, 0, 0), (0, 0, 0, 0, 0, 0, 0, 0, 0, 0, 0, 0, 0, 0, 0, 0, 0, 0, 0, 0, 0, 0, 0, 0, 0, 0, 0, 0, 0, 0, 0, 0, 0, 0, 0, 0, 0, 0, 0, 0), (0, 0, 0, 0, 0, 0, 0, 0, 0, 0, 0, 0, 0, 0, 0, 0, 0, 0, 0, 0, 0, 0, 0, 0, 0, 0, 0, 0, 0, 0, 0, 0, 0, 0, 0, 0, 0, 0, 0, 0), (0, 0, 0, 0, 0, 0, 0, 0, 0, 0, 0, 0, 0, 0, 0, 0, 0, 0, 0, 0, 0, 0, 0, 0, 0, 0, 0, 0, 0, 0, 0, 0, 0, 0, 0, 0, 0, 0, 0, 0), (0, 0, 0, 0, 0, 0, 0, 0, 0, 0, 0, 0, 0, 0, 0, 0, 0, 0, 0, 0, 0, 0, 0, 0, 0, 0, 0, 0, 0, 0, 0, 0, 0, 0, 0, 0, 0, 0, 0, 0)]}}
Client Client 21 has insufficient CPU (1). Will not participate in the next FL round.
Client Client 16 has insufficient CPU (1). Will not participate in the next FL round.
Client Client 3 participates in this round. (CPU: 2, RAM: 2)
Client Client 18 has insufficient CPU (1). Will not participate in the next FL round.
Client Client 38 has insufficient CPU (1). Will not participate in the next FL round.
Client Client 30 has insufficient CPU (1). Will not participate in the next FL round.
Client Client 17 has insufficient CPU (1). Will not participate in the next FL round.
Client Client 29 has insufficient CPU (1). Will not participate in the next FL round.
Client Client 5 participates in this round. (CPU: 2, RAM: 2)
Client Client 14 has insufficient CPU (1). Will not participate in the next FL round.
Client Client 36 has insufficient CPU (1). Will not participate in the next FL round.
Client Client 34 has insufficient CPU (1). Will not participate in the next FL round.
Client Client 27 has insufficient CPU (1). Will not participate in the next FL round.
Client Client 19 has insufficient CPU (1). Will not participate in the next FL round.
Client Client 7 participates in this round. (CPU: 2, RAM: 2)
Client Client 39 has insufficient CPU (1). Will not participate in the next FL round.
Client Client 37 has insufficient CPU (1). Will not participate in the next FL round.
Client Client 9 participates in this round. (CPU: 2, RAM: 2)
Client Client 11 has insufficient CPU (1). Will not participate in the next FL round.
Client Client 8 participates in this round. (CPU: 2, RAM: 2)
Client Client 25 has insufficient CPU (1). Will not participate in the next FL round.
Client Client 23 has insufficient CPU (1). Will not participate in the next FL round.
Client Client 13 has insufficient CPU (1). Will not participate in the next FL round.
Client Client 33 has insufficient CPU (1). Will not participate in the next FL round.
Client Client 15 has insufficient CPU (1). Will not participate in the next FL round.
Client Client 4 participates in this round. (CPU: 2, RAM: 2)
Client Client 2 participates in this round. (CPU: 2, RAM: 2)
Client Client 35 has insufficient CPU (1). Will not participate in the next FL round.
Client Client 10 participates in this round. (CPU: 2, RAM: 2)
Client Client 1 participates in this round. (CPU: 2, RAM: 2)
Client Client 24 has insufficient CPU (1). Will not participate in the next FL round.
Client Client 22 has insufficient CPU (1). Will not participate in the next FL round.
Client Client 12 has insufficient CPU (1). Will not participate in the next FL round.
Client Client 31 has insufficient CPU (1). Will not participate in the next FL round.
Client Client 26 has insufficient CPU (1). Will not participate in the next FL round.
Client Client 40 has insufficient CPU (1). Will not participate in the next FL round.
Client Client 28 has insufficient CPU (1). Will not participate in the next FL round.
Client Client 6 participates in this round. (CPU: 2, RAM: 2)
Client Client 20 has insufficient CPU (1). Will not participate in the next FL round.
Client Client 32 has insufficient CPU (1). Will not participate in the next FL round.
Results Aggregated in 0.10 seconds.
{'prostate_logreg': {'train_loss': [0.7034435915688279, 0.6645639784512856, 0.6342049709927109, 0.6106351702381431, 0.5921530267644748, 0.5774179996137808, 0.5655225192552018, 0.5558048846169794, 0.5477714054084385, 0.5410534345543191, 0.5353745526581949, 0.5305258673203143, 0.5263478575951368, 0.5227175056395436, 0.5195387900414562, 0.5167360829078267, 0.5142490849249186, 0.5120293547081042], 'train_accuracy': [0.4783001808318264, 0.530741410488246, 0.6103074141048824, 0.6808318264014467, 0.7088607594936709, 0.7359855334538878, 0.7432188065099458, 0.7459312839059674, 0.755877034358047, 0.7603978300180831, 0.7640144665461122, 0.7667269439421338, 0.7676311030741411, 0.7703435804701627, 0.77124773960217, 0.7748643761301989, 0.7748643761301989, 0.7811934900542495], 'train_f1': [0.4744495192067388, 0.5275093657327279, 0.6076883588279914, 0.6796569358586824, 0.7077752463067972, 0.7351159733327346, 0.7420813666498647, 0.7445703471185002, 0.7545821137791539, 0.7587651418137537, 0.7622239619111341, 0.7648905928799642, 0.7656271871954955, 0.7681874642731954, 0.7694101911716867, 0.7731930300610809, 0.7732031012325317, 0.7796570024245996], 'train_mae': [0.5216998191681737, 0.4692585895117541, 0.3896925858951175, 0.3191681735985534, 0.2911392405063291, 0.2640144665461121, 0.25678119349005424, 0.25406871609403253, 0.244122965641953, 0.23960216998191683, 0.2359855334538879, 0.2332730560578662, 0.23236889692585896, 0.22965641952983726, 0.22875226039783003, 0.22513562386980107, 0.22513562386980107, 0.21880650994575046], 'val_loss': [0.7420563817875803, 0.7051843740085679, 0.6765426507897934, 0.6545408012071267, 0.6376400748569121, 0.6244685056279189, 0.6140216215230486, 0.6056019048921164, 0.5987139170216583, 0.5929992801251195, 0.5881953021548725, 0.5841070986687835, 0.5805883869283581, 0.5775280775283961, 0.5748408623111865, 0.5724604896144337, 0.570334976890676, 0.5684231257921165], 'val_accuracy': [0.42155297346517384, 0.4701563361676478, 0.5505174868223616, 0.6087235325048415, 0.6379692329396073, 0.6546897644056275, 0.6645361214779475, 0.6722888050992011, 0.6805993741423313, 0.685105741731112, 0.6922989368114604, 0.6989647057314712, 0.7036377976992035, 0.7067831172328883, 0.7090194682774806, 0.7102186013107101, 0.7114401780103369, 0.7123796057609685], 'val_f1': [0.4210351719625235, 0.46986444537417904, 0.5492425731683991, 0.6054863860190346, 0.6334998884185497, 0.6497702786904973, 0.6596562267801049, 0.6675671491948746, 0.6761634743771744, 0.680846380591444, 0.6880108844455763, 0.6944789016680805, 0.6990196517520882, 0.7020887389057092, 0.7042625385989882, 0.7054172566050695, 0.7066323544738865, 0.7075742152332547], 'val_mae': [0.5784470265348262, 0.5298436638323522, 0.44948251317763843, 0.3912764674951586, 0.3620307670603927, 0.3453102355943724, 0.3354638785220525, 0.327711194900799, 0.3194006258576687, 0.31489425826888795, 0.3077010631885396, 0.3010352942685289, 0.2963622023007964, 0.2932168827671117, 0.29098053172251936, 0.28978139868928987, 0.28855982198966307, 0.28762039423903146], 'jsd': [(0, 0, 0, 0, 0, 0, 0, 0, 0, 0, 0, 0, 0, 0, 0, 0, 0, 0, 0, 0, 0, 0, 0, 0, 0, 0, 0, 0, 0, 0, 0, 0, 0, 0, 0, 0, 0, 0, 0, 0), (0, 0, 0, 0, 0, 0, 0, 0, 0, 0, 0, 0, 0, 0, 0, 0, 0, 0, 0, 0, 0, 0, 0, 0, 0, 0, 0, 0, 0, 0, 0, 0, 0, 0, 0, 0, 0, 0, 0, 0), (0, 0, 0, 0, 0, 0, 0, 0, 0, 0, 0, 0, 0, 0, 0, 0, 0, 0, 0, 0, 0, 0, 0, 0, 0, 0, 0, 0, 0, 0, 0, 0, 0, 0, 0, 0, 0, 0, 0, 0), (0, 0, 0, 0, 0, 0, 0, 0, 0, 0, 0, 0, 0, 0, 0, 0, 0, 0, 0, 0, 0, 0, 0, 0, 0, 0, 0, 0, 0, 0, 0, 0, 0, 0, 0, 0, 0, 0, 0, 0), (0, 0, 0, 0, 0, 0, 0, 0, 0, 0, 0, 0, 0, 0, 0, 0, 0, 0, 0, 0, 0, 0, 0, 0, 0, 0, 0, 0, 0, 0, 0, 0, 0, 0, 0, 0, 0, 0, 0, 0), (0, 0, 0, 0, 0, 0, 0, 0, 0, 0, 0, 0, 0, 0, 0, 0, 0, 0, 0, 0, 0, 0, 0, 0, 0, 0, 0, 0, 0, 0, 0, 0, 0, 0, 0, 0, 0, 0, 0, 0), (0, 0, 0, 0, 0, 0, 0, 0, 0, 0, 0, 0, 0, 0, 0, 0, 0, 0, 0, 0, 0, 0, 0, 0, 0, 0, 0, 0, 0, 0, 0, 0, 0, 0, 0, 0, 0, 0, 0, 0), (0, 0, 0, 0, 0, 0, 0, 0, 0, 0, 0, 0, 0, 0, 0, 0, 0, 0, 0, 0, 0, 0, 0, 0, 0, 0, 0, 0, 0, 0, 0, 0, 0, 0, 0, 0, 0, 0, 0, 0), (0, 0, 0, 0, 0, 0, 0, 0, 0, 0, 0, 0, 0, 0, 0, 0, 0, 0, 0, 0, 0, 0, 0, 0, 0, 0, 0, 0, 0, 0, 0, 0, 0, 0, 0, 0, 0, 0, 0, 0), (0, 0, 0, 0, 0, 0, 0, 0, 0, 0, 0, 0, 0, 0, 0, 0, 0, 0, 0, 0, 0, 0, 0, 0, 0, 0, 0, 0, 0, 0, 0, 0, 0, 0, 0, 0, 0, 0, 0, 0), (0, 0, 0, 0, 0, 0, 0, 0, 0, 0, 0, 0, 0, 0, 0, 0, 0, 0, 0, 0, 0, 0, 0, 0, 0, 0, 0, 0, 0, 0, 0, 0, 0, 0, 0, 0, 0, 0, 0, 0), (0, 0, 0, 0, 0, 0, 0, 0, 0, 0, 0, 0, 0, 0, 0, 0, 0, 0, 0, 0, 0, 0, 0, 0, 0, 0, 0, 0, 0, 0, 0, 0, 0, 0, 0, 0, 0, 0, 0, 0), (0, 0, 0, 0, 0, 0, 0, 0, 0, 0, 0, 0, 0, 0, 0, 0, 0, 0, 0, 0, 0, 0, 0, 0, 0, 0, 0, 0, 0, 0, 0, 0, 0, 0, 0, 0, 0, 0, 0, 0), (0, 0, 0, 0, 0, 0, 0, 0, 0, 0, 0, 0, 0, 0, 0, 0, 0, 0, 0, 0, 0, 0, 0, 0, 0, 0, 0, 0, 0, 0, 0, 0, 0, 0, 0, 0, 0, 0, 0, 0), (0, 0, 0, 0, 0, 0, 0, 0, 0, 0, 0, 0, 0, 0, 0, 0, 0, 0, 0, 0, 0, 0, 0, 0, 0, 0, 0, 0, 0, 0, 0, 0, 0, 0, 0, 0, 0, 0, 0, 0), (0, 0, 0, 0, 0, 0, 0, 0, 0, 0, 0, 0, 0, 0, 0, 0, 0, 0, 0, 0, 0, 0, 0, 0, 0, 0, 0, 0, 0, 0, 0, 0, 0, 0, 0, 0, 0, 0, 0, 0), (0, 0, 0, 0, 0, 0, 0, 0, 0, 0, 0, 0, 0, 0, 0, 0, 0, 0, 0, 0, 0, 0, 0, 0, 0, 0, 0, 0, 0, 0, 0, 0, 0, 0, 0, 0, 0, 0, 0, 0), (0, 0, 0, 0, 0, 0, 0, 0, 0, 0, 0, 0, 0, 0, 0, 0, 0, 0, 0, 0, 0, 0, 0, 0, 0, 0, 0, 0, 0, 0, 0, 0, 0, 0, 0, 0, 0, 0, 0, 0)]}}
Client Client 26 has insufficient CPU (1). Will not participate in the next FL round.
Client Client 32 has insufficient CPU (1). Will not participate in the next FL round.
Client Client 8 participates in this round. (CPU: 2, RAM: 2)
Client Client 6 participates in this round. (CPU: 2, RAM: 2)
Client Client 40 has insufficient CPU (1). Will not participate in the next FL round.
Client Client 21 has insufficient CPU (1). Will not participate in the next FL round.
Client Client 34 has insufficient CPU (1). Will not participate in the next FL round.
Client Client 3 participates in this round. (CPU: 2, RAM: 2)
Client Client 16 has insufficient CPU (1). Will not participate in the next FL round.
Client Client 37 has insufficient CPU (1). Will not participate in the next FL round.
Client Client 27 has insufficient CPU (1). Will not participate in the next FL round.
Client Client 35 has insufficient CPU (1). Will not participate in the next FL round.
Client Client 25 has insufficient CPU (1). Will not participate in the next FL round.
Client Client 20 has insufficient CPU (1). Will not participate in the next FL round.
Client Client 14 has insufficient CPU (1). Will not participate in the next FL round.
Client Client 28 has insufficient CPU (1). Will not participate in the next FL round.
Client Client 24 has insufficient CPU (1). Will not participate in the next FL round.
Client Client 31 has insufficient CPU (1). Will not participate in the next FL round.
Client Client 33 has insufficient CPU (1). Will not participate in the next FL round.
Client Client 10 participates in this round. (CPU: 2, RAM: 2)
Client Client 2 participates in this round. (CPU: 2, RAM: 2)
Client Client 11 has insufficient CPU (1). Will not participate in the next FL round.
Client Client 5 participates in this round. (CPU: 2, RAM: 2)
Client Client 36 has insufficient CPU (1). Will not participate in the next FL round.
Client Client 30 has insufficient CPU (1). Will not participate in the next FL round.
Client Client 12 has insufficient CPU (1). Will not participate in the next FL round.
Client Client 38 has insufficient CPU (1). Will not participate in the next FL round.
Client Client 1 participates in this round. (CPU: 2, RAM: 2)
Client Client 22 has insufficient CPU (1). Will not participate in the next FL round.
Client Client 18 has insufficient CPU (1). Will not participate in the next FL round.
Client Client 4 participates in this round. (CPU: 2, RAM: 2)
Client Client 29 has insufficient CPU (1). Will not participate in the next FL round.
Client Client 15 has insufficient CPU (1). Will not participate in the next FL round.
Client Client 7 participates in this round. (CPU: 2, RAM: 2)
Client Client 23 has insufficient CPU (1). Will not participate in the next FL round.
Client Client 19 has insufficient CPU (1). Will not participate in the next FL round.
Client Client 9 participates in this round. (CPU: 2, RAM: 2)
Client Client 13 has insufficient CPU (1). Will not participate in the next FL round.
Client Client 39 has insufficient CPU (1). Will not participate in the next FL round.
Client Client 17 has insufficient CPU (1). Will not participate in the next FL round.
Results Aggregated in 0.10 seconds.
{'prostate_logreg': {'train_loss': [0.7034435915688279, 0.6645639784512856, 0.6342049709927109, 0.6106351702381431, 0.5921530267644748, 0.5774179996137808, 0.5655225192552018, 0.5558048846169794, 0.5477714054084385, 0.5410534345543191, 0.5353745526581949, 0.5305258673203143, 0.5263478575951368, 0.5227175056395436, 0.5195387900414562, 0.5167360829078267, 0.5142490849249186, 0.5120293547081042, 0.5100375652097664], 'train_accuracy': [0.4783001808318264, 0.530741410488246, 0.6103074141048824, 0.6808318264014467, 0.7088607594936709, 0.7359855334538878, 0.7432188065099458, 0.7459312839059674, 0.755877034358047, 0.7603978300180831, 0.7640144665461122, 0.7667269439421338, 0.7676311030741411, 0.7703435804701627, 0.77124773960217, 0.7748643761301989, 0.7748643761301989, 0.7811934900542495, 0.7839059674502713], 'train_f1': [0.4744495192067388, 0.5275093657327279, 0.6076883588279914, 0.6796569358586824, 0.7077752463067972, 0.7351159733327346, 0.7420813666498647, 0.7445703471185002, 0.7545821137791539, 0.7587651418137537, 0.7622239619111341, 0.7648905928799642, 0.7656271871954955, 0.7681874642731954, 0.7694101911716867, 0.7731930300610809, 0.7732031012325317, 0.7796570024245996, 0.7825046668105657], 'train_mae': [0.5216998191681737, 0.4692585895117541, 0.3896925858951175, 0.3191681735985534, 0.2911392405063291, 0.2640144665461121, 0.25678119349005424, 0.25406871609403253, 0.244122965641953, 0.23960216998191683, 0.2359855334538879, 0.2332730560578662, 0.23236889692585896, 0.22965641952983726, 0.22875226039783003, 0.22513562386980107, 0.22513562386980107, 0.21880650994575046, 0.21609403254972875], 'val_loss': [0.7420563817875803, 0.7051843740085679, 0.6765426507897934, 0.6545408012071267, 0.6376400748569121, 0.6244685056279189, 0.6140216215230486, 0.6056019048921164, 0.5987139170216583, 0.5929992801251195, 0.5881953021548725, 0.5841070986687835, 0.5805883869283581, 0.5775280775283961, 0.5748408623111865, 0.5724604896144337, 0.570334976890676, 0.5684231257921165, 0.5666919541180377], 'val_accuracy': [0.42155297346517384, 0.4701563361676478, 0.5505174868223616, 0.6087235325048415, 0.6379692329396073, 0.6546897644056275, 0.6645361214779475, 0.6722888050992011, 0.6805993741423313, 0.685105741731112, 0.6922989368114604, 0.6989647057314712, 0.7036377976992035, 0.7067831172328883, 0.7090194682774806, 0.7102186013107101, 0.7114401780103369, 0.7123796057609685, 0.7126970233285881], 'val_f1': [0.4210351719625235, 0.46986444537417904, 0.5492425731683991, 0.6054863860190346, 0.6334998884185497, 0.6497702786904973, 0.6596562267801049, 0.6675671491948746, 0.6761634743771744, 0.680846380591444, 0.6880108844455763, 0.6944789016680805, 0.6990196517520882, 0.7020887389057092, 0.7042625385989882, 0.7054172566050695, 0.7066323544738865, 0.7075742152332547, 0.707931330742282], 'val_mae': [0.5784470265348262, 0.5298436638323522, 0.44948251317763843, 0.3912764674951586, 0.3620307670603927, 0.3453102355943724, 0.3354638785220525, 0.327711194900799, 0.3194006258576687, 0.31489425826888795, 0.3077010631885396, 0.3010352942685289, 0.2963622023007964, 0.2932168827671117, 0.29098053172251936, 0.28978139868928987, 0.28855982198966307, 0.28762039423903146, 0.2873029766714119], 'jsd': [(0, 0, 0, 0, 0, 0, 0, 0, 0, 0, 0, 0, 0, 0, 0, 0, 0, 0, 0, 0, 0, 0, 0, 0, 0, 0, 0, 0, 0, 0, 0, 0, 0, 0, 0, 0, 0, 0, 0, 0), (0, 0, 0, 0, 0, 0, 0, 0, 0, 0, 0, 0, 0, 0, 0, 0, 0, 0, 0, 0, 0, 0, 0, 0, 0, 0, 0, 0, 0, 0, 0, 0, 0, 0, 0, 0, 0, 0, 0, 0), (0, 0, 0, 0, 0, 0, 0, 0, 0, 0, 0, 0, 0, 0, 0, 0, 0, 0, 0, 0, 0, 0, 0, 0, 0, 0, 0, 0, 0, 0, 0, 0, 0, 0, 0, 0, 0, 0, 0, 0), (0, 0, 0, 0, 0, 0, 0, 0, 0, 0, 0, 0, 0, 0, 0, 0, 0, 0, 0, 0, 0, 0, 0, 0, 0, 0, 0, 0, 0, 0, 0, 0, 0, 0, 0, 0, 0, 0, 0, 0), (0, 0, 0, 0, 0, 0, 0, 0, 0, 0, 0, 0, 0, 0, 0, 0, 0, 0, 0, 0, 0, 0, 0, 0, 0, 0, 0, 0, 0, 0, 0, 0, 0, 0, 0, 0, 0, 0, 0, 0), (0, 0, 0, 0, 0, 0, 0, 0, 0, 0, 0, 0, 0, 0, 0, 0, 0, 0, 0, 0, 0, 0, 0, 0, 0, 0, 0, 0, 0, 0, 0, 0, 0, 0, 0, 0, 0, 0, 0, 0), (0, 0, 0, 0, 0, 0, 0, 0, 0, 0, 0, 0, 0, 0, 0, 0, 0, 0, 0, 0, 0, 0, 0, 0, 0, 0, 0, 0, 0, 0, 0, 0, 0, 0, 0, 0, 0, 0, 0, 0), (0, 0, 0, 0, 0, 0, 0, 0, 0, 0, 0, 0, 0, 0, 0, 0, 0, 0, 0, 0, 0, 0, 0, 0, 0, 0, 0, 0, 0, 0, 0, 0, 0, 0, 0, 0, 0, 0, 0, 0), (0, 0, 0, 0, 0, 0, 0, 0, 0, 0, 0, 0, 0, 0, 0, 0, 0, 0, 0, 0, 0, 0, 0, 0, 0, 0, 0, 0, 0, 0, 0, 0, 0, 0, 0, 0, 0, 0, 0, 0), (0, 0, 0, 0, 0, 0, 0, 0, 0, 0, 0, 0, 0, 0, 0, 0, 0, 0, 0, 0, 0, 0, 0, 0, 0, 0, 0, 0, 0, 0, 0, 0, 0, 0, 0, 0, 0, 0, 0, 0), (0, 0, 0, 0, 0, 0, 0, 0, 0, 0, 0, 0, 0, 0, 0, 0, 0, 0, 0, 0, 0, 0, 0, 0, 0, 0, 0, 0, 0, 0, 0, 0, 0, 0, 0, 0, 0, 0, 0, 0), (0, 0, 0, 0, 0, 0, 0, 0, 0, 0, 0, 0, 0, 0, 0, 0, 0, 0, 0, 0, 0, 0, 0, 0, 0, 0, 0, 0, 0, 0, 0, 0, 0, 0, 0, 0, 0, 0, 0, 0), (0, 0, 0, 0, 0, 0, 0, 0, 0, 0, 0, 0, 0, 0, 0, 0, 0, 0, 0, 0, 0, 0, 0, 0, 0, 0, 0, 0, 0, 0, 0, 0, 0, 0, 0, 0, 0, 0, 0, 0), (0, 0, 0, 0, 0, 0, 0, 0, 0, 0, 0, 0, 0, 0, 0, 0, 0, 0, 0, 0, 0, 0, 0, 0, 0, 0, 0, 0, 0, 0, 0, 0, 0, 0, 0, 0, 0, 0, 0, 0), (0, 0, 0, 0, 0, 0, 0, 0, 0, 0, 0, 0, 0, 0, 0, 0, 0, 0, 0, 0, 0, 0, 0, 0, 0, 0, 0, 0, 0, 0, 0, 0, 0, 0, 0, 0, 0, 0, 0, 0), (0, 0, 0, 0, 0, 0, 0, 0, 0, 0, 0, 0, 0, 0, 0, 0, 0, 0, 0, 0, 0, 0, 0, 0, 0, 0, 0, 0, 0, 0, 0, 0, 0, 0, 0, 0, 0, 0, 0, 0), (0, 0, 0, 0, 0, 0, 0, 0, 0, 0, 0, 0, 0, 0, 0, 0, 0, 0, 0, 0, 0, 0, 0, 0, 0, 0, 0, 0, 0, 0, 0, 0, 0, 0, 0, 0, 0, 0, 0, 0), (0, 0, 0, 0, 0, 0, 0, 0, 0, 0, 0, 0, 0, 0, 0, 0, 0, 0, 0, 0, 0, 0, 0, 0, 0, 0, 0, 0, 0, 0, 0, 0, 0, 0, 0, 0, 0, 0, 0, 0), (0, 0, 0, 0, 0, 0, 0, 0, 0, 0, 0, 0, 0, 0, 0, 0, 0, 0, 0, 0, 0, 0, 0, 0, 0, 0, 0, 0, 0, 0, 0, 0, 0, 0, 0, 0, 0, 0, 0, 0)]}}
Client Client 32 has insufficient CPU (1). Will not participate in the next FL round.
Client Client 40 has insufficient CPU (1). Will not participate in the next FL round.
Client Client 7 participates in this round. (CPU: 2, RAM: 2)
Client Client 3 participates in this round. (CPU: 2, RAM: 2)
Client Client 24 has insufficient CPU (1). Will not participate in the next FL round.
Client Client 19 has insufficient CPU (1). Will not participate in the next FL round.
Client Client 39 has insufficient CPU (1). Will not participate in the next FL round.
Client Client 37 has insufficient CPU (1). Will not participate in the next FL round.
Client Client 23 has insufficient CPU (1). Will not participate in the next FL round.
Client Client 20 has insufficient CPU (1). Will not participate in the next FL round.
Client Client 25 has insufficient CPU (1). Will not participate in the next FL round.
Client Client 17 has insufficient CPU (1). Will not participate in the next FL round.
Client Client 8 participates in this round. (CPU: 2, RAM: 2)
Client Client 1 participates in this round. (CPU: 2, RAM: 2)
Client Client 5 participates in this round. (CPU: 2, RAM: 2)
Client Client 27 has insufficient CPU (1). Will not participate in the next FL round.
Client Client 13 has insufficient CPU (1). Will not participate in the next FL round.
Client Client 36 has insufficient CPU (1). Will not participate in the next FL round.
Client Client 15 has insufficient CPU (1). Will not participate in the next FL round.
Client Client 31 has insufficient CPU (1). Will not participate in the next FL round.
Client Client 29 has insufficient CPU (1). Will not participate in the next FL round.
Client Client 18 has insufficient CPU (1). Will not participate in the next FL round.
Client Client 33 has insufficient CPU (1). Will not participate in the next FL round.
Client Client 34 has insufficient CPU (1). Will not participate in the next FL round.
Client Client 10 participates in this round. (CPU: 2, RAM: 2)
Client Client 6 participates in this round. (CPU: 2, RAM: 2)
Client Client 22 has insufficient CPU (1). Will not participate in the next FL round.
Client Client 21 has insufficient CPU (1). Will not participate in the next FL round.
Client Client 28 has insufficient CPU (1). Will not participate in the next FL round.
Client Client 12 has insufficient CPU (1). Will not participate in the next FL round.
Client Client 9 participates in this round. (CPU: 2, RAM: 2)
Client Client 38 has insufficient CPU (1). Will not participate in the next FL round.
Client Client 14 has insufficient CPU (1). Will not participate in the next FL round.
Client Client 11 has insufficient CPU (1). Will not participate in the next FL round.
Client Client 35 has insufficient CPU (1). Will not participate in the next FL round.
Client Client 16 has insufficient CPU (1). Will not participate in the next FL round.
Client Client 30 has insufficient CPU (1). Will not participate in the next FL round.
Client Client 4 participates in this round. (CPU: 2, RAM: 2)
Client Client 26 has insufficient CPU (1). Will not participate in the next FL round.
Client Client 2 participates in this round. (CPU: 2, RAM: 2)
Results Aggregated in 0.10 seconds.
{'prostate_logreg': {'train_loss': [0.7034435915688279, 0.6645639784512856, 0.6342049709927109, 0.6106351702381431, 0.5921530267644748, 0.5774179996137808, 0.5655225192552018, 0.5558048846169794, 0.5477714054084385, 0.5410534345543191, 0.5353745526581949, 0.5305258673203143, 0.5263478575951368, 0.5227175056395436, 0.5195387900414562, 0.5167360829078267, 0.5142490849249186, 0.5120293547081042, 0.5100375652097664, 0.5082415084726771], 'train_accuracy': [0.4783001808318264, 0.530741410488246, 0.6103074141048824, 0.6808318264014467, 0.7088607594936709, 0.7359855334538878, 0.7432188065099458, 0.7459312839059674, 0.755877034358047, 0.7603978300180831, 0.7640144665461122, 0.7667269439421338, 0.7676311030741411, 0.7703435804701627, 0.77124773960217, 0.7748643761301989, 0.7748643761301989, 0.7811934900542495, 0.7839059674502713, 0.7848101265822784], 'train_f1': [0.4744495192067388, 0.5275093657327279, 0.6076883588279914, 0.6796569358586824, 0.7077752463067972, 0.7351159733327346, 0.7420813666498647, 0.7445703471185002, 0.7545821137791539, 0.7587651418137537, 0.7622239619111341, 0.7648905928799642, 0.7656271871954955, 0.7681874642731954, 0.7694101911716867, 0.7731930300610809, 0.7732031012325317, 0.7796570024245996, 0.7825046668105657, 0.7834104154041979], 'train_mae': [0.5216998191681737, 0.4692585895117541, 0.3896925858951175, 0.3191681735985534, 0.2911392405063291, 0.2640144665461121, 0.25678119349005424, 0.25406871609403253, 0.244122965641953, 0.23960216998191683, 0.2359855334538879, 0.2332730560578662, 0.23236889692585896, 0.22965641952983726, 0.22875226039783003, 0.22513562386980107, 0.22513562386980107, 0.21880650994575046, 0.21609403254972875, 0.21518987341772153], 'val_loss': [0.7420563817875803, 0.7051843740085679, 0.6765426507897934, 0.6545408012071267, 0.6376400748569121, 0.6244685056279189, 0.6140216215230486, 0.6056019048921164, 0.5987139170216583, 0.5929992801251195, 0.5881953021548725, 0.5841070986687835, 0.5805883869283581, 0.5775280775283961, 0.5748408623111865, 0.5724604896144337, 0.570334976890676, 0.5684231257921165, 0.5666919541180377, 0.5651148318749036], 'val_accuracy': [0.42155297346517384, 0.4701563361676478, 0.5505174868223616, 0.6087235325048415, 0.6379692329396073, 0.6546897644056275, 0.6645361214779475, 0.6722888050992011, 0.6805993741423313, 0.685105741731112, 0.6922989368114604, 0.6989647057314712, 0.7036377976992035, 0.7067831172328883, 0.7090194682774806, 0.7102186013107101, 0.7114401780103369, 0.7123796057609685, 0.7126970233285881, 0.7146880971618381], 'val_f1': [0.4210351719625235, 0.46986444537417904, 0.5492425731683991, 0.6054863860190346, 0.6334998884185497, 0.6497702786904973, 0.6596562267801049, 0.6675671491948746, 0.6761634743771744, 0.680846380591444, 0.6880108844455763, 0.6944789016680805, 0.6990196517520882, 0.7020887389057092, 0.7042625385989882, 0.7054172566050695, 0.7066323544738865, 0.7075742152332547, 0.707931330742282, 0.7098685764913579], 'val_mae': [0.5784470265348262, 0.5298436638323522, 0.44948251317763843, 0.3912764674951586, 0.3620307670603927, 0.3453102355943724, 0.3354638785220525, 0.327711194900799, 0.3194006258576687, 0.31489425826888795, 0.3077010631885396, 0.3010352942685289, 0.2963622023007964, 0.2932168827671117, 0.29098053172251936, 0.28978139868928987, 0.28855982198966307, 0.28762039423903146, 0.2873029766714119, 0.28531190283816193], 'jsd': [(0, 0, 0, 0, 0, 0, 0, 0, 0, 0, 0, 0, 0, 0, 0, 0, 0, 0, 0, 0, 0, 0, 0, 0, 0, 0, 0, 0, 0, 0, 0, 0, 0, 0, 0, 0, 0, 0, 0, 0), (0, 0, 0, 0, 0, 0, 0, 0, 0, 0, 0, 0, 0, 0, 0, 0, 0, 0, 0, 0, 0, 0, 0, 0, 0, 0, 0, 0, 0, 0, 0, 0, 0, 0, 0, 0, 0, 0, 0, 0), (0, 0, 0, 0, 0, 0, 0, 0, 0, 0, 0, 0, 0, 0, 0, 0, 0, 0, 0, 0, 0, 0, 0, 0, 0, 0, 0, 0, 0, 0, 0, 0, 0, 0, 0, 0, 0, 0, 0, 0), (0, 0, 0, 0, 0, 0, 0, 0, 0, 0, 0, 0, 0, 0, 0, 0, 0, 0, 0, 0, 0, 0, 0, 0, 0, 0, 0, 0, 0, 0, 0, 0, 0, 0, 0, 0, 0, 0, 0, 0), (0, 0, 0, 0, 0, 0, 0, 0, 0, 0, 0, 0, 0, 0, 0, 0, 0, 0, 0, 0, 0, 0, 0, 0, 0, 0, 0, 0, 0, 0, 0, 0, 0, 0, 0, 0, 0, 0, 0, 0), (0, 0, 0, 0, 0, 0, 0, 0, 0, 0, 0, 0, 0, 0, 0, 0, 0, 0, 0, 0, 0, 0, 0, 0, 0, 0, 0, 0, 0, 0, 0, 0, 0, 0, 0, 0, 0, 0, 0, 0), (0, 0, 0, 0, 0, 0, 0, 0, 0, 0, 0, 0, 0, 0, 0, 0, 0, 0, 0, 0, 0, 0, 0, 0, 0, 0, 0, 0, 0, 0, 0, 0, 0, 0, 0, 0, 0, 0, 0, 0), (0, 0, 0, 0, 0, 0, 0, 0, 0, 0, 0, 0, 0, 0, 0, 0, 0, 0, 0, 0, 0, 0, 0, 0, 0, 0, 0, 0, 0, 0, 0, 0, 0, 0, 0, 0, 0, 0, 0, 0), (0, 0, 0, 0, 0, 0, 0, 0, 0, 0, 0, 0, 0, 0, 0, 0, 0, 0, 0, 0, 0, 0, 0, 0, 0, 0, 0, 0, 0, 0, 0, 0, 0, 0, 0, 0, 0, 0, 0, 0), (0, 0, 0, 0, 0, 0, 0, 0, 0, 0, 0, 0, 0, 0, 0, 0, 0, 0, 0, 0, 0, 0, 0, 0, 0, 0, 0, 0, 0, 0, 0, 0, 0, 0, 0, 0, 0, 0, 0, 0), (0, 0, 0, 0, 0, 0, 0, 0, 0, 0, 0, 0, 0, 0, 0, 0, 0, 0, 0, 0, 0, 0, 0, 0, 0, 0, 0, 0, 0, 0, 0, 0, 0, 0, 0, 0, 0, 0, 0, 0), (0, 0, 0, 0, 0, 0, 0, 0, 0, 0, 0, 0, 0, 0, 0, 0, 0, 0, 0, 0, 0, 0, 0, 0, 0, 0, 0, 0, 0, 0, 0, 0, 0, 0, 0, 0, 0, 0, 0, 0), (0, 0, 0, 0, 0, 0, 0, 0, 0, 0, 0, 0, 0, 0, 0, 0, 0, 0, 0, 0, 0, 0, 0, 0, 0, 0, 0, 0, 0, 0, 0, 0, 0, 0, 0, 0, 0, 0, 0, 0), (0, 0, 0, 0, 0, 0, 0, 0, 0, 0, 0, 0, 0, 0, 0, 0, 0, 0, 0, 0, 0, 0, 0, 0, 0, 0, 0, 0, 0, 0, 0, 0, 0, 0, 0, 0, 0, 0, 0, 0), (0, 0, 0, 0, 0, 0, 0, 0, 0, 0, 0, 0, 0, 0, 0, 0, 0, 0, 0, 0, 0, 0, 0, 0, 0, 0, 0, 0, 0, 0, 0, 0, 0, 0, 0, 0, 0, 0, 0, 0), (0, 0, 0, 0, 0, 0, 0, 0, 0, 0, 0, 0, 0, 0, 0, 0, 0, 0, 0, 0, 0, 0, 0, 0, 0, 0, 0, 0, 0, 0, 0, 0, 0, 0, 0, 0, 0, 0, 0, 0), (0, 0, 0, 0, 0, 0, 0, 0, 0, 0, 0, 0, 0, 0, 0, 0, 0, 0, 0, 0, 0, 0, 0, 0, 0, 0, 0, 0, 0, 0, 0, 0, 0, 0, 0, 0, 0, 0, 0, 0), (0, 0, 0, 0, 0, 0, 0, 0, 0, 0, 0, 0, 0, 0, 0, 0, 0, 0, 0, 0, 0, 0, 0, 0, 0, 0, 0, 0, 0, 0, 0, 0, 0, 0, 0, 0, 0, 0, 0, 0), (0, 0, 0, 0, 0, 0, 0, 0, 0, 0, 0, 0, 0, 0, 0, 0, 0, 0, 0, 0, 0, 0, 0, 0, 0, 0, 0, 0, 0, 0, 0, 0, 0, 0, 0, 0, 0, 0, 0, 0), (0, 0, 0, 0, 0, 0, 0, 0, 0, 0, 0, 0, 0, 0, 0, 0, 0, 0, 0, 0, 0, 0, 0, 0, 0, 0, 0, 0, 0, 0, 0, 0, 0, 0, 0, 0, 0, 0, 0, 0)]}}
