==========================================
  ___  ______  ___ ______       _ 
 / _ \ | ___ \/   ||  ___|     | |
/ /_\ \| |_/ / /| || |_ ___  __| |
|  _  ||  __/ /_| ||  _/ _ \/ _` |
| | | || |  \___  || ||  __/ (_| |
\_| |_/\_|      |_/\_| \___|\__,_| v.1.5.0

==========================================
Simulation Started!
List of the Architectural Patterns enabled:
Adaptation Enabled ✅
Metric: val_f1,jsd, local predictor-based: predictors/f1overtime_tree_hdh-pca_45600.pkl
Client Registry ✅
Heterogeneous Data Handler ✅
 AP Parameters: {'enabled_clients': []}
==========================================
Results Aggregated in 1.67 seconds.
{'prostate_logreg': {'train_loss': [0.5817766223473572], 'train_accuracy': [0.6919431279620853], 'train_f1': [0.5505438479372129], 'train_mae': [0.3080568720379147], 'val_loss': [0.7618791530190073], 'val_accuracy': [0.4839459177842762], 'val_f1': [0.47795794110493106], 'val_mae': [0.5160540822157238], 'jsd': [(0.0207208396239082, 0.31127812445913283, 0.31127812445913283, 0.31127812445913283, 0.11009182675183558, 0.31127812445913283, 0.31127812445913283, 0.31127812445913283, 0.0037024515418363386, 0.31127812445913283, 0.31127812445913283, 0.31127812445913283, 0.31127812445913283, 0.31127812445913283, 0.31127812445913283, 0.31127812445913283, 0.31127812445913283, 0.07310400793180982, 0.31127812445913283, 0.07310400793180982, 0.31127812445913283, 0.31127812445913283, 0.0037024515418363386, 0.31127812445913283, 0.31127812445913283, 0.31127812445913283, 0, 0.31127812445913283, 0.11009182675183558, 0.31127812445913283, 0.07310400793180982, 0.31127812445913283, 0.0487949406953985, 0.31127812445913283, 0.31127812445913283, 0.31127812445913283, 0.0350583482647871, 0.31127812445913283, 0.31127812445913283, 0.31127812445913283)]}}
AdaptationManager: Configuring next round...
{'client_registry': {'enabled': True, 'params': {}}, 'client_selector': {'enabled': False, 'params': {}}, 'client_cluster': {'enabled': False, 'params': {}}, 'message_compressor': {'enabled': False, 'params': {}}, 'model_co-versioning_registry': {'enabled': False, 'params': {}}, 'multi-task_model_trainer': {'enabled': False, 'params': {}}, 'heterogeneous_data_handler': {'enabled': True, 'params': {'enabled_clients': []}}}
{'client_selector': {'enabled': False}, 'client_cluster': {'enabled': False}, 'message_compressor': {'enabled': False}, 'model_co-versioning_registry': {'enabled': False}, 'multi-task_model_trainer': {'enabled': False}, 'heterogeneous_data_handler': {'enabled': True}, 'client_registry': {'enabled': True, 'params': {}}}
client 1, predicted wo:0.3458 vs w:0.3458
client 2, predicted wo:0.3458 vs w:0.3458
client 3, predicted wo:0.3458 vs w:0.3458
client 4, predicted wo:0.3458 vs w:0.3458
client 5, predicted wo:0.3458 vs w:0.3458
client 6, predicted wo:0.3458 vs w:0.3458
client 7, predicted wo:0.3458 vs w:0.3458
client 8, predicted wo:0.3458 vs w:0.3458
client 9, predicted wo:0.3458 vs w:0.3458
client 10, predicted wo:0.3458 vs w:0.3458
client 11, predicted wo:0.3458 vs w:0.3458
client 12, predicted wo:0.3458 vs w:0.3458
client 13, predicted wo:0.3458 vs w:0.3458
client 14, predicted wo:0.3458 vs w:0.3458
client 15, predicted wo:0.3458 vs w:0.3458
client 16, predicted wo:0.3458 vs w:0.3458
client 17, predicted wo:0.3458 vs w:0.3458
client 18, predicted wo:0.3458 vs w:0.3458
client 19, predicted wo:0.3458 vs w:0.3458
client 20, predicted wo:0.3458 vs w:0.3458
client 21, predicted wo:0.3458 vs w:0.3458
client 22, predicted wo:0.3458 vs w:0.3458
client 23, predicted wo:0.3458 vs w:0.3458
client 24, predicted wo:0.3458 vs w:0.3458
client 25, predicted wo:0.3458 vs w:0.3458
client 26, predicted wo:0.3458 vs w:0.3458
client 27, predicted wo:0.3458 vs w:0.3458
client 28, predicted wo:0.3458 vs w:0.3458
client 29, predicted wo:0.3458 vs w:0.3458
client 30, predicted wo:0.3458 vs w:0.3458
client 31, predicted wo:0.3458 vs w:0.3458
client 32, predicted wo:0.3458 vs w:0.3458
client 33, predicted wo:0.3458 vs w:0.3458
client 34, predicted wo:0.3458 vs w:0.3458
client 35, predicted wo:0.3458 vs w:0.3458
client 36, predicted wo:0.3458 vs w:0.3458
client 37, predicted wo:0.3458 vs w:0.3458
client 38, predicted wo:0.3458 vs w:0.3458
client 39, predicted wo:0.3458 vs w:0.3458
client 40, predicted wo:0.3458 vs w:0.3458
heterogeneous_data_handler activated ✅ for clients: ['Client 1', 'Client 2', 'Client 3', 'Client 4', 'Client 5', 'Client 6', 'Client 7', 'Client 8', 'Client 9', 'Client 10', 'Client 11', 'Client 12', 'Client 13', 'Client 14', 'Client 15', 'Client 16', 'Client 17', 'Client 18', 'Client 19', 'Client 20', 'Client 21', 'Client 22', 'Client 23', 'Client 24', 'Client 25', 'Client 26', 'Client 27', 'Client 28', 'Client 29', 'Client 30', 'Client 31', 'Client 32', 'Client 33', 'Client 34', 'Client 35', 'Client 36', 'Client 37', 'Client 38', 'Client 39', 'Client 40']
Results Aggregated in 1.02 seconds.
{'prostate_logreg': {'train_loss': [0.5817766223473572, 0.5965127669847928], 'train_accuracy': [0.6919431279620853, 0.6713286713286714], 'train_f1': [0.5505438479372129, 0.5624186054433704], 'train_mae': [0.3080568720379147, 0.32867132867132864], 'val_loss': [0.7618791530190073, 0.7116550387235947], 'val_accuracy': [0.4839459177842762, 0.5293462447717767], 'val_f1': [0.47795794110493106, 0.525204958106239], 'val_mae': [0.5160540822157238, 0.47065375522822334], 'jsd': [(0.0207208396239082, 0.31127812445913283, 0.31127812445913283, 0.31127812445913283, 0.11009182675183558, 0.31127812445913283, 0.31127812445913283, 0.31127812445913283, 0.0037024515418363386, 0.31127812445913283, 0.31127812445913283, 0.31127812445913283, 0.31127812445913283, 0.31127812445913283, 0.31127812445913283, 0.31127812445913283, 0.31127812445913283, 0.07310400793180982, 0.31127812445913283, 0.07310400793180982, 0.31127812445913283, 0.31127812445913283, 0.0037024515418363386, 0.31127812445913283, 0.31127812445913283, 0.31127812445913283, 0, 0.31127812445913283, 0.11009182675183558, 0.31127812445913283, 0.07310400793180982, 0.31127812445913283, 0.0487949406953985, 0.31127812445913283, 0.31127812445913283, 0.31127812445913283, 0.0350583482647871, 0.31127812445913283, 0.31127812445913283, 0.31127812445913283), (0, 0.31127812445913283, 0.31127812445913283, 0.31127812445913283, 0, 0, 0.31127812445913283, 0.07310400793180982, 0, 0.1711038312803313, 0.31127812445913283, 0, 0, 0, 0.31127812445913283, 0.31127812445913283, 0.31127812445913283, 0, 0.31127812445913283, 0, 0, 0, 0, 0.31127812445913283, 0.31127812445913283, 0, 0.12425601093475921, 0.31127812445913283, 0.17750440524619315, 0, 0, 0.31127812445913283, 0.31127812445913283, 0, 0, 0.16395604408354778, 0, 0.31127812445913283, 0.31127812445913283, 0.16395604408354778)]}}
AdaptationManager: Configuring next round...
{'client_registry': {'enabled': True, 'params': {}}, 'client_selector': {'enabled': False, 'params': {}}, 'client_cluster': {'enabled': False, 'params': {}}, 'message_compressor': {'enabled': False, 'params': {}}, 'model_co-versioning_registry': {'enabled': False, 'params': {}}, 'multi-task_model_trainer': {'enabled': False, 'params': {}}, 'heterogeneous_data_handler': {'enabled': True, 'params': {'enabled_clients': []}}}
{'client_selector': {'enabled': False}, 'client_cluster': {'enabled': False}, 'message_compressor': {'enabled': False}, 'model_co-versioning_registry': {'enabled': False}, 'multi-task_model_trainer': {'enabled': False}, 'heterogeneous_data_handler': {'enabled': True, 'params': {'enabled_clients': ['Client 1', 'Client 2', 'Client 3', 'Client 4', 'Client 5', 'Client 6', 'Client 7', 'Client 8', 'Client 9', 'Client 10', 'Client 11', 'Client 12', 'Client 13', 'Client 14', 'Client 15', 'Client 16', 'Client 17', 'Client 18', 'Client 19', 'Client 20', 'Client 21', 'Client 22', 'Client 23', 'Client 24', 'Client 25', 'Client 26', 'Client 27', 'Client 28', 'Client 29', 'Client 30', 'Client 31', 'Client 32', 'Client 33', 'Client 34', 'Client 35', 'Client 36', 'Client 37', 'Client 38', 'Client 39', 'Client 40']}}, 'client_registry': {'enabled': True, 'params': {}}}
client 1, predicted wo:0.5841 vs w:0.5841
client 2, predicted wo:0.5958 vs w:0.5958
client 3, predicted wo:0.5958 vs w:0.5958
client 4, predicted wo:0.5958 vs w:0.5958
client 5, predicted wo:0.5841 vs w:0.5841
client 6, predicted wo:0.5841 vs w:0.5841
client 7, predicted wo:0.5958 vs w:0.5958
client 8, predicted wo:0.5958 vs w:0.5958
client 9, predicted wo:0.5841 vs w:0.5841
client 10, predicted wo:0.5958 vs w:0.5958
client 11, predicted wo:0.5958 vs w:0.5958
client 12, predicted wo:0.5841 vs w:0.5841
client 13, predicted wo:0.5841 vs w:0.5841
client 14, predicted wo:0.5841 vs w:0.5841
client 15, predicted wo:0.5958 vs w:0.5958
client 16, predicted wo:0.5958 vs w:0.5958
client 17, predicted wo:0.5958 vs w:0.5958
client 18, predicted wo:0.5841 vs w:0.5841
client 19, predicted wo:0.5958 vs w:0.5958
client 20, predicted wo:0.5841 vs w:0.5841
client 21, predicted wo:0.5841 vs w:0.5841
client 22, predicted wo:0.5841 vs w:0.5841
client 23, predicted wo:0.5841 vs w:0.5841
client 24, predicted wo:0.5958 vs w:0.5958
client 25, predicted wo:0.5958 vs w:0.5958
client 26, predicted wo:0.5841 vs w:0.5841
client 27, predicted wo:0.5958 vs w:0.5958
client 28, predicted wo:0.5958 vs w:0.5958
client 29, predicted wo:0.5958 vs w:0.5958
client 30, predicted wo:0.5841 vs w:0.5841
client 31, predicted wo:0.5841 vs w:0.5841
client 32, predicted wo:0.5958 vs w:0.5958
client 33, predicted wo:0.5958 vs w:0.5958
client 34, predicted wo:0.5841 vs w:0.5841
client 35, predicted wo:0.5841 vs w:0.5841
client 36, predicted wo:0.5958 vs w:0.5958
client 37, predicted wo:0.5841 vs w:0.5841
client 38, predicted wo:0.5958 vs w:0.5958
client 39, predicted wo:0.5958 vs w:0.5958
client 40, predicted wo:0.5958 vs w:0.5958
heterogeneous_data_handler activated ✅ for clients: ['Client 1', 'Client 2', 'Client 3', 'Client 4', 'Client 5', 'Client 6', 'Client 7', 'Client 8', 'Client 9', 'Client 10', 'Client 11', 'Client 12', 'Client 13', 'Client 14', 'Client 15', 'Client 16', 'Client 17', 'Client 18', 'Client 19', 'Client 20', 'Client 21', 'Client 22', 'Client 23', 'Client 24', 'Client 25', 'Client 26', 'Client 27', 'Client 28', 'Client 29', 'Client 30', 'Client 31', 'Client 32', 'Client 33', 'Client 34', 'Client 35', 'Client 36', 'Client 37', 'Client 38', 'Client 39', 'Client 40']
Results Aggregated in 0.55 seconds.
{'prostate_logreg': {'train_loss': [0.5817766223473572, 0.5965127669847928, 0.5851117932364015], 'train_accuracy': [0.6919431279620853, 0.6713286713286714, 0.6987381703470031], 'train_f1': [0.5505438479372129, 0.5624186054433704, 0.6430265604470358], 'train_mae': [0.3080568720379147, 0.32867132867132864, 0.30126182965299686], 'val_loss': [0.7618791530190073, 0.7116550387235947, 0.6752302342366167], 'val_accuracy': [0.4839459177842762, 0.5293462447717767, 0.5743548224713068], 'val_f1': [0.47795794110493106, 0.525204958106239, 0.5723626168993488], 'val_mae': [0.5160540822157238, 0.47065375522822334, 0.42564517752869324], 'jsd': [(0.0207208396239082, 0.31127812445913283, 0.31127812445913283, 0.31127812445913283, 0.11009182675183558, 0.31127812445913283, 0.31127812445913283, 0.31127812445913283, 0.0037024515418363386, 0.31127812445913283, 0.31127812445913283, 0.31127812445913283, 0.31127812445913283, 0.31127812445913283, 0.31127812445913283, 0.31127812445913283, 0.31127812445913283, 0.07310400793180982, 0.31127812445913283, 0.07310400793180982, 0.31127812445913283, 0.31127812445913283, 0.0037024515418363386, 0.31127812445913283, 0.31127812445913283, 0.31127812445913283, 0, 0.31127812445913283, 0.11009182675183558, 0.31127812445913283, 0.07310400793180982, 0.31127812445913283, 0.0487949406953985, 0.31127812445913283, 0.31127812445913283, 0.31127812445913283, 0.0350583482647871, 0.31127812445913283, 0.31127812445913283, 0.31127812445913283), (0, 0.31127812445913283, 0.31127812445913283, 0.31127812445913283, 0, 0, 0.31127812445913283, 0.07310400793180982, 0, 0.1711038312803313, 0.31127812445913283, 0, 0, 0, 0.31127812445913283, 0.31127812445913283, 0.31127812445913283, 0, 0.31127812445913283, 0, 0, 0, 0, 0.31127812445913283, 0.31127812445913283, 0, 0.12425601093475921, 0.31127812445913283, 0.17750440524619315, 0, 0, 0.31127812445913283, 0.31127812445913283, 0, 0, 0.16395604408354778, 0, 0.31127812445913283, 0.31127812445913283, 0.16395604408354778), (0, 0.16395604408354778, 0.31127812445913283, 0, 0, 0.18850340411986471, 0, 0.11009182675183558, 0, 0, 0, 0.1711038312803313, 0, 0, 0, 0.31127812445913283, 0, 0, 0, 0, 0.31127812445913283, 0, 0, 0.31127812445913283, 0.31127812445913283, 0, 0, 0, 0.2087803925185126, 0, 0, 0.20534969973663775, 0, 0, 0.16395604408354778, 0, 0, 0, 0.31127812445913283, 0)]}}
AdaptationManager: Configuring next round...
{'client_registry': {'enabled': True, 'params': {}}, 'client_selector': {'enabled': False, 'params': {}}, 'client_cluster': {'enabled': False, 'params': {}}, 'message_compressor': {'enabled': False, 'params': {}}, 'model_co-versioning_registry': {'enabled': False, 'params': {}}, 'multi-task_model_trainer': {'enabled': False, 'params': {}}, 'heterogeneous_data_handler': {'enabled': True, 'params': {'enabled_clients': []}}}
{'client_selector': {'enabled': False}, 'client_cluster': {'enabled': False}, 'message_compressor': {'enabled': False}, 'model_co-versioning_registry': {'enabled': False}, 'multi-task_model_trainer': {'enabled': False}, 'heterogeneous_data_handler': {'enabled': True, 'params': {'enabled_clients': ['Client 1', 'Client 2', 'Client 3', 'Client 4', 'Client 5', 'Client 6', 'Client 7', 'Client 8', 'Client 9', 'Client 10', 'Client 11', 'Client 12', 'Client 13', 'Client 14', 'Client 15', 'Client 16', 'Client 17', 'Client 18', 'Client 19', 'Client 20', 'Client 21', 'Client 22', 'Client 23', 'Client 24', 'Client 25', 'Client 26', 'Client 27', 'Client 28', 'Client 29', 'Client 30', 'Client 31', 'Client 32', 'Client 33', 'Client 34', 'Client 35', 'Client 36', 'Client 37', 'Client 38', 'Client 39', 'Client 40']}}, 'client_registry': {'enabled': True, 'params': {}}}
client 1, predicted wo:0.7445 vs w:0.7445
client 2, predicted wo:0.7445 vs w:0.7445
client 3, predicted wo:0.7445 vs w:0.7445
client 4, predicted wo:0.7445 vs w:0.7445
client 5, predicted wo:0.7445 vs w:0.7445
client 6, predicted wo:0.7445 vs w:0.7445
client 7, predicted wo:0.7445 vs w:0.7445
client 8, predicted wo:0.7445 vs w:0.7445
client 9, predicted wo:0.7445 vs w:0.7445
client 10, predicted wo:0.7445 vs w:0.7445
client 11, predicted wo:0.7445 vs w:0.7445
client 12, predicted wo:0.7445 vs w:0.7445
client 13, predicted wo:0.7445 vs w:0.7445
client 14, predicted wo:0.7445 vs w:0.7445
client 15, predicted wo:0.7445 vs w:0.7445
client 16, predicted wo:0.7445 vs w:0.7445
client 17, predicted wo:0.7445 vs w:0.7445
client 18, predicted wo:0.7445 vs w:0.7445
client 19, predicted wo:0.7445 vs w:0.7445
client 20, predicted wo:0.7445 vs w:0.7445
client 21, predicted wo:0.7445 vs w:0.7445
client 22, predicted wo:0.7445 vs w:0.7445
client 23, predicted wo:0.7445 vs w:0.7445
client 24, predicted wo:0.7445 vs w:0.7445
client 25, predicted wo:0.7445 vs w:0.7445
client 26, predicted wo:0.7445 vs w:0.7445
client 27, predicted wo:0.7445 vs w:0.7445
client 28, predicted wo:0.7445 vs w:0.7445
client 29, predicted wo:0.7445 vs w:0.7445
client 30, predicted wo:0.7445 vs w:0.7445
client 31, predicted wo:0.7445 vs w:0.7445
client 32, predicted wo:0.7445 vs w:0.7445
client 33, predicted wo:0.7445 vs w:0.7445
client 34, predicted wo:0.7445 vs w:0.7445
client 35, predicted wo:0.7445 vs w:0.7445
client 36, predicted wo:0.7445 vs w:0.7445
client 37, predicted wo:0.7445 vs w:0.7445
client 38, predicted wo:0.7445 vs w:0.7445
client 39, predicted wo:0.7445 vs w:0.7445
client 40, predicted wo:0.7445 vs w:0.7445
heterogeneous_data_handler activated ✅ for clients: ['Client 1', 'Client 2', 'Client 3', 'Client 4', 'Client 5', 'Client 6', 'Client 7', 'Client 8', 'Client 9', 'Client 10', 'Client 11', 'Client 12', 'Client 13', 'Client 14', 'Client 15', 'Client 16', 'Client 17', 'Client 18', 'Client 19', 'Client 20', 'Client 21', 'Client 22', 'Client 23', 'Client 24', 'Client 25', 'Client 26', 'Client 27', 'Client 28', 'Client 29', 'Client 30', 'Client 31', 'Client 32', 'Client 33', 'Client 34', 'Client 35', 'Client 36', 'Client 37', 'Client 38', 'Client 39', 'Client 40']
Results Aggregated in 0.54 seconds.
{'prostate_logreg': {'train_loss': [0.5817766223473572, 0.5965127669847928, 0.5851117932364015, 0.5736555693608805], 'train_accuracy': [0.6919431279620853, 0.6713286713286714, 0.6987381703470031, 0.7301038062283737], 'train_f1': [0.5505438479372129, 0.5624186054433704, 0.6430265604470358, 0.6916744675535892], 'train_mae': [0.3080568720379147, 0.32867132867132864, 0.30126182965299686, 0.2698961937716263], 'val_loss': [0.7618791530190073, 0.7116550387235947, 0.6752302342366167, 0.6477448255389516], 'val_accuracy': [0.4839459177842762, 0.5293462447717767, 0.5743548224713068, 0.6117409834188161], 'val_f1': [0.47795794110493106, 0.525204958106239, 0.5723626168993488, 0.6111156547495269], 'val_mae': [0.5160540822157238, 0.47065375522822334, 0.42564517752869324, 0.388259016581184], 'jsd': [(0.0207208396239082, 0.31127812445913283, 0.31127812445913283, 0.31127812445913283, 0.11009182675183558, 0.31127812445913283, 0.31127812445913283, 0.31127812445913283, 0.0037024515418363386, 0.31127812445913283, 0.31127812445913283, 0.31127812445913283, 0.31127812445913283, 0.31127812445913283, 0.31127812445913283, 0.31127812445913283, 0.31127812445913283, 0.07310400793180982, 0.31127812445913283, 0.07310400793180982, 0.31127812445913283, 0.31127812445913283, 0.0037024515418363386, 0.31127812445913283, 0.31127812445913283, 0.31127812445913283, 0, 0.31127812445913283, 0.11009182675183558, 0.31127812445913283, 0.07310400793180982, 0.31127812445913283, 0.0487949406953985, 0.31127812445913283, 0.31127812445913283, 0.31127812445913283, 0.0350583482647871, 0.31127812445913283, 0.31127812445913283, 0.31127812445913283), (0, 0.31127812445913283, 0.31127812445913283, 0.31127812445913283, 0, 0, 0.31127812445913283, 0.07310400793180982, 0, 0.1711038312803313, 0.31127812445913283, 0, 0, 0, 0.31127812445913283, 0.31127812445913283, 0.31127812445913283, 0, 0.31127812445913283, 0, 0, 0, 0, 0.31127812445913283, 0.31127812445913283, 0, 0.12425601093475921, 0.31127812445913283, 0.17750440524619315, 0, 0, 0.31127812445913283, 0.31127812445913283, 0, 0, 0.16395604408354778, 0, 0.31127812445913283, 0.31127812445913283, 0.16395604408354778), (0, 0.16395604408354778, 0.31127812445913283, 0, 0, 0.18850340411986471, 0, 0.11009182675183558, 0, 0, 0, 0.1711038312803313, 0, 0, 0, 0.31127812445913283, 0, 0, 0, 0, 0.31127812445913283, 0, 0, 0.31127812445913283, 0.31127812445913283, 0, 0, 0, 0.2087803925185126, 0, 0, 0.20534969973663775, 0, 0, 0.16395604408354778, 0, 0, 0, 0.31127812445913283, 0), (0, 0.31127812445913283, 0.2087803925185126, 0, 0, 0, 0, 0, 0, 0, 0, 0.19326958066820893, 0, 0, 0, 0, 0, 0, 0, 0, 0, 0, 0, 0.2292798117148899, 0, 0, 0, 0, 0, 0, 0, 0.2227619806994962, 0, 0, 0, 0, 0, 0, 0.2227619806994962, 0)]}}
AdaptationManager: Configuring next round...
{'client_registry': {'enabled': True, 'params': {}}, 'client_selector': {'enabled': False, 'params': {}}, 'client_cluster': {'enabled': False, 'params': {}}, 'message_compressor': {'enabled': False, 'params': {}}, 'model_co-versioning_registry': {'enabled': False, 'params': {}}, 'multi-task_model_trainer': {'enabled': False, 'params': {}}, 'heterogeneous_data_handler': {'enabled': True, 'params': {'enabled_clients': []}}}
{'client_selector': {'enabled': False}, 'client_cluster': {'enabled': False}, 'message_compressor': {'enabled': False}, 'model_co-versioning_registry': {'enabled': False}, 'multi-task_model_trainer': {'enabled': False}, 'heterogeneous_data_handler': {'enabled': True, 'params': {'enabled_clients': ['Client 1', 'Client 2', 'Client 3', 'Client 4', 'Client 5', 'Client 6', 'Client 7', 'Client 8', 'Client 9', 'Client 10', 'Client 11', 'Client 12', 'Client 13', 'Client 14', 'Client 15', 'Client 16', 'Client 17', 'Client 18', 'Client 19', 'Client 20', 'Client 21', 'Client 22', 'Client 23', 'Client 24', 'Client 25', 'Client 26', 'Client 27', 'Client 28', 'Client 29', 'Client 30', 'Client 31', 'Client 32', 'Client 33', 'Client 34', 'Client 35', 'Client 36', 'Client 37', 'Client 38', 'Client 39', 'Client 40']}}, 'client_registry': {'enabled': True, 'params': {}}}
client 1, predicted wo:0.7445 vs w:0.7445
client 2, predicted wo:0.7445 vs w:0.7445
client 3, predicted wo:0.7445 vs w:0.7445
client 4, predicted wo:0.7445 vs w:0.7445
client 5, predicted wo:0.7445 vs w:0.7445
client 6, predicted wo:0.7445 vs w:0.7445
client 7, predicted wo:0.7445 vs w:0.7445
client 8, predicted wo:0.7445 vs w:0.7445
client 9, predicted wo:0.7445 vs w:0.7445
client 10, predicted wo:0.7445 vs w:0.7445
client 11, predicted wo:0.7445 vs w:0.7445
client 12, predicted wo:0.7445 vs w:0.7445
client 13, predicted wo:0.7445 vs w:0.7445
client 14, predicted wo:0.7445 vs w:0.7445
client 15, predicted wo:0.7445 vs w:0.7445
client 16, predicted wo:0.7445 vs w:0.7445
client 17, predicted wo:0.7445 vs w:0.7445
client 18, predicted wo:0.7445 vs w:0.7445
client 19, predicted wo:0.7445 vs w:0.7445
client 20, predicted wo:0.7445 vs w:0.7445
client 21, predicted wo:0.7445 vs w:0.7445
client 22, predicted wo:0.7445 vs w:0.7445
client 23, predicted wo:0.7445 vs w:0.7445
client 24, predicted wo:0.7445 vs w:0.7445
client 25, predicted wo:0.7445 vs w:0.7445
client 26, predicted wo:0.7445 vs w:0.7445
client 27, predicted wo:0.7445 vs w:0.7445
client 28, predicted wo:0.7445 vs w:0.7445
client 29, predicted wo:0.7445 vs w:0.7445
client 30, predicted wo:0.7445 vs w:0.7445
client 31, predicted wo:0.7445 vs w:0.7445
client 32, predicted wo:0.7445 vs w:0.7445
client 33, predicted wo:0.7445 vs w:0.7445
client 34, predicted wo:0.7445 vs w:0.7445
client 35, predicted wo:0.7445 vs w:0.7445
client 36, predicted wo:0.7445 vs w:0.7445
client 37, predicted wo:0.7445 vs w:0.7445
client 38, predicted wo:0.7445 vs w:0.7445
client 39, predicted wo:0.7445 vs w:0.7445
client 40, predicted wo:0.7445 vs w:0.7445
heterogeneous_data_handler activated ✅ for clients: ['Client 1', 'Client 2', 'Client 3', 'Client 4', 'Client 5', 'Client 6', 'Client 7', 'Client 8', 'Client 9', 'Client 10', 'Client 11', 'Client 12', 'Client 13', 'Client 14', 'Client 15', 'Client 16', 'Client 17', 'Client 18', 'Client 19', 'Client 20', 'Client 21', 'Client 22', 'Client 23', 'Client 24', 'Client 25', 'Client 26', 'Client 27', 'Client 28', 'Client 29', 'Client 30', 'Client 31', 'Client 32', 'Client 33', 'Client 34', 'Client 35', 'Client 36', 'Client 37', 'Client 38', 'Client 39', 'Client 40']
Results Aggregated in 0.62 seconds.
{'prostate_logreg': {'train_loss': [0.5817766223473572, 0.5965127669847928, 0.5851117932364015, 0.5736555693608805, 0.5688894120253385], 'train_accuracy': [0.6919431279620853, 0.6713286713286714, 0.6987381703470031, 0.7301038062283737, 0.7223744292237443], 'train_f1': [0.5505438479372129, 0.5624186054433704, 0.6430265604470358, 0.6916744675535892, 0.6898962484524791], 'train_mae': [0.3080568720379147, 0.32867132867132864, 0.30126182965299686, 0.2698961937716263, 0.2776255707762557], 'val_loss': [0.7618791530190073, 0.7116550387235947, 0.6752302342366167, 0.6477448255389516, 0.6258882844242323], 'val_accuracy': [0.4839459177842762, 0.5293462447717767, 0.5743548224713068, 0.6117409834188161, 0.6384363159428738], 'val_f1': [0.47795794110493106, 0.525204958106239, 0.5723626168993488, 0.6111156547495269, 0.6382582962730605], 'val_mae': [0.5160540822157238, 0.47065375522822334, 0.42564517752869324, 0.388259016581184, 0.36156368405712624], 'jsd': [(0.0207208396239082, 0.31127812445913283, 0.31127812445913283, 0.31127812445913283, 0.11009182675183558, 0.31127812445913283, 0.31127812445913283, 0.31127812445913283, 0.0037024515418363386, 0.31127812445913283, 0.31127812445913283, 0.31127812445913283, 0.31127812445913283, 0.31127812445913283, 0.31127812445913283, 0.31127812445913283, 0.31127812445913283, 0.07310400793180982, 0.31127812445913283, 0.07310400793180982, 0.31127812445913283, 0.31127812445913283, 0.0037024515418363386, 0.31127812445913283, 0.31127812445913283, 0.31127812445913283, 0, 0.31127812445913283, 0.11009182675183558, 0.31127812445913283, 0.07310400793180982, 0.31127812445913283, 0.0487949406953985, 0.31127812445913283, 0.31127812445913283, 0.31127812445913283, 0.0350583482647871, 0.31127812445913283, 0.31127812445913283, 0.31127812445913283), (0, 0.31127812445913283, 0.31127812445913283, 0.31127812445913283, 0, 0, 0.31127812445913283, 0.07310400793180982, 0, 0.1711038312803313, 0.31127812445913283, 0, 0, 0, 0.31127812445913283, 0.31127812445913283, 0.31127812445913283, 0, 0.31127812445913283, 0, 0, 0, 0, 0.31127812445913283, 0.31127812445913283, 0, 0.12425601093475921, 0.31127812445913283, 0.17750440524619315, 0, 0, 0.31127812445913283, 0.31127812445913283, 0, 0, 0.16395604408354778, 0, 0.31127812445913283, 0.31127812445913283, 0.16395604408354778), (0, 0.16395604408354778, 0.31127812445913283, 0, 0, 0.18850340411986471, 0, 0.11009182675183558, 0, 0, 0, 0.1711038312803313, 0, 0, 0, 0.31127812445913283, 0, 0, 0, 0, 0.31127812445913283, 0, 0, 0.31127812445913283, 0.31127812445913283, 0, 0, 0, 0.2087803925185126, 0, 0, 0.20534969973663775, 0, 0, 0.16395604408354778, 0, 0, 0, 0.31127812445913283, 0), (0, 0.31127812445913283, 0.2087803925185126, 0, 0, 0, 0, 0, 0, 0, 0, 0.19326958066820893, 0, 0, 0, 0, 0, 0, 0, 0, 0, 0, 0, 0.2292798117148899, 0, 0, 0, 0, 0, 0, 0, 0.2227619806994962, 0, 0, 0, 0, 0, 0, 0.2227619806994962, 0), (0, 0, 0.2227619806994962, 0, 0, 0, 0, 0, 0, 0, 0, 0, 0, 0, 0, 0, 0, 0, 0, 0, 0, 0, 0, 0, 0, 0, 0, 0, 0, 0, 0, 0.23646636812449032, 0, 0, 0, 0, 0, 0, 0, 0)]}}
AdaptationManager: Configuring next round...
{'client_registry': {'enabled': True, 'params': {}}, 'client_selector': {'enabled': False, 'params': {}}, 'client_cluster': {'enabled': False, 'params': {}}, 'message_compressor': {'enabled': False, 'params': {}}, 'model_co-versioning_registry': {'enabled': False, 'params': {}}, 'multi-task_model_trainer': {'enabled': False, 'params': {}}, 'heterogeneous_data_handler': {'enabled': True, 'params': {'enabled_clients': []}}}
{'client_selector': {'enabled': False}, 'client_cluster': {'enabled': False}, 'message_compressor': {'enabled': False}, 'model_co-versioning_registry': {'enabled': False}, 'multi-task_model_trainer': {'enabled': False}, 'heterogeneous_data_handler': {'enabled': True, 'params': {'enabled_clients': ['Client 1', 'Client 2', 'Client 3', 'Client 4', 'Client 5', 'Client 6', 'Client 7', 'Client 8', 'Client 9', 'Client 10', 'Client 11', 'Client 12', 'Client 13', 'Client 14', 'Client 15', 'Client 16', 'Client 17', 'Client 18', 'Client 19', 'Client 20', 'Client 21', 'Client 22', 'Client 23', 'Client 24', 'Client 25', 'Client 26', 'Client 27', 'Client 28', 'Client 29', 'Client 30', 'Client 31', 'Client 32', 'Client 33', 'Client 34', 'Client 35', 'Client 36', 'Client 37', 'Client 38', 'Client 39', 'Client 40']}}, 'client_registry': {'enabled': True, 'params': {}}}
client 1, predicted wo:0.7445 vs w:0.7445
client 2, predicted wo:0.7445 vs w:0.7445
client 3, predicted wo:0.7445 vs w:0.7445
client 4, predicted wo:0.7445 vs w:0.7445
client 5, predicted wo:0.7445 vs w:0.7445
client 6, predicted wo:0.7445 vs w:0.7445
client 7, predicted wo:0.7445 vs w:0.7445
client 8, predicted wo:0.7445 vs w:0.7445
client 9, predicted wo:0.7445 vs w:0.7445
client 10, predicted wo:0.7445 vs w:0.7445
client 11, predicted wo:0.7445 vs w:0.7445
client 12, predicted wo:0.7445 vs w:0.7445
client 13, predicted wo:0.7445 vs w:0.7445
client 14, predicted wo:0.7445 vs w:0.7445
client 15, predicted wo:0.7445 vs w:0.7445
client 16, predicted wo:0.7445 vs w:0.7445
client 17, predicted wo:0.7445 vs w:0.7445
client 18, predicted wo:0.7445 vs w:0.7445
client 19, predicted wo:0.7445 vs w:0.7445
client 20, predicted wo:0.7445 vs w:0.7445
client 21, predicted wo:0.7445 vs w:0.7445
client 22, predicted wo:0.7445 vs w:0.7445
client 23, predicted wo:0.7445 vs w:0.7445
client 24, predicted wo:0.7445 vs w:0.7445
client 25, predicted wo:0.7445 vs w:0.7445
client 26, predicted wo:0.7445 vs w:0.7445
client 27, predicted wo:0.7445 vs w:0.7445
client 28, predicted wo:0.7445 vs w:0.7445
client 29, predicted wo:0.7445 vs w:0.7445
client 30, predicted wo:0.7445 vs w:0.7445
client 31, predicted wo:0.7445 vs w:0.7445
client 32, predicted wo:0.7445 vs w:0.7445
client 33, predicted wo:0.7445 vs w:0.7445
client 34, predicted wo:0.7445 vs w:0.7445
client 35, predicted wo:0.7445 vs w:0.7445
client 36, predicted wo:0.7445 vs w:0.7445
client 37, predicted wo:0.7445 vs w:0.7445
client 38, predicted wo:0.7445 vs w:0.7445
client 39, predicted wo:0.7445 vs w:0.7445
client 40, predicted wo:0.7445 vs w:0.7445
heterogeneous_data_handler activated ✅ for clients: ['Client 1', 'Client 2', 'Client 3', 'Client 4', 'Client 5', 'Client 6', 'Client 7', 'Client 8', 'Client 9', 'Client 10', 'Client 11', 'Client 12', 'Client 13', 'Client 14', 'Client 15', 'Client 16', 'Client 17', 'Client 18', 'Client 19', 'Client 20', 'Client 21', 'Client 22', 'Client 23', 'Client 24', 'Client 25', 'Client 26', 'Client 27', 'Client 28', 'Client 29', 'Client 30', 'Client 31', 'Client 32', 'Client 33', 'Client 34', 'Client 35', 'Client 36', 'Client 37', 'Client 38', 'Client 39', 'Client 40']
Results Aggregated in 0.60 seconds.
{'prostate_logreg': {'train_loss': [0.5817766223473572, 0.5965127669847928, 0.5851117932364015, 0.5736555693608805, 0.5688894120253385, 0.5536228566558844], 'train_accuracy': [0.6919431279620853, 0.6713286713286714, 0.6987381703470031, 0.7301038062283737, 0.7223744292237443, 0.7397998460354118], 'train_f1': [0.5505438479372129, 0.5624186054433704, 0.6430265604470358, 0.6916744675535892, 0.6898962484524791, 0.7109340930664382], 'train_mae': [0.3080568720379147, 0.32867132867132864, 0.30126182965299686, 0.2698961937716263, 0.2776255707762557, 0.2602001539645881], 'val_loss': [0.7618791530190073, 0.7116550387235947, 0.6752302342366167, 0.6477448255389516, 0.6258882844242323, 0.6105406300268372], 'val_accuracy': [0.4839459177842762, 0.5293462447717767, 0.5743548224713068, 0.6117409834188161, 0.6384363159428738, 0.661466949481052], 'val_f1': [0.47795794110493106, 0.525204958106239, 0.5723626168993488, 0.6111156547495269, 0.6382582962730605, 0.6613051434650481], 'val_mae': [0.5160540822157238, 0.47065375522822334, 0.42564517752869324, 0.388259016581184, 0.36156368405712624, 0.338533050518948], 'jsd': [(0.0207208396239082, 0.31127812445913283, 0.31127812445913283, 0.31127812445913283, 0.11009182675183558, 0.31127812445913283, 0.31127812445913283, 0.31127812445913283, 0.0037024515418363386, 0.31127812445913283, 0.31127812445913283, 0.31127812445913283, 0.31127812445913283, 0.31127812445913283, 0.31127812445913283, 0.31127812445913283, 0.31127812445913283, 0.07310400793180982, 0.31127812445913283, 0.07310400793180982, 0.31127812445913283, 0.31127812445913283, 0.0037024515418363386, 0.31127812445913283, 0.31127812445913283, 0.31127812445913283, 0, 0.31127812445913283, 0.11009182675183558, 0.31127812445913283, 0.07310400793180982, 0.31127812445913283, 0.0487949406953985, 0.31127812445913283, 0.31127812445913283, 0.31127812445913283, 0.0350583482647871, 0.31127812445913283, 0.31127812445913283, 0.31127812445913283), (0, 0.31127812445913283, 0.31127812445913283, 0.31127812445913283, 0, 0, 0.31127812445913283, 0.07310400793180982, 0, 0.1711038312803313, 0.31127812445913283, 0, 0, 0, 0.31127812445913283, 0.31127812445913283, 0.31127812445913283, 0, 0.31127812445913283, 0, 0, 0, 0, 0.31127812445913283, 0.31127812445913283, 0, 0.12425601093475921, 0.31127812445913283, 0.17750440524619315, 0, 0, 0.31127812445913283, 0.31127812445913283, 0, 0, 0.16395604408354778, 0, 0.31127812445913283, 0.31127812445913283, 0.16395604408354778), (0, 0.16395604408354778, 0.31127812445913283, 0, 0, 0.18850340411986471, 0, 0.11009182675183558, 0, 0, 0, 0.1711038312803313, 0, 0, 0, 0.31127812445913283, 0, 0, 0, 0, 0.31127812445913283, 0, 0, 0.31127812445913283, 0.31127812445913283, 0, 0, 0, 0.2087803925185126, 0, 0, 0.20534969973663775, 0, 0, 0.16395604408354778, 0, 0, 0, 0.31127812445913283, 0), (0, 0.31127812445913283, 0.2087803925185126, 0, 0, 0, 0, 0, 0, 0, 0, 0.19326958066820893, 0, 0, 0, 0, 0, 0, 0, 0, 0, 0, 0, 0.2292798117148899, 0, 0, 0, 0, 0, 0, 0, 0.2227619806994962, 0, 0, 0, 0, 0, 0, 0.2227619806994962, 0), (0, 0, 0.2227619806994962, 0, 0, 0, 0, 0, 0, 0, 0, 0, 0, 0, 0, 0, 0, 0, 0, 0, 0, 0, 0, 0, 0, 0, 0, 0, 0, 0, 0, 0.23646636812449032, 0, 0, 0, 0, 0, 0, 0, 0), (0, 0, 0.23305878051279882, 0, 0, 0, 0, 0, 0, 0, 0, 0, 0, 0, 0, 0, 0, 0, 0, 0, 0, 0, 0, 0, 0, 0, 0, 0, 0, 0, 0, 0.24616505675524458, 0, 0, 0, 0, 0, 0, 0, 0)]}}
AdaptationManager: Configuring next round...
{'client_registry': {'enabled': True, 'params': {}}, 'client_selector': {'enabled': False, 'params': {}}, 'client_cluster': {'enabled': False, 'params': {}}, 'message_compressor': {'enabled': False, 'params': {}}, 'model_co-versioning_registry': {'enabled': False, 'params': {}}, 'multi-task_model_trainer': {'enabled': False, 'params': {}}, 'heterogeneous_data_handler': {'enabled': True, 'params': {'enabled_clients': []}}}
{'client_selector': {'enabled': False}, 'client_cluster': {'enabled': False}, 'message_compressor': {'enabled': False}, 'model_co-versioning_registry': {'enabled': False}, 'multi-task_model_trainer': {'enabled': False}, 'heterogeneous_data_handler': {'enabled': True, 'params': {'enabled_clients': ['Client 1', 'Client 2', 'Client 3', 'Client 4', 'Client 5', 'Client 6', 'Client 7', 'Client 8', 'Client 9', 'Client 10', 'Client 11', 'Client 12', 'Client 13', 'Client 14', 'Client 15', 'Client 16', 'Client 17', 'Client 18', 'Client 19', 'Client 20', 'Client 21', 'Client 22', 'Client 23', 'Client 24', 'Client 25', 'Client 26', 'Client 27', 'Client 28', 'Client 29', 'Client 30', 'Client 31', 'Client 32', 'Client 33', 'Client 34', 'Client 35', 'Client 36', 'Client 37', 'Client 38', 'Client 39', 'Client 40']}}, 'client_registry': {'enabled': True, 'params': {}}}
client 1, predicted wo:0.7445 vs w:0.7445
client 2, predicted wo:0.7445 vs w:0.7445
client 3, predicted wo:0.7445 vs w:0.7445
client 4, predicted wo:0.7445 vs w:0.7445
client 5, predicted wo:0.7445 vs w:0.7445
client 6, predicted wo:0.7445 vs w:0.7445
client 7, predicted wo:0.7445 vs w:0.7445
client 8, predicted wo:0.7445 vs w:0.7445
client 9, predicted wo:0.7445 vs w:0.7445
client 10, predicted wo:0.7445 vs w:0.7445
client 11, predicted wo:0.7445 vs w:0.7445
client 12, predicted wo:0.7445 vs w:0.7445
client 13, predicted wo:0.7445 vs w:0.7445
client 14, predicted wo:0.7445 vs w:0.7445
client 15, predicted wo:0.7445 vs w:0.7445
client 16, predicted wo:0.7445 vs w:0.7445
client 17, predicted wo:0.7445 vs w:0.7445
client 18, predicted wo:0.7445 vs w:0.7445
client 19, predicted wo:0.7445 vs w:0.7445
client 20, predicted wo:0.7445 vs w:0.7445
client 21, predicted wo:0.7445 vs w:0.7445
client 22, predicted wo:0.7445 vs w:0.7445
client 23, predicted wo:0.7445 vs w:0.7445
client 24, predicted wo:0.7445 vs w:0.7445
client 25, predicted wo:0.7445 vs w:0.7445
client 26, predicted wo:0.7445 vs w:0.7445
client 27, predicted wo:0.7445 vs w:0.7445
client 28, predicted wo:0.7445 vs w:0.7445
client 29, predicted wo:0.7445 vs w:0.7445
client 30, predicted wo:0.7445 vs w:0.7445
client 31, predicted wo:0.7445 vs w:0.7445
client 32, predicted wo:0.7445 vs w:0.7445
client 33, predicted wo:0.7445 vs w:0.7445
client 34, predicted wo:0.7445 vs w:0.7445
client 35, predicted wo:0.7445 vs w:0.7445
client 36, predicted wo:0.7445 vs w:0.7445
client 37, predicted wo:0.7445 vs w:0.7445
client 38, predicted wo:0.7445 vs w:0.7445
client 39, predicted wo:0.7445 vs w:0.7445
client 40, predicted wo:0.7445 vs w:0.7445
heterogeneous_data_handler activated ✅ for clients: ['Client 1', 'Client 2', 'Client 3', 'Client 4', 'Client 5', 'Client 6', 'Client 7', 'Client 8', 'Client 9', 'Client 10', 'Client 11', 'Client 12', 'Client 13', 'Client 14', 'Client 15', 'Client 16', 'Client 17', 'Client 18', 'Client 19', 'Client 20', 'Client 21', 'Client 22', 'Client 23', 'Client 24', 'Client 25', 'Client 26', 'Client 27', 'Client 28', 'Client 29', 'Client 30', 'Client 31', 'Client 32', 'Client 33', 'Client 34', 'Client 35', 'Client 36', 'Client 37', 'Client 38', 'Client 39', 'Client 40']
Results Aggregated in 0.54 seconds.
{'prostate_logreg': {'train_loss': [0.5817766223473572, 0.5965127669847928, 0.5851117932364015, 0.5736555693608805, 0.5688894120253385, 0.5536228566558844, 0.5440948470583502], 'train_accuracy': [0.6919431279620853, 0.6713286713286714, 0.6987381703470031, 0.7301038062283737, 0.7223744292237443, 0.7397998460354118, 0.7495120364346128], 'train_f1': [0.5505438479372129, 0.5624186054433704, 0.6430265604470358, 0.6916744675535892, 0.6898962484524791, 0.7109340930664382, 0.7300080975485886], 'train_mae': [0.3080568720379147, 0.32867132867132864, 0.30126182965299686, 0.2698961937716263, 0.2776255707762557, 0.2602001539645881, 0.2504879635653871], 'val_loss': [0.7618791530190073, 0.7116550387235947, 0.6752302342366167, 0.6477448255389516, 0.6258882844242323, 0.6105406300268372, 0.6008800180530735], 'val_accuracy': [0.4839459177842762, 0.5293462447717767, 0.5743548224713068, 0.6117409834188161, 0.6384363159428738, 0.661466949481052, 0.6760527554368139], 'val_f1': [0.47795794110493106, 0.525204958106239, 0.5723626168993488, 0.6111156547495269, 0.6382582962730605, 0.6613051434650481, 0.6756728495486932], 'val_mae': [0.5160540822157238, 0.47065375522822334, 0.42564517752869324, 0.388259016581184, 0.36156368405712624, 0.338533050518948, 0.32394724456318613], 'jsd': [(0.0207208396239082, 0.31127812445913283, 0.31127812445913283, 0.31127812445913283, 0.11009182675183558, 0.31127812445913283, 0.31127812445913283, 0.31127812445913283, 0.0037024515418363386, 0.31127812445913283, 0.31127812445913283, 0.31127812445913283, 0.31127812445913283, 0.31127812445913283, 0.31127812445913283, 0.31127812445913283, 0.31127812445913283, 0.07310400793180982, 0.31127812445913283, 0.07310400793180982, 0.31127812445913283, 0.31127812445913283, 0.0037024515418363386, 0.31127812445913283, 0.31127812445913283, 0.31127812445913283, 0, 0.31127812445913283, 0.11009182675183558, 0.31127812445913283, 0.07310400793180982, 0.31127812445913283, 0.0487949406953985, 0.31127812445913283, 0.31127812445913283, 0.31127812445913283, 0.0350583482647871, 0.31127812445913283, 0.31127812445913283, 0.31127812445913283), (0, 0.31127812445913283, 0.31127812445913283, 0.31127812445913283, 0, 0, 0.31127812445913283, 0.07310400793180982, 0, 0.1711038312803313, 0.31127812445913283, 0, 0, 0, 0.31127812445913283, 0.31127812445913283, 0.31127812445913283, 0, 0.31127812445913283, 0, 0, 0, 0, 0.31127812445913283, 0.31127812445913283, 0, 0.12425601093475921, 0.31127812445913283, 0.17750440524619315, 0, 0, 0.31127812445913283, 0.31127812445913283, 0, 0, 0.16395604408354778, 0, 0.31127812445913283, 0.31127812445913283, 0.16395604408354778), (0, 0.16395604408354778, 0.31127812445913283, 0, 0, 0.18850340411986471, 0, 0.11009182675183558, 0, 0, 0, 0.1711038312803313, 0, 0, 0, 0.31127812445913283, 0, 0, 0, 0, 0.31127812445913283, 0, 0, 0.31127812445913283, 0.31127812445913283, 0, 0, 0, 0.2087803925185126, 0, 0, 0.20534969973663775, 0, 0, 0.16395604408354778, 0, 0, 0, 0.31127812445913283, 0), (0, 0.31127812445913283, 0.2087803925185126, 0, 0, 0, 0, 0, 0, 0, 0, 0.19326958066820893, 0, 0, 0, 0, 0, 0, 0, 0, 0, 0, 0, 0.2292798117148899, 0, 0, 0, 0, 0, 0, 0, 0.2227619806994962, 0, 0, 0, 0, 0, 0, 0.2227619806994962, 0), (0, 0, 0.2227619806994962, 0, 0, 0, 0, 0, 0, 0, 0, 0, 0, 0, 0, 0, 0, 0, 0, 0, 0, 0, 0, 0, 0, 0, 0, 0, 0, 0, 0, 0.23646636812449032, 0, 0, 0, 0, 0, 0, 0, 0), (0, 0, 0.23305878051279882, 0, 0, 0, 0, 0, 0, 0, 0, 0, 0, 0, 0, 0, 0, 0, 0, 0, 0, 0, 0, 0, 0, 0, 0, 0, 0, 0, 0, 0.24616505675524458, 0, 0, 0, 0, 0, 0, 0, 0), (0, 0, 0.24237412989240623, 0, 0, 0, 0, 0, 0, 0, 0, 0, 0, 0, 0, 0, 0, 0, 0, 0, 0, 0, 0, 0, 0, 0, 0, 0, 0, 0, 0, 0, 0, 0, 0, 0, 0, 0, 0, 0)]}}
AdaptationManager: Configuring next round...
{'client_registry': {'enabled': True, 'params': {}}, 'client_selector': {'enabled': False, 'params': {}}, 'client_cluster': {'enabled': False, 'params': {}}, 'message_compressor': {'enabled': False, 'params': {}}, 'model_co-versioning_registry': {'enabled': False, 'params': {}}, 'multi-task_model_trainer': {'enabled': False, 'params': {}}, 'heterogeneous_data_handler': {'enabled': True, 'params': {'enabled_clients': []}}}
{'client_selector': {'enabled': False}, 'client_cluster': {'enabled': False}, 'message_compressor': {'enabled': False}, 'model_co-versioning_registry': {'enabled': False}, 'multi-task_model_trainer': {'enabled': False}, 'heterogeneous_data_handler': {'enabled': True, 'params': {'enabled_clients': ['Client 1', 'Client 2', 'Client 3', 'Client 4', 'Client 5', 'Client 6', 'Client 7', 'Client 8', 'Client 9', 'Client 10', 'Client 11', 'Client 12', 'Client 13', 'Client 14', 'Client 15', 'Client 16', 'Client 17', 'Client 18', 'Client 19', 'Client 20', 'Client 21', 'Client 22', 'Client 23', 'Client 24', 'Client 25', 'Client 26', 'Client 27', 'Client 28', 'Client 29', 'Client 30', 'Client 31', 'Client 32', 'Client 33', 'Client 34', 'Client 35', 'Client 36', 'Client 37', 'Client 38', 'Client 39', 'Client 40']}}, 'client_registry': {'enabled': True, 'params': {}}}
client 1, predicted wo:0.7445 vs w:0.7445
client 2, predicted wo:0.7445 vs w:0.7445
client 3, predicted wo:0.7445 vs w:0.7445
client 4, predicted wo:0.7445 vs w:0.7445
client 5, predicted wo:0.7445 vs w:0.7445
client 6, predicted wo:0.7445 vs w:0.7445
client 7, predicted wo:0.7445 vs w:0.7445
client 8, predicted wo:0.7445 vs w:0.7445
client 9, predicted wo:0.7445 vs w:0.7445
client 10, predicted wo:0.7445 vs w:0.7445
client 11, predicted wo:0.7445 vs w:0.7445
client 12, predicted wo:0.7445 vs w:0.7445
client 13, predicted wo:0.7445 vs w:0.7445
client 14, predicted wo:0.7445 vs w:0.7445
client 15, predicted wo:0.7445 vs w:0.7445
client 16, predicted wo:0.7445 vs w:0.7445
client 17, predicted wo:0.7445 vs w:0.7445
client 18, predicted wo:0.7445 vs w:0.7445
client 19, predicted wo:0.7445 vs w:0.7445
client 20, predicted wo:0.7445 vs w:0.7445
client 21, predicted wo:0.7445 vs w:0.7445
client 22, predicted wo:0.7445 vs w:0.7445
client 23, predicted wo:0.7445 vs w:0.7445
client 24, predicted wo:0.7445 vs w:0.7445
client 25, predicted wo:0.7445 vs w:0.7445
client 26, predicted wo:0.7445 vs w:0.7445
client 27, predicted wo:0.7445 vs w:0.7445
client 28, predicted wo:0.7445 vs w:0.7445
client 29, predicted wo:0.7445 vs w:0.7445
client 30, predicted wo:0.7445 vs w:0.7445
client 31, predicted wo:0.7445 vs w:0.7445
client 32, predicted wo:0.7445 vs w:0.7445
client 33, predicted wo:0.7445 vs w:0.7445
client 34, predicted wo:0.7445 vs w:0.7445
client 35, predicted wo:0.7445 vs w:0.7445
client 36, predicted wo:0.7445 vs w:0.7445
client 37, predicted wo:0.7445 vs w:0.7445
client 38, predicted wo:0.7445 vs w:0.7445
client 39, predicted wo:0.7445 vs w:0.7445
client 40, predicted wo:0.7445 vs w:0.7445
heterogeneous_data_handler activated ✅ for clients: ['Client 1', 'Client 2', 'Client 3', 'Client 4', 'Client 5', 'Client 6', 'Client 7', 'Client 8', 'Client 9', 'Client 10', 'Client 11', 'Client 12', 'Client 13', 'Client 14', 'Client 15', 'Client 16', 'Client 17', 'Client 18', 'Client 19', 'Client 20', 'Client 21', 'Client 22', 'Client 23', 'Client 24', 'Client 25', 'Client 26', 'Client 27', 'Client 28', 'Client 29', 'Client 30', 'Client 31', 'Client 32', 'Client 33', 'Client 34', 'Client 35', 'Client 36', 'Client 37', 'Client 38', 'Client 39', 'Client 40']
Results Aggregated in 0.61 seconds.
{'prostate_logreg': {'train_loss': [0.5817766223473572, 0.5965127669847928, 0.5851117932364015, 0.5736555693608805, 0.5688894120253385, 0.5536228566558844, 0.5440948470583502, 0.5374157621798402], 'train_accuracy': [0.6919431279620853, 0.6713286713286714, 0.6987381703470031, 0.7301038062283737, 0.7223744292237443, 0.7397998460354118, 0.7495120364346128, 0.7565118912797282], 'train_f1': [0.5505438479372129, 0.5624186054433704, 0.6430265604470358, 0.6916744675535892, 0.6898962484524791, 0.7109340930664382, 0.7300080975485886, 0.7401211394361262], 'train_mae': [0.3080568720379147, 0.32867132867132864, 0.30126182965299686, 0.2698961937716263, 0.2776255707762557, 0.2602001539645881, 0.2504879635653871, 0.2434881087202718], 'val_loss': [0.7618791530190073, 0.7116550387235947, 0.6752302342366167, 0.6477448255389516, 0.6258882844242323, 0.6105406300268372, 0.6008800180530735, 0.5923988928662959], 'val_accuracy': [0.4839459177842762, 0.5293462447717767, 0.5743548224713068, 0.6117409834188161, 0.6384363159428738, 0.661466949481052, 0.6760527554368139, 0.6881430567938123], 'val_f1': [0.47795794110493106, 0.525204958106239, 0.5723626168993488, 0.6111156547495269, 0.6382582962730605, 0.6613051434650481, 0.6756728495486932, 0.6874451469283507], 'val_mae': [0.5160540822157238, 0.47065375522822334, 0.42564517752869324, 0.388259016581184, 0.36156368405712624, 0.338533050518948, 0.32394724456318613, 0.3118569432061878], 'jsd': [(0.0207208396239082, 0.31127812445913283, 0.31127812445913283, 0.31127812445913283, 0.11009182675183558, 0.31127812445913283, 0.31127812445913283, 0.31127812445913283, 0.0037024515418363386, 0.31127812445913283, 0.31127812445913283, 0.31127812445913283, 0.31127812445913283, 0.31127812445913283, 0.31127812445913283, 0.31127812445913283, 0.31127812445913283, 0.07310400793180982, 0.31127812445913283, 0.07310400793180982, 0.31127812445913283, 0.31127812445913283, 0.0037024515418363386, 0.31127812445913283, 0.31127812445913283, 0.31127812445913283, 0, 0.31127812445913283, 0.11009182675183558, 0.31127812445913283, 0.07310400793180982, 0.31127812445913283, 0.0487949406953985, 0.31127812445913283, 0.31127812445913283, 0.31127812445913283, 0.0350583482647871, 0.31127812445913283, 0.31127812445913283, 0.31127812445913283), (0, 0.31127812445913283, 0.31127812445913283, 0.31127812445913283, 0, 0, 0.31127812445913283, 0.07310400793180982, 0, 0.1711038312803313, 0.31127812445913283, 0, 0, 0, 0.31127812445913283, 0.31127812445913283, 0.31127812445913283, 0, 0.31127812445913283, 0, 0, 0, 0, 0.31127812445913283, 0.31127812445913283, 0, 0.12425601093475921, 0.31127812445913283, 0.17750440524619315, 0, 0, 0.31127812445913283, 0.31127812445913283, 0, 0, 0.16395604408354778, 0, 0.31127812445913283, 0.31127812445913283, 0.16395604408354778), (0, 0.16395604408354778, 0.31127812445913283, 0, 0, 0.18850340411986471, 0, 0.11009182675183558, 0, 0, 0, 0.1711038312803313, 0, 0, 0, 0.31127812445913283, 0, 0, 0, 0, 0.31127812445913283, 0, 0, 0.31127812445913283, 0.31127812445913283, 0, 0, 0, 0.2087803925185126, 0, 0, 0.20534969973663775, 0, 0, 0.16395604408354778, 0, 0, 0, 0.31127812445913283, 0), (0, 0.31127812445913283, 0.2087803925185126, 0, 0, 0, 0, 0, 0, 0, 0, 0.19326958066820893, 0, 0, 0, 0, 0, 0, 0, 0, 0, 0, 0, 0.2292798117148899, 0, 0, 0, 0, 0, 0, 0, 0.2227619806994962, 0, 0, 0, 0, 0, 0, 0.2227619806994962, 0), (0, 0, 0.2227619806994962, 0, 0, 0, 0, 0, 0, 0, 0, 0, 0, 0, 0, 0, 0, 0, 0, 0, 0, 0, 0, 0, 0, 0, 0, 0, 0, 0, 0, 0.23646636812449032, 0, 0, 0, 0, 0, 0, 0, 0), (0, 0, 0.23305878051279882, 0, 0, 0, 0, 0, 0, 0, 0, 0, 0, 0, 0, 0, 0, 0, 0, 0, 0, 0, 0, 0, 0, 0, 0, 0, 0, 0, 0, 0.24616505675524458, 0, 0, 0, 0, 0, 0, 0, 0), (0, 0, 0.24237412989240623, 0, 0, 0, 0, 0, 0, 0, 0, 0, 0, 0, 0, 0, 0, 0, 0, 0, 0, 0, 0, 0, 0, 0, 0, 0, 0, 0, 0, 0, 0, 0, 0, 0, 0, 0, 0, 0), (0, 0, 0.24844401300050659, 0, 0, 0, 0, 0, 0, 0, 0, 0, 0, 0, 0, 0, 0, 0, 0, 0, 0, 0, 0, 0, 0, 0, 0, 0, 0, 0, 0, 0, 0, 0, 0, 0, 0, 0, 0, 0)]}}
AdaptationManager: Configuring next round...
{'client_registry': {'enabled': True, 'params': {}}, 'client_selector': {'enabled': False, 'params': {}}, 'client_cluster': {'enabled': False, 'params': {}}, 'message_compressor': {'enabled': False, 'params': {}}, 'model_co-versioning_registry': {'enabled': False, 'params': {}}, 'multi-task_model_trainer': {'enabled': False, 'params': {}}, 'heterogeneous_data_handler': {'enabled': True, 'params': {'enabled_clients': []}}}
{'client_selector': {'enabled': False}, 'client_cluster': {'enabled': False}, 'message_compressor': {'enabled': False}, 'model_co-versioning_registry': {'enabled': False}, 'multi-task_model_trainer': {'enabled': False}, 'heterogeneous_data_handler': {'enabled': True, 'params': {'enabled_clients': ['Client 1', 'Client 2', 'Client 3', 'Client 4', 'Client 5', 'Client 6', 'Client 7', 'Client 8', 'Client 9', 'Client 10', 'Client 11', 'Client 12', 'Client 13', 'Client 14', 'Client 15', 'Client 16', 'Client 17', 'Client 18', 'Client 19', 'Client 20', 'Client 21', 'Client 22', 'Client 23', 'Client 24', 'Client 25', 'Client 26', 'Client 27', 'Client 28', 'Client 29', 'Client 30', 'Client 31', 'Client 32', 'Client 33', 'Client 34', 'Client 35', 'Client 36', 'Client 37', 'Client 38', 'Client 39', 'Client 40']}}, 'client_registry': {'enabled': True, 'params': {}}}
client 1, predicted wo:0.7445 vs w:0.7445
client 2, predicted wo:0.7445 vs w:0.7445
client 3, predicted wo:0.7445 vs w:0.7445
client 4, predicted wo:0.7445 vs w:0.7445
client 5, predicted wo:0.7445 vs w:0.7445
client 6, predicted wo:0.7445 vs w:0.7445
client 7, predicted wo:0.7445 vs w:0.7445
client 8, predicted wo:0.7445 vs w:0.7445
client 9, predicted wo:0.7445 vs w:0.7445
client 10, predicted wo:0.7445 vs w:0.7445
client 11, predicted wo:0.7445 vs w:0.7445
client 12, predicted wo:0.7445 vs w:0.7445
client 13, predicted wo:0.7445 vs w:0.7445
client 14, predicted wo:0.7445 vs w:0.7445
client 15, predicted wo:0.7445 vs w:0.7445
client 16, predicted wo:0.7445 vs w:0.7445
client 17, predicted wo:0.7445 vs w:0.7445
client 18, predicted wo:0.7445 vs w:0.7445
client 19, predicted wo:0.7445 vs w:0.7445
client 20, predicted wo:0.7445 vs w:0.7445
client 21, predicted wo:0.7445 vs w:0.7445
client 22, predicted wo:0.7445 vs w:0.7445
client 23, predicted wo:0.7445 vs w:0.7445
client 24, predicted wo:0.7445 vs w:0.7445
client 25, predicted wo:0.7445 vs w:0.7445
client 26, predicted wo:0.7445 vs w:0.7445
client 27, predicted wo:0.7445 vs w:0.7445
client 28, predicted wo:0.7445 vs w:0.7445
client 29, predicted wo:0.7445 vs w:0.7445
client 30, predicted wo:0.7445 vs w:0.7445
client 31, predicted wo:0.7445 vs w:0.7445
client 32, predicted wo:0.7445 vs w:0.7445
client 33, predicted wo:0.7445 vs w:0.7445
client 34, predicted wo:0.7445 vs w:0.7445
client 35, predicted wo:0.7445 vs w:0.7445
client 36, predicted wo:0.7445 vs w:0.7445
client 37, predicted wo:0.7445 vs w:0.7445
client 38, predicted wo:0.7445 vs w:0.7445
client 39, predicted wo:0.7445 vs w:0.7445
client 40, predicted wo:0.7445 vs w:0.7445
heterogeneous_data_handler activated ✅ for clients: ['Client 1', 'Client 2', 'Client 3', 'Client 4', 'Client 5', 'Client 6', 'Client 7', 'Client 8', 'Client 9', 'Client 10', 'Client 11', 'Client 12', 'Client 13', 'Client 14', 'Client 15', 'Client 16', 'Client 17', 'Client 18', 'Client 19', 'Client 20', 'Client 21', 'Client 22', 'Client 23', 'Client 24', 'Client 25', 'Client 26', 'Client 27', 'Client 28', 'Client 29', 'Client 30', 'Client 31', 'Client 32', 'Client 33', 'Client 34', 'Client 35', 'Client 36', 'Client 37', 'Client 38', 'Client 39', 'Client 40']
Results Aggregated in 0.60 seconds.
{'prostate_logreg': {'train_loss': [0.5817766223473572, 0.5965127669847928, 0.5851117932364015, 0.5736555693608805, 0.5688894120253385, 0.5536228566558844, 0.5440948470583502, 0.5374157621798402, 0.5297749776687873], 'train_accuracy': [0.6919431279620853, 0.6713286713286714, 0.6987381703470031, 0.7301038062283737, 0.7223744292237443, 0.7397998460354118, 0.7495120364346128, 0.7565118912797282, 0.7616632860040567], 'train_f1': [0.5505438479372129, 0.5624186054433704, 0.6430265604470358, 0.6916744675535892, 0.6898962484524791, 0.7109340930664382, 0.7300080975485886, 0.7401211394361262, 0.7551101911974278], 'train_mae': [0.3080568720379147, 0.32867132867132864, 0.30126182965299686, 0.2698961937716263, 0.2776255707762557, 0.2602001539645881, 0.2504879635653871, 0.2434881087202718, 0.2383367139959432], 'val_loss': [0.7618791530190073, 0.7116550387235947, 0.6752302342366167, 0.6477448255389516, 0.6258882844242323, 0.6105406300268372, 0.6008800180530735, 0.5923988928662959, 0.5853694954171134], 'val_accuracy': [0.4839459177842762, 0.5293462447717767, 0.5743548224713068, 0.6117409834188161, 0.6384363159428738, 0.661466949481052, 0.6760527554368139, 0.6881430567938123, 0.698841403766202], 'val_f1': [0.47795794110493106, 0.525204958106239, 0.5723626168993488, 0.6111156547495269, 0.6382582962730605, 0.6613051434650481, 0.6756728495486932, 0.6874451469283507, 0.6977529125976791], 'val_mae': [0.5160540822157238, 0.47065375522822334, 0.42564517752869324, 0.388259016581184, 0.36156368405712624, 0.338533050518948, 0.32394724456318613, 0.3118569432061878, 0.301158596233798], 'jsd': [(0.0207208396239082, 0.31127812445913283, 0.31127812445913283, 0.31127812445913283, 0.11009182675183558, 0.31127812445913283, 0.31127812445913283, 0.31127812445913283, 0.0037024515418363386, 0.31127812445913283, 0.31127812445913283, 0.31127812445913283, 0.31127812445913283, 0.31127812445913283, 0.31127812445913283, 0.31127812445913283, 0.31127812445913283, 0.07310400793180982, 0.31127812445913283, 0.07310400793180982, 0.31127812445913283, 0.31127812445913283, 0.0037024515418363386, 0.31127812445913283, 0.31127812445913283, 0.31127812445913283, 0, 0.31127812445913283, 0.11009182675183558, 0.31127812445913283, 0.07310400793180982, 0.31127812445913283, 0.0487949406953985, 0.31127812445913283, 0.31127812445913283, 0.31127812445913283, 0.0350583482647871, 0.31127812445913283, 0.31127812445913283, 0.31127812445913283), (0, 0.31127812445913283, 0.31127812445913283, 0.31127812445913283, 0, 0, 0.31127812445913283, 0.07310400793180982, 0, 0.1711038312803313, 0.31127812445913283, 0, 0, 0, 0.31127812445913283, 0.31127812445913283, 0.31127812445913283, 0, 0.31127812445913283, 0, 0, 0, 0, 0.31127812445913283, 0.31127812445913283, 0, 0.12425601093475921, 0.31127812445913283, 0.17750440524619315, 0, 0, 0.31127812445913283, 0.31127812445913283, 0, 0, 0.16395604408354778, 0, 0.31127812445913283, 0.31127812445913283, 0.16395604408354778), (0, 0.16395604408354778, 0.31127812445913283, 0, 0, 0.18850340411986471, 0, 0.11009182675183558, 0, 0, 0, 0.1711038312803313, 0, 0, 0, 0.31127812445913283, 0, 0, 0, 0, 0.31127812445913283, 0, 0, 0.31127812445913283, 0.31127812445913283, 0, 0, 0, 0.2087803925185126, 0, 0, 0.20534969973663775, 0, 0, 0.16395604408354778, 0, 0, 0, 0.31127812445913283, 0), (0, 0.31127812445913283, 0.2087803925185126, 0, 0, 0, 0, 0, 0, 0, 0, 0.19326958066820893, 0, 0, 0, 0, 0, 0, 0, 0, 0, 0, 0, 0.2292798117148899, 0, 0, 0, 0, 0, 0, 0, 0.2227619806994962, 0, 0, 0, 0, 0, 0, 0.2227619806994962, 0), (0, 0, 0.2227619806994962, 0, 0, 0, 0, 0, 0, 0, 0, 0, 0, 0, 0, 0, 0, 0, 0, 0, 0, 0, 0, 0, 0, 0, 0, 0, 0, 0, 0, 0.23646636812449032, 0, 0, 0, 0, 0, 0, 0, 0), (0, 0, 0.23305878051279882, 0, 0, 0, 0, 0, 0, 0, 0, 0, 0, 0, 0, 0, 0, 0, 0, 0, 0, 0, 0, 0, 0, 0, 0, 0, 0, 0, 0, 0.24616505675524458, 0, 0, 0, 0, 0, 0, 0, 0), (0, 0, 0.24237412989240623, 0, 0, 0, 0, 0, 0, 0, 0, 0, 0, 0, 0, 0, 0, 0, 0, 0, 0, 0, 0, 0, 0, 0, 0, 0, 0, 0, 0, 0, 0, 0, 0, 0, 0, 0, 0, 0), (0, 0, 0.24844401300050659, 0, 0, 0, 0, 0, 0, 0, 0, 0, 0, 0, 0, 0, 0, 0, 0, 0, 0, 0, 0, 0, 0, 0, 0, 0, 0, 0, 0, 0, 0, 0, 0, 0, 0, 0, 0, 0), (0, 0, 0, 0, 0, 0, 0, 0, 0, 0, 0, 0, 0, 0, 0, 0, 0, 0, 0, 0, 0, 0, 0, 0, 0, 0, 0, 0, 0, 0, 0, 0, 0, 0, 0, 0, 0, 0, 0, 0)]}}
AdaptationManager: Configuring next round...
{'client_registry': {'enabled': True, 'params': {}}, 'client_selector': {'enabled': False, 'params': {}}, 'client_cluster': {'enabled': False, 'params': {}}, 'message_compressor': {'enabled': False, 'params': {}}, 'model_co-versioning_registry': {'enabled': False, 'params': {}}, 'multi-task_model_trainer': {'enabled': False, 'params': {}}, 'heterogeneous_data_handler': {'enabled': True, 'params': {'enabled_clients': []}}}
{'client_selector': {'enabled': False}, 'client_cluster': {'enabled': False}, 'message_compressor': {'enabled': False}, 'model_co-versioning_registry': {'enabled': False}, 'multi-task_model_trainer': {'enabled': False}, 'heterogeneous_data_handler': {'enabled': True, 'params': {'enabled_clients': ['Client 1', 'Client 2', 'Client 3', 'Client 4', 'Client 5', 'Client 6', 'Client 7', 'Client 8', 'Client 9', 'Client 10', 'Client 11', 'Client 12', 'Client 13', 'Client 14', 'Client 15', 'Client 16', 'Client 17', 'Client 18', 'Client 19', 'Client 20', 'Client 21', 'Client 22', 'Client 23', 'Client 24', 'Client 25', 'Client 26', 'Client 27', 'Client 28', 'Client 29', 'Client 30', 'Client 31', 'Client 32', 'Client 33', 'Client 34', 'Client 35', 'Client 36', 'Client 37', 'Client 38', 'Client 39', 'Client 40']}}, 'client_registry': {'enabled': True, 'params': {}}}
client 1, predicted wo:0.7445 vs w:0.7445
client 2, predicted wo:0.7445 vs w:0.7445
client 3, predicted wo:0.7445 vs w:0.7445
client 4, predicted wo:0.7445 vs w:0.7445
client 5, predicted wo:0.7445 vs w:0.7445
client 6, predicted wo:0.7445 vs w:0.7445
client 7, predicted wo:0.7445 vs w:0.7445
client 8, predicted wo:0.7445 vs w:0.7445
client 9, predicted wo:0.7445 vs w:0.7445
client 10, predicted wo:0.7445 vs w:0.7445
client 11, predicted wo:0.7445 vs w:0.7445
client 12, predicted wo:0.7445 vs w:0.7445
client 13, predicted wo:0.7445 vs w:0.7445
client 14, predicted wo:0.7445 vs w:0.7445
client 15, predicted wo:0.7445 vs w:0.7445
client 16, predicted wo:0.7445 vs w:0.7445
client 17, predicted wo:0.7445 vs w:0.7445
client 18, predicted wo:0.7445 vs w:0.7445
client 19, predicted wo:0.7445 vs w:0.7445
client 20, predicted wo:0.7445 vs w:0.7445
client 21, predicted wo:0.7445 vs w:0.7445
client 22, predicted wo:0.7445 vs w:0.7445
client 23, predicted wo:0.7445 vs w:0.7445
client 24, predicted wo:0.7445 vs w:0.7445
client 25, predicted wo:0.7445 vs w:0.7445
client 26, predicted wo:0.7445 vs w:0.7445
client 27, predicted wo:0.7445 vs w:0.7445
client 28, predicted wo:0.7445 vs w:0.7445
client 29, predicted wo:0.7445 vs w:0.7445
client 30, predicted wo:0.7445 vs w:0.7445
client 31, predicted wo:0.7445 vs w:0.7445
client 32, predicted wo:0.7445 vs w:0.7445
client 33, predicted wo:0.7445 vs w:0.7445
client 34, predicted wo:0.7445 vs w:0.7445
client 35, predicted wo:0.7445 vs w:0.7445
client 36, predicted wo:0.7445 vs w:0.7445
client 37, predicted wo:0.7445 vs w:0.7445
client 38, predicted wo:0.7445 vs w:0.7445
client 39, predicted wo:0.7445 vs w:0.7445
client 40, predicted wo:0.7445 vs w:0.7445
heterogeneous_data_handler activated ✅ for clients: ['Client 1', 'Client 2', 'Client 3', 'Client 4', 'Client 5', 'Client 6', 'Client 7', 'Client 8', 'Client 9', 'Client 10', 'Client 11', 'Client 12', 'Client 13', 'Client 14', 'Client 15', 'Client 16', 'Client 17', 'Client 18', 'Client 19', 'Client 20', 'Client 21', 'Client 22', 'Client 23', 'Client 24', 'Client 25', 'Client 26', 'Client 27', 'Client 28', 'Client 29', 'Client 30', 'Client 31', 'Client 32', 'Client 33', 'Client 34', 'Client 35', 'Client 36', 'Client 37', 'Client 38', 'Client 39', 'Client 40']
Results Aggregated in 0.56 seconds.
{'prostate_logreg': {'train_loss': [0.5817766223473572, 0.5965127669847928, 0.5851117932364015, 0.5736555693608805, 0.5688894120253385, 0.5536228566558844, 0.5440948470583502, 0.5374157621798402, 0.5297749776687873, 0.5317080973072603], 'train_accuracy': [0.6919431279620853, 0.6713286713286714, 0.6987381703470031, 0.7301038062283737, 0.7223744292237443, 0.7397998460354118, 0.7495120364346128, 0.7565118912797282, 0.7616632860040567, 0.7621841155234657], 'train_f1': [0.5505438479372129, 0.5624186054433704, 0.6430265604470358, 0.6916744675535892, 0.6898962484524791, 0.7109340930664382, 0.7300080975485886, 0.7401211394361262, 0.7551101911974278, 0.755721571385779], 'train_mae': [0.3080568720379147, 0.32867132867132864, 0.30126182965299686, 0.2698961937716263, 0.2776255707762557, 0.2602001539645881, 0.2504879635653871, 0.2434881087202718, 0.2383367139959432, 0.2378158844765343], 'val_loss': [0.7618791530190073, 0.7116550387235947, 0.6752302342366167, 0.6477448255389516, 0.6258882844242323, 0.6105406300268372, 0.6008800180530735, 0.5923988928662959, 0.5853694954171134, 0.5788508350321978], 'val_accuracy': [0.4839459177842762, 0.5293462447717767, 0.5743548224713068, 0.6117409834188161, 0.6384363159428738, 0.661466949481052, 0.6760527554368139, 0.6881430567938123, 0.698841403766202, 0.7065282791817087], 'val_f1': [0.47795794110493106, 0.525204958106239, 0.5723626168993488, 0.6111156547495269, 0.6382582962730605, 0.6613051434650481, 0.6756728495486932, 0.6874451469283507, 0.6977529125976791, 0.7050373276845466], 'val_mae': [0.5160540822157238, 0.47065375522822334, 0.42564517752869324, 0.388259016581184, 0.36156368405712624, 0.338533050518948, 0.32394724456318613, 0.3118569432061878, 0.301158596233798, 0.2934717208182912], 'jsd': [(0.0207208396239082, 0.31127812445913283, 0.31127812445913283, 0.31127812445913283, 0.11009182675183558, 0.31127812445913283, 0.31127812445913283, 0.31127812445913283, 0.0037024515418363386, 0.31127812445913283, 0.31127812445913283, 0.31127812445913283, 0.31127812445913283, 0.31127812445913283, 0.31127812445913283, 0.31127812445913283, 0.31127812445913283, 0.07310400793180982, 0.31127812445913283, 0.07310400793180982, 0.31127812445913283, 0.31127812445913283, 0.0037024515418363386, 0.31127812445913283, 0.31127812445913283, 0.31127812445913283, 0, 0.31127812445913283, 0.11009182675183558, 0.31127812445913283, 0.07310400793180982, 0.31127812445913283, 0.0487949406953985, 0.31127812445913283, 0.31127812445913283, 0.31127812445913283, 0.0350583482647871, 0.31127812445913283, 0.31127812445913283, 0.31127812445913283), (0, 0.31127812445913283, 0.31127812445913283, 0.31127812445913283, 0, 0, 0.31127812445913283, 0.07310400793180982, 0, 0.1711038312803313, 0.31127812445913283, 0, 0, 0, 0.31127812445913283, 0.31127812445913283, 0.31127812445913283, 0, 0.31127812445913283, 0, 0, 0, 0, 0.31127812445913283, 0.31127812445913283, 0, 0.12425601093475921, 0.31127812445913283, 0.17750440524619315, 0, 0, 0.31127812445913283, 0.31127812445913283, 0, 0, 0.16395604408354778, 0, 0.31127812445913283, 0.31127812445913283, 0.16395604408354778), (0, 0.16395604408354778, 0.31127812445913283, 0, 0, 0.18850340411986471, 0, 0.11009182675183558, 0, 0, 0, 0.1711038312803313, 0, 0, 0, 0.31127812445913283, 0, 0, 0, 0, 0.31127812445913283, 0, 0, 0.31127812445913283, 0.31127812445913283, 0, 0, 0, 0.2087803925185126, 0, 0, 0.20534969973663775, 0, 0, 0.16395604408354778, 0, 0, 0, 0.31127812445913283, 0), (0, 0.31127812445913283, 0.2087803925185126, 0, 0, 0, 0, 0, 0, 0, 0, 0.19326958066820893, 0, 0, 0, 0, 0, 0, 0, 0, 0, 0, 0, 0.2292798117148899, 0, 0, 0, 0, 0, 0, 0, 0.2227619806994962, 0, 0, 0, 0, 0, 0, 0.2227619806994962, 0), (0, 0, 0.2227619806994962, 0, 0, 0, 0, 0, 0, 0, 0, 0, 0, 0, 0, 0, 0, 0, 0, 0, 0, 0, 0, 0, 0, 0, 0, 0, 0, 0, 0, 0.23646636812449032, 0, 0, 0, 0, 0, 0, 0, 0), (0, 0, 0.23305878051279882, 0, 0, 0, 0, 0, 0, 0, 0, 0, 0, 0, 0, 0, 0, 0, 0, 0, 0, 0, 0, 0, 0, 0, 0, 0, 0, 0, 0, 0.24616505675524458, 0, 0, 0, 0, 0, 0, 0, 0), (0, 0, 0.24237412989240623, 0, 0, 0, 0, 0, 0, 0, 0, 0, 0, 0, 0, 0, 0, 0, 0, 0, 0, 0, 0, 0, 0, 0, 0, 0, 0, 0, 0, 0, 0, 0, 0, 0, 0, 0, 0, 0), (0, 0, 0.24844401300050659, 0, 0, 0, 0, 0, 0, 0, 0, 0, 0, 0, 0, 0, 0, 0, 0, 0, 0, 0, 0, 0, 0, 0, 0, 0, 0, 0, 0, 0, 0, 0, 0, 0, 0, 0, 0, 0), (0, 0, 0, 0, 0, 0, 0, 0, 0, 0, 0, 0, 0, 0, 0, 0, 0, 0, 0, 0, 0, 0, 0, 0, 0, 0, 0, 0, 0, 0, 0, 0, 0, 0, 0, 0, 0, 0, 0, 0), (0, 0, 0, 0, 0, 0, 0, 0, 0, 0, 0, 0, 0, 0, 0, 0, 0, 0, 0, 0, 0, 0, 0, 0, 0, 0, 0, 0, 0, 0, 0, 0, 0, 0, 0, 0, 0, 0, 0, 0)]}}
AdaptationManager: Configuring next round...
{'client_registry': {'enabled': True, 'params': {}}, 'client_selector': {'enabled': False, 'params': {}}, 'client_cluster': {'enabled': False, 'params': {}}, 'message_compressor': {'enabled': False, 'params': {}}, 'model_co-versioning_registry': {'enabled': False, 'params': {}}, 'multi-task_model_trainer': {'enabled': False, 'params': {}}, 'heterogeneous_data_handler': {'enabled': True, 'params': {'enabled_clients': []}}}
{'client_selector': {'enabled': False}, 'client_cluster': {'enabled': False}, 'message_compressor': {'enabled': False}, 'model_co-versioning_registry': {'enabled': False}, 'multi-task_model_trainer': {'enabled': False}, 'heterogeneous_data_handler': {'enabled': True, 'params': {'enabled_clients': ['Client 1', 'Client 2', 'Client 3', 'Client 4', 'Client 5', 'Client 6', 'Client 7', 'Client 8', 'Client 9', 'Client 10', 'Client 11', 'Client 12', 'Client 13', 'Client 14', 'Client 15', 'Client 16', 'Client 17', 'Client 18', 'Client 19', 'Client 20', 'Client 21', 'Client 22', 'Client 23', 'Client 24', 'Client 25', 'Client 26', 'Client 27', 'Client 28', 'Client 29', 'Client 30', 'Client 31', 'Client 32', 'Client 33', 'Client 34', 'Client 35', 'Client 36', 'Client 37', 'Client 38', 'Client 39', 'Client 40']}}, 'client_registry': {'enabled': True, 'params': {}}}
client 1, predicted wo:0.7445 vs w:0.7445
client 2, predicted wo:0.7445 vs w:0.7445
client 3, predicted wo:0.7445 vs w:0.7445
client 4, predicted wo:0.7445 vs w:0.7445
client 5, predicted wo:0.7445 vs w:0.7445
client 6, predicted wo:0.7445 vs w:0.7445
client 7, predicted wo:0.7445 vs w:0.7445
client 8, predicted wo:0.7445 vs w:0.7445
client 9, predicted wo:0.7445 vs w:0.7445
client 10, predicted wo:0.7445 vs w:0.7445
client 11, predicted wo:0.7445 vs w:0.7445
client 12, predicted wo:0.7445 vs w:0.7445
client 13, predicted wo:0.7445 vs w:0.7445
client 14, predicted wo:0.7445 vs w:0.7445
client 15, predicted wo:0.7445 vs w:0.7445
client 16, predicted wo:0.7445 vs w:0.7445
client 17, predicted wo:0.7445 vs w:0.7445
client 18, predicted wo:0.7445 vs w:0.7445
client 19, predicted wo:0.7445 vs w:0.7445
client 20, predicted wo:0.7445 vs w:0.7445
client 21, predicted wo:0.7445 vs w:0.7445
client 22, predicted wo:0.7445 vs w:0.7445
client 23, predicted wo:0.7445 vs w:0.7445
client 24, predicted wo:0.7445 vs w:0.7445
client 25, predicted wo:0.7445 vs w:0.7445
client 26, predicted wo:0.7445 vs w:0.7445
client 27, predicted wo:0.7445 vs w:0.7445
client 28, predicted wo:0.7445 vs w:0.7445
client 29, predicted wo:0.7445 vs w:0.7445
client 30, predicted wo:0.7445 vs w:0.7445
client 31, predicted wo:0.7445 vs w:0.7445
client 32, predicted wo:0.7445 vs w:0.7445
client 33, predicted wo:0.7445 vs w:0.7445
client 34, predicted wo:0.7445 vs w:0.7445
client 35, predicted wo:0.7445 vs w:0.7445
client 36, predicted wo:0.7445 vs w:0.7445
client 37, predicted wo:0.7445 vs w:0.7445
client 38, predicted wo:0.7445 vs w:0.7445
client 39, predicted wo:0.7445 vs w:0.7445
client 40, predicted wo:0.7445 vs w:0.7445
heterogeneous_data_handler activated ✅ for clients: ['Client 1', 'Client 2', 'Client 3', 'Client 4', 'Client 5', 'Client 6', 'Client 7', 'Client 8', 'Client 9', 'Client 10', 'Client 11', 'Client 12', 'Client 13', 'Client 14', 'Client 15', 'Client 16', 'Client 17', 'Client 18', 'Client 19', 'Client 20', 'Client 21', 'Client 22', 'Client 23', 'Client 24', 'Client 25', 'Client 26', 'Client 27', 'Client 28', 'Client 29', 'Client 30', 'Client 31', 'Client 32', 'Client 33', 'Client 34', 'Client 35', 'Client 36', 'Client 37', 'Client 38', 'Client 39', 'Client 40']
Results Aggregated in 0.54 seconds.
{'prostate_logreg': {'train_loss': [0.5817766223473572, 0.5965127669847928, 0.5851117932364015, 0.5736555693608805, 0.5688894120253385, 0.5536228566558844, 0.5440948470583502, 0.5374157621798402, 0.5297749776687873, 0.5317080973072603, 0.523199445862127], 'train_accuracy': [0.6919431279620853, 0.6713286713286714, 0.6987381703470031, 0.7301038062283737, 0.7223744292237443, 0.7397998460354118, 0.7495120364346128, 0.7565118912797282, 0.7616632860040567, 0.7621841155234657, 0.7664473684210527], 'train_f1': [0.5505438479372129, 0.5624186054433704, 0.6430265604470358, 0.6916744675535892, 0.6898962484524791, 0.7109340930664382, 0.7300080975485886, 0.7401211394361262, 0.7551101911974278, 0.755721571385779, 0.7609156807001201], 'train_mae': [0.3080568720379147, 0.32867132867132864, 0.30126182965299686, 0.2698961937716263, 0.2776255707762557, 0.2602001539645881, 0.2504879635653871, 0.2434881087202718, 0.2383367139959432, 0.2378158844765343, 0.23355263157894737], 'val_loss': [0.7618791530190073, 0.7116550387235947, 0.6752302342366167, 0.6477448255389516, 0.6258882844242323, 0.6105406300268372, 0.6008800180530735, 0.5923988928662959, 0.5853694954171134, 0.5788508350321978, 0.5738706093385103], 'val_accuracy': [0.4839459177842762, 0.5293462447717767, 0.5743548224713068, 0.6117409834188161, 0.6384363159428738, 0.661466949481052, 0.6760527554368139, 0.6881430567938123, 0.698841403766202, 0.7065282791817087, 0.7118830778742068], 'val_f1': [0.47795794110493106, 0.525204958106239, 0.5723626168993488, 0.6111156547495269, 0.6382582962730605, 0.6613051434650481, 0.6756728495486932, 0.6874451469283507, 0.6977529125976791, 0.7050373276845466, 0.7099472503409663], 'val_mae': [0.5160540822157238, 0.47065375522822334, 0.42564517752869324, 0.388259016581184, 0.36156368405712624, 0.338533050518948, 0.32394724456318613, 0.3118569432061878, 0.301158596233798, 0.2934717208182912, 0.2881169221257932], 'jsd': [(0.0207208396239082, 0.31127812445913283, 0.31127812445913283, 0.31127812445913283, 0.11009182675183558, 0.31127812445913283, 0.31127812445913283, 0.31127812445913283, 0.0037024515418363386, 0.31127812445913283, 0.31127812445913283, 0.31127812445913283, 0.31127812445913283, 0.31127812445913283, 0.31127812445913283, 0.31127812445913283, 0.31127812445913283, 0.07310400793180982, 0.31127812445913283, 0.07310400793180982, 0.31127812445913283, 0.31127812445913283, 0.0037024515418363386, 0.31127812445913283, 0.31127812445913283, 0.31127812445913283, 0, 0.31127812445913283, 0.11009182675183558, 0.31127812445913283, 0.07310400793180982, 0.31127812445913283, 0.0487949406953985, 0.31127812445913283, 0.31127812445913283, 0.31127812445913283, 0.0350583482647871, 0.31127812445913283, 0.31127812445913283, 0.31127812445913283), (0, 0.31127812445913283, 0.31127812445913283, 0.31127812445913283, 0, 0, 0.31127812445913283, 0.07310400793180982, 0, 0.1711038312803313, 0.31127812445913283, 0, 0, 0, 0.31127812445913283, 0.31127812445913283, 0.31127812445913283, 0, 0.31127812445913283, 0, 0, 0, 0, 0.31127812445913283, 0.31127812445913283, 0, 0.12425601093475921, 0.31127812445913283, 0.17750440524619315, 0, 0, 0.31127812445913283, 0.31127812445913283, 0, 0, 0.16395604408354778, 0, 0.31127812445913283, 0.31127812445913283, 0.16395604408354778), (0, 0.16395604408354778, 0.31127812445913283, 0, 0, 0.18850340411986471, 0, 0.11009182675183558, 0, 0, 0, 0.1711038312803313, 0, 0, 0, 0.31127812445913283, 0, 0, 0, 0, 0.31127812445913283, 0, 0, 0.31127812445913283, 0.31127812445913283, 0, 0, 0, 0.2087803925185126, 0, 0, 0.20534969973663775, 0, 0, 0.16395604408354778, 0, 0, 0, 0.31127812445913283, 0), (0, 0.31127812445913283, 0.2087803925185126, 0, 0, 0, 0, 0, 0, 0, 0, 0.19326958066820893, 0, 0, 0, 0, 0, 0, 0, 0, 0, 0, 0, 0.2292798117148899, 0, 0, 0, 0, 0, 0, 0, 0.2227619806994962, 0, 0, 0, 0, 0, 0, 0.2227619806994962, 0), (0, 0, 0.2227619806994962, 0, 0, 0, 0, 0, 0, 0, 0, 0, 0, 0, 0, 0, 0, 0, 0, 0, 0, 0, 0, 0, 0, 0, 0, 0, 0, 0, 0, 0.23646636812449032, 0, 0, 0, 0, 0, 0, 0, 0), (0, 0, 0.23305878051279882, 0, 0, 0, 0, 0, 0, 0, 0, 0, 0, 0, 0, 0, 0, 0, 0, 0, 0, 0, 0, 0, 0, 0, 0, 0, 0, 0, 0, 0.24616505675524458, 0, 0, 0, 0, 0, 0, 0, 0), (0, 0, 0.24237412989240623, 0, 0, 0, 0, 0, 0, 0, 0, 0, 0, 0, 0, 0, 0, 0, 0, 0, 0, 0, 0, 0, 0, 0, 0, 0, 0, 0, 0, 0, 0, 0, 0, 0, 0, 0, 0, 0), (0, 0, 0.24844401300050659, 0, 0, 0, 0, 0, 0, 0, 0, 0, 0, 0, 0, 0, 0, 0, 0, 0, 0, 0, 0, 0, 0, 0, 0, 0, 0, 0, 0, 0, 0, 0, 0, 0, 0, 0, 0, 0), (0, 0, 0, 0, 0, 0, 0, 0, 0, 0, 0, 0, 0, 0, 0, 0, 0, 0, 0, 0, 0, 0, 0, 0, 0, 0, 0, 0, 0, 0, 0, 0, 0, 0, 0, 0, 0, 0, 0, 0), (0, 0, 0, 0, 0, 0, 0, 0, 0, 0, 0, 0, 0, 0, 0, 0, 0, 0, 0, 0, 0, 0, 0, 0, 0, 0, 0, 0, 0, 0, 0, 0, 0, 0, 0, 0, 0, 0, 0, 0), (0, 0, 0, 0, 0, 0, 0, 0, 0, 0, 0, 0, 0, 0, 0, 0, 0, 0, 0, 0, 0, 0, 0, 0, 0, 0, 0, 0, 0, 0, 0, 0, 0, 0, 0, 0, 0, 0, 0, 0)]}}
AdaptationManager: Configuring next round...
{'client_registry': {'enabled': True, 'params': {}}, 'client_selector': {'enabled': False, 'params': {}}, 'client_cluster': {'enabled': False, 'params': {}}, 'message_compressor': {'enabled': False, 'params': {}}, 'model_co-versioning_registry': {'enabled': False, 'params': {}}, 'multi-task_model_trainer': {'enabled': False, 'params': {}}, 'heterogeneous_data_handler': {'enabled': True, 'params': {'enabled_clients': []}}}
{'client_selector': {'enabled': False}, 'client_cluster': {'enabled': False}, 'message_compressor': {'enabled': False}, 'model_co-versioning_registry': {'enabled': False}, 'multi-task_model_trainer': {'enabled': False}, 'heterogeneous_data_handler': {'enabled': True, 'params': {'enabled_clients': ['Client 1', 'Client 2', 'Client 3', 'Client 4', 'Client 5', 'Client 6', 'Client 7', 'Client 8', 'Client 9', 'Client 10', 'Client 11', 'Client 12', 'Client 13', 'Client 14', 'Client 15', 'Client 16', 'Client 17', 'Client 18', 'Client 19', 'Client 20', 'Client 21', 'Client 22', 'Client 23', 'Client 24', 'Client 25', 'Client 26', 'Client 27', 'Client 28', 'Client 29', 'Client 30', 'Client 31', 'Client 32', 'Client 33', 'Client 34', 'Client 35', 'Client 36', 'Client 37', 'Client 38', 'Client 39', 'Client 40']}}, 'client_registry': {'enabled': True, 'params': {}}}
client 1, predicted wo:0.7445 vs w:0.7445
client 2, predicted wo:0.7445 vs w:0.7445
client 3, predicted wo:0.7445 vs w:0.7445
client 4, predicted wo:0.7445 vs w:0.7445
client 5, predicted wo:0.7445 vs w:0.7445
client 6, predicted wo:0.7445 vs w:0.7445
client 7, predicted wo:0.7445 vs w:0.7445
client 8, predicted wo:0.7445 vs w:0.7445
client 9, predicted wo:0.7445 vs w:0.7445
client 10, predicted wo:0.7445 vs w:0.7445
client 11, predicted wo:0.7445 vs w:0.7445
client 12, predicted wo:0.7445 vs w:0.7445
client 13, predicted wo:0.7445 vs w:0.7445
client 14, predicted wo:0.7445 vs w:0.7445
client 15, predicted wo:0.7445 vs w:0.7445
client 16, predicted wo:0.7445 vs w:0.7445
client 17, predicted wo:0.7445 vs w:0.7445
client 18, predicted wo:0.7445 vs w:0.7445
client 19, predicted wo:0.7445 vs w:0.7445
client 20, predicted wo:0.7445 vs w:0.7445
client 21, predicted wo:0.7445 vs w:0.7445
client 22, predicted wo:0.7445 vs w:0.7445
client 23, predicted wo:0.7445 vs w:0.7445
client 24, predicted wo:0.7445 vs w:0.7445
client 25, predicted wo:0.7445 vs w:0.7445
client 26, predicted wo:0.7445 vs w:0.7445
client 27, predicted wo:0.7445 vs w:0.7445
client 28, predicted wo:0.7445 vs w:0.7445
client 29, predicted wo:0.7445 vs w:0.7445
client 30, predicted wo:0.7445 vs w:0.7445
client 31, predicted wo:0.7445 vs w:0.7445
client 32, predicted wo:0.7445 vs w:0.7445
client 33, predicted wo:0.7445 vs w:0.7445
client 34, predicted wo:0.7445 vs w:0.7445
client 35, predicted wo:0.7445 vs w:0.7445
client 36, predicted wo:0.7445 vs w:0.7445
client 37, predicted wo:0.7445 vs w:0.7445
client 38, predicted wo:0.7445 vs w:0.7445
client 39, predicted wo:0.7445 vs w:0.7445
client 40, predicted wo:0.7445 vs w:0.7445
heterogeneous_data_handler activated ✅ for clients: ['Client 1', 'Client 2', 'Client 3', 'Client 4', 'Client 5', 'Client 6', 'Client 7', 'Client 8', 'Client 9', 'Client 10', 'Client 11', 'Client 12', 'Client 13', 'Client 14', 'Client 15', 'Client 16', 'Client 17', 'Client 18', 'Client 19', 'Client 20', 'Client 21', 'Client 22', 'Client 23', 'Client 24', 'Client 25', 'Client 26', 'Client 27', 'Client 28', 'Client 29', 'Client 30', 'Client 31', 'Client 32', 'Client 33', 'Client 34', 'Client 35', 'Client 36', 'Client 37', 'Client 38', 'Client 39', 'Client 40']
Results Aggregated in 0.47 seconds.
{'prostate_logreg': {'train_loss': [0.5817766223473572, 0.5965127669847928, 0.5851117932364015, 0.5736555693608805, 0.5688894120253385, 0.5536228566558844, 0.5440948470583502, 0.5374157621798402, 0.5297749776687873, 0.5317080973072603, 0.523199445862127, 0.5243650457319223], 'train_accuracy': [0.6919431279620853, 0.6713286713286714, 0.6987381703470031, 0.7301038062283737, 0.7223744292237443, 0.7397998460354118, 0.7495120364346128, 0.7565118912797282, 0.7616632860040567, 0.7621841155234657, 0.7664473684210527, 0.7690566037735849], 'train_f1': [0.5505438479372129, 0.5624186054433704, 0.6430265604470358, 0.6916744675535892, 0.6898962484524791, 0.7109340930664382, 0.7300080975485886, 0.7401211394361262, 0.7551101911974278, 0.755721571385779, 0.7609156807001201, 0.7639485856606629], 'train_mae': [0.3080568720379147, 0.32867132867132864, 0.30126182965299686, 0.2698961937716263, 0.2776255707762557, 0.2602001539645881, 0.2504879635653871, 0.2434881087202718, 0.2383367139959432, 0.2378158844765343, 0.23355263157894737, 0.2309433962264151], 'val_loss': [0.7618791530190073, 0.7116550387235947, 0.6752302342366167, 0.6477448255389516, 0.6258882844242323, 0.6105406300268372, 0.6008800180530735, 0.5923988928662959, 0.5853694954171134, 0.5788508350321978, 0.5738706093385103, 0.5694305109945818], 'val_accuracy': [0.4839459177842762, 0.5293462447717767, 0.5743548224713068, 0.6117409834188161, 0.6384363159428738, 0.661466949481052, 0.6760527554368139, 0.6881430567938123, 0.698841403766202, 0.7065282791817087, 0.7118830778742068, 0.7162324367723806], 'val_f1': [0.47795794110493106, 0.525204958106239, 0.5723626168993488, 0.6111156547495269, 0.6382582962730605, 0.6613051434650481, 0.6756728495486932, 0.6874451469283507, 0.6977529125976791, 0.7050373276845466, 0.7099472503409663, 0.71383093139121], 'val_mae': [0.5160540822157238, 0.47065375522822334, 0.42564517752869324, 0.388259016581184, 0.36156368405712624, 0.338533050518948, 0.32394724456318613, 0.3118569432061878, 0.301158596233798, 0.2934717208182912, 0.2881169221257932, 0.2837675632276194], 'jsd': [(0.0207208396239082, 0.31127812445913283, 0.31127812445913283, 0.31127812445913283, 0.11009182675183558, 0.31127812445913283, 0.31127812445913283, 0.31127812445913283, 0.0037024515418363386, 0.31127812445913283, 0.31127812445913283, 0.31127812445913283, 0.31127812445913283, 0.31127812445913283, 0.31127812445913283, 0.31127812445913283, 0.31127812445913283, 0.07310400793180982, 0.31127812445913283, 0.07310400793180982, 0.31127812445913283, 0.31127812445913283, 0.0037024515418363386, 0.31127812445913283, 0.31127812445913283, 0.31127812445913283, 0, 0.31127812445913283, 0.11009182675183558, 0.31127812445913283, 0.07310400793180982, 0.31127812445913283, 0.0487949406953985, 0.31127812445913283, 0.31127812445913283, 0.31127812445913283, 0.0350583482647871, 0.31127812445913283, 0.31127812445913283, 0.31127812445913283), (0, 0.31127812445913283, 0.31127812445913283, 0.31127812445913283, 0, 0, 0.31127812445913283, 0.07310400793180982, 0, 0.1711038312803313, 0.31127812445913283, 0, 0, 0, 0.31127812445913283, 0.31127812445913283, 0.31127812445913283, 0, 0.31127812445913283, 0, 0, 0, 0, 0.31127812445913283, 0.31127812445913283, 0, 0.12425601093475921, 0.31127812445913283, 0.17750440524619315, 0, 0, 0.31127812445913283, 0.31127812445913283, 0, 0, 0.16395604408354778, 0, 0.31127812445913283, 0.31127812445913283, 0.16395604408354778), (0, 0.16395604408354778, 0.31127812445913283, 0, 0, 0.18850340411986471, 0, 0.11009182675183558, 0, 0, 0, 0.1711038312803313, 0, 0, 0, 0.31127812445913283, 0, 0, 0, 0, 0.31127812445913283, 0, 0, 0.31127812445913283, 0.31127812445913283, 0, 0, 0, 0.2087803925185126, 0, 0, 0.20534969973663775, 0, 0, 0.16395604408354778, 0, 0, 0, 0.31127812445913283, 0), (0, 0.31127812445913283, 0.2087803925185126, 0, 0, 0, 0, 0, 0, 0, 0, 0.19326958066820893, 0, 0, 0, 0, 0, 0, 0, 0, 0, 0, 0, 0.2292798117148899, 0, 0, 0, 0, 0, 0, 0, 0.2227619806994962, 0, 0, 0, 0, 0, 0, 0.2227619806994962, 0), (0, 0, 0.2227619806994962, 0, 0, 0, 0, 0, 0, 0, 0, 0, 0, 0, 0, 0, 0, 0, 0, 0, 0, 0, 0, 0, 0, 0, 0, 0, 0, 0, 0, 0.23646636812449032, 0, 0, 0, 0, 0, 0, 0, 0), (0, 0, 0.23305878051279882, 0, 0, 0, 0, 0, 0, 0, 0, 0, 0, 0, 0, 0, 0, 0, 0, 0, 0, 0, 0, 0, 0, 0, 0, 0, 0, 0, 0, 0.24616505675524458, 0, 0, 0, 0, 0, 0, 0, 0), (0, 0, 0.24237412989240623, 0, 0, 0, 0, 0, 0, 0, 0, 0, 0, 0, 0, 0, 0, 0, 0, 0, 0, 0, 0, 0, 0, 0, 0, 0, 0, 0, 0, 0, 0, 0, 0, 0, 0, 0, 0, 0), (0, 0, 0.24844401300050659, 0, 0, 0, 0, 0, 0, 0, 0, 0, 0, 0, 0, 0, 0, 0, 0, 0, 0, 0, 0, 0, 0, 0, 0, 0, 0, 0, 0, 0, 0, 0, 0, 0, 0, 0, 0, 0), (0, 0, 0, 0, 0, 0, 0, 0, 0, 0, 0, 0, 0, 0, 0, 0, 0, 0, 0, 0, 0, 0, 0, 0, 0, 0, 0, 0, 0, 0, 0, 0, 0, 0, 0, 0, 0, 0, 0, 0), (0, 0, 0, 0, 0, 0, 0, 0, 0, 0, 0, 0, 0, 0, 0, 0, 0, 0, 0, 0, 0, 0, 0, 0, 0, 0, 0, 0, 0, 0, 0, 0, 0, 0, 0, 0, 0, 0, 0, 0), (0, 0, 0, 0, 0, 0, 0, 0, 0, 0, 0, 0, 0, 0, 0, 0, 0, 0, 0, 0, 0, 0, 0, 0, 0, 0, 0, 0, 0, 0, 0, 0, 0, 0, 0, 0, 0, 0, 0, 0), (0, 0, 0, 0, 0, 0, 0, 0, 0, 0, 0, 0, 0, 0, 0, 0, 0, 0, 0, 0, 0, 0, 0, 0, 0, 0, 0, 0, 0, 0, 0, 0, 0, 0, 0, 0, 0, 0, 0, 0)]}}
AdaptationManager: Configuring next round...
{'client_registry': {'enabled': True, 'params': {}}, 'client_selector': {'enabled': False, 'params': {}}, 'client_cluster': {'enabled': False, 'params': {}}, 'message_compressor': {'enabled': False, 'params': {}}, 'model_co-versioning_registry': {'enabled': False, 'params': {}}, 'multi-task_model_trainer': {'enabled': False, 'params': {}}, 'heterogeneous_data_handler': {'enabled': True, 'params': {'enabled_clients': []}}}
{'client_selector': {'enabled': False}, 'client_cluster': {'enabled': False}, 'message_compressor': {'enabled': False}, 'model_co-versioning_registry': {'enabled': False}, 'multi-task_model_trainer': {'enabled': False}, 'heterogeneous_data_handler': {'enabled': True, 'params': {'enabled_clients': ['Client 1', 'Client 2', 'Client 3', 'Client 4', 'Client 5', 'Client 6', 'Client 7', 'Client 8', 'Client 9', 'Client 10', 'Client 11', 'Client 12', 'Client 13', 'Client 14', 'Client 15', 'Client 16', 'Client 17', 'Client 18', 'Client 19', 'Client 20', 'Client 21', 'Client 22', 'Client 23', 'Client 24', 'Client 25', 'Client 26', 'Client 27', 'Client 28', 'Client 29', 'Client 30', 'Client 31', 'Client 32', 'Client 33', 'Client 34', 'Client 35', 'Client 36', 'Client 37', 'Client 38', 'Client 39', 'Client 40']}}, 'client_registry': {'enabled': True, 'params': {}}}
client 1, predicted wo:0.7445 vs w:0.7445
client 2, predicted wo:0.7445 vs w:0.7445
client 3, predicted wo:0.7445 vs w:0.7445
client 4, predicted wo:0.7445 vs w:0.7445
client 5, predicted wo:0.7445 vs w:0.7445
client 6, predicted wo:0.7445 vs w:0.7445
client 7, predicted wo:0.7445 vs w:0.7445
client 8, predicted wo:0.7445 vs w:0.7445
client 9, predicted wo:0.7445 vs w:0.7445
client 10, predicted wo:0.7445 vs w:0.7445
client 11, predicted wo:0.7445 vs w:0.7445
client 12, predicted wo:0.7445 vs w:0.7445
client 13, predicted wo:0.7445 vs w:0.7445
client 14, predicted wo:0.7445 vs w:0.7445
client 15, predicted wo:0.7445 vs w:0.7445
client 16, predicted wo:0.7445 vs w:0.7445
client 17, predicted wo:0.7445 vs w:0.7445
client 18, predicted wo:0.7445 vs w:0.7445
client 19, predicted wo:0.7445 vs w:0.7445
client 20, predicted wo:0.7445 vs w:0.7445
client 21, predicted wo:0.7445 vs w:0.7445
client 22, predicted wo:0.7445 vs w:0.7445
client 23, predicted wo:0.7445 vs w:0.7445
client 24, predicted wo:0.7445 vs w:0.7445
client 25, predicted wo:0.7445 vs w:0.7445
client 26, predicted wo:0.7445 vs w:0.7445
client 27, predicted wo:0.7445 vs w:0.7445
client 28, predicted wo:0.7445 vs w:0.7445
client 29, predicted wo:0.7445 vs w:0.7445
client 30, predicted wo:0.7445 vs w:0.7445
client 31, predicted wo:0.7445 vs w:0.7445
client 32, predicted wo:0.7445 vs w:0.7445
client 33, predicted wo:0.7445 vs w:0.7445
client 34, predicted wo:0.7445 vs w:0.7445
client 35, predicted wo:0.7445 vs w:0.7445
client 36, predicted wo:0.7445 vs w:0.7445
client 37, predicted wo:0.7445 vs w:0.7445
client 38, predicted wo:0.7445 vs w:0.7445
client 39, predicted wo:0.7445 vs w:0.7445
client 40, predicted wo:0.7445 vs w:0.7445
heterogeneous_data_handler activated ✅ for clients: ['Client 1', 'Client 2', 'Client 3', 'Client 4', 'Client 5', 'Client 6', 'Client 7', 'Client 8', 'Client 9', 'Client 10', 'Client 11', 'Client 12', 'Client 13', 'Client 14', 'Client 15', 'Client 16', 'Client 17', 'Client 18', 'Client 19', 'Client 20', 'Client 21', 'Client 22', 'Client 23', 'Client 24', 'Client 25', 'Client 26', 'Client 27', 'Client 28', 'Client 29', 'Client 30', 'Client 31', 'Client 32', 'Client 33', 'Client 34', 'Client 35', 'Client 36', 'Client 37', 'Client 38', 'Client 39', 'Client 40']
Results Aggregated in 0.62 seconds.
{'prostate_logreg': {'train_loss': [0.5817766223473572, 0.5965127669847928, 0.5851117932364015, 0.5736555693608805, 0.5688894120253385, 0.5536228566558844, 0.5440948470583502, 0.5374157621798402, 0.5297749776687873, 0.5317080973072603, 0.523199445862127, 0.5243650457319223, 0.5187776519721122], 'train_accuracy': [0.6919431279620853, 0.6713286713286714, 0.6987381703470031, 0.7301038062283737, 0.7223744292237443, 0.7397998460354118, 0.7495120364346128, 0.7565118912797282, 0.7616632860040567, 0.7621841155234657, 0.7664473684210527, 0.7690566037735849, 0.7692574600971548], 'train_f1': [0.5505438479372129, 0.5624186054433704, 0.6430265604470358, 0.6916744675535892, 0.6898962484524791, 0.7109340930664382, 0.7300080975485886, 0.7401211394361262, 0.7551101911974278, 0.755721571385779, 0.7609156807001201, 0.7639485856606629, 0.7646141889057706], 'train_mae': [0.3080568720379147, 0.32867132867132864, 0.30126182965299686, 0.2698961937716263, 0.2776255707762557, 0.2602001539645881, 0.2504879635653871, 0.2434881087202718, 0.2383367139959432, 0.2378158844765343, 0.23355263157894737, 0.2309433962264151, 0.23074253990284524], 'val_loss': [0.7618791530190073, 0.7116550387235947, 0.6752302342366167, 0.6477448255389516, 0.6258882844242323, 0.6105406300268372, 0.6008800180530735, 0.5923988928662959, 0.5853694954171134, 0.5788508350321978, 0.5738706093385103, 0.5694305109945818, 0.56572411459047], 'val_accuracy': [0.4839459177842762, 0.5293462447717767, 0.5743548224713068, 0.6117409834188161, 0.6384363159428738, 0.661466949481052, 0.6760527554368139, 0.6881430567938123, 0.698841403766202, 0.7065282791817087, 0.7118830778742068, 0.7162324367723806, 0.7208443456819289], 'val_f1': [0.47795794110493106, 0.525204958106239, 0.5723626168993488, 0.6111156547495269, 0.6382582962730605, 0.6613051434650481, 0.6756728495486932, 0.6874451469283507, 0.6977529125976791, 0.7050373276845466, 0.7099472503409663, 0.71383093139121, 0.7179280169220669], 'val_mae': [0.5160540822157238, 0.47065375522822334, 0.42564517752869324, 0.388259016581184, 0.36156368405712624, 0.338533050518948, 0.32394724456318613, 0.3118569432061878, 0.301158596233798, 0.2934717208182912, 0.2881169221257932, 0.2837675632276194, 0.2791556543180711], 'jsd': [(0.0207208396239082, 0.31127812445913283, 0.31127812445913283, 0.31127812445913283, 0.11009182675183558, 0.31127812445913283, 0.31127812445913283, 0.31127812445913283, 0.0037024515418363386, 0.31127812445913283, 0.31127812445913283, 0.31127812445913283, 0.31127812445913283, 0.31127812445913283, 0.31127812445913283, 0.31127812445913283, 0.31127812445913283, 0.07310400793180982, 0.31127812445913283, 0.07310400793180982, 0.31127812445913283, 0.31127812445913283, 0.0037024515418363386, 0.31127812445913283, 0.31127812445913283, 0.31127812445913283, 0, 0.31127812445913283, 0.11009182675183558, 0.31127812445913283, 0.07310400793180982, 0.31127812445913283, 0.0487949406953985, 0.31127812445913283, 0.31127812445913283, 0.31127812445913283, 0.0350583482647871, 0.31127812445913283, 0.31127812445913283, 0.31127812445913283), (0, 0.31127812445913283, 0.31127812445913283, 0.31127812445913283, 0, 0, 0.31127812445913283, 0.07310400793180982, 0, 0.1711038312803313, 0.31127812445913283, 0, 0, 0, 0.31127812445913283, 0.31127812445913283, 0.31127812445913283, 0, 0.31127812445913283, 0, 0, 0, 0, 0.31127812445913283, 0.31127812445913283, 0, 0.12425601093475921, 0.31127812445913283, 0.17750440524619315, 0, 0, 0.31127812445913283, 0.31127812445913283, 0, 0, 0.16395604408354778, 0, 0.31127812445913283, 0.31127812445913283, 0.16395604408354778), (0, 0.16395604408354778, 0.31127812445913283, 0, 0, 0.18850340411986471, 0, 0.11009182675183558, 0, 0, 0, 0.1711038312803313, 0, 0, 0, 0.31127812445913283, 0, 0, 0, 0, 0.31127812445913283, 0, 0, 0.31127812445913283, 0.31127812445913283, 0, 0, 0, 0.2087803925185126, 0, 0, 0.20534969973663775, 0, 0, 0.16395604408354778, 0, 0, 0, 0.31127812445913283, 0), (0, 0.31127812445913283, 0.2087803925185126, 0, 0, 0, 0, 0, 0, 0, 0, 0.19326958066820893, 0, 0, 0, 0, 0, 0, 0, 0, 0, 0, 0, 0.2292798117148899, 0, 0, 0, 0, 0, 0, 0, 0.2227619806994962, 0, 0, 0, 0, 0, 0, 0.2227619806994962, 0), (0, 0, 0.2227619806994962, 0, 0, 0, 0, 0, 0, 0, 0, 0, 0, 0, 0, 0, 0, 0, 0, 0, 0, 0, 0, 0, 0, 0, 0, 0, 0, 0, 0, 0.23646636812449032, 0, 0, 0, 0, 0, 0, 0, 0), (0, 0, 0.23305878051279882, 0, 0, 0, 0, 0, 0, 0, 0, 0, 0, 0, 0, 0, 0, 0, 0, 0, 0, 0, 0, 0, 0, 0, 0, 0, 0, 0, 0, 0.24616505675524458, 0, 0, 0, 0, 0, 0, 0, 0), (0, 0, 0.24237412989240623, 0, 0, 0, 0, 0, 0, 0, 0, 0, 0, 0, 0, 0, 0, 0, 0, 0, 0, 0, 0, 0, 0, 0, 0, 0, 0, 0, 0, 0, 0, 0, 0, 0, 0, 0, 0, 0), (0, 0, 0.24844401300050659, 0, 0, 0, 0, 0, 0, 0, 0, 0, 0, 0, 0, 0, 0, 0, 0, 0, 0, 0, 0, 0, 0, 0, 0, 0, 0, 0, 0, 0, 0, 0, 0, 0, 0, 0, 0, 0), (0, 0, 0, 0, 0, 0, 0, 0, 0, 0, 0, 0, 0, 0, 0, 0, 0, 0, 0, 0, 0, 0, 0, 0, 0, 0, 0, 0, 0, 0, 0, 0, 0, 0, 0, 0, 0, 0, 0, 0), (0, 0, 0, 0, 0, 0, 0, 0, 0, 0, 0, 0, 0, 0, 0, 0, 0, 0, 0, 0, 0, 0, 0, 0, 0, 0, 0, 0, 0, 0, 0, 0, 0, 0, 0, 0, 0, 0, 0, 0), (0, 0, 0, 0, 0, 0, 0, 0, 0, 0, 0, 0, 0, 0, 0, 0, 0, 0, 0, 0, 0, 0, 0, 0, 0, 0, 0, 0, 0, 0, 0, 0, 0, 0, 0, 0, 0, 0, 0, 0), (0, 0, 0, 0, 0, 0, 0, 0, 0, 0, 0, 0, 0, 0, 0, 0, 0, 0, 0, 0, 0, 0, 0, 0, 0, 0, 0, 0, 0, 0, 0, 0, 0, 0, 0, 0, 0, 0, 0, 0), (0, 0, 0, 0, 0, 0, 0, 0, 0, 0, 0, 0, 0, 0, 0, 0, 0, 0, 0, 0, 0, 0, 0, 0, 0, 0, 0, 0, 0, 0, 0, 0, 0, 0, 0, 0, 0, 0, 0, 0)]}}
AdaptationManager: Configuring next round...
{'client_registry': {'enabled': True, 'params': {}}, 'client_selector': {'enabled': False, 'params': {}}, 'client_cluster': {'enabled': False, 'params': {}}, 'message_compressor': {'enabled': False, 'params': {}}, 'model_co-versioning_registry': {'enabled': False, 'params': {}}, 'multi-task_model_trainer': {'enabled': False, 'params': {}}, 'heterogeneous_data_handler': {'enabled': True, 'params': {'enabled_clients': []}}}
{'client_selector': {'enabled': False}, 'client_cluster': {'enabled': False}, 'message_compressor': {'enabled': False}, 'model_co-versioning_registry': {'enabled': False}, 'multi-task_model_trainer': {'enabled': False}, 'heterogeneous_data_handler': {'enabled': True, 'params': {'enabled_clients': ['Client 1', 'Client 2', 'Client 3', 'Client 4', 'Client 5', 'Client 6', 'Client 7', 'Client 8', 'Client 9', 'Client 10', 'Client 11', 'Client 12', 'Client 13', 'Client 14', 'Client 15', 'Client 16', 'Client 17', 'Client 18', 'Client 19', 'Client 20', 'Client 21', 'Client 22', 'Client 23', 'Client 24', 'Client 25', 'Client 26', 'Client 27', 'Client 28', 'Client 29', 'Client 30', 'Client 31', 'Client 32', 'Client 33', 'Client 34', 'Client 35', 'Client 36', 'Client 37', 'Client 38', 'Client 39', 'Client 40']}}, 'client_registry': {'enabled': True, 'params': {}}}
client 1, predicted wo:0.7445 vs w:0.7445
client 2, predicted wo:0.7445 vs w:0.7445
client 3, predicted wo:0.7445 vs w:0.7445
client 4, predicted wo:0.7445 vs w:0.7445
client 5, predicted wo:0.7445 vs w:0.7445
client 6, predicted wo:0.7445 vs w:0.7445
client 7, predicted wo:0.7445 vs w:0.7445
client 8, predicted wo:0.7445 vs w:0.7445
client 9, predicted wo:0.7445 vs w:0.7445
client 10, predicted wo:0.7445 vs w:0.7445
client 11, predicted wo:0.7445 vs w:0.7445
client 12, predicted wo:0.7445 vs w:0.7445
client 13, predicted wo:0.7445 vs w:0.7445
client 14, predicted wo:0.7445 vs w:0.7445
client 15, predicted wo:0.7445 vs w:0.7445
client 16, predicted wo:0.7445 vs w:0.7445
client 17, predicted wo:0.7445 vs w:0.7445
client 18, predicted wo:0.7445 vs w:0.7445
client 19, predicted wo:0.7445 vs w:0.7445
client 20, predicted wo:0.7445 vs w:0.7445
client 21, predicted wo:0.7445 vs w:0.7445
client 22, predicted wo:0.7445 vs w:0.7445
client 23, predicted wo:0.7445 vs w:0.7445
client 24, predicted wo:0.7445 vs w:0.7445
client 25, predicted wo:0.7445 vs w:0.7445
client 26, predicted wo:0.7445 vs w:0.7445
client 27, predicted wo:0.7445 vs w:0.7445
client 28, predicted wo:0.7445 vs w:0.7445
client 29, predicted wo:0.7445 vs w:0.7445
client 30, predicted wo:0.7445 vs w:0.7445
client 31, predicted wo:0.7445 vs w:0.7445
client 32, predicted wo:0.7445 vs w:0.7445
client 33, predicted wo:0.7445 vs w:0.7445
client 34, predicted wo:0.7445 vs w:0.7445
client 35, predicted wo:0.7445 vs w:0.7445
client 36, predicted wo:0.7445 vs w:0.7445
client 37, predicted wo:0.7445 vs w:0.7445
client 38, predicted wo:0.7445 vs w:0.7445
client 39, predicted wo:0.7445 vs w:0.7445
client 40, predicted wo:0.7445 vs w:0.7445
heterogeneous_data_handler activated ✅ for clients: ['Client 1', 'Client 2', 'Client 3', 'Client 4', 'Client 5', 'Client 6', 'Client 7', 'Client 8', 'Client 9', 'Client 10', 'Client 11', 'Client 12', 'Client 13', 'Client 14', 'Client 15', 'Client 16', 'Client 17', 'Client 18', 'Client 19', 'Client 20', 'Client 21', 'Client 22', 'Client 23', 'Client 24', 'Client 25', 'Client 26', 'Client 27', 'Client 28', 'Client 29', 'Client 30', 'Client 31', 'Client 32', 'Client 33', 'Client 34', 'Client 35', 'Client 36', 'Client 37', 'Client 38', 'Client 39', 'Client 40']
Results Aggregated in 0.48 seconds.
{'prostate_logreg': {'train_loss': [0.5817766223473572, 0.5965127669847928, 0.5851117932364015, 0.5736555693608805, 0.5688894120253385, 0.5536228566558844, 0.5440948470583502, 0.5374157621798402, 0.5297749776687873, 0.5317080973072603, 0.523199445862127, 0.5243650457319223, 0.5187776519721122, 0.5198006680219734], 'train_accuracy': [0.6919431279620853, 0.6713286713286714, 0.6987381703470031, 0.7301038062283737, 0.7223744292237443, 0.7397998460354118, 0.7495120364346128, 0.7565118912797282, 0.7616632860040567, 0.7621841155234657, 0.7664473684210527, 0.7690566037735849, 0.7692574600971548, 0.7677998717126363], 'train_f1': [0.5505438479372129, 0.5624186054433704, 0.6430265604470358, 0.6916744675535892, 0.6898962484524791, 0.7109340930664382, 0.7300080975485886, 0.7401211394361262, 0.7551101911974278, 0.755721571385779, 0.7609156807001201, 0.7639485856606629, 0.7646141889057706, 0.7638607781935722], 'train_mae': [0.3080568720379147, 0.32867132867132864, 0.30126182965299686, 0.2698961937716263, 0.2776255707762557, 0.2602001539645881, 0.2504879635653871, 0.2434881087202718, 0.2383367139959432, 0.2378158844765343, 0.23355263157894737, 0.2309433962264151, 0.23074253990284524, 0.2322001282873637], 'val_loss': [0.7618791530190073, 0.7116550387235947, 0.6752302342366167, 0.6477448255389516, 0.6258882844242323, 0.6105406300268372, 0.6008800180530735, 0.5923988928662959, 0.5853694954171134, 0.5788508350321978, 0.5738706093385103, 0.5694305109945818, 0.56572411459047, 0.5628063402230177], 'val_accuracy': [0.4839459177842762, 0.5293462447717767, 0.5743548224713068, 0.6117409834188161, 0.6384363159428738, 0.661466949481052, 0.6760527554368139, 0.6881430567938123, 0.698841403766202, 0.7065282791817087, 0.7118830778742068, 0.7162324367723806, 0.7208443456819289, 0.7246353818368748], 'val_f1': [0.47795794110493106, 0.525204958106239, 0.5723626168993488, 0.6111156547495269, 0.6382582962730605, 0.6613051434650481, 0.6756728495486932, 0.6874451469283507, 0.6977529125976791, 0.7050373276845466, 0.7099472503409663, 0.71383093139121, 0.7179280169220669, 0.7212908086563817], 'val_mae': [0.5160540822157238, 0.47065375522822334, 0.42564517752869324, 0.388259016581184, 0.36156368405712624, 0.338533050518948, 0.32394724456318613, 0.3118569432061878, 0.301158596233798, 0.2934717208182912, 0.2881169221257932, 0.2837675632276194, 0.2791556543180711, 0.27536461816312513], 'jsd': [(0.0207208396239082, 0.31127812445913283, 0.31127812445913283, 0.31127812445913283, 0.11009182675183558, 0.31127812445913283, 0.31127812445913283, 0.31127812445913283, 0.0037024515418363386, 0.31127812445913283, 0.31127812445913283, 0.31127812445913283, 0.31127812445913283, 0.31127812445913283, 0.31127812445913283, 0.31127812445913283, 0.31127812445913283, 0.07310400793180982, 0.31127812445913283, 0.07310400793180982, 0.31127812445913283, 0.31127812445913283, 0.0037024515418363386, 0.31127812445913283, 0.31127812445913283, 0.31127812445913283, 0, 0.31127812445913283, 0.11009182675183558, 0.31127812445913283, 0.07310400793180982, 0.31127812445913283, 0.0487949406953985, 0.31127812445913283, 0.31127812445913283, 0.31127812445913283, 0.0350583482647871, 0.31127812445913283, 0.31127812445913283, 0.31127812445913283), (0, 0.31127812445913283, 0.31127812445913283, 0.31127812445913283, 0, 0, 0.31127812445913283, 0.07310400793180982, 0, 0.1711038312803313, 0.31127812445913283, 0, 0, 0, 0.31127812445913283, 0.31127812445913283, 0.31127812445913283, 0, 0.31127812445913283, 0, 0, 0, 0, 0.31127812445913283, 0.31127812445913283, 0, 0.12425601093475921, 0.31127812445913283, 0.17750440524619315, 0, 0, 0.31127812445913283, 0.31127812445913283, 0, 0, 0.16395604408354778, 0, 0.31127812445913283, 0.31127812445913283, 0.16395604408354778), (0, 0.16395604408354778, 0.31127812445913283, 0, 0, 0.18850340411986471, 0, 0.11009182675183558, 0, 0, 0, 0.1711038312803313, 0, 0, 0, 0.31127812445913283, 0, 0, 0, 0, 0.31127812445913283, 0, 0, 0.31127812445913283, 0.31127812445913283, 0, 0, 0, 0.2087803925185126, 0, 0, 0.20534969973663775, 0, 0, 0.16395604408354778, 0, 0, 0, 0.31127812445913283, 0), (0, 0.31127812445913283, 0.2087803925185126, 0, 0, 0, 0, 0, 0, 0, 0, 0.19326958066820893, 0, 0, 0, 0, 0, 0, 0, 0, 0, 0, 0, 0.2292798117148899, 0, 0, 0, 0, 0, 0, 0, 0.2227619806994962, 0, 0, 0, 0, 0, 0, 0.2227619806994962, 0), (0, 0, 0.2227619806994962, 0, 0, 0, 0, 0, 0, 0, 0, 0, 0, 0, 0, 0, 0, 0, 0, 0, 0, 0, 0, 0, 0, 0, 0, 0, 0, 0, 0, 0.23646636812449032, 0, 0, 0, 0, 0, 0, 0, 0), (0, 0, 0.23305878051279882, 0, 0, 0, 0, 0, 0, 0, 0, 0, 0, 0, 0, 0, 0, 0, 0, 0, 0, 0, 0, 0, 0, 0, 0, 0, 0, 0, 0, 0.24616505675524458, 0, 0, 0, 0, 0, 0, 0, 0), (0, 0, 0.24237412989240623, 0, 0, 0, 0, 0, 0, 0, 0, 0, 0, 0, 0, 0, 0, 0, 0, 0, 0, 0, 0, 0, 0, 0, 0, 0, 0, 0, 0, 0, 0, 0, 0, 0, 0, 0, 0, 0), (0, 0, 0.24844401300050659, 0, 0, 0, 0, 0, 0, 0, 0, 0, 0, 0, 0, 0, 0, 0, 0, 0, 0, 0, 0, 0, 0, 0, 0, 0, 0, 0, 0, 0, 0, 0, 0, 0, 0, 0, 0, 0), (0, 0, 0, 0, 0, 0, 0, 0, 0, 0, 0, 0, 0, 0, 0, 0, 0, 0, 0, 0, 0, 0, 0, 0, 0, 0, 0, 0, 0, 0, 0, 0, 0, 0, 0, 0, 0, 0, 0, 0), (0, 0, 0, 0, 0, 0, 0, 0, 0, 0, 0, 0, 0, 0, 0, 0, 0, 0, 0, 0, 0, 0, 0, 0, 0, 0, 0, 0, 0, 0, 0, 0, 0, 0, 0, 0, 0, 0, 0, 0), (0, 0, 0, 0, 0, 0, 0, 0, 0, 0, 0, 0, 0, 0, 0, 0, 0, 0, 0, 0, 0, 0, 0, 0, 0, 0, 0, 0, 0, 0, 0, 0, 0, 0, 0, 0, 0, 0, 0, 0), (0, 0, 0, 0, 0, 0, 0, 0, 0, 0, 0, 0, 0, 0, 0, 0, 0, 0, 0, 0, 0, 0, 0, 0, 0, 0, 0, 0, 0, 0, 0, 0, 0, 0, 0, 0, 0, 0, 0, 0), (0, 0, 0, 0, 0, 0, 0, 0, 0, 0, 0, 0, 0, 0, 0, 0, 0, 0, 0, 0, 0, 0, 0, 0, 0, 0, 0, 0, 0, 0, 0, 0, 0, 0, 0, 0, 0, 0, 0, 0), (0, 0, 0, 0, 0, 0, 0, 0, 0, 0, 0, 0, 0, 0, 0, 0, 0, 0, 0, 0, 0, 0, 0, 0, 0, 0, 0, 0, 0, 0, 0, 0, 0, 0, 0, 0, 0, 0, 0, 0)]}}
AdaptationManager: Configuring next round...
{'client_registry': {'enabled': True, 'params': {}}, 'client_selector': {'enabled': False, 'params': {}}, 'client_cluster': {'enabled': False, 'params': {}}, 'message_compressor': {'enabled': False, 'params': {}}, 'model_co-versioning_registry': {'enabled': False, 'params': {}}, 'multi-task_model_trainer': {'enabled': False, 'params': {}}, 'heterogeneous_data_handler': {'enabled': True, 'params': {'enabled_clients': []}}}
{'client_selector': {'enabled': False}, 'client_cluster': {'enabled': False}, 'message_compressor': {'enabled': False}, 'model_co-versioning_registry': {'enabled': False}, 'multi-task_model_trainer': {'enabled': False}, 'heterogeneous_data_handler': {'enabled': True, 'params': {'enabled_clients': ['Client 1', 'Client 2', 'Client 3', 'Client 4', 'Client 5', 'Client 6', 'Client 7', 'Client 8', 'Client 9', 'Client 10', 'Client 11', 'Client 12', 'Client 13', 'Client 14', 'Client 15', 'Client 16', 'Client 17', 'Client 18', 'Client 19', 'Client 20', 'Client 21', 'Client 22', 'Client 23', 'Client 24', 'Client 25', 'Client 26', 'Client 27', 'Client 28', 'Client 29', 'Client 30', 'Client 31', 'Client 32', 'Client 33', 'Client 34', 'Client 35', 'Client 36', 'Client 37', 'Client 38', 'Client 39', 'Client 40']}}, 'client_registry': {'enabled': True, 'params': {}}}
client 1, predicted wo:0.7445 vs w:0.7445
client 2, predicted wo:0.7445 vs w:0.7445
client 3, predicted wo:0.7445 vs w:0.7445
client 4, predicted wo:0.7445 vs w:0.7445
client 5, predicted wo:0.7445 vs w:0.7445
client 6, predicted wo:0.7445 vs w:0.7445
client 7, predicted wo:0.7445 vs w:0.7445
client 8, predicted wo:0.7445 vs w:0.7445
client 9, predicted wo:0.7445 vs w:0.7445
client 10, predicted wo:0.7445 vs w:0.7445
client 11, predicted wo:0.7445 vs w:0.7445
client 12, predicted wo:0.7445 vs w:0.7445
client 13, predicted wo:0.7445 vs w:0.7445
client 14, predicted wo:0.7445 vs w:0.7445
client 15, predicted wo:0.7445 vs w:0.7445
client 16, predicted wo:0.7445 vs w:0.7445
client 17, predicted wo:0.7445 vs w:0.7445
client 18, predicted wo:0.7445 vs w:0.7445
client 19, predicted wo:0.7445 vs w:0.7445
client 20, predicted wo:0.7445 vs w:0.7445
client 21, predicted wo:0.7445 vs w:0.7445
client 22, predicted wo:0.7445 vs w:0.7445
client 23, predicted wo:0.7445 vs w:0.7445
client 24, predicted wo:0.7445 vs w:0.7445
client 25, predicted wo:0.7445 vs w:0.7445
client 26, predicted wo:0.7445 vs w:0.7445
client 27, predicted wo:0.7445 vs w:0.7445
client 28, predicted wo:0.7445 vs w:0.7445
client 29, predicted wo:0.7445 vs w:0.7445
client 30, predicted wo:0.7445 vs w:0.7445
client 31, predicted wo:0.7445 vs w:0.7445
client 32, predicted wo:0.7445 vs w:0.7445
client 33, predicted wo:0.7445 vs w:0.7445
client 34, predicted wo:0.7445 vs w:0.7445
client 35, predicted wo:0.7445 vs w:0.7445
client 36, predicted wo:0.7445 vs w:0.7445
client 37, predicted wo:0.7445 vs w:0.7445
client 38, predicted wo:0.7445 vs w:0.7445
client 39, predicted wo:0.7445 vs w:0.7445
client 40, predicted wo:0.7445 vs w:0.7445
heterogeneous_data_handler activated ✅ for clients: ['Client 1', 'Client 2', 'Client 3', 'Client 4', 'Client 5', 'Client 6', 'Client 7', 'Client 8', 'Client 9', 'Client 10', 'Client 11', 'Client 12', 'Client 13', 'Client 14', 'Client 15', 'Client 16', 'Client 17', 'Client 18', 'Client 19', 'Client 20', 'Client 21', 'Client 22', 'Client 23', 'Client 24', 'Client 25', 'Client 26', 'Client 27', 'Client 28', 'Client 29', 'Client 30', 'Client 31', 'Client 32', 'Client 33', 'Client 34', 'Client 35', 'Client 36', 'Client 37', 'Client 38', 'Client 39', 'Client 40']
Results Aggregated in 0.48 seconds.
{'prostate_logreg': {'train_loss': [0.5817766223473572, 0.5965127669847928, 0.5851117932364015, 0.5736555693608805, 0.5688894120253385, 0.5536228566558844, 0.5440948470583502, 0.5374157621798402, 0.5297749776687873, 0.5317080973072603, 0.523199445862127, 0.5243650457319223, 0.5187776519721122, 0.5198006680219734, 0.5196548682086322], 'train_accuracy': [0.6919431279620853, 0.6713286713286714, 0.6987381703470031, 0.7301038062283737, 0.7223744292237443, 0.7397998460354118, 0.7495120364346128, 0.7565118912797282, 0.7616632860040567, 0.7621841155234657, 0.7664473684210527, 0.7690566037735849, 0.7692574600971548, 0.7677998717126363, 0.7665066026410564], 'train_f1': [0.5505438479372129, 0.5624186054433704, 0.6430265604470358, 0.6916744675535892, 0.6898962484524791, 0.7109340930664382, 0.7300080975485886, 0.7401211394361262, 0.7551101911974278, 0.755721571385779, 0.7609156807001201, 0.7639485856606629, 0.7646141889057706, 0.7638607781935722, 0.7628226613262701], 'train_mae': [0.3080568720379147, 0.32867132867132864, 0.30126182965299686, 0.2698961937716263, 0.2776255707762557, 0.2602001539645881, 0.2504879635653871, 0.2434881087202718, 0.2383367139959432, 0.2378158844765343, 0.23355263157894737, 0.2309433962264151, 0.23074253990284524, 0.2322001282873637, 0.2334933973589436], 'val_loss': [0.7618791530190073, 0.7116550387235947, 0.6752302342366167, 0.6477448255389516, 0.6258882844242323, 0.6105406300268372, 0.6008800180530735, 0.5923988928662959, 0.5853694954171134, 0.5788508350321978, 0.5738706093385103, 0.5694305109945818, 0.56572411459047, 0.5628063402230177, 0.5600726851077518], 'val_accuracy': [0.4839459177842762, 0.5293462447717767, 0.5743548224713068, 0.6117409834188161, 0.6384363159428738, 0.661466949481052, 0.6760527554368139, 0.6881430567938123, 0.698841403766202, 0.7065282791817087, 0.7118830778742068, 0.7162324367723806, 0.7208443456819289, 0.7246353818368748, 0.7277448213327884], 'val_f1': [0.47795794110493106, 0.525204958106239, 0.5723626168993488, 0.6111156547495269, 0.6382582962730605, 0.6613051434650481, 0.6756728495486932, 0.6874451469283507, 0.6977529125976791, 0.7050373276845466, 0.7099472503409663, 0.71383093139121, 0.7179280169220669, 0.7212908086563817, 0.7240220033962586], 'val_mae': [0.5160540822157238, 0.47065375522822334, 0.42564517752869324, 0.388259016581184, 0.36156368405712624, 0.338533050518948, 0.32394724456318613, 0.3118569432061878, 0.301158596233798, 0.2934717208182912, 0.2881169221257932, 0.2837675632276194, 0.2791556543180711, 0.27536461816312513, 0.27225517866721155], 'jsd': [(0.0207208396239082, 0.31127812445913283, 0.31127812445913283, 0.31127812445913283, 0.11009182675183558, 0.31127812445913283, 0.31127812445913283, 0.31127812445913283, 0.0037024515418363386, 0.31127812445913283, 0.31127812445913283, 0.31127812445913283, 0.31127812445913283, 0.31127812445913283, 0.31127812445913283, 0.31127812445913283, 0.31127812445913283, 0.07310400793180982, 0.31127812445913283, 0.07310400793180982, 0.31127812445913283, 0.31127812445913283, 0.0037024515418363386, 0.31127812445913283, 0.31127812445913283, 0.31127812445913283, 0, 0.31127812445913283, 0.11009182675183558, 0.31127812445913283, 0.07310400793180982, 0.31127812445913283, 0.0487949406953985, 0.31127812445913283, 0.31127812445913283, 0.31127812445913283, 0.0350583482647871, 0.31127812445913283, 0.31127812445913283, 0.31127812445913283), (0, 0.31127812445913283, 0.31127812445913283, 0.31127812445913283, 0, 0, 0.31127812445913283, 0.07310400793180982, 0, 0.1711038312803313, 0.31127812445913283, 0, 0, 0, 0.31127812445913283, 0.31127812445913283, 0.31127812445913283, 0, 0.31127812445913283, 0, 0, 0, 0, 0.31127812445913283, 0.31127812445913283, 0, 0.12425601093475921, 0.31127812445913283, 0.17750440524619315, 0, 0, 0.31127812445913283, 0.31127812445913283, 0, 0, 0.16395604408354778, 0, 0.31127812445913283, 0.31127812445913283, 0.16395604408354778), (0, 0.16395604408354778, 0.31127812445913283, 0, 0, 0.18850340411986471, 0, 0.11009182675183558, 0, 0, 0, 0.1711038312803313, 0, 0, 0, 0.31127812445913283, 0, 0, 0, 0, 0.31127812445913283, 0, 0, 0.31127812445913283, 0.31127812445913283, 0, 0, 0, 0.2087803925185126, 0, 0, 0.20534969973663775, 0, 0, 0.16395604408354778, 0, 0, 0, 0.31127812445913283, 0), (0, 0.31127812445913283, 0.2087803925185126, 0, 0, 0, 0, 0, 0, 0, 0, 0.19326958066820893, 0, 0, 0, 0, 0, 0, 0, 0, 0, 0, 0, 0.2292798117148899, 0, 0, 0, 0, 0, 0, 0, 0.2227619806994962, 0, 0, 0, 0, 0, 0, 0.2227619806994962, 0), (0, 0, 0.2227619806994962, 0, 0, 0, 0, 0, 0, 0, 0, 0, 0, 0, 0, 0, 0, 0, 0, 0, 0, 0, 0, 0, 0, 0, 0, 0, 0, 0, 0, 0.23646636812449032, 0, 0, 0, 0, 0, 0, 0, 0), (0, 0, 0.23305878051279882, 0, 0, 0, 0, 0, 0, 0, 0, 0, 0, 0, 0, 0, 0, 0, 0, 0, 0, 0, 0, 0, 0, 0, 0, 0, 0, 0, 0, 0.24616505675524458, 0, 0, 0, 0, 0, 0, 0, 0), (0, 0, 0.24237412989240623, 0, 0, 0, 0, 0, 0, 0, 0, 0, 0, 0, 0, 0, 0, 0, 0, 0, 0, 0, 0, 0, 0, 0, 0, 0, 0, 0, 0, 0, 0, 0, 0, 0, 0, 0, 0, 0), (0, 0, 0.24844401300050659, 0, 0, 0, 0, 0, 0, 0, 0, 0, 0, 0, 0, 0, 0, 0, 0, 0, 0, 0, 0, 0, 0, 0, 0, 0, 0, 0, 0, 0, 0, 0, 0, 0, 0, 0, 0, 0), (0, 0, 0, 0, 0, 0, 0, 0, 0, 0, 0, 0, 0, 0, 0, 0, 0, 0, 0, 0, 0, 0, 0, 0, 0, 0, 0, 0, 0, 0, 0, 0, 0, 0, 0, 0, 0, 0, 0, 0), (0, 0, 0, 0, 0, 0, 0, 0, 0, 0, 0, 0, 0, 0, 0, 0, 0, 0, 0, 0, 0, 0, 0, 0, 0, 0, 0, 0, 0, 0, 0, 0, 0, 0, 0, 0, 0, 0, 0, 0), (0, 0, 0, 0, 0, 0, 0, 0, 0, 0, 0, 0, 0, 0, 0, 0, 0, 0, 0, 0, 0, 0, 0, 0, 0, 0, 0, 0, 0, 0, 0, 0, 0, 0, 0, 0, 0, 0, 0, 0), (0, 0, 0, 0, 0, 0, 0, 0, 0, 0, 0, 0, 0, 0, 0, 0, 0, 0, 0, 0, 0, 0, 0, 0, 0, 0, 0, 0, 0, 0, 0, 0, 0, 0, 0, 0, 0, 0, 0, 0), (0, 0, 0, 0, 0, 0, 0, 0, 0, 0, 0, 0, 0, 0, 0, 0, 0, 0, 0, 0, 0, 0, 0, 0, 0, 0, 0, 0, 0, 0, 0, 0, 0, 0, 0, 0, 0, 0, 0, 0), (0, 0, 0, 0, 0, 0, 0, 0, 0, 0, 0, 0, 0, 0, 0, 0, 0, 0, 0, 0, 0, 0, 0, 0, 0, 0, 0, 0, 0, 0, 0, 0, 0, 0, 0, 0, 0, 0, 0, 0), (0, 0, 0, 0, 0, 0, 0, 0, 0, 0, 0, 0, 0, 0, 0, 0, 0, 0, 0, 0, 0, 0, 0, 0, 0, 0, 0, 0, 0, 0, 0, 0, 0, 0, 0, 0, 0, 0, 0, 0)]}}
AdaptationManager: Configuring next round...
{'client_registry': {'enabled': True, 'params': {}}, 'client_selector': {'enabled': False, 'params': {}}, 'client_cluster': {'enabled': False, 'params': {}}, 'message_compressor': {'enabled': False, 'params': {}}, 'model_co-versioning_registry': {'enabled': False, 'params': {}}, 'multi-task_model_trainer': {'enabled': False, 'params': {}}, 'heterogeneous_data_handler': {'enabled': True, 'params': {'enabled_clients': []}}}
{'client_selector': {'enabled': False}, 'client_cluster': {'enabled': False}, 'message_compressor': {'enabled': False}, 'model_co-versioning_registry': {'enabled': False}, 'multi-task_model_trainer': {'enabled': False}, 'heterogeneous_data_handler': {'enabled': True, 'params': {'enabled_clients': ['Client 1', 'Client 2', 'Client 3', 'Client 4', 'Client 5', 'Client 6', 'Client 7', 'Client 8', 'Client 9', 'Client 10', 'Client 11', 'Client 12', 'Client 13', 'Client 14', 'Client 15', 'Client 16', 'Client 17', 'Client 18', 'Client 19', 'Client 20', 'Client 21', 'Client 22', 'Client 23', 'Client 24', 'Client 25', 'Client 26', 'Client 27', 'Client 28', 'Client 29', 'Client 30', 'Client 31', 'Client 32', 'Client 33', 'Client 34', 'Client 35', 'Client 36', 'Client 37', 'Client 38', 'Client 39', 'Client 40']}}, 'client_registry': {'enabled': True, 'params': {}}}
client 1, predicted wo:0.7445 vs w:0.7445
client 2, predicted wo:0.7445 vs w:0.7445
client 3, predicted wo:0.7445 vs w:0.7445
client 4, predicted wo:0.7445 vs w:0.7445
client 5, predicted wo:0.7445 vs w:0.7445
client 6, predicted wo:0.7445 vs w:0.7445
client 7, predicted wo:0.7445 vs w:0.7445
client 8, predicted wo:0.7445 vs w:0.7445
client 9, predicted wo:0.7445 vs w:0.7445
client 10, predicted wo:0.7445 vs w:0.7445
client 11, predicted wo:0.7445 vs w:0.7445
client 12, predicted wo:0.7445 vs w:0.7445
client 13, predicted wo:0.7445 vs w:0.7445
client 14, predicted wo:0.7445 vs w:0.7445
client 15, predicted wo:0.7445 vs w:0.7445
client 16, predicted wo:0.7445 vs w:0.7445
client 17, predicted wo:0.7445 vs w:0.7445
client 18, predicted wo:0.7445 vs w:0.7445
client 19, predicted wo:0.7445 vs w:0.7445
client 20, predicted wo:0.7445 vs w:0.7445
client 21, predicted wo:0.7445 vs w:0.7445
client 22, predicted wo:0.7445 vs w:0.7445
client 23, predicted wo:0.7445 vs w:0.7445
client 24, predicted wo:0.7445 vs w:0.7445
client 25, predicted wo:0.7445 vs w:0.7445
client 26, predicted wo:0.7445 vs w:0.7445
client 27, predicted wo:0.7445 vs w:0.7445
client 28, predicted wo:0.7445 vs w:0.7445
client 29, predicted wo:0.7445 vs w:0.7445
client 30, predicted wo:0.7445 vs w:0.7445
client 31, predicted wo:0.7445 vs w:0.7445
client 32, predicted wo:0.7445 vs w:0.7445
client 33, predicted wo:0.7445 vs w:0.7445
client 34, predicted wo:0.7445 vs w:0.7445
client 35, predicted wo:0.7445 vs w:0.7445
client 36, predicted wo:0.7445 vs w:0.7445
client 37, predicted wo:0.7445 vs w:0.7445
client 38, predicted wo:0.7445 vs w:0.7445
client 39, predicted wo:0.7445 vs w:0.7445
client 40, predicted wo:0.7445 vs w:0.7445
heterogeneous_data_handler activated ✅ for clients: ['Client 1', 'Client 2', 'Client 3', 'Client 4', 'Client 5', 'Client 6', 'Client 7', 'Client 8', 'Client 9', 'Client 10', 'Client 11', 'Client 12', 'Client 13', 'Client 14', 'Client 15', 'Client 16', 'Client 17', 'Client 18', 'Client 19', 'Client 20', 'Client 21', 'Client 22', 'Client 23', 'Client 24', 'Client 25', 'Client 26', 'Client 27', 'Client 28', 'Client 29', 'Client 30', 'Client 31', 'Client 32', 'Client 33', 'Client 34', 'Client 35', 'Client 36', 'Client 37', 'Client 38', 'Client 39', 'Client 40']
Results Aggregated in 0.50 seconds.
{'prostate_logreg': {'train_loss': [0.5817766223473572, 0.5965127669847928, 0.5851117932364015, 0.5736555693608805, 0.5688894120253385, 0.5536228566558844, 0.5440948470583502, 0.5374157621798402, 0.5297749776687873, 0.5317080973072603, 0.523199445862127, 0.5243650457319223, 0.5187776519721122, 0.5198006680219734, 0.5196548682086322, 0.5144996043171259], 'train_accuracy': [0.6919431279620853, 0.6713286713286714, 0.6987381703470031, 0.7301038062283737, 0.7223744292237443, 0.7397998460354118, 0.7495120364346128, 0.7565118912797282, 0.7616632860040567, 0.7621841155234657, 0.7664473684210527, 0.7690566037735849, 0.7692574600971548, 0.7677998717126363, 0.7665066026410564, 0.7754070746771476], 'train_f1': [0.5505438479372129, 0.5624186054433704, 0.6430265604470358, 0.6916744675535892, 0.6898962484524791, 0.7109340930664382, 0.7300080975485886, 0.7401211394361262, 0.7551101911974278, 0.755721571385779, 0.7609156807001201, 0.7639485856606629, 0.7646141889057706, 0.7638607781935722, 0.7628226613262701, 0.772590643532463], 'train_mae': [0.3080568720379147, 0.32867132867132864, 0.30126182965299686, 0.2698961937716263, 0.2776255707762557, 0.2602001539645881, 0.2504879635653871, 0.2434881087202718, 0.2383367139959432, 0.2378158844765343, 0.23355263157894737, 0.2309433962264151, 0.23074253990284524, 0.2322001282873637, 0.2334933973589436, 0.22459292532285233], 'val_loss': [0.7618791530190073, 0.7116550387235947, 0.6752302342366167, 0.6477448255389516, 0.6258882844242323, 0.6105406300268372, 0.6008800180530735, 0.5923988928662959, 0.5853694954171134, 0.5788508350321978, 0.5738706093385103, 0.5694305109945818, 0.56572411459047, 0.5628063402230177, 0.5600726851077518, 0.5573286196763131], 'val_accuracy': [0.4839459177842762, 0.5293462447717767, 0.5743548224713068, 0.6117409834188161, 0.6384363159428738, 0.661466949481052, 0.6760527554368139, 0.6881430567938123, 0.698841403766202, 0.7065282791817087, 0.7118830778742068, 0.7162324367723806, 0.7208443456819289, 0.7246353818368748, 0.7277448213327884, 0.730884712947145], 'val_f1': [0.47795794110493106, 0.525204958106239, 0.5723626168993488, 0.6111156547495269, 0.6382582962730605, 0.6613051434650481, 0.6756728495486932, 0.6874451469283507, 0.6977529125976791, 0.7050373276845466, 0.7099472503409663, 0.71383093139121, 0.7179280169220669, 0.7212908086563817, 0.7240220033962586, 0.7267203379194382], 'val_mae': [0.5160540822157238, 0.47065375522822334, 0.42564517752869324, 0.388259016581184, 0.36156368405712624, 0.338533050518948, 0.32394724456318613, 0.3118569432061878, 0.301158596233798, 0.2934717208182912, 0.2881169221257932, 0.2837675632276194, 0.2791556543180711, 0.27536461816312513, 0.27225517866721155, 0.269115287052855], 'jsd': [(0.0207208396239082, 0.31127812445913283, 0.31127812445913283, 0.31127812445913283, 0.11009182675183558, 0.31127812445913283, 0.31127812445913283, 0.31127812445913283, 0.0037024515418363386, 0.31127812445913283, 0.31127812445913283, 0.31127812445913283, 0.31127812445913283, 0.31127812445913283, 0.31127812445913283, 0.31127812445913283, 0.31127812445913283, 0.07310400793180982, 0.31127812445913283, 0.07310400793180982, 0.31127812445913283, 0.31127812445913283, 0.0037024515418363386, 0.31127812445913283, 0.31127812445913283, 0.31127812445913283, 0, 0.31127812445913283, 0.11009182675183558, 0.31127812445913283, 0.07310400793180982, 0.31127812445913283, 0.0487949406953985, 0.31127812445913283, 0.31127812445913283, 0.31127812445913283, 0.0350583482647871, 0.31127812445913283, 0.31127812445913283, 0.31127812445913283), (0, 0.31127812445913283, 0.31127812445913283, 0.31127812445913283, 0, 0, 0.31127812445913283, 0.07310400793180982, 0, 0.1711038312803313, 0.31127812445913283, 0, 0, 0, 0.31127812445913283, 0.31127812445913283, 0.31127812445913283, 0, 0.31127812445913283, 0, 0, 0, 0, 0.31127812445913283, 0.31127812445913283, 0, 0.12425601093475921, 0.31127812445913283, 0.17750440524619315, 0, 0, 0.31127812445913283, 0.31127812445913283, 0, 0, 0.16395604408354778, 0, 0.31127812445913283, 0.31127812445913283, 0.16395604408354778), (0, 0.16395604408354778, 0.31127812445913283, 0, 0, 0.18850340411986471, 0, 0.11009182675183558, 0, 0, 0, 0.1711038312803313, 0, 0, 0, 0.31127812445913283, 0, 0, 0, 0, 0.31127812445913283, 0, 0, 0.31127812445913283, 0.31127812445913283, 0, 0, 0, 0.2087803925185126, 0, 0, 0.20534969973663775, 0, 0, 0.16395604408354778, 0, 0, 0, 0.31127812445913283, 0), (0, 0.31127812445913283, 0.2087803925185126, 0, 0, 0, 0, 0, 0, 0, 0, 0.19326958066820893, 0, 0, 0, 0, 0, 0, 0, 0, 0, 0, 0, 0.2292798117148899, 0, 0, 0, 0, 0, 0, 0, 0.2227619806994962, 0, 0, 0, 0, 0, 0, 0.2227619806994962, 0), (0, 0, 0.2227619806994962, 0, 0, 0, 0, 0, 0, 0, 0, 0, 0, 0, 0, 0, 0, 0, 0, 0, 0, 0, 0, 0, 0, 0, 0, 0, 0, 0, 0, 0.23646636812449032, 0, 0, 0, 0, 0, 0, 0, 0), (0, 0, 0.23305878051279882, 0, 0, 0, 0, 0, 0, 0, 0, 0, 0, 0, 0, 0, 0, 0, 0, 0, 0, 0, 0, 0, 0, 0, 0, 0, 0, 0, 0, 0.24616505675524458, 0, 0, 0, 0, 0, 0, 0, 0), (0, 0, 0.24237412989240623, 0, 0, 0, 0, 0, 0, 0, 0, 0, 0, 0, 0, 0, 0, 0, 0, 0, 0, 0, 0, 0, 0, 0, 0, 0, 0, 0, 0, 0, 0, 0, 0, 0, 0, 0, 0, 0), (0, 0, 0.24844401300050659, 0, 0, 0, 0, 0, 0, 0, 0, 0, 0, 0, 0, 0, 0, 0, 0, 0, 0, 0, 0, 0, 0, 0, 0, 0, 0, 0, 0, 0, 0, 0, 0, 0, 0, 0, 0, 0), (0, 0, 0, 0, 0, 0, 0, 0, 0, 0, 0, 0, 0, 0, 0, 0, 0, 0, 0, 0, 0, 0, 0, 0, 0, 0, 0, 0, 0, 0, 0, 0, 0, 0, 0, 0, 0, 0, 0, 0), (0, 0, 0, 0, 0, 0, 0, 0, 0, 0, 0, 0, 0, 0, 0, 0, 0, 0, 0, 0, 0, 0, 0, 0, 0, 0, 0, 0, 0, 0, 0, 0, 0, 0, 0, 0, 0, 0, 0, 0), (0, 0, 0, 0, 0, 0, 0, 0, 0, 0, 0, 0, 0, 0, 0, 0, 0, 0, 0, 0, 0, 0, 0, 0, 0, 0, 0, 0, 0, 0, 0, 0, 0, 0, 0, 0, 0, 0, 0, 0), (0, 0, 0, 0, 0, 0, 0, 0, 0, 0, 0, 0, 0, 0, 0, 0, 0, 0, 0, 0, 0, 0, 0, 0, 0, 0, 0, 0, 0, 0, 0, 0, 0, 0, 0, 0, 0, 0, 0, 0), (0, 0, 0, 0, 0, 0, 0, 0, 0, 0, 0, 0, 0, 0, 0, 0, 0, 0, 0, 0, 0, 0, 0, 0, 0, 0, 0, 0, 0, 0, 0, 0, 0, 0, 0, 0, 0, 0, 0, 0), (0, 0, 0, 0, 0, 0, 0, 0, 0, 0, 0, 0, 0, 0, 0, 0, 0, 0, 0, 0, 0, 0, 0, 0, 0, 0, 0, 0, 0, 0, 0, 0, 0, 0, 0, 0, 0, 0, 0, 0), (0, 0, 0, 0, 0, 0, 0, 0, 0, 0, 0, 0, 0, 0, 0, 0, 0, 0, 0, 0, 0, 0, 0, 0, 0, 0, 0, 0, 0, 0, 0, 0, 0, 0, 0, 0, 0, 0, 0, 0), (0, 0, 0, 0, 0, 0, 0, 0, 0, 0, 0, 0, 0, 0, 0, 0, 0, 0, 0, 0, 0, 0, 0, 0, 0, 0, 0, 0, 0, 0, 0, 0, 0, 0, 0, 0, 0, 0, 0, 0)]}}
AdaptationManager: Configuring next round...
{'client_registry': {'enabled': True, 'params': {}}, 'client_selector': {'enabled': False, 'params': {}}, 'client_cluster': {'enabled': False, 'params': {}}, 'message_compressor': {'enabled': False, 'params': {}}, 'model_co-versioning_registry': {'enabled': False, 'params': {}}, 'multi-task_model_trainer': {'enabled': False, 'params': {}}, 'heterogeneous_data_handler': {'enabled': True, 'params': {'enabled_clients': []}}}
{'client_selector': {'enabled': False}, 'client_cluster': {'enabled': False}, 'message_compressor': {'enabled': False}, 'model_co-versioning_registry': {'enabled': False}, 'multi-task_model_trainer': {'enabled': False}, 'heterogeneous_data_handler': {'enabled': True, 'params': {'enabled_clients': ['Client 1', 'Client 2', 'Client 3', 'Client 4', 'Client 5', 'Client 6', 'Client 7', 'Client 8', 'Client 9', 'Client 10', 'Client 11', 'Client 12', 'Client 13', 'Client 14', 'Client 15', 'Client 16', 'Client 17', 'Client 18', 'Client 19', 'Client 20', 'Client 21', 'Client 22', 'Client 23', 'Client 24', 'Client 25', 'Client 26', 'Client 27', 'Client 28', 'Client 29', 'Client 30', 'Client 31', 'Client 32', 'Client 33', 'Client 34', 'Client 35', 'Client 36', 'Client 37', 'Client 38', 'Client 39', 'Client 40']}}, 'client_registry': {'enabled': True, 'params': {}}}
client 1, predicted wo:0.7441 vs w:0.7441
client 2, predicted wo:0.7441 vs w:0.7441
client 3, predicted wo:0.7441 vs w:0.7441
client 4, predicted wo:0.7441 vs w:0.7441
client 5, predicted wo:0.7441 vs w:0.7441
client 6, predicted wo:0.7441 vs w:0.7441
client 7, predicted wo:0.7441 vs w:0.7441
client 8, predicted wo:0.7441 vs w:0.7441
client 9, predicted wo:0.7441 vs w:0.7441
client 10, predicted wo:0.7441 vs w:0.7441
client 11, predicted wo:0.7441 vs w:0.7441
client 12, predicted wo:0.7441 vs w:0.7441
client 13, predicted wo:0.7441 vs w:0.7441
client 14, predicted wo:0.7441 vs w:0.7441
client 15, predicted wo:0.7441 vs w:0.7441
client 16, predicted wo:0.7441 vs w:0.7441
client 17, predicted wo:0.7441 vs w:0.7441
client 18, predicted wo:0.7441 vs w:0.7441
client 19, predicted wo:0.7441 vs w:0.7441
client 20, predicted wo:0.7441 vs w:0.7441
client 21, predicted wo:0.7441 vs w:0.7441
client 22, predicted wo:0.7441 vs w:0.7441
client 23, predicted wo:0.7441 vs w:0.7441
client 24, predicted wo:0.7441 vs w:0.7441
client 25, predicted wo:0.7441 vs w:0.7441
client 26, predicted wo:0.7441 vs w:0.7441
client 27, predicted wo:0.7441 vs w:0.7441
client 28, predicted wo:0.7441 vs w:0.7441
client 29, predicted wo:0.7441 vs w:0.7441
client 30, predicted wo:0.7441 vs w:0.7441
client 31, predicted wo:0.7441 vs w:0.7441
client 32, predicted wo:0.7441 vs w:0.7441
client 33, predicted wo:0.7441 vs w:0.7441
client 34, predicted wo:0.7441 vs w:0.7441
client 35, predicted wo:0.7441 vs w:0.7441
client 36, predicted wo:0.7441 vs w:0.7441
client 37, predicted wo:0.7441 vs w:0.7441
client 38, predicted wo:0.7441 vs w:0.7441
client 39, predicted wo:0.7441 vs w:0.7441
client 40, predicted wo:0.7441 vs w:0.7441
heterogeneous_data_handler activated ✅ for clients: ['Client 1', 'Client 2', 'Client 3', 'Client 4', 'Client 5', 'Client 6', 'Client 7', 'Client 8', 'Client 9', 'Client 10', 'Client 11', 'Client 12', 'Client 13', 'Client 14', 'Client 15', 'Client 16', 'Client 17', 'Client 18', 'Client 19', 'Client 20', 'Client 21', 'Client 22', 'Client 23', 'Client 24', 'Client 25', 'Client 26', 'Client 27', 'Client 28', 'Client 29', 'Client 30', 'Client 31', 'Client 32', 'Client 33', 'Client 34', 'Client 35', 'Client 36', 'Client 37', 'Client 38', 'Client 39', 'Client 40']
Results Aggregated in 0.55 seconds.
{'prostate_logreg': {'train_loss': [0.5817766223473572, 0.5965127669847928, 0.5851117932364015, 0.5736555693608805, 0.5688894120253385, 0.5536228566558844, 0.5440948470583502, 0.5374157621798402, 0.5297749776687873, 0.5317080973072603, 0.523199445862127, 0.5243650457319223, 0.5187776519721122, 0.5198006680219734, 0.5196548682086322, 0.5144996043171259, 0.5162400584254874], 'train_accuracy': [0.6919431279620853, 0.6713286713286714, 0.6987381703470031, 0.7301038062283737, 0.7223744292237443, 0.7397998460354118, 0.7495120364346128, 0.7565118912797282, 0.7616632860040567, 0.7621841155234657, 0.7664473684210527, 0.7690566037735849, 0.7692574600971548, 0.7677998717126363, 0.7665066026410564, 0.7754070746771476, 0.7695353748680043], 'train_f1': [0.5505438479372129, 0.5624186054433704, 0.6430265604470358, 0.6916744675535892, 0.6898962484524791, 0.7109340930664382, 0.7300080975485886, 0.7401211394361262, 0.7551101911974278, 0.755721571385779, 0.7609156807001201, 0.7639485856606629, 0.7646141889057706, 0.7638607781935722, 0.7628226613262701, 0.772590643532463, 0.766700164112149], 'train_mae': [0.3080568720379147, 0.32867132867132864, 0.30126182965299686, 0.2698961937716263, 0.2776255707762557, 0.2602001539645881, 0.2504879635653871, 0.2434881087202718, 0.2383367139959432, 0.2378158844765343, 0.23355263157894737, 0.2309433962264151, 0.23074253990284524, 0.2322001282873637, 0.2334933973589436, 0.22459292532285233, 0.23046462513199578], 'val_loss': [0.7618791530190073, 0.7116550387235947, 0.6752302342366167, 0.6477448255389516, 0.6258882844242323, 0.6105406300268372, 0.6008800180530735, 0.5923988928662959, 0.5853694954171134, 0.5788508350321978, 0.5738706093385103, 0.5694305109945818, 0.56572411459047, 0.5628063402230177, 0.5600726851077518, 0.5573286196763131, 0.5551419521075011], 'val_accuracy': [0.4839459177842762, 0.5293462447717767, 0.5743548224713068, 0.6117409834188161, 0.6384363159428738, 0.661466949481052, 0.6760527554368139, 0.6881430567938123, 0.698841403766202, 0.7065282791817087, 0.7118830778742068, 0.7162324367723806, 0.7208443456819289, 0.7246353818368748, 0.7277448213327884, 0.730884712947145, 0.7332739820410853], 'val_f1': [0.47795794110493106, 0.525204958106239, 0.5723626168993488, 0.6111156547495269, 0.6382582962730605, 0.6613051434650481, 0.6756728495486932, 0.6874451469283507, 0.6977529125976791, 0.7050373276845466, 0.7099472503409663, 0.71383093139121, 0.7179280169220669, 0.7212908086563817, 0.7240220033962586, 0.7267203379194382, 0.7288229852204005], 'val_mae': [0.5160540822157238, 0.47065375522822334, 0.42564517752869324, 0.388259016581184, 0.36156368405712624, 0.338533050518948, 0.32394724456318613, 0.3118569432061878, 0.301158596233798, 0.2934717208182912, 0.2881169221257932, 0.2837675632276194, 0.2791556543180711, 0.27536461816312513, 0.27225517866721155, 0.269115287052855, 0.26672601795891465], 'jsd': [(0.0207208396239082, 0.31127812445913283, 0.31127812445913283, 0.31127812445913283, 0.11009182675183558, 0.31127812445913283, 0.31127812445913283, 0.31127812445913283, 0.0037024515418363386, 0.31127812445913283, 0.31127812445913283, 0.31127812445913283, 0.31127812445913283, 0.31127812445913283, 0.31127812445913283, 0.31127812445913283, 0.31127812445913283, 0.07310400793180982, 0.31127812445913283, 0.07310400793180982, 0.31127812445913283, 0.31127812445913283, 0.0037024515418363386, 0.31127812445913283, 0.31127812445913283, 0.31127812445913283, 0, 0.31127812445913283, 0.11009182675183558, 0.31127812445913283, 0.07310400793180982, 0.31127812445913283, 0.0487949406953985, 0.31127812445913283, 0.31127812445913283, 0.31127812445913283, 0.0350583482647871, 0.31127812445913283, 0.31127812445913283, 0.31127812445913283), (0, 0.31127812445913283, 0.31127812445913283, 0.31127812445913283, 0, 0, 0.31127812445913283, 0.07310400793180982, 0, 0.1711038312803313, 0.31127812445913283, 0, 0, 0, 0.31127812445913283, 0.31127812445913283, 0.31127812445913283, 0, 0.31127812445913283, 0, 0, 0, 0, 0.31127812445913283, 0.31127812445913283, 0, 0.12425601093475921, 0.31127812445913283, 0.17750440524619315, 0, 0, 0.31127812445913283, 0.31127812445913283, 0, 0, 0.16395604408354778, 0, 0.31127812445913283, 0.31127812445913283, 0.16395604408354778), (0, 0.16395604408354778, 0.31127812445913283, 0, 0, 0.18850340411986471, 0, 0.11009182675183558, 0, 0, 0, 0.1711038312803313, 0, 0, 0, 0.31127812445913283, 0, 0, 0, 0, 0.31127812445913283, 0, 0, 0.31127812445913283, 0.31127812445913283, 0, 0, 0, 0.2087803925185126, 0, 0, 0.20534969973663775, 0, 0, 0.16395604408354778, 0, 0, 0, 0.31127812445913283, 0), (0, 0.31127812445913283, 0.2087803925185126, 0, 0, 0, 0, 0, 0, 0, 0, 0.19326958066820893, 0, 0, 0, 0, 0, 0, 0, 0, 0, 0, 0, 0.2292798117148899, 0, 0, 0, 0, 0, 0, 0, 0.2227619806994962, 0, 0, 0, 0, 0, 0, 0.2227619806994962, 0), (0, 0, 0.2227619806994962, 0, 0, 0, 0, 0, 0, 0, 0, 0, 0, 0, 0, 0, 0, 0, 0, 0, 0, 0, 0, 0, 0, 0, 0, 0, 0, 0, 0, 0.23646636812449032, 0, 0, 0, 0, 0, 0, 0, 0), (0, 0, 0.23305878051279882, 0, 0, 0, 0, 0, 0, 0, 0, 0, 0, 0, 0, 0, 0, 0, 0, 0, 0, 0, 0, 0, 0, 0, 0, 0, 0, 0, 0, 0.24616505675524458, 0, 0, 0, 0, 0, 0, 0, 0), (0, 0, 0.24237412989240623, 0, 0, 0, 0, 0, 0, 0, 0, 0, 0, 0, 0, 0, 0, 0, 0, 0, 0, 0, 0, 0, 0, 0, 0, 0, 0, 0, 0, 0, 0, 0, 0, 0, 0, 0, 0, 0), (0, 0, 0.24844401300050659, 0, 0, 0, 0, 0, 0, 0, 0, 0, 0, 0, 0, 0, 0, 0, 0, 0, 0, 0, 0, 0, 0, 0, 0, 0, 0, 0, 0, 0, 0, 0, 0, 0, 0, 0, 0, 0), (0, 0, 0, 0, 0, 0, 0, 0, 0, 0, 0, 0, 0, 0, 0, 0, 0, 0, 0, 0, 0, 0, 0, 0, 0, 0, 0, 0, 0, 0, 0, 0, 0, 0, 0, 0, 0, 0, 0, 0), (0, 0, 0, 0, 0, 0, 0, 0, 0, 0, 0, 0, 0, 0, 0, 0, 0, 0, 0, 0, 0, 0, 0, 0, 0, 0, 0, 0, 0, 0, 0, 0, 0, 0, 0, 0, 0, 0, 0, 0), (0, 0, 0, 0, 0, 0, 0, 0, 0, 0, 0, 0, 0, 0, 0, 0, 0, 0, 0, 0, 0, 0, 0, 0, 0, 0, 0, 0, 0, 0, 0, 0, 0, 0, 0, 0, 0, 0, 0, 0), (0, 0, 0, 0, 0, 0, 0, 0, 0, 0, 0, 0, 0, 0, 0, 0, 0, 0, 0, 0, 0, 0, 0, 0, 0, 0, 0, 0, 0, 0, 0, 0, 0, 0, 0, 0, 0, 0, 0, 0), (0, 0, 0, 0, 0, 0, 0, 0, 0, 0, 0, 0, 0, 0, 0, 0, 0, 0, 0, 0, 0, 0, 0, 0, 0, 0, 0, 0, 0, 0, 0, 0, 0, 0, 0, 0, 0, 0, 0, 0), (0, 0, 0, 0, 0, 0, 0, 0, 0, 0, 0, 0, 0, 0, 0, 0, 0, 0, 0, 0, 0, 0, 0, 0, 0, 0, 0, 0, 0, 0, 0, 0, 0, 0, 0, 0, 0, 0, 0, 0), (0, 0, 0, 0, 0, 0, 0, 0, 0, 0, 0, 0, 0, 0, 0, 0, 0, 0, 0, 0, 0, 0, 0, 0, 0, 0, 0, 0, 0, 0, 0, 0, 0, 0, 0, 0, 0, 0, 0, 0), (0, 0, 0, 0, 0, 0, 0, 0, 0, 0, 0, 0, 0, 0, 0, 0, 0, 0, 0, 0, 0, 0, 0, 0, 0, 0, 0, 0, 0, 0, 0, 0, 0, 0, 0, 0, 0, 0, 0, 0), (0, 0, 0, 0, 0, 0, 0, 0, 0, 0, 0, 0, 0, 0, 0, 0, 0, 0, 0, 0, 0, 0, 0, 0, 0, 0, 0, 0, 0, 0, 0, 0, 0, 0, 0, 0, 0, 0, 0, 0)]}}
AdaptationManager: Configuring next round...
{'client_registry': {'enabled': True, 'params': {}}, 'client_selector': {'enabled': False, 'params': {}}, 'client_cluster': {'enabled': False, 'params': {}}, 'message_compressor': {'enabled': False, 'params': {}}, 'model_co-versioning_registry': {'enabled': False, 'params': {}}, 'multi-task_model_trainer': {'enabled': False, 'params': {}}, 'heterogeneous_data_handler': {'enabled': True, 'params': {'enabled_clients': []}}}
{'client_selector': {'enabled': False}, 'client_cluster': {'enabled': False}, 'message_compressor': {'enabled': False}, 'model_co-versioning_registry': {'enabled': False}, 'multi-task_model_trainer': {'enabled': False}, 'heterogeneous_data_handler': {'enabled': True, 'params': {'enabled_clients': ['Client 1', 'Client 2', 'Client 3', 'Client 4', 'Client 5', 'Client 6', 'Client 7', 'Client 8', 'Client 9', 'Client 10', 'Client 11', 'Client 12', 'Client 13', 'Client 14', 'Client 15', 'Client 16', 'Client 17', 'Client 18', 'Client 19', 'Client 20', 'Client 21', 'Client 22', 'Client 23', 'Client 24', 'Client 25', 'Client 26', 'Client 27', 'Client 28', 'Client 29', 'Client 30', 'Client 31', 'Client 32', 'Client 33', 'Client 34', 'Client 35', 'Client 36', 'Client 37', 'Client 38', 'Client 39', 'Client 40']}}, 'client_registry': {'enabled': True, 'params': {}}}
client 1, predicted wo:0.7441 vs w:0.7441
client 2, predicted wo:0.7441 vs w:0.7441
client 3, predicted wo:0.7441 vs w:0.7441
client 4, predicted wo:0.7441 vs w:0.7441
client 5, predicted wo:0.7441 vs w:0.7441
client 6, predicted wo:0.7441 vs w:0.7441
client 7, predicted wo:0.7441 vs w:0.7441
client 8, predicted wo:0.7441 vs w:0.7441
client 9, predicted wo:0.7441 vs w:0.7441
client 10, predicted wo:0.7441 vs w:0.7441
client 11, predicted wo:0.7441 vs w:0.7441
client 12, predicted wo:0.7441 vs w:0.7441
client 13, predicted wo:0.7441 vs w:0.7441
client 14, predicted wo:0.7441 vs w:0.7441
client 15, predicted wo:0.7441 vs w:0.7441
client 16, predicted wo:0.7441 vs w:0.7441
client 17, predicted wo:0.7441 vs w:0.7441
client 18, predicted wo:0.7441 vs w:0.7441
client 19, predicted wo:0.7441 vs w:0.7441
client 20, predicted wo:0.7441 vs w:0.7441
client 21, predicted wo:0.7441 vs w:0.7441
client 22, predicted wo:0.7441 vs w:0.7441
client 23, predicted wo:0.7441 vs w:0.7441
client 24, predicted wo:0.7441 vs w:0.7441
client 25, predicted wo:0.7441 vs w:0.7441
client 26, predicted wo:0.7441 vs w:0.7441
client 27, predicted wo:0.7441 vs w:0.7441
client 28, predicted wo:0.7441 vs w:0.7441
client 29, predicted wo:0.7441 vs w:0.7441
client 30, predicted wo:0.7441 vs w:0.7441
client 31, predicted wo:0.7441 vs w:0.7441
client 32, predicted wo:0.7441 vs w:0.7441
client 33, predicted wo:0.7441 vs w:0.7441
client 34, predicted wo:0.7441 vs w:0.7441
client 35, predicted wo:0.7441 vs w:0.7441
client 36, predicted wo:0.7441 vs w:0.7441
client 37, predicted wo:0.7441 vs w:0.7441
client 38, predicted wo:0.7441 vs w:0.7441
client 39, predicted wo:0.7441 vs w:0.7441
client 40, predicted wo:0.7441 vs w:0.7441
heterogeneous_data_handler activated ✅ for clients: ['Client 1', 'Client 2', 'Client 3', 'Client 4', 'Client 5', 'Client 6', 'Client 7', 'Client 8', 'Client 9', 'Client 10', 'Client 11', 'Client 12', 'Client 13', 'Client 14', 'Client 15', 'Client 16', 'Client 17', 'Client 18', 'Client 19', 'Client 20', 'Client 21', 'Client 22', 'Client 23', 'Client 24', 'Client 25', 'Client 26', 'Client 27', 'Client 28', 'Client 29', 'Client 30', 'Client 31', 'Client 32', 'Client 33', 'Client 34', 'Client 35', 'Client 36', 'Client 37', 'Client 38', 'Client 39', 'Client 40']
Results Aggregated in 0.54 seconds.
{'prostate_logreg': {'train_loss': [0.5817766223473572, 0.5965127669847928, 0.5851117932364015, 0.5736555693608805, 0.5688894120253385, 0.5536228566558844, 0.5440948470583502, 0.5374157621798402, 0.5297749776687873, 0.5317080973072603, 0.523199445862127, 0.5243650457319223, 0.5187776519721122, 0.5198006680219734, 0.5196548682086322, 0.5144996043171259, 0.5162400584254874, 0.5124523393683262], 'train_accuracy': [0.6919431279620853, 0.6713286713286714, 0.6987381703470031, 0.7301038062283737, 0.7223744292237443, 0.7397998460354118, 0.7495120364346128, 0.7565118912797282, 0.7616632860040567, 0.7621841155234657, 0.7664473684210527, 0.7690566037735849, 0.7692574600971548, 0.7677998717126363, 0.7665066026410564, 0.7754070746771476, 0.7695353748680043, 0.7742257742257742], 'train_f1': [0.5505438479372129, 0.5624186054433704, 0.6430265604470358, 0.6916744675535892, 0.6898962484524791, 0.7109340930664382, 0.7300080975485886, 0.7401211394361262, 0.7551101911974278, 0.755721571385779, 0.7609156807001201, 0.7639485856606629, 0.7646141889057706, 0.7638607781935722, 0.7628226613262701, 0.772590643532463, 0.766700164112149, 0.7721253525251148], 'train_mae': [0.3080568720379147, 0.32867132867132864, 0.30126182965299686, 0.2698961937716263, 0.2776255707762557, 0.2602001539645881, 0.2504879635653871, 0.2434881087202718, 0.2383367139959432, 0.2378158844765343, 0.23355263157894737, 0.2309433962264151, 0.23074253990284524, 0.2322001282873637, 0.2334933973589436, 0.22459292532285233, 0.23046462513199578, 0.22577422577422576], 'val_loss': [0.7618791530190073, 0.7116550387235947, 0.6752302342366167, 0.6477448255389516, 0.6258882844242323, 0.6105406300268372, 0.6008800180530735, 0.5923988928662959, 0.5853694954171134, 0.5788508350321978, 0.5738706093385103, 0.5694305109945818, 0.56572411459047, 0.5628063402230177, 0.5600726851077518, 0.5573286196763131, 0.5551419521075011, 0.553207823401605], 'val_accuracy': [0.4839459177842762, 0.5293462447717767, 0.5743548224713068, 0.6117409834188161, 0.6384363159428738, 0.661466949481052, 0.6760527554368139, 0.6881430567938123, 0.698841403766202, 0.7065282791817087, 0.7118830778742068, 0.7162324367723806, 0.7208443456819289, 0.7246353818368748, 0.7277448213327884, 0.730884712947145, 0.7332739820410853, 0.7352793483112632], 'val_f1': [0.47795794110493106, 0.525204958106239, 0.5723626168993488, 0.6111156547495269, 0.6382582962730605, 0.6613051434650481, 0.6756728495486932, 0.6874451469283507, 0.6977529125976791, 0.7050373276845466, 0.7099472503409663, 0.71383093139121, 0.7179280169220669, 0.7212908086563817, 0.7240220033962586, 0.7267203379194382, 0.7288229852204005, 0.7305292216973135], 'val_mae': [0.5160540822157238, 0.47065375522822334, 0.42564517752869324, 0.388259016581184, 0.36156368405712624, 0.338533050518948, 0.32394724456318613, 0.3118569432061878, 0.301158596233798, 0.2934717208182912, 0.2881169221257932, 0.2837675632276194, 0.2791556543180711, 0.27536461816312513, 0.27225517866721155, 0.269115287052855, 0.26672601795891465, 0.2647206516887368], 'jsd': [(0.0207208396239082, 0.31127812445913283, 0.31127812445913283, 0.31127812445913283, 0.11009182675183558, 0.31127812445913283, 0.31127812445913283, 0.31127812445913283, 0.0037024515418363386, 0.31127812445913283, 0.31127812445913283, 0.31127812445913283, 0.31127812445913283, 0.31127812445913283, 0.31127812445913283, 0.31127812445913283, 0.31127812445913283, 0.07310400793180982, 0.31127812445913283, 0.07310400793180982, 0.31127812445913283, 0.31127812445913283, 0.0037024515418363386, 0.31127812445913283, 0.31127812445913283, 0.31127812445913283, 0, 0.31127812445913283, 0.11009182675183558, 0.31127812445913283, 0.07310400793180982, 0.31127812445913283, 0.0487949406953985, 0.31127812445913283, 0.31127812445913283, 0.31127812445913283, 0.0350583482647871, 0.31127812445913283, 0.31127812445913283, 0.31127812445913283), (0, 0.31127812445913283, 0.31127812445913283, 0.31127812445913283, 0, 0, 0.31127812445913283, 0.07310400793180982, 0, 0.1711038312803313, 0.31127812445913283, 0, 0, 0, 0.31127812445913283, 0.31127812445913283, 0.31127812445913283, 0, 0.31127812445913283, 0, 0, 0, 0, 0.31127812445913283, 0.31127812445913283, 0, 0.12425601093475921, 0.31127812445913283, 0.17750440524619315, 0, 0, 0.31127812445913283, 0.31127812445913283, 0, 0, 0.16395604408354778, 0, 0.31127812445913283, 0.31127812445913283, 0.16395604408354778), (0, 0.16395604408354778, 0.31127812445913283, 0, 0, 0.18850340411986471, 0, 0.11009182675183558, 0, 0, 0, 0.1711038312803313, 0, 0, 0, 0.31127812445913283, 0, 0, 0, 0, 0.31127812445913283, 0, 0, 0.31127812445913283, 0.31127812445913283, 0, 0, 0, 0.2087803925185126, 0, 0, 0.20534969973663775, 0, 0, 0.16395604408354778, 0, 0, 0, 0.31127812445913283, 0), (0, 0.31127812445913283, 0.2087803925185126, 0, 0, 0, 0, 0, 0, 0, 0, 0.19326958066820893, 0, 0, 0, 0, 0, 0, 0, 0, 0, 0, 0, 0.2292798117148899, 0, 0, 0, 0, 0, 0, 0, 0.2227619806994962, 0, 0, 0, 0, 0, 0, 0.2227619806994962, 0), (0, 0, 0.2227619806994962, 0, 0, 0, 0, 0, 0, 0, 0, 0, 0, 0, 0, 0, 0, 0, 0, 0, 0, 0, 0, 0, 0, 0, 0, 0, 0, 0, 0, 0.23646636812449032, 0, 0, 0, 0, 0, 0, 0, 0), (0, 0, 0.23305878051279882, 0, 0, 0, 0, 0, 0, 0, 0, 0, 0, 0, 0, 0, 0, 0, 0, 0, 0, 0, 0, 0, 0, 0, 0, 0, 0, 0, 0, 0.24616505675524458, 0, 0, 0, 0, 0, 0, 0, 0), (0, 0, 0.24237412989240623, 0, 0, 0, 0, 0, 0, 0, 0, 0, 0, 0, 0, 0, 0, 0, 0, 0, 0, 0, 0, 0, 0, 0, 0, 0, 0, 0, 0, 0, 0, 0, 0, 0, 0, 0, 0, 0), (0, 0, 0.24844401300050659, 0, 0, 0, 0, 0, 0, 0, 0, 0, 0, 0, 0, 0, 0, 0, 0, 0, 0, 0, 0, 0, 0, 0, 0, 0, 0, 0, 0, 0, 0, 0, 0, 0, 0, 0, 0, 0), (0, 0, 0, 0, 0, 0, 0, 0, 0, 0, 0, 0, 0, 0, 0, 0, 0, 0, 0, 0, 0, 0, 0, 0, 0, 0, 0, 0, 0, 0, 0, 0, 0, 0, 0, 0, 0, 0, 0, 0), (0, 0, 0, 0, 0, 0, 0, 0, 0, 0, 0, 0, 0, 0, 0, 0, 0, 0, 0, 0, 0, 0, 0, 0, 0, 0, 0, 0, 0, 0, 0, 0, 0, 0, 0, 0, 0, 0, 0, 0), (0, 0, 0, 0, 0, 0, 0, 0, 0, 0, 0, 0, 0, 0, 0, 0, 0, 0, 0, 0, 0, 0, 0, 0, 0, 0, 0, 0, 0, 0, 0, 0, 0, 0, 0, 0, 0, 0, 0, 0), (0, 0, 0, 0, 0, 0, 0, 0, 0, 0, 0, 0, 0, 0, 0, 0, 0, 0, 0, 0, 0, 0, 0, 0, 0, 0, 0, 0, 0, 0, 0, 0, 0, 0, 0, 0, 0, 0, 0, 0), (0, 0, 0, 0, 0, 0, 0, 0, 0, 0, 0, 0, 0, 0, 0, 0, 0, 0, 0, 0, 0, 0, 0, 0, 0, 0, 0, 0, 0, 0, 0, 0, 0, 0, 0, 0, 0, 0, 0, 0), (0, 0, 0, 0, 0, 0, 0, 0, 0, 0, 0, 0, 0, 0, 0, 0, 0, 0, 0, 0, 0, 0, 0, 0, 0, 0, 0, 0, 0, 0, 0, 0, 0, 0, 0, 0, 0, 0, 0, 0), (0, 0, 0, 0, 0, 0, 0, 0, 0, 0, 0, 0, 0, 0, 0, 0, 0, 0, 0, 0, 0, 0, 0, 0, 0, 0, 0, 0, 0, 0, 0, 0, 0, 0, 0, 0, 0, 0, 0, 0), (0, 0, 0, 0, 0, 0, 0, 0, 0, 0, 0, 0, 0, 0, 0, 0, 0, 0, 0, 0, 0, 0, 0, 0, 0, 0, 0, 0, 0, 0, 0, 0, 0, 0, 0, 0, 0, 0, 0, 0), (0, 0, 0, 0, 0, 0, 0, 0, 0, 0, 0, 0, 0, 0, 0, 0, 0, 0, 0, 0, 0, 0, 0, 0, 0, 0, 0, 0, 0, 0, 0, 0, 0, 0, 0, 0, 0, 0, 0, 0), (0, 0, 0, 0, 0, 0, 0, 0, 0, 0, 0, 0, 0, 0, 0, 0, 0, 0, 0, 0, 0, 0, 0, 0, 0, 0, 0, 0, 0, 0, 0, 0, 0, 0, 0, 0, 0, 0, 0, 0)]}}
AdaptationManager: Configuring next round...
{'client_registry': {'enabled': True, 'params': {}}, 'client_selector': {'enabled': False, 'params': {}}, 'client_cluster': {'enabled': False, 'params': {}}, 'message_compressor': {'enabled': False, 'params': {}}, 'model_co-versioning_registry': {'enabled': False, 'params': {}}, 'multi-task_model_trainer': {'enabled': False, 'params': {}}, 'heterogeneous_data_handler': {'enabled': True, 'params': {'enabled_clients': []}}}
{'client_selector': {'enabled': False}, 'client_cluster': {'enabled': False}, 'message_compressor': {'enabled': False}, 'model_co-versioning_registry': {'enabled': False}, 'multi-task_model_trainer': {'enabled': False}, 'heterogeneous_data_handler': {'enabled': True, 'params': {'enabled_clients': ['Client 1', 'Client 2', 'Client 3', 'Client 4', 'Client 5', 'Client 6', 'Client 7', 'Client 8', 'Client 9', 'Client 10', 'Client 11', 'Client 12', 'Client 13', 'Client 14', 'Client 15', 'Client 16', 'Client 17', 'Client 18', 'Client 19', 'Client 20', 'Client 21', 'Client 22', 'Client 23', 'Client 24', 'Client 25', 'Client 26', 'Client 27', 'Client 28', 'Client 29', 'Client 30', 'Client 31', 'Client 32', 'Client 33', 'Client 34', 'Client 35', 'Client 36', 'Client 37', 'Client 38', 'Client 39', 'Client 40']}}, 'client_registry': {'enabled': True, 'params': {}}}
client 1, predicted wo:0.7441 vs w:0.7441
client 2, predicted wo:0.7441 vs w:0.7441
client 3, predicted wo:0.7441 vs w:0.7441
client 4, predicted wo:0.7441 vs w:0.7441
client 5, predicted wo:0.7441 vs w:0.7441
client 6, predicted wo:0.7441 vs w:0.7441
client 7, predicted wo:0.7441 vs w:0.7441
client 8, predicted wo:0.7441 vs w:0.7441
client 9, predicted wo:0.7441 vs w:0.7441
client 10, predicted wo:0.7441 vs w:0.7441
client 11, predicted wo:0.7441 vs w:0.7441
client 12, predicted wo:0.7441 vs w:0.7441
client 13, predicted wo:0.7441 vs w:0.7441
client 14, predicted wo:0.7441 vs w:0.7441
client 15, predicted wo:0.7441 vs w:0.7441
client 16, predicted wo:0.7441 vs w:0.7441
client 17, predicted wo:0.7441 vs w:0.7441
client 18, predicted wo:0.7441 vs w:0.7441
client 19, predicted wo:0.7441 vs w:0.7441
client 20, predicted wo:0.7441 vs w:0.7441
client 21, predicted wo:0.7441 vs w:0.7441
client 22, predicted wo:0.7441 vs w:0.7441
client 23, predicted wo:0.7441 vs w:0.7441
client 24, predicted wo:0.7441 vs w:0.7441
client 25, predicted wo:0.7441 vs w:0.7441
client 26, predicted wo:0.7441 vs w:0.7441
client 27, predicted wo:0.7441 vs w:0.7441
client 28, predicted wo:0.7441 vs w:0.7441
client 29, predicted wo:0.7441 vs w:0.7441
client 30, predicted wo:0.7441 vs w:0.7441
client 31, predicted wo:0.7441 vs w:0.7441
client 32, predicted wo:0.7441 vs w:0.7441
client 33, predicted wo:0.7441 vs w:0.7441
client 34, predicted wo:0.7441 vs w:0.7441
client 35, predicted wo:0.7441 vs w:0.7441
client 36, predicted wo:0.7441 vs w:0.7441
client 37, predicted wo:0.7441 vs w:0.7441
client 38, predicted wo:0.7441 vs w:0.7441
client 39, predicted wo:0.7441 vs w:0.7441
client 40, predicted wo:0.7441 vs w:0.7441
heterogeneous_data_handler activated ✅ for clients: ['Client 1', 'Client 2', 'Client 3', 'Client 4', 'Client 5', 'Client 6', 'Client 7', 'Client 8', 'Client 9', 'Client 10', 'Client 11', 'Client 12', 'Client 13', 'Client 14', 'Client 15', 'Client 16', 'Client 17', 'Client 18', 'Client 19', 'Client 20', 'Client 21', 'Client 22', 'Client 23', 'Client 24', 'Client 25', 'Client 26', 'Client 27', 'Client 28', 'Client 29', 'Client 30', 'Client 31', 'Client 32', 'Client 33', 'Client 34', 'Client 35', 'Client 36', 'Client 37', 'Client 38', 'Client 39', 'Client 40']
Results Aggregated in 0.65 seconds.
{'prostate_logreg': {'train_loss': [0.5817766223473572, 0.5965127669847928, 0.5851117932364015, 0.5736555693608805, 0.5688894120253385, 0.5536228566558844, 0.5440948470583502, 0.5374157621798402, 0.5297749776687873, 0.5317080973072603, 0.523199445862127, 0.5243650457319223, 0.5187776519721122, 0.5198006680219734, 0.5196548682086322, 0.5144996043171259, 0.5162400584254874, 0.5124523393683262, 0.5036400587564382], 'train_accuracy': [0.6919431279620853, 0.6713286713286714, 0.6987381703470031, 0.7301038062283737, 0.7223744292237443, 0.7397998460354118, 0.7495120364346128, 0.7565118912797282, 0.7616632860040567, 0.7621841155234657, 0.7664473684210527, 0.7690566037735849, 0.7692574600971548, 0.7677998717126363, 0.7665066026410564, 0.7754070746771476, 0.7695353748680043, 0.7742257742257742, 0.7787234042553192], 'train_f1': [0.5505438479372129, 0.5624186054433704, 0.6430265604470358, 0.6916744675535892, 0.6898962484524791, 0.7109340930664382, 0.7300080975485886, 0.7401211394361262, 0.7551101911974278, 0.755721571385779, 0.7609156807001201, 0.7639485856606629, 0.7646141889057706, 0.7638607781935722, 0.7628226613262701, 0.772590643532463, 0.766700164112149, 0.7721253525251148, 0.7769129022312312], 'train_mae': [0.3080568720379147, 0.32867132867132864, 0.30126182965299686, 0.2698961937716263, 0.2776255707762557, 0.2602001539645881, 0.2504879635653871, 0.2434881087202718, 0.2383367139959432, 0.2378158844765343, 0.23355263157894737, 0.2309433962264151, 0.23074253990284524, 0.2322001282873637, 0.2334933973589436, 0.22459292532285233, 0.23046462513199578, 0.22577422577422576, 0.22127659574468084], 'val_loss': [0.7618791530190073, 0.7116550387235947, 0.6752302342366167, 0.6477448255389516, 0.6258882844242323, 0.6105406300268372, 0.6008800180530735, 0.5923988928662959, 0.5853694954171134, 0.5788508350321978, 0.5738706093385103, 0.5694305109945818, 0.56572411459047, 0.5628063402230177, 0.5600726851077518, 0.5573286196763131, 0.5551419521075011, 0.553207823401605, 0.551433885987331], 'val_accuracy': [0.4839459177842762, 0.5293462447717767, 0.5743548224713068, 0.6117409834188161, 0.6384363159428738, 0.661466949481052, 0.6760527554368139, 0.6881430567938123, 0.698841403766202, 0.7065282791817087, 0.7118830778742068, 0.7162324367723806, 0.7208443456819289, 0.7246353818368748, 0.7277448213327884, 0.730884712947145, 0.7332739820410853, 0.7352793483112632, 0.7374197307311838], 'val_f1': [0.47795794110493106, 0.525204958106239, 0.5723626168993488, 0.6111156547495269, 0.6382582962730605, 0.6613051434650481, 0.6756728495486932, 0.6874451469283507, 0.6977529125976791, 0.7050373276845466, 0.7099472503409663, 0.71383093139121, 0.7179280169220669, 0.7212908086563817, 0.7240220033962586, 0.7267203379194382, 0.7288229852204005, 0.7305292216973135, 0.732385875302041], 'val_mae': [0.5160540822157238, 0.47065375522822334, 0.42564517752869324, 0.388259016581184, 0.36156368405712624, 0.338533050518948, 0.32394724456318613, 0.3118569432061878, 0.301158596233798, 0.2934717208182912, 0.2881169221257932, 0.2837675632276194, 0.2791556543180711, 0.27536461816312513, 0.27225517866721155, 0.269115287052855, 0.26672601795891465, 0.2647206516887368, 0.2625802692688161], 'jsd': [(0.0207208396239082, 0.31127812445913283, 0.31127812445913283, 0.31127812445913283, 0.11009182675183558, 0.31127812445913283, 0.31127812445913283, 0.31127812445913283, 0.0037024515418363386, 0.31127812445913283, 0.31127812445913283, 0.31127812445913283, 0.31127812445913283, 0.31127812445913283, 0.31127812445913283, 0.31127812445913283, 0.31127812445913283, 0.07310400793180982, 0.31127812445913283, 0.07310400793180982, 0.31127812445913283, 0.31127812445913283, 0.0037024515418363386, 0.31127812445913283, 0.31127812445913283, 0.31127812445913283, 0, 0.31127812445913283, 0.11009182675183558, 0.31127812445913283, 0.07310400793180982, 0.31127812445913283, 0.0487949406953985, 0.31127812445913283, 0.31127812445913283, 0.31127812445913283, 0.0350583482647871, 0.31127812445913283, 0.31127812445913283, 0.31127812445913283), (0, 0.31127812445913283, 0.31127812445913283, 0.31127812445913283, 0, 0, 0.31127812445913283, 0.07310400793180982, 0, 0.1711038312803313, 0.31127812445913283, 0, 0, 0, 0.31127812445913283, 0.31127812445913283, 0.31127812445913283, 0, 0.31127812445913283, 0, 0, 0, 0, 0.31127812445913283, 0.31127812445913283, 0, 0.12425601093475921, 0.31127812445913283, 0.17750440524619315, 0, 0, 0.31127812445913283, 0.31127812445913283, 0, 0, 0.16395604408354778, 0, 0.31127812445913283, 0.31127812445913283, 0.16395604408354778), (0, 0.16395604408354778, 0.31127812445913283, 0, 0, 0.18850340411986471, 0, 0.11009182675183558, 0, 0, 0, 0.1711038312803313, 0, 0, 0, 0.31127812445913283, 0, 0, 0, 0, 0.31127812445913283, 0, 0, 0.31127812445913283, 0.31127812445913283, 0, 0, 0, 0.2087803925185126, 0, 0, 0.20534969973663775, 0, 0, 0.16395604408354778, 0, 0, 0, 0.31127812445913283, 0), (0, 0.31127812445913283, 0.2087803925185126, 0, 0, 0, 0, 0, 0, 0, 0, 0.19326958066820893, 0, 0, 0, 0, 0, 0, 0, 0, 0, 0, 0, 0.2292798117148899, 0, 0, 0, 0, 0, 0, 0, 0.2227619806994962, 0, 0, 0, 0, 0, 0, 0.2227619806994962, 0), (0, 0, 0.2227619806994962, 0, 0, 0, 0, 0, 0, 0, 0, 0, 0, 0, 0, 0, 0, 0, 0, 0, 0, 0, 0, 0, 0, 0, 0, 0, 0, 0, 0, 0.23646636812449032, 0, 0, 0, 0, 0, 0, 0, 0), (0, 0, 0.23305878051279882, 0, 0, 0, 0, 0, 0, 0, 0, 0, 0, 0, 0, 0, 0, 0, 0, 0, 0, 0, 0, 0, 0, 0, 0, 0, 0, 0, 0, 0.24616505675524458, 0, 0, 0, 0, 0, 0, 0, 0), (0, 0, 0.24237412989240623, 0, 0, 0, 0, 0, 0, 0, 0, 0, 0, 0, 0, 0, 0, 0, 0, 0, 0, 0, 0, 0, 0, 0, 0, 0, 0, 0, 0, 0, 0, 0, 0, 0, 0, 0, 0, 0), (0, 0, 0.24844401300050659, 0, 0, 0, 0, 0, 0, 0, 0, 0, 0, 0, 0, 0, 0, 0, 0, 0, 0, 0, 0, 0, 0, 0, 0, 0, 0, 0, 0, 0, 0, 0, 0, 0, 0, 0, 0, 0), (0, 0, 0, 0, 0, 0, 0, 0, 0, 0, 0, 0, 0, 0, 0, 0, 0, 0, 0, 0, 0, 0, 0, 0, 0, 0, 0, 0, 0, 0, 0, 0, 0, 0, 0, 0, 0, 0, 0, 0), (0, 0, 0, 0, 0, 0, 0, 0, 0, 0, 0, 0, 0, 0, 0, 0, 0, 0, 0, 0, 0, 0, 0, 0, 0, 0, 0, 0, 0, 0, 0, 0, 0, 0, 0, 0, 0, 0, 0, 0), (0, 0, 0, 0, 0, 0, 0, 0, 0, 0, 0, 0, 0, 0, 0, 0, 0, 0, 0, 0, 0, 0, 0, 0, 0, 0, 0, 0, 0, 0, 0, 0, 0, 0, 0, 0, 0, 0, 0, 0), (0, 0, 0, 0, 0, 0, 0, 0, 0, 0, 0, 0, 0, 0, 0, 0, 0, 0, 0, 0, 0, 0, 0, 0, 0, 0, 0, 0, 0, 0, 0, 0, 0, 0, 0, 0, 0, 0, 0, 0), (0, 0, 0, 0, 0, 0, 0, 0, 0, 0, 0, 0, 0, 0, 0, 0, 0, 0, 0, 0, 0, 0, 0, 0, 0, 0, 0, 0, 0, 0, 0, 0, 0, 0, 0, 0, 0, 0, 0, 0), (0, 0, 0, 0, 0, 0, 0, 0, 0, 0, 0, 0, 0, 0, 0, 0, 0, 0, 0, 0, 0, 0, 0, 0, 0, 0, 0, 0, 0, 0, 0, 0, 0, 0, 0, 0, 0, 0, 0, 0), (0, 0, 0, 0, 0, 0, 0, 0, 0, 0, 0, 0, 0, 0, 0, 0, 0, 0, 0, 0, 0, 0, 0, 0, 0, 0, 0, 0, 0, 0, 0, 0, 0, 0, 0, 0, 0, 0, 0, 0), (0, 0, 0, 0, 0, 0, 0, 0, 0, 0, 0, 0, 0, 0, 0, 0, 0, 0, 0, 0, 0, 0, 0, 0, 0, 0, 0, 0, 0, 0, 0, 0, 0, 0, 0, 0, 0, 0, 0, 0), (0, 0, 0, 0, 0, 0, 0, 0, 0, 0, 0, 0, 0, 0, 0, 0, 0, 0, 0, 0, 0, 0, 0, 0, 0, 0, 0, 0, 0, 0, 0, 0, 0, 0, 0, 0, 0, 0, 0, 0), (0, 0, 0, 0, 0, 0, 0, 0, 0, 0, 0, 0, 0, 0, 0, 0, 0, 0, 0, 0, 0, 0, 0, 0, 0, 0, 0, 0, 0, 0, 0, 0, 0, 0, 0, 0, 0, 0, 0, 0), (0, 0, 0, 0, 0, 0, 0, 0, 0, 0, 0, 0, 0, 0, 0, 0, 0, 0, 0, 0, 0, 0, 0, 0, 0, 0, 0, 0, 0, 0, 0, 0, 0, 0, 0, 0, 0, 0, 0, 0)]}}
AdaptationManager: Configuring next round...
{'client_registry': {'enabled': True, 'params': {}}, 'client_selector': {'enabled': False, 'params': {}}, 'client_cluster': {'enabled': False, 'params': {}}, 'message_compressor': {'enabled': False, 'params': {}}, 'model_co-versioning_registry': {'enabled': False, 'params': {}}, 'multi-task_model_trainer': {'enabled': False, 'params': {}}, 'heterogeneous_data_handler': {'enabled': True, 'params': {'enabled_clients': []}}}
{'client_selector': {'enabled': False}, 'client_cluster': {'enabled': False}, 'message_compressor': {'enabled': False}, 'model_co-versioning_registry': {'enabled': False}, 'multi-task_model_trainer': {'enabled': False}, 'heterogeneous_data_handler': {'enabled': True, 'params': {'enabled_clients': ['Client 1', 'Client 2', 'Client 3', 'Client 4', 'Client 5', 'Client 6', 'Client 7', 'Client 8', 'Client 9', 'Client 10', 'Client 11', 'Client 12', 'Client 13', 'Client 14', 'Client 15', 'Client 16', 'Client 17', 'Client 18', 'Client 19', 'Client 20', 'Client 21', 'Client 22', 'Client 23', 'Client 24', 'Client 25', 'Client 26', 'Client 27', 'Client 28', 'Client 29', 'Client 30', 'Client 31', 'Client 32', 'Client 33', 'Client 34', 'Client 35', 'Client 36', 'Client 37', 'Client 38', 'Client 39', 'Client 40']}}, 'client_registry': {'enabled': True, 'params': {}}}
client 1, predicted wo:0.7441 vs w:0.7441
client 2, predicted wo:0.7441 vs w:0.7441
client 3, predicted wo:0.7441 vs w:0.7441
client 4, predicted wo:0.7441 vs w:0.7441
client 5, predicted wo:0.7441 vs w:0.7441
client 6, predicted wo:0.7441 vs w:0.7441
client 7, predicted wo:0.7441 vs w:0.7441
client 8, predicted wo:0.7441 vs w:0.7441
client 9, predicted wo:0.7441 vs w:0.7441
client 10, predicted wo:0.7441 vs w:0.7441
client 11, predicted wo:0.7441 vs w:0.7441
client 12, predicted wo:0.7441 vs w:0.7441
client 13, predicted wo:0.7441 vs w:0.7441
client 14, predicted wo:0.7441 vs w:0.7441
client 15, predicted wo:0.7441 vs w:0.7441
client 16, predicted wo:0.7441 vs w:0.7441
client 17, predicted wo:0.7441 vs w:0.7441
client 18, predicted wo:0.7441 vs w:0.7441
client 19, predicted wo:0.7441 vs w:0.7441
client 20, predicted wo:0.7441 vs w:0.7441
client 21, predicted wo:0.7441 vs w:0.7441
client 22, predicted wo:0.7441 vs w:0.7441
client 23, predicted wo:0.7441 vs w:0.7441
client 24, predicted wo:0.7441 vs w:0.7441
client 25, predicted wo:0.7441 vs w:0.7441
client 26, predicted wo:0.7441 vs w:0.7441
client 27, predicted wo:0.7441 vs w:0.7441
client 28, predicted wo:0.7441 vs w:0.7441
client 29, predicted wo:0.7441 vs w:0.7441
client 30, predicted wo:0.7441 vs w:0.7441
client 31, predicted wo:0.7441 vs w:0.7441
client 32, predicted wo:0.7441 vs w:0.7441
client 33, predicted wo:0.7441 vs w:0.7441
client 34, predicted wo:0.7441 vs w:0.7441
client 35, predicted wo:0.7441 vs w:0.7441
client 36, predicted wo:0.7441 vs w:0.7441
client 37, predicted wo:0.7441 vs w:0.7441
client 38, predicted wo:0.7441 vs w:0.7441
client 39, predicted wo:0.7441 vs w:0.7441
client 40, predicted wo:0.7441 vs w:0.7441
heterogeneous_data_handler activated ✅ for clients: ['Client 1', 'Client 2', 'Client 3', 'Client 4', 'Client 5', 'Client 6', 'Client 7', 'Client 8', 'Client 9', 'Client 10', 'Client 11', 'Client 12', 'Client 13', 'Client 14', 'Client 15', 'Client 16', 'Client 17', 'Client 18', 'Client 19', 'Client 20', 'Client 21', 'Client 22', 'Client 23', 'Client 24', 'Client 25', 'Client 26', 'Client 27', 'Client 28', 'Client 29', 'Client 30', 'Client 31', 'Client 32', 'Client 33', 'Client 34', 'Client 35', 'Client 36', 'Client 37', 'Client 38', 'Client 39', 'Client 40']
Results Aggregated in 0.56 seconds.
{'prostate_logreg': {'train_loss': [0.5817766223473572, 0.5965127669847928, 0.5851117932364015, 0.5736555693608805, 0.5688894120253385, 0.5536228566558844, 0.5440948470583502, 0.5374157621798402, 0.5297749776687873, 0.5317080973072603, 0.523199445862127, 0.5243650457319223, 0.5187776519721122, 0.5198006680219734, 0.5196548682086322, 0.5144996043171259, 0.5162400584254874, 0.5124523393683262, 0.5036400587564382, 0.506827906572393], 'train_accuracy': [0.6919431279620853, 0.6713286713286714, 0.6987381703470031, 0.7301038062283737, 0.7223744292237443, 0.7397998460354118, 0.7495120364346128, 0.7565118912797282, 0.7616632860040567, 0.7621841155234657, 0.7664473684210527, 0.7690566037735849, 0.7692574600971548, 0.7677998717126363, 0.7665066026410564, 0.7754070746771476, 0.7695353748680043, 0.7742257742257742, 0.7787234042553192, 0.7745535714285714], 'train_f1': [0.5505438479372129, 0.5624186054433704, 0.6430265604470358, 0.6916744675535892, 0.6898962484524791, 0.7109340930664382, 0.7300080975485886, 0.7401211394361262, 0.7551101911974278, 0.755721571385779, 0.7609156807001201, 0.7639485856606629, 0.7646141889057706, 0.7638607781935722, 0.7628226613262701, 0.772590643532463, 0.766700164112149, 0.7721253525251148, 0.7769129022312312, 0.772921056926155], 'train_mae': [0.3080568720379147, 0.32867132867132864, 0.30126182965299686, 0.2698961937716263, 0.2776255707762557, 0.2602001539645881, 0.2504879635653871, 0.2434881087202718, 0.2383367139959432, 0.2378158844765343, 0.23355263157894737, 0.2309433962264151, 0.23074253990284524, 0.2322001282873637, 0.2334933973589436, 0.22459292532285233, 0.23046462513199578, 0.22577422577422576, 0.22127659574468084, 0.22544642857142858], 'val_loss': [0.7618791530190073, 0.7116550387235947, 0.6752302342366167, 0.6477448255389516, 0.6258882844242323, 0.6105406300268372, 0.6008800180530735, 0.5923988928662959, 0.5853694954171134, 0.5788508350321978, 0.5738706093385103, 0.5694305109945818, 0.56572411459047, 0.5628063402230177, 0.5600726851077518, 0.5573286196763131, 0.5551419521075011, 0.553207823401605, 0.551433885987331, 0.5498578799126072], 'val_accuracy': [0.4839459177842762, 0.5293462447717767, 0.5743548224713068, 0.6117409834188161, 0.6384363159428738, 0.661466949481052, 0.6760527554368139, 0.6881430567938123, 0.698841403766202, 0.7065282791817087, 0.7118830778742068, 0.7162324367723806, 0.7208443456819289, 0.7246353818368748, 0.7277448213327884, 0.730884712947145, 0.7332739820410853, 0.7352793483112632, 0.7374197307311838, 0.7398061518490374], 'val_f1': [0.47795794110493106, 0.525204958106239, 0.5723626168993488, 0.6111156547495269, 0.6382582962730605, 0.6613051434650481, 0.6756728495486932, 0.6874451469283507, 0.6977529125976791, 0.7050373276845466, 0.7099472503409663, 0.71383093139121, 0.7179280169220669, 0.7212908086563817, 0.7240220033962586, 0.7267203379194382, 0.7288229852204005, 0.7305292216973135, 0.732385875302041, 0.7344698588895859], 'val_mae': [0.5160540822157238, 0.47065375522822334, 0.42564517752869324, 0.388259016581184, 0.36156368405712624, 0.338533050518948, 0.32394724456318613, 0.3118569432061878, 0.301158596233798, 0.2934717208182912, 0.2881169221257932, 0.2837675632276194, 0.2791556543180711, 0.27536461816312513, 0.27225517866721155, 0.269115287052855, 0.26672601795891465, 0.2647206516887368, 0.2625802692688161, 0.2601938481509625], 'jsd': [(0.0207208396239082, 0.31127812445913283, 0.31127812445913283, 0.31127812445913283, 0.11009182675183558, 0.31127812445913283, 0.31127812445913283, 0.31127812445913283, 0.0037024515418363386, 0.31127812445913283, 0.31127812445913283, 0.31127812445913283, 0.31127812445913283, 0.31127812445913283, 0.31127812445913283, 0.31127812445913283, 0.31127812445913283, 0.07310400793180982, 0.31127812445913283, 0.07310400793180982, 0.31127812445913283, 0.31127812445913283, 0.0037024515418363386, 0.31127812445913283, 0.31127812445913283, 0.31127812445913283, 0, 0.31127812445913283, 0.11009182675183558, 0.31127812445913283, 0.07310400793180982, 0.31127812445913283, 0.0487949406953985, 0.31127812445913283, 0.31127812445913283, 0.31127812445913283, 0.0350583482647871, 0.31127812445913283, 0.31127812445913283, 0.31127812445913283), (0, 0.31127812445913283, 0.31127812445913283, 0.31127812445913283, 0, 0, 0.31127812445913283, 0.07310400793180982, 0, 0.1711038312803313, 0.31127812445913283, 0, 0, 0, 0.31127812445913283, 0.31127812445913283, 0.31127812445913283, 0, 0.31127812445913283, 0, 0, 0, 0, 0.31127812445913283, 0.31127812445913283, 0, 0.12425601093475921, 0.31127812445913283, 0.17750440524619315, 0, 0, 0.31127812445913283, 0.31127812445913283, 0, 0, 0.16395604408354778, 0, 0.31127812445913283, 0.31127812445913283, 0.16395604408354778), (0, 0.16395604408354778, 0.31127812445913283, 0, 0, 0.18850340411986471, 0, 0.11009182675183558, 0, 0, 0, 0.1711038312803313, 0, 0, 0, 0.31127812445913283, 0, 0, 0, 0, 0.31127812445913283, 0, 0, 0.31127812445913283, 0.31127812445913283, 0, 0, 0, 0.2087803925185126, 0, 0, 0.20534969973663775, 0, 0, 0.16395604408354778, 0, 0, 0, 0.31127812445913283, 0), (0, 0.31127812445913283, 0.2087803925185126, 0, 0, 0, 0, 0, 0, 0, 0, 0.19326958066820893, 0, 0, 0, 0, 0, 0, 0, 0, 0, 0, 0, 0.2292798117148899, 0, 0, 0, 0, 0, 0, 0, 0.2227619806994962, 0, 0, 0, 0, 0, 0, 0.2227619806994962, 0), (0, 0, 0.2227619806994962, 0, 0, 0, 0, 0, 0, 0, 0, 0, 0, 0, 0, 0, 0, 0, 0, 0, 0, 0, 0, 0, 0, 0, 0, 0, 0, 0, 0, 0.23646636812449032, 0, 0, 0, 0, 0, 0, 0, 0), (0, 0, 0.23305878051279882, 0, 0, 0, 0, 0, 0, 0, 0, 0, 0, 0, 0, 0, 0, 0, 0, 0, 0, 0, 0, 0, 0, 0, 0, 0, 0, 0, 0, 0.24616505675524458, 0, 0, 0, 0, 0, 0, 0, 0), (0, 0, 0.24237412989240623, 0, 0, 0, 0, 0, 0, 0, 0, 0, 0, 0, 0, 0, 0, 0, 0, 0, 0, 0, 0, 0, 0, 0, 0, 0, 0, 0, 0, 0, 0, 0, 0, 0, 0, 0, 0, 0), (0, 0, 0.24844401300050659, 0, 0, 0, 0, 0, 0, 0, 0, 0, 0, 0, 0, 0, 0, 0, 0, 0, 0, 0, 0, 0, 0, 0, 0, 0, 0, 0, 0, 0, 0, 0, 0, 0, 0, 0, 0, 0), (0, 0, 0, 0, 0, 0, 0, 0, 0, 0, 0, 0, 0, 0, 0, 0, 0, 0, 0, 0, 0, 0, 0, 0, 0, 0, 0, 0, 0, 0, 0, 0, 0, 0, 0, 0, 0, 0, 0, 0), (0, 0, 0, 0, 0, 0, 0, 0, 0, 0, 0, 0, 0, 0, 0, 0, 0, 0, 0, 0, 0, 0, 0, 0, 0, 0, 0, 0, 0, 0, 0, 0, 0, 0, 0, 0, 0, 0, 0, 0), (0, 0, 0, 0, 0, 0, 0, 0, 0, 0, 0, 0, 0, 0, 0, 0, 0, 0, 0, 0, 0, 0, 0, 0, 0, 0, 0, 0, 0, 0, 0, 0, 0, 0, 0, 0, 0, 0, 0, 0), (0, 0, 0, 0, 0, 0, 0, 0, 0, 0, 0, 0, 0, 0, 0, 0, 0, 0, 0, 0, 0, 0, 0, 0, 0, 0, 0, 0, 0, 0, 0, 0, 0, 0, 0, 0, 0, 0, 0, 0), (0, 0, 0, 0, 0, 0, 0, 0, 0, 0, 0, 0, 0, 0, 0, 0, 0, 0, 0, 0, 0, 0, 0, 0, 0, 0, 0, 0, 0, 0, 0, 0, 0, 0, 0, 0, 0, 0, 0, 0), (0, 0, 0, 0, 0, 0, 0, 0, 0, 0, 0, 0, 0, 0, 0, 0, 0, 0, 0, 0, 0, 0, 0, 0, 0, 0, 0, 0, 0, 0, 0, 0, 0, 0, 0, 0, 0, 0, 0, 0), (0, 0, 0, 0, 0, 0, 0, 0, 0, 0, 0, 0, 0, 0, 0, 0, 0, 0, 0, 0, 0, 0, 0, 0, 0, 0, 0, 0, 0, 0, 0, 0, 0, 0, 0, 0, 0, 0, 0, 0), (0, 0, 0, 0, 0, 0, 0, 0, 0, 0, 0, 0, 0, 0, 0, 0, 0, 0, 0, 0, 0, 0, 0, 0, 0, 0, 0, 0, 0, 0, 0, 0, 0, 0, 0, 0, 0, 0, 0, 0), (0, 0, 0, 0, 0, 0, 0, 0, 0, 0, 0, 0, 0, 0, 0, 0, 0, 0, 0, 0, 0, 0, 0, 0, 0, 0, 0, 0, 0, 0, 0, 0, 0, 0, 0, 0, 0, 0, 0, 0), (0, 0, 0, 0, 0, 0, 0, 0, 0, 0, 0, 0, 0, 0, 0, 0, 0, 0, 0, 0, 0, 0, 0, 0, 0, 0, 0, 0, 0, 0, 0, 0, 0, 0, 0, 0, 0, 0, 0, 0), (0, 0, 0, 0, 0, 0, 0, 0, 0, 0, 0, 0, 0, 0, 0, 0, 0, 0, 0, 0, 0, 0, 0, 0, 0, 0, 0, 0, 0, 0, 0, 0, 0, 0, 0, 0, 0, 0, 0, 0), (0, 0, 0, 0, 0, 0, 0, 0, 0, 0, 0, 0, 0, 0, 0, 0, 0, 0, 0, 0, 0, 0, 0, 0, 0, 0, 0, 0, 0, 0, 0, 0, 0, 0, 0, 0, 0, 0, 0, 0)]}}
AdaptationManager: Configuring next round...
{'client_registry': {'enabled': True, 'params': {}}, 'client_selector': {'enabled': False, 'params': {}}, 'client_cluster': {'enabled': False, 'params': {}}, 'message_compressor': {'enabled': False, 'params': {}}, 'model_co-versioning_registry': {'enabled': False, 'params': {}}, 'multi-task_model_trainer': {'enabled': False, 'params': {}}, 'heterogeneous_data_handler': {'enabled': True, 'params': {'enabled_clients': []}}}
{'client_selector': {'enabled': False}, 'client_cluster': {'enabled': False}, 'message_compressor': {'enabled': False}, 'model_co-versioning_registry': {'enabled': False}, 'multi-task_model_trainer': {'enabled': False}, 'heterogeneous_data_handler': {'enabled': True, 'params': {'enabled_clients': ['Client 1', 'Client 2', 'Client 3', 'Client 4', 'Client 5', 'Client 6', 'Client 7', 'Client 8', 'Client 9', 'Client 10', 'Client 11', 'Client 12', 'Client 13', 'Client 14', 'Client 15', 'Client 16', 'Client 17', 'Client 18', 'Client 19', 'Client 20', 'Client 21', 'Client 22', 'Client 23', 'Client 24', 'Client 25', 'Client 26', 'Client 27', 'Client 28', 'Client 29', 'Client 30', 'Client 31', 'Client 32', 'Client 33', 'Client 34', 'Client 35', 'Client 36', 'Client 37', 'Client 38', 'Client 39', 'Client 40']}}, 'client_registry': {'enabled': True, 'params': {}}}
client 1, predicted wo:0.7441 vs w:0.7441
client 2, predicted wo:0.7441 vs w:0.7441
client 3, predicted wo:0.7441 vs w:0.7441
client 4, predicted wo:0.7441 vs w:0.7441
client 5, predicted wo:0.7441 vs w:0.7441
client 6, predicted wo:0.7441 vs w:0.7441
client 7, predicted wo:0.7441 vs w:0.7441
client 8, predicted wo:0.7441 vs w:0.7441
client 9, predicted wo:0.7441 vs w:0.7441
client 10, predicted wo:0.7441 vs w:0.7441
client 11, predicted wo:0.7441 vs w:0.7441
client 12, predicted wo:0.7441 vs w:0.7441
client 13, predicted wo:0.7441 vs w:0.7441
client 14, predicted wo:0.7441 vs w:0.7441
client 15, predicted wo:0.7441 vs w:0.7441
client 16, predicted wo:0.7441 vs w:0.7441
client 17, predicted wo:0.7441 vs w:0.7441
client 18, predicted wo:0.7441 vs w:0.7441
client 19, predicted wo:0.7441 vs w:0.7441
client 20, predicted wo:0.7441 vs w:0.7441
client 21, predicted wo:0.7441 vs w:0.7441
client 22, predicted wo:0.7441 vs w:0.7441
client 23, predicted wo:0.7441 vs w:0.7441
client 24, predicted wo:0.7441 vs w:0.7441
client 25, predicted wo:0.7441 vs w:0.7441
client 26, predicted wo:0.7441 vs w:0.7441
client 27, predicted wo:0.7441 vs w:0.7441
client 28, predicted wo:0.7441 vs w:0.7441
client 29, predicted wo:0.7441 vs w:0.7441
client 30, predicted wo:0.7441 vs w:0.7441
client 31, predicted wo:0.7441 vs w:0.7441
client 32, predicted wo:0.7441 vs w:0.7441
client 33, predicted wo:0.7441 vs w:0.7441
client 34, predicted wo:0.7441 vs w:0.7441
client 35, predicted wo:0.7441 vs w:0.7441
client 36, predicted wo:0.7441 vs w:0.7441
client 37, predicted wo:0.7441 vs w:0.7441
client 38, predicted wo:0.7441 vs w:0.7441
client 39, predicted wo:0.7441 vs w:0.7441
client 40, predicted wo:0.7441 vs w:0.7441
heterogeneous_data_handler activated ✅ for clients: ['Client 1', 'Client 2', 'Client 3', 'Client 4', 'Client 5', 'Client 6', 'Client 7', 'Client 8', 'Client 9', 'Client 10', 'Client 11', 'Client 12', 'Client 13', 'Client 14', 'Client 15', 'Client 16', 'Client 17', 'Client 18', 'Client 19', 'Client 20', 'Client 21', 'Client 22', 'Client 23', 'Client 24', 'Client 25', 'Client 26', 'Client 27', 'Client 28', 'Client 29', 'Client 30', 'Client 31', 'Client 32', 'Client 33', 'Client 34', 'Client 35', 'Client 36', 'Client 37', 'Client 38', 'Client 39', 'Client 40']
