==========================================
  ___  ______  ___ ______       _ 
 / _ \ | ___ \/   ||  ___|     | |
/ /_\ \| |_/ / /| || |_ ___  __| |
|  _  ||  __/ /_| ||  _/ _ \/ _` |
| | | || |  \___  || ||  __/ (_| |
\_| |_/\_|      |_/\_| \___|\__,_| v.1.5.0

==========================================
Simulation Started!
List of the Architectural Patterns enabled:
Adaptation Enabled ✅
Metric: val_f1, predictor-based: predictors/f1overtime_xgboost_selector-pca-3249.pkl
Client Registry ✅
Client Selector ✅
 AP Parameters: {'selection_strategy': 'Resource-Based', 'selection_criteria': 'CPU', 'selection_value': 2}
==========================================
Client Client 18 participates in this round. (CPU: 2, RAM: 2)
Client Client 6 participates in this round. (CPU: 2, RAM: 2)
Client Client 20 participates in this round. (CPU: 2, RAM: 2)
Client Client 4 participates in this round. (CPU: 2, RAM: 2)
Client Client 10 participates in this round. (CPU: 2, RAM: 2)
Client Client 12 participates in this round. (CPU: 2, RAM: 2)
Client Client 17 participates in this round. (CPU: 2, RAM: 2)
Client Client 24 participates in this round. (CPU: 2, RAM: 2)
Client Client 35 has insufficient CPU (1). Will not participate in the next FL round.
Client Client 28 has insufficient CPU (1). Will not participate in the next FL round.
Client Client 39 has insufficient CPU (1). Will not participate in the next FL round.
Client Client 11 participates in this round. (CPU: 2, RAM: 2)
Client Client 5 participates in this round. (CPU: 2, RAM: 2)
Client Client 2 participates in this round. (CPU: 2, RAM: 2)
Client Client 7 participates in this round. (CPU: 2, RAM: 2)
Client Client 14 participates in this round. (CPU: 2, RAM: 2)
Client Client 19 participates in this round. (CPU: 2, RAM: 2)
Client Client 25 participates in this round. (CPU: 2, RAM: 2)
Client Client 13 participates in this round. (CPU: 2, RAM: 2)
Client Client 21 participates in this round. (CPU: 2, RAM: 2)
Client Client 22 participates in this round. (CPU: 2, RAM: 2)
Client Client 16 participates in this round. (CPU: 2, RAM: 2)
Client Client 23 participates in this round. (CPU: 2, RAM: 2)
Client Client 1 participates in this round. (CPU: 2, RAM: 2)
Client Client 9 participates in this round. (CPU: 2, RAM: 2)
Client Client 8 participates in this round. (CPU: 2, RAM: 2)
Client Client 3 participates in this round. (CPU: 2, RAM: 2)
Client Client 15 participates in this round. (CPU: 2, RAM: 2)
Client Client 30 has insufficient CPU (1). Will not participate in the next FL round.
Client Client 38 has insufficient CPU (1). Will not participate in the next FL round.
Client Client 40 has insufficient CPU (1). Will not participate in the next FL round.
Client Client 34 has insufficient CPU (1). Will not participate in the next FL round.
Client Client 36 has insufficient CPU (1). Will not participate in the next FL round.
Client Client 37 has insufficient CPU (1). Will not participate in the next FL round.
Client Client 29 has insufficient CPU (1). Will not participate in the next FL round.
Client Client 33 has insufficient CPU (1). Will not participate in the next FL round.
Client Client 31 has insufficient CPU (1). Will not participate in the next FL round.
Client Client 26 has insufficient CPU (1). Will not participate in the next FL round.
Client Client 27 has insufficient CPU (1). Will not participate in the next FL round.
Client Client 32 has insufficient CPU (1). Will not participate in the next FL round.
Results Aggregated in 1.59 seconds.
{'prostate_logreg': {'train_loss': [0.5480570495128632], 'train_accuracy': [0.8091603053435115], 'train_f1': [0.6778463478845158], 'train_mae': [0.19083969465648856], 'val_loss': [0.7244605690758783], 'val_accuracy': [0.5102931622543446], 'val_f1': [0.4952015571651879], 'val_mae': [0.4897068377456553], 'jsd': [(0, 0, 0, 0, 0, 0, 0, 0, 0, 0.0207208396239082, 0.31127812445913283, 0.31127812445913283, 0.31127812445913283, 0.11009182675183558, 0.31127812445913283, 0.31127812445913283, 0.31127812445913283, 0.0037024515418363386, 0.31127812445913283, 0.31127812445913283, 0.31127812445913283, 0.31127812445913283, 0.31127812445913283, 0.31127812445913283, 0.31127812445913283, 0.31127812445913283, 0.07310400793180982, 0.0037024515418363386, 0.31127812445913283, 0.31127812445913283, 0.0350583482647871, 0.31127812445913283, 0.31127812445913283, 0.31127812445913283, 0, 0, 0, 0, 0, 0)]}}
AdaptationManager: Configuring next round...
{'client_registry': {'enabled': True, 'params': {}}, 'client_selector': {'enabled': True, 'params': {'selection_strategy': 'Resource-Based', 'selection_criteria': 'CPU', 'selection_value': 2}}, 'client_cluster': {'enabled': False, 'params': {}}, 'message_compressor': {'enabled': False, 'params': {}}, 'model_co-versioning_registry': {'enabled': False, 'params': {}}, 'multi-task_model_trainer': {'enabled': False, 'params': {}}, 'heterogeneous_data_handler': {'enabled': False, 'params': {}}}
{'client_selector': {'enabled': True}, 'client_cluster': {'enabled': False}, 'message_compressor': {'enabled': False}, 'model_co-versioning_registry': {'enabled': False}, 'multi-task_model_trainer': {'enabled': False}, 'heterogeneous_data_handler': {'enabled': False}, 'client_registry': {'enabled': True, 'params': {}}}
0.0-iid clients, predicted wo:1.3389 vs w:1.2342, client_selector activated ✅
Client Client 19 participates in this round. (CPU: 2, RAM: 2)
Client Client 17 participates in this round. (CPU: 2, RAM: 2)
Client Client 13 participates in this round. (CPU: 2, RAM: 2)
Client Client 21 participates in this round. (CPU: 2, RAM: 2)
Client Client 3 participates in this round. (CPU: 2, RAM: 2)
Client Client 14 participates in this round. (CPU: 2, RAM: 2)
Client Client 22 participates in this round. (CPU: 2, RAM: 2)
Client Client 11 participates in this round. (CPU: 2, RAM: 2)
Client Client 7 participates in this round. (CPU: 2, RAM: 2)
Client Client 10 participates in this round. (CPU: 2, RAM: 2)
Client Client 20 participates in this round. (CPU: 2, RAM: 2)
Client Client 8 participates in this round. (CPU: 2, RAM: 2)
Client Client 23 participates in this round. (CPU: 2, RAM: 2)
Client Client 4 participates in this round. (CPU: 2, RAM: 2)
Client Client 9 participates in this round. (CPU: 2, RAM: 2)
Client Client 15 participates in this round. (CPU: 2, RAM: 2)
Client Client 6 participates in this round. (CPU: 2, RAM: 2)
Client Client 24 participates in this round. (CPU: 2, RAM: 2)
Client Client 1 participates in this round. (CPU: 2, RAM: 2)
Client Client 2 participates in this round. (CPU: 2, RAM: 2)
Client Client 5 participates in this round. (CPU: 2, RAM: 2)
Client Client 31 has insufficient CPU (1). Will not participate in the next FL round.
Client Client 16 participates in this round. (CPU: 2, RAM: 2)
Client Client 27 has insufficient CPU (1). Will not participate in the next FL round.
Client Client 34 has insufficient CPU (1). Will not participate in the next FL round.
Client Client 40 has insufficient CPU (1). Will not participate in the next FL round.
Client Client 36 has insufficient CPU (1). Will not participate in the next FL round.
Client Client 12 participates in this round. (CPU: 2, RAM: 2)
Client Client 18 participates in this round. (CPU: 2, RAM: 2)
Client Client 32 has insufficient CPU (1). Will not participate in the next FL round.
Client Client 37 has insufficient CPU (1). Will not participate in the next FL round.
Client Client 25 participates in this round. (CPU: 2, RAM: 2)
Client Client 30 has insufficient CPU (1). Will not participate in the next FL round.
Client Client 38 has insufficient CPU (1). Will not participate in the next FL round.
Client Client 33 has insufficient CPU (1). Will not participate in the next FL round.
Client Client 26 has insufficient CPU (1). Will not participate in the next FL round.
Client Client 29 has insufficient CPU (1). Will not participate in the next FL round.
Client Client 35 has insufficient CPU (1). Will not participate in the next FL round.
Client Client 28 has insufficient CPU (1). Will not participate in the next FL round.
Client Client 39 has insufficient CPU (1). Will not participate in the next FL round.
Results Aggregated in 1.02 seconds.
{'prostate_logreg': {'train_loss': [0.5480570495128632, 0.572618377964888], 'train_accuracy': [0.8091603053435115, 0.7761194029850746], 'train_f1': [0.6778463478845158, 0.6749376355494372], 'train_mae': [0.19083969465648856, 0.22388059701492538], 'val_loss': [0.7244605690758783, 0.6807029152911491], 'val_accuracy': [0.5102931622543446, 0.5882687625701281], 'val_f1': [0.4952015571651879, 0.5815557058791511], 'val_mae': [0.4897068377456553, 0.41173123742987194], 'jsd': [(0, 0, 0, 0, 0, 0, 0, 0, 0, 0.0207208396239082, 0.31127812445913283, 0.31127812445913283, 0.31127812445913283, 0.11009182675183558, 0.31127812445913283, 0.31127812445913283, 0.31127812445913283, 0.0037024515418363386, 0.31127812445913283, 0.31127812445913283, 0.31127812445913283, 0.31127812445913283, 0.31127812445913283, 0.31127812445913283, 0.31127812445913283, 0.31127812445913283, 0.07310400793180982, 0.0037024515418363386, 0.31127812445913283, 0.31127812445913283, 0.0350583482647871, 0.31127812445913283, 0.31127812445913283, 0.31127812445913283, 0, 0, 0, 0, 0, 0), (0, 0, 0, 0, 0, 0, 0, 0, 0, 0.0207208396239082, 0.31127812445913283, 0.31127812445913283, 0.31127812445913283, 0.06548833004089114, 0.0014939931791539789, 0.31127812445913283, 0.07310400793180982, 0, 0.1711038312803313, 0.31127812445913283, 0, 0.007299156760473963, 0.009756534087137225, 0.31127812445913283, 0.31127812445913283, 0.31127812445913283, 0, 0.015085156698935967, 0.0207208396239082, 0.16395604408354778, 0.0350583482647871, 0.31127812445913283, 0.31127812445913283, 0.16395604408354778, 0, 0, 0, 0, 0, 0)]}}
AdaptationManager: Configuring next round...
{'client_registry': {'enabled': True, 'params': {}}, 'client_selector': {'enabled': True, 'params': {'selection_strategy': 'Resource-Based', 'selection_criteria': 'CPU', 'selection_value': 2}}, 'client_cluster': {'enabled': False, 'params': {}}, 'message_compressor': {'enabled': False, 'params': {}}, 'model_co-versioning_registry': {'enabled': False, 'params': {}}, 'multi-task_model_trainer': {'enabled': False, 'params': {}}, 'heterogeneous_data_handler': {'enabled': False, 'params': {}}}
{'client_selector': {'enabled': True}, 'client_cluster': {'enabled': False}, 'message_compressor': {'enabled': False}, 'model_co-versioning_registry': {'enabled': False}, 'multi-task_model_trainer': {'enabled': False}, 'heterogeneous_data_handler': {'enabled': False}, 'client_registry': {'enabled': True, 'params': {}}}
0.0-iid clients, predicted wo:5.1847 vs w:6.7854, client_selector de-activated ❌
Results Aggregated in 0.44 seconds.
{'prostate_logreg': {'train_loss': [0.5480570495128632, 0.572618377964888, 0.557822361867294], 'train_accuracy': [0.8091603053435115, 0.7761194029850746, 0.7983367983367984], 'train_f1': [0.6778463478845158, 0.6749376355494372, 0.7327638945937921], 'train_mae': [0.19083969465648856, 0.22388059701492538, 0.20166320166320167], 'val_loss': [0.7244605690758783, 0.6807029152911491, 0.6494424598653027], 'val_accuracy': [0.5102931622543446, 0.5882687625701281, 0.6638688606773714], 'val_f1': [0.4952015571651879, 0.5815557058791511, 0.6616092709955954], 'val_mae': [0.4897068377456553, 0.41173123742987194, 0.33613113932262867], 'jsd': [(0, 0, 0, 0, 0, 0, 0, 0, 0, 0.0207208396239082, 0.31127812445913283, 0.31127812445913283, 0.31127812445913283, 0.11009182675183558, 0.31127812445913283, 0.31127812445913283, 0.31127812445913283, 0.0037024515418363386, 0.31127812445913283, 0.31127812445913283, 0.31127812445913283, 0.31127812445913283, 0.31127812445913283, 0.31127812445913283, 0.31127812445913283, 0.31127812445913283, 0.07310400793180982, 0.0037024515418363386, 0.31127812445913283, 0.31127812445913283, 0.0350583482647871, 0.31127812445913283, 0.31127812445913283, 0.31127812445913283, 0, 0, 0, 0, 0, 0), (0, 0, 0, 0, 0, 0, 0, 0, 0, 0.0207208396239082, 0.31127812445913283, 0.31127812445913283, 0.31127812445913283, 0.06548833004089114, 0.0014939931791539789, 0.31127812445913283, 0.07310400793180982, 0, 0.1711038312803313, 0.31127812445913283, 0, 0.007299156760473963, 0.009756534087137225, 0.31127812445913283, 0.31127812445913283, 0.31127812445913283, 0, 0.015085156698935967, 0.0207208396239082, 0.16395604408354778, 0.0350583482647871, 0.31127812445913283, 0.31127812445913283, 0.16395604408354778, 0, 0, 0, 0, 0, 0), (0.0207208396239082, 0.16395604408354778, 0.31127812445913283, 0.09922267539827352, 0.11009182675183558, 0.18850340411986471, 0.09328462323031235, 0.11009182675183558, 0.010396593705431272, 0.10481597017296576, 0.05400884513974839, 0.1711038312803313, 0.042041899344894246, 0.0004999522456092496, 0, 0.31127812445913283, 0.0207208396239082, 0.0008025382728216734, 0.31127812445913283, 0.07310400793180982, 0.31127812445913283, 0.31127812445913283, 0.00040919789219141973, 0.31127812445913283, 0.31127812445913283, 0.31127812445913283, 0, 0.31127812445913283, 0.11009182675183558, 0.31127812445913283, 0.07310400793180982, 0.31127812445913283, 0.0487949406953985, 0.06149937804507184, 0.31127812445913283, 0, 0.00040919789219141973, 0.09328462323031235, 0.31127812445913283, 0.09328462323031235)]}}
AdaptationManager: Configuring next round...
{'client_registry': {'enabled': True, 'params': {}}, 'client_selector': {'enabled': True, 'params': {'selection_strategy': 'Resource-Based', 'selection_criteria': 'CPU', 'selection_value': 2}}, 'client_cluster': {'enabled': False, 'params': {}}, 'message_compressor': {'enabled': False, 'params': {}}, 'model_co-versioning_registry': {'enabled': False, 'params': {}}, 'multi-task_model_trainer': {'enabled': False, 'params': {}}, 'heterogeneous_data_handler': {'enabled': False, 'params': {}}}
{'client_selector': {'enabled': False}, 'client_cluster': {'enabled': False}, 'message_compressor': {'enabled': False}, 'model_co-versioning_registry': {'enabled': False}, 'multi-task_model_trainer': {'enabled': False}, 'heterogeneous_data_handler': {'enabled': False}, 'client_registry': {'enabled': True, 'params': {}}}
0.0-iid clients, predicted wo:1.3100 vs w:1.4736, client_selector de-activated ❌
Results Aggregated in 0.41 seconds.
{'prostate_logreg': {'train_loss': [0.5480570495128632, 0.572618377964888, 0.557822361867294, 0.561496479116695], 'train_accuracy': [0.8091603053435115, 0.7761194029850746, 0.7983367983367984, 0.7619718309859155], 'train_f1': [0.6778463478845158, 0.6749376355494372, 0.7327638945937921, 0.6810758418516205], 'train_mae': [0.19083969465648856, 0.22388059701492538, 0.20166320166320167, 0.2380281690140845], 'val_loss': [0.7244605690758783, 0.6807029152911491, 0.6494424598653027, 0.6249133905215574], 'val_accuracy': [0.5102931622543446, 0.5882687625701281, 0.6638688606773714, 0.7000661772050745], 'val_f1': [0.4952015571651879, 0.5815557058791511, 0.6616092709955954, 0.6980559571808589], 'val_mae': [0.4897068377456553, 0.41173123742987194, 0.33613113932262867, 0.2999338227949256], 'jsd': [(0, 0, 0, 0, 0, 0, 0, 0, 0, 0.0207208396239082, 0.31127812445913283, 0.31127812445913283, 0.31127812445913283, 0.11009182675183558, 0.31127812445913283, 0.31127812445913283, 0.31127812445913283, 0.0037024515418363386, 0.31127812445913283, 0.31127812445913283, 0.31127812445913283, 0.31127812445913283, 0.31127812445913283, 0.31127812445913283, 0.31127812445913283, 0.31127812445913283, 0.07310400793180982, 0.0037024515418363386, 0.31127812445913283, 0.31127812445913283, 0.0350583482647871, 0.31127812445913283, 0.31127812445913283, 0.31127812445913283, 0, 0, 0, 0, 0, 0), (0, 0, 0, 0, 0, 0, 0, 0, 0, 0.0207208396239082, 0.31127812445913283, 0.31127812445913283, 0.31127812445913283, 0.06548833004089114, 0.0014939931791539789, 0.31127812445913283, 0.07310400793180982, 0, 0.1711038312803313, 0.31127812445913283, 0, 0.007299156760473963, 0.009756534087137225, 0.31127812445913283, 0.31127812445913283, 0.31127812445913283, 0, 0.015085156698935967, 0.0207208396239082, 0.16395604408354778, 0.0350583482647871, 0.31127812445913283, 0.31127812445913283, 0.16395604408354778, 0, 0, 0, 0, 0, 0), (0.0207208396239082, 0.16395604408354778, 0.31127812445913283, 0.09922267539827352, 0.11009182675183558, 0.18850340411986471, 0.09328462323031235, 0.11009182675183558, 0.010396593705431272, 0.10481597017296576, 0.05400884513974839, 0.1711038312803313, 0.042041899344894246, 0.0004999522456092496, 0, 0.31127812445913283, 0.0207208396239082, 0.0008025382728216734, 0.31127812445913283, 0.07310400793180982, 0.31127812445913283, 0.31127812445913283, 0.00040919789219141973, 0.31127812445913283, 0.31127812445913283, 0.31127812445913283, 0, 0.31127812445913283, 0.11009182675183558, 0.31127812445913283, 0.07310400793180982, 0.31127812445913283, 0.0487949406953985, 0.06149937804507184, 0.31127812445913283, 0, 0.00040919789219141973, 0.09328462323031235, 0.31127812445913283, 0.09328462323031235), (0.09328462323031235, 0.31127812445913283, 0.2087803925185126, 0.009756534087137225, 0.11385563424028564, 0.013714477705244553, 0.08025594233229469, 0.07310400793180982, 0.03857581598654605, 0.13251817521576753, 0.05253690168806249, 0.19326958066820893, 0.0350583482647871, 0.00429810722857266, 0.005050449860393488, 0.0207208396239082, 0.0487949406953985, 0.07850994353170956, 0.31127812445913283, 0.07310400793180982, 0.007299156760473963, 0.0037024515418363386, 0.0002145058924891757, 0.31127812445913283, 0.31127812445913283, 0.11009182675183558, 0.12425601093475921, 0.31127812445913283, 0.17750440524619315, 0.07310400793180982, 0.07310400793180982, 0.31127812445913283, 0.31127812445913283, 0.05738732460549023, 0.011482406826014972, 0.001254883843183478, 0.0002145058924891757, 0.0487949406953985, 0.2227619806994962, 0.0487949406953985)]}}
AdaptationManager: Configuring next round...
{'client_registry': {'enabled': True, 'params': {}}, 'client_selector': {'enabled': True, 'params': {'selection_strategy': 'Resource-Based', 'selection_criteria': 'CPU', 'selection_value': 2}}, 'client_cluster': {'enabled': False, 'params': {}}, 'message_compressor': {'enabled': False, 'params': {}}, 'model_co-versioning_registry': {'enabled': False, 'params': {}}, 'multi-task_model_trainer': {'enabled': False, 'params': {}}, 'heterogeneous_data_handler': {'enabled': False, 'params': {}}}
{'client_selector': {'enabled': False}, 'client_cluster': {'enabled': False}, 'message_compressor': {'enabled': False}, 'model_co-versioning_registry': {'enabled': False}, 'multi-task_model_trainer': {'enabled': False}, 'heterogeneous_data_handler': {'enabled': False}, 'client_registry': {'enabled': True, 'params': {}}}
0.0-iid clients, predicted wo:1.3146 vs w:1.4940, client_selector de-activated ❌
Results Aggregated in 0.47 seconds.
{'prostate_logreg': {'train_loss': [0.5480570495128632, 0.572618377964888, 0.557822361867294, 0.561496479116695, 0.55150959361544], 'train_accuracy': [0.8091603053435115, 0.7761194029850746, 0.7983367983367984, 0.7619718309859155, 0.7612419700214133], 'train_f1': [0.6778463478845158, 0.6749376355494372, 0.7327638945937921, 0.6810758418516205, 0.7022013803825076], 'train_mae': [0.19083969465648856, 0.22388059701492538, 0.20166320166320167, 0.2380281690140845, 0.23875802997858672], 'val_loss': [0.7244605690758783, 0.6807029152911491, 0.6494424598653027, 0.6249133905215574, 0.6040838759997342], 'val_accuracy': [0.5102931622543446, 0.5882687625701281, 0.6638688606773714, 0.7000661772050745, 0.7142438152079822], 'val_f1': [0.4952015571651879, 0.5815557058791511, 0.6616092709955954, 0.6980559571808589, 0.7118467109207822], 'val_mae': [0.4897068377456553, 0.41173123742987194, 0.33613113932262867, 0.2999338227949256, 0.28575618479201786], 'jsd': [(0, 0, 0, 0, 0, 0, 0, 0, 0, 0.0207208396239082, 0.31127812445913283, 0.31127812445913283, 0.31127812445913283, 0.11009182675183558, 0.31127812445913283, 0.31127812445913283, 0.31127812445913283, 0.0037024515418363386, 0.31127812445913283, 0.31127812445913283, 0.31127812445913283, 0.31127812445913283, 0.31127812445913283, 0.31127812445913283, 0.31127812445913283, 0.31127812445913283, 0.07310400793180982, 0.0037024515418363386, 0.31127812445913283, 0.31127812445913283, 0.0350583482647871, 0.31127812445913283, 0.31127812445913283, 0.31127812445913283, 0, 0, 0, 0, 0, 0), (0, 0, 0, 0, 0, 0, 0, 0, 0, 0.0207208396239082, 0.31127812445913283, 0.31127812445913283, 0.31127812445913283, 0.06548833004089114, 0.0014939931791539789, 0.31127812445913283, 0.07310400793180982, 0, 0.1711038312803313, 0.31127812445913283, 0, 0.007299156760473963, 0.009756534087137225, 0.31127812445913283, 0.31127812445913283, 0.31127812445913283, 0, 0.015085156698935967, 0.0207208396239082, 0.16395604408354778, 0.0350583482647871, 0.31127812445913283, 0.31127812445913283, 0.16395604408354778, 0, 0, 0, 0, 0, 0), (0.0207208396239082, 0.16395604408354778, 0.31127812445913283, 0.09922267539827352, 0.11009182675183558, 0.18850340411986471, 0.09328462323031235, 0.11009182675183558, 0.010396593705431272, 0.10481597017296576, 0.05400884513974839, 0.1711038312803313, 0.042041899344894246, 0.0004999522456092496, 0, 0.31127812445913283, 0.0207208396239082, 0.0008025382728216734, 0.31127812445913283, 0.07310400793180982, 0.31127812445913283, 0.31127812445913283, 0.00040919789219141973, 0.31127812445913283, 0.31127812445913283, 0.31127812445913283, 0, 0.31127812445913283, 0.11009182675183558, 0.31127812445913283, 0.07310400793180982, 0.31127812445913283, 0.0487949406953985, 0.06149937804507184, 0.31127812445913283, 0, 0.00040919789219141973, 0.09328462323031235, 0.31127812445913283, 0.09328462323031235), (0.09328462323031235, 0.31127812445913283, 0.2087803925185126, 0.009756534087137225, 0.11385563424028564, 0.013714477705244553, 0.08025594233229469, 0.07310400793180982, 0.03857581598654605, 0.13251817521576753, 0.05253690168806249, 0.19326958066820893, 0.0350583482647871, 0.00429810722857266, 0.005050449860393488, 0.0207208396239082, 0.0487949406953985, 0.07850994353170956, 0.31127812445913283, 0.07310400793180982, 0.007299156760473963, 0.0037024515418363386, 0.0002145058924891757, 0.31127812445913283, 0.31127812445913283, 0.11009182675183558, 0.12425601093475921, 0.31127812445913283, 0.17750440524619315, 0.07310400793180982, 0.07310400793180982, 0.31127812445913283, 0.31127812445913283, 0.05738732460549023, 0.011482406826014972, 0.001254883843183478, 0.0002145058924891757, 0.0487949406953985, 0.2227619806994962, 0.0487949406953985), (0.07310400793180982, 0.0018086520489059392, 0.2227619806994962, 0.00822299722902229, 0.07622434155290266, 0.015085156698935967, 0.07310400793180982, 0.05738732460549023, 0.01423921619075233, 0.06660561007005729, 0.0487949406953985, 0.11009182675183558, 0.04105726891831728, 0.004167970681504568, 0.004727398383200621, 0.011482406826014972, 0.0487949406953985, 0.07744908453819253, 0.07310400793180982, 0.011482406826014972, 0.31127812445913283, 0.010396593705431272, 0.07622434155290266, 0.31127812445913283, 0.31127812445913283, 0.0207208396239082, 0.0487949406953985, 0.0022344421708708415, 0.2087803925185126, 0.07310400793180982, 0.042041899344894246, 0.20534969973663775, 0.05738732460549023, 0.12425601093475921, 0.16395604408354778, 0.0207208396239082, 0.0005570970453080571, 0.07310400793180982, 0.004167970681504568, 0.0001877124226694997)]}}
AdaptationManager: Configuring next round...
{'client_registry': {'enabled': True, 'params': {}}, 'client_selector': {'enabled': True, 'params': {'selection_strategy': 'Resource-Based', 'selection_criteria': 'CPU', 'selection_value': 2}}, 'client_cluster': {'enabled': False, 'params': {}}, 'message_compressor': {'enabled': False, 'params': {}}, 'model_co-versioning_registry': {'enabled': False, 'params': {}}, 'multi-task_model_trainer': {'enabled': False, 'params': {}}, 'heterogeneous_data_handler': {'enabled': False, 'params': {}}}
{'client_selector': {'enabled': False}, 'client_cluster': {'enabled': False}, 'message_compressor': {'enabled': False}, 'model_co-versioning_registry': {'enabled': False}, 'multi-task_model_trainer': {'enabled': False}, 'heterogeneous_data_handler': {'enabled': False}, 'client_registry': {'enabled': True, 'params': {}}}
0.0-iid clients, predicted wo:1.3579 vs w:1.5198, client_selector de-activated ❌
Results Aggregated in 0.49 seconds.
{'prostate_logreg': {'train_loss': [0.5480570495128632, 0.572618377964888, 0.557822361867294, 0.561496479116695, 0.55150959361544, 0.5470850678051219], 'train_accuracy': [0.8091603053435115, 0.7761194029850746, 0.7983367983367984, 0.7619718309859155, 0.7612419700214133, 0.7621107266435986], 'train_f1': [0.6778463478845158, 0.6749376355494372, 0.7327638945937921, 0.6810758418516205, 0.7022013803825076, 0.7100943606164347], 'train_mae': [0.19083969465648856, 0.22388059701492538, 0.20166320166320167, 0.2380281690140845, 0.23875802997858672, 0.2378892733564014], 'val_loss': [0.7244605690758783, 0.6807029152911491, 0.6494424598653027, 0.6249133905215574, 0.6040838759997342, 0.5882625761446114], 'val_accuracy': [0.5102931622543446, 0.5882687625701281, 0.6638688606773714, 0.7000661772050745, 0.7142438152079822, 0.721684121082726], 'val_f1': [0.4952015571651879, 0.5815557058791511, 0.6616092709955954, 0.6980559571808589, 0.7118467109207822, 0.7190027921861035], 'val_mae': [0.4897068377456553, 0.41173123742987194, 0.33613113932262867, 0.2999338227949256, 0.28575618479201786, 0.27831587891727405], 'jsd': [(0, 0, 0, 0, 0, 0, 0, 0, 0, 0.0207208396239082, 0.31127812445913283, 0.31127812445913283, 0.31127812445913283, 0.11009182675183558, 0.31127812445913283, 0.31127812445913283, 0.31127812445913283, 0.0037024515418363386, 0.31127812445913283, 0.31127812445913283, 0.31127812445913283, 0.31127812445913283, 0.31127812445913283, 0.31127812445913283, 0.31127812445913283, 0.31127812445913283, 0.07310400793180982, 0.0037024515418363386, 0.31127812445913283, 0.31127812445913283, 0.0350583482647871, 0.31127812445913283, 0.31127812445913283, 0.31127812445913283, 0, 0, 0, 0, 0, 0), (0, 0, 0, 0, 0, 0, 0, 0, 0, 0.0207208396239082, 0.31127812445913283, 0.31127812445913283, 0.31127812445913283, 0.06548833004089114, 0.0014939931791539789, 0.31127812445913283, 0.07310400793180982, 0, 0.1711038312803313, 0.31127812445913283, 0, 0.007299156760473963, 0.009756534087137225, 0.31127812445913283, 0.31127812445913283, 0.31127812445913283, 0, 0.015085156698935967, 0.0207208396239082, 0.16395604408354778, 0.0350583482647871, 0.31127812445913283, 0.31127812445913283, 0.16395604408354778, 0, 0, 0, 0, 0, 0), (0.0207208396239082, 0.16395604408354778, 0.31127812445913283, 0.09922267539827352, 0.11009182675183558, 0.18850340411986471, 0.09328462323031235, 0.11009182675183558, 0.010396593705431272, 0.10481597017296576, 0.05400884513974839, 0.1711038312803313, 0.042041899344894246, 0.0004999522456092496, 0, 0.31127812445913283, 0.0207208396239082, 0.0008025382728216734, 0.31127812445913283, 0.07310400793180982, 0.31127812445913283, 0.31127812445913283, 0.00040919789219141973, 0.31127812445913283, 0.31127812445913283, 0.31127812445913283, 0, 0.31127812445913283, 0.11009182675183558, 0.31127812445913283, 0.07310400793180982, 0.31127812445913283, 0.0487949406953985, 0.06149937804507184, 0.31127812445913283, 0, 0.00040919789219141973, 0.09328462323031235, 0.31127812445913283, 0.09328462323031235), (0.09328462323031235, 0.31127812445913283, 0.2087803925185126, 0.009756534087137225, 0.11385563424028564, 0.013714477705244553, 0.08025594233229469, 0.07310400793180982, 0.03857581598654605, 0.13251817521576753, 0.05253690168806249, 0.19326958066820893, 0.0350583482647871, 0.00429810722857266, 0.005050449860393488, 0.0207208396239082, 0.0487949406953985, 0.07850994353170956, 0.31127812445913283, 0.07310400793180982, 0.007299156760473963, 0.0037024515418363386, 0.0002145058924891757, 0.31127812445913283, 0.31127812445913283, 0.11009182675183558, 0.12425601093475921, 0.31127812445913283, 0.17750440524619315, 0.07310400793180982, 0.07310400793180982, 0.31127812445913283, 0.31127812445913283, 0.05738732460549023, 0.011482406826014972, 0.001254883843183478, 0.0002145058924891757, 0.0487949406953985, 0.2227619806994962, 0.0487949406953985), (0.07310400793180982, 0.0018086520489059392, 0.2227619806994962, 0.00822299722902229, 0.07622434155290266, 0.015085156698935967, 0.07310400793180982, 0.05738732460549023, 0.01423921619075233, 0.06660561007005729, 0.0487949406953985, 0.11009182675183558, 0.04105726891831728, 0.004167970681504568, 0.004727398383200621, 0.011482406826014972, 0.0487949406953985, 0.07744908453819253, 0.07310400793180982, 0.011482406826014972, 0.31127812445913283, 0.010396593705431272, 0.07622434155290266, 0.31127812445913283, 0.31127812445913283, 0.0207208396239082, 0.0487949406953985, 0.0022344421708708415, 0.2087803925185126, 0.07310400793180982, 0.042041899344894246, 0.20534969973663775, 0.05738732460549023, 0.12425601093475921, 0.16395604408354778, 0.0207208396239082, 0.0005570970453080571, 0.07310400793180982, 0.004167970681504568, 0.0001877124226694997), (0.009036677434107646, 0.005050449860393488, 0.23305878051279882, 0.014691469621310085, 0.016941071056623243, 0.00822299722902229, 0.06859186091507882, 0.042041899344894246, 0.05655009359654585, 0.03889315594457522, 0.0463685414106319, 0.10206066129537185, 0.02359015854559616, 0.005865051239364611, 0.05171298000558475, 0.025509910978289904, 0.0487949406953985, 0.0454498512923588, 0.05738732460549023, 0.05400884513974839, 0.007299156760473963, 0.005407888490294582, 0.08111870596083268, 0.2292798117148899, 0.15591489886228305, 0.05253690168806249, 0.011482406826014972, 0.00028867375520897666, 0.03857581598654605, 0.05400884513974839, 0.05400884513974839, 0.2227619806994962, 0.03221357089614439, 0.01274900060462203, 0.002830694750015385, 0.028564156811275485, 0.0008790379110077892, 0.011482406826014972, 0.0207208396239082, 0.006523190206172563)]}}
AdaptationManager: Configuring next round...
{'client_registry': {'enabled': True, 'params': {}}, 'client_selector': {'enabled': True, 'params': {'selection_strategy': 'Resource-Based', 'selection_criteria': 'CPU', 'selection_value': 2}}, 'client_cluster': {'enabled': False, 'params': {}}, 'message_compressor': {'enabled': False, 'params': {}}, 'model_co-versioning_registry': {'enabled': False, 'params': {}}, 'multi-task_model_trainer': {'enabled': False, 'params': {}}, 'heterogeneous_data_handler': {'enabled': False, 'params': {}}}
{'client_selector': {'enabled': False}, 'client_cluster': {'enabled': False}, 'message_compressor': {'enabled': False}, 'model_co-versioning_registry': {'enabled': False}, 'multi-task_model_trainer': {'enabled': False}, 'heterogeneous_data_handler': {'enabled': False}, 'client_registry': {'enabled': True, 'params': {}}}
0.0-iid clients, predicted wo:1.3793 vs w:1.5403, client_selector de-activated ❌
Results Aggregated in 0.56 seconds.
{'prostate_logreg': {'train_loss': [0.5480570495128632, 0.572618377964888, 0.557822361867294, 0.561496479116695, 0.55150959361544, 0.5470850678051219, 0.5344342903301883], 'train_accuracy': [0.8091603053435115, 0.7761194029850746, 0.7983367983367984, 0.7619718309859155, 0.7612419700214133, 0.7621107266435986, 0.7620764239365537], 'train_f1': [0.6778463478845158, 0.6749376355494372, 0.7327638945937921, 0.6810758418516205, 0.7022013803825076, 0.7100943606164347, 0.7133286197620795], 'train_mae': [0.19083969465648856, 0.22388059701492538, 0.20166320166320167, 0.2380281690140845, 0.23875802997858672, 0.2378892733564014, 0.23792357606344627], 'val_loss': [0.7244605690758783, 0.6807029152911491, 0.6494424598653027, 0.6249133905215574, 0.6040838759997342, 0.5882625761446114, 0.5760621187485974], 'val_accuracy': [0.5102931622543446, 0.5882687625701281, 0.6638688606773714, 0.7000661772050745, 0.7142438152079822, 0.721684121082726, 0.7297307316674081], 'val_f1': [0.4952015571651879, 0.5815557058791511, 0.6616092709955954, 0.6980559571808589, 0.7118467109207822, 0.7190027921861035, 0.7259252984375062], 'val_mae': [0.4897068377456553, 0.41173123742987194, 0.33613113932262867, 0.2999338227949256, 0.28575618479201786, 0.27831587891727405, 0.2702692683325919], 'jsd': [(0, 0, 0, 0, 0, 0, 0, 0, 0, 0.0207208396239082, 0.31127812445913283, 0.31127812445913283, 0.31127812445913283, 0.11009182675183558, 0.31127812445913283, 0.31127812445913283, 0.31127812445913283, 0.0037024515418363386, 0.31127812445913283, 0.31127812445913283, 0.31127812445913283, 0.31127812445913283, 0.31127812445913283, 0.31127812445913283, 0.31127812445913283, 0.31127812445913283, 0.07310400793180982, 0.0037024515418363386, 0.31127812445913283, 0.31127812445913283, 0.0350583482647871, 0.31127812445913283, 0.31127812445913283, 0.31127812445913283, 0, 0, 0, 0, 0, 0), (0, 0, 0, 0, 0, 0, 0, 0, 0, 0.0207208396239082, 0.31127812445913283, 0.31127812445913283, 0.31127812445913283, 0.06548833004089114, 0.0014939931791539789, 0.31127812445913283, 0.07310400793180982, 0, 0.1711038312803313, 0.31127812445913283, 0, 0.007299156760473963, 0.009756534087137225, 0.31127812445913283, 0.31127812445913283, 0.31127812445913283, 0, 0.015085156698935967, 0.0207208396239082, 0.16395604408354778, 0.0350583482647871, 0.31127812445913283, 0.31127812445913283, 0.16395604408354778, 0, 0, 0, 0, 0, 0), (0.0207208396239082, 0.16395604408354778, 0.31127812445913283, 0.09922267539827352, 0.11009182675183558, 0.18850340411986471, 0.09328462323031235, 0.11009182675183558, 0.010396593705431272, 0.10481597017296576, 0.05400884513974839, 0.1711038312803313, 0.042041899344894246, 0.0004999522456092496, 0, 0.31127812445913283, 0.0207208396239082, 0.0008025382728216734, 0.31127812445913283, 0.07310400793180982, 0.31127812445913283, 0.31127812445913283, 0.00040919789219141973, 0.31127812445913283, 0.31127812445913283, 0.31127812445913283, 0, 0.31127812445913283, 0.11009182675183558, 0.31127812445913283, 0.07310400793180982, 0.31127812445913283, 0.0487949406953985, 0.06149937804507184, 0.31127812445913283, 0, 0.00040919789219141973, 0.09328462323031235, 0.31127812445913283, 0.09328462323031235), (0.09328462323031235, 0.31127812445913283, 0.2087803925185126, 0.009756534087137225, 0.11385563424028564, 0.013714477705244553, 0.08025594233229469, 0.07310400793180982, 0.03857581598654605, 0.13251817521576753, 0.05253690168806249, 0.19326958066820893, 0.0350583482647871, 0.00429810722857266, 0.005050449860393488, 0.0207208396239082, 0.0487949406953985, 0.07850994353170956, 0.31127812445913283, 0.07310400793180982, 0.007299156760473963, 0.0037024515418363386, 0.0002145058924891757, 0.31127812445913283, 0.31127812445913283, 0.11009182675183558, 0.12425601093475921, 0.31127812445913283, 0.17750440524619315, 0.07310400793180982, 0.07310400793180982, 0.31127812445913283, 0.31127812445913283, 0.05738732460549023, 0.011482406826014972, 0.001254883843183478, 0.0002145058924891757, 0.0487949406953985, 0.2227619806994962, 0.0487949406953985), (0.07310400793180982, 0.0018086520489059392, 0.2227619806994962, 0.00822299722902229, 0.07622434155290266, 0.015085156698935967, 0.07310400793180982, 0.05738732460549023, 0.01423921619075233, 0.06660561007005729, 0.0487949406953985, 0.11009182675183558, 0.04105726891831728, 0.004167970681504568, 0.004727398383200621, 0.011482406826014972, 0.0487949406953985, 0.07744908453819253, 0.07310400793180982, 0.011482406826014972, 0.31127812445913283, 0.010396593705431272, 0.07622434155290266, 0.31127812445913283, 0.31127812445913283, 0.0207208396239082, 0.0487949406953985, 0.0022344421708708415, 0.2087803925185126, 0.07310400793180982, 0.042041899344894246, 0.20534969973663775, 0.05738732460549023, 0.12425601093475921, 0.16395604408354778, 0.0207208396239082, 0.0005570970453080571, 0.07310400793180982, 0.004167970681504568, 0.0001877124226694997), (0.009036677434107646, 0.005050449860393488, 0.23305878051279882, 0.014691469621310085, 0.016941071056623243, 0.00822299722902229, 0.06859186091507882, 0.042041899344894246, 0.05655009359654585, 0.03889315594457522, 0.0463685414106319, 0.10206066129537185, 0.02359015854559616, 0.005865051239364611, 0.05171298000558475, 0.025509910978289904, 0.0487949406953985, 0.0454498512923588, 0.05738732460549023, 0.05400884513974839, 0.007299156760473963, 0.005407888490294582, 0.08111870596083268, 0.2292798117148899, 0.15591489886228305, 0.05253690168806249, 0.011482406826014972, 0.00028867375520897666, 0.03857581598654605, 0.05400884513974839, 0.05400884513974839, 0.2227619806994962, 0.03221357089614439, 0.01274900060462203, 0.002830694750015385, 0.028564156811275485, 0.0008790379110077892, 0.011482406826014972, 0.0207208396239082, 0.006523190206172563), (0.012033410127123681, 0.0037024515418363386, 0.24237412989240623, 0.01717496977609681, 0.016009512159686483, 0.0010689285835955437, 0.11385563424028564, 0.0022344421708708415, 0.07310400793180982, 0.04432065423178154, 0.04674406725931858, 0.09328462323031235, 0.0231107894081813, 0.0055031961632630196, 0.02276859998040022, 0.006019887358649001, 0.03857581598654605, 0.06149937804507184, 0.19094034698434098, 0.05738732460549023, 0.009756534087137225, 0.009036677434107646, 0.07529706740701966, 0.07622434155290266, 0.11009182675183558, 0.0487949406953985, 0.0037024515418363386, 0.009335040408067166, 0.0487949406953985, 0.027910215332363916, 0.0010689285835955437, 0.23646636812449032, 0.0350583482647871, 0.039737267151773975, 0.007299156760473963, 0.008003048984193635, 0.0017382218522886302, 0.0009214584011009545, 0.036145614849311655, 0.09587355378511578)]}}
AdaptationManager: Configuring next round...
{'client_registry': {'enabled': True, 'params': {}}, 'client_selector': {'enabled': True, 'params': {'selection_strategy': 'Resource-Based', 'selection_criteria': 'CPU', 'selection_value': 2}}, 'client_cluster': {'enabled': False, 'params': {}}, 'message_compressor': {'enabled': False, 'params': {}}, 'model_co-versioning_registry': {'enabled': False, 'params': {}}, 'multi-task_model_trainer': {'enabled': False, 'params': {}}, 'heterogeneous_data_handler': {'enabled': False, 'params': {}}}
{'client_selector': {'enabled': False}, 'client_cluster': {'enabled': False}, 'message_compressor': {'enabled': False}, 'model_co-versioning_registry': {'enabled': False}, 'multi-task_model_trainer': {'enabled': False}, 'heterogeneous_data_handler': {'enabled': False}, 'client_registry': {'enabled': True, 'params': {}}}
0.0-iid clients, predicted wo:1.4309 vs w:1.5692, client_selector de-activated ❌
Results Aggregated in 0.51 seconds.
{'prostate_logreg': {'train_loss': [0.5480570495128632, 0.572618377964888, 0.557822361867294, 0.561496479116695, 0.55150959361544, 0.5470850678051219, 0.5344342903301883, 0.5253177667360994], 'train_accuracy': [0.8091603053435115, 0.7761194029850746, 0.7983367983367984, 0.7619718309859155, 0.7612419700214133, 0.7621107266435986, 0.7620764239365537, 0.7692786069651741], 'train_f1': [0.6778463478845158, 0.6749376355494372, 0.7327638945937921, 0.6810758418516205, 0.7022013803825076, 0.7100943606164347, 0.7133286197620795, 0.7206630475391974], 'train_mae': [0.19083969465648856, 0.22388059701492538, 0.20166320166320167, 0.2380281690140845, 0.23875802997858672, 0.2378892733564014, 0.23792357606344627, 0.23072139303482586], 'val_loss': [0.7244605690758783, 0.6807029152911491, 0.6494424598653027, 0.6249133905215574, 0.6040838759997342, 0.5882625761446114, 0.5760621187485974, 0.5673824276272081], 'val_accuracy': [0.5102931622543446, 0.5882687625701281, 0.6638688606773714, 0.7000661772050745, 0.7142438152079822, 0.721684121082726, 0.7297307316674081, 0.7368355474401044], 'val_f1': [0.4952015571651879, 0.5815557058791511, 0.6616092709955954, 0.6980559571808589, 0.7118467109207822, 0.7190027921861035, 0.7259252984375062, 0.7317147045749565], 'val_mae': [0.4897068377456553, 0.41173123742987194, 0.33613113932262867, 0.2999338227949256, 0.28575618479201786, 0.27831587891727405, 0.2702692683325919, 0.26316445255989557], 'jsd': [(0, 0, 0, 0, 0, 0, 0, 0, 0, 0.0207208396239082, 0.31127812445913283, 0.31127812445913283, 0.31127812445913283, 0.11009182675183558, 0.31127812445913283, 0.31127812445913283, 0.31127812445913283, 0.0037024515418363386, 0.31127812445913283, 0.31127812445913283, 0.31127812445913283, 0.31127812445913283, 0.31127812445913283, 0.31127812445913283, 0.31127812445913283, 0.31127812445913283, 0.07310400793180982, 0.0037024515418363386, 0.31127812445913283, 0.31127812445913283, 0.0350583482647871, 0.31127812445913283, 0.31127812445913283, 0.31127812445913283, 0, 0, 0, 0, 0, 0), (0, 0, 0, 0, 0, 0, 0, 0, 0, 0.0207208396239082, 0.31127812445913283, 0.31127812445913283, 0.31127812445913283, 0.06548833004089114, 0.0014939931791539789, 0.31127812445913283, 0.07310400793180982, 0, 0.1711038312803313, 0.31127812445913283, 0, 0.007299156760473963, 0.009756534087137225, 0.31127812445913283, 0.31127812445913283, 0.31127812445913283, 0, 0.015085156698935967, 0.0207208396239082, 0.16395604408354778, 0.0350583482647871, 0.31127812445913283, 0.31127812445913283, 0.16395604408354778, 0, 0, 0, 0, 0, 0), (0.0207208396239082, 0.16395604408354778, 0.31127812445913283, 0.09922267539827352, 0.11009182675183558, 0.18850340411986471, 0.09328462323031235, 0.11009182675183558, 0.010396593705431272, 0.10481597017296576, 0.05400884513974839, 0.1711038312803313, 0.042041899344894246, 0.0004999522456092496, 0, 0.31127812445913283, 0.0207208396239082, 0.0008025382728216734, 0.31127812445913283, 0.07310400793180982, 0.31127812445913283, 0.31127812445913283, 0.00040919789219141973, 0.31127812445913283, 0.31127812445913283, 0.31127812445913283, 0, 0.31127812445913283, 0.11009182675183558, 0.31127812445913283, 0.07310400793180982, 0.31127812445913283, 0.0487949406953985, 0.06149937804507184, 0.31127812445913283, 0, 0.00040919789219141973, 0.09328462323031235, 0.31127812445913283, 0.09328462323031235), (0.09328462323031235, 0.31127812445913283, 0.2087803925185126, 0.009756534087137225, 0.11385563424028564, 0.013714477705244553, 0.08025594233229469, 0.07310400793180982, 0.03857581598654605, 0.13251817521576753, 0.05253690168806249, 0.19326958066820893, 0.0350583482647871, 0.00429810722857266, 0.005050449860393488, 0.0207208396239082, 0.0487949406953985, 0.07850994353170956, 0.31127812445913283, 0.07310400793180982, 0.007299156760473963, 0.0037024515418363386, 0.0002145058924891757, 0.31127812445913283, 0.31127812445913283, 0.11009182675183558, 0.12425601093475921, 0.31127812445913283, 0.17750440524619315, 0.07310400793180982, 0.07310400793180982, 0.31127812445913283, 0.31127812445913283, 0.05738732460549023, 0.011482406826014972, 0.001254883843183478, 0.0002145058924891757, 0.0487949406953985, 0.2227619806994962, 0.0487949406953985), (0.07310400793180982, 0.0018086520489059392, 0.2227619806994962, 0.00822299722902229, 0.07622434155290266, 0.015085156698935967, 0.07310400793180982, 0.05738732460549023, 0.01423921619075233, 0.06660561007005729, 0.0487949406953985, 0.11009182675183558, 0.04105726891831728, 0.004167970681504568, 0.004727398383200621, 0.011482406826014972, 0.0487949406953985, 0.07744908453819253, 0.07310400793180982, 0.011482406826014972, 0.31127812445913283, 0.010396593705431272, 0.07622434155290266, 0.31127812445913283, 0.31127812445913283, 0.0207208396239082, 0.0487949406953985, 0.0022344421708708415, 0.2087803925185126, 0.07310400793180982, 0.042041899344894246, 0.20534969973663775, 0.05738732460549023, 0.12425601093475921, 0.16395604408354778, 0.0207208396239082, 0.0005570970453080571, 0.07310400793180982, 0.004167970681504568, 0.0001877124226694997), (0.009036677434107646, 0.005050449860393488, 0.23305878051279882, 0.014691469621310085, 0.016941071056623243, 0.00822299722902229, 0.06859186091507882, 0.042041899344894246, 0.05655009359654585, 0.03889315594457522, 0.0463685414106319, 0.10206066129537185, 0.02359015854559616, 0.005865051239364611, 0.05171298000558475, 0.025509910978289904, 0.0487949406953985, 0.0454498512923588, 0.05738732460549023, 0.05400884513974839, 0.007299156760473963, 0.005407888490294582, 0.08111870596083268, 0.2292798117148899, 0.15591489886228305, 0.05253690168806249, 0.011482406826014972, 0.00028867375520897666, 0.03857581598654605, 0.05400884513974839, 0.05400884513974839, 0.2227619806994962, 0.03221357089614439, 0.01274900060462203, 0.002830694750015385, 0.028564156811275485, 0.0008790379110077892, 0.011482406826014972, 0.0207208396239082, 0.006523190206172563), (0.012033410127123681, 0.0037024515418363386, 0.24237412989240623, 0.01717496977609681, 0.016009512159686483, 0.0010689285835955437, 0.11385563424028564, 0.0022344421708708415, 0.07310400793180982, 0.04432065423178154, 0.04674406725931858, 0.09328462323031235, 0.0231107894081813, 0.0055031961632630196, 0.02276859998040022, 0.006019887358649001, 0.03857581598654605, 0.06149937804507184, 0.19094034698434098, 0.05738732460549023, 0.009756534087137225, 0.009036677434107646, 0.07529706740701966, 0.07622434155290266, 0.11009182675183558, 0.0487949406953985, 0.0037024515418363386, 0.009335040408067166, 0.0487949406953985, 0.027910215332363916, 0.0010689285835955437, 0.23646636812449032, 0.0350583482647871, 0.039737267151773975, 0.007299156760473963, 0.008003048984193635, 0.0017382218522886302, 0.0009214584011009545, 0.036145614849311655, 0.09587355378511578), (0.0061446088533262735, 0.002830694750015385, 0.24844401300050659, 0.04105726891831728, 0.014038937565777093, 0.0014939931791539789, 0.10372355040574062, 0.0037024515418363386, 0.07898885115561567, 0.0031619139529965624, 0.02711041372683346, 0.08697257500448134, 0.010396593705431272, 0.0010689285835955437, 0.050988453276391066, 0.007299156760473963, 0.039737267151773975, 0.12931448059938455, 0.20534969973663775, 0.06322393781435344, 0.0207208396239082, 0.0024479765006755194, 0.0019359358092692971, 0.02276859998040022, 0.12745428142147208, 0.029569159854620865, 0.0026078279567117203, 0.006523190206172563, 0.004816452941871073, 0.015588395748542892, 0.0001877124226694997, 0.24616505675524458, 0.027910215332363916, 0.05738732460549023, 0.03302877414247969, 0.0350583482647871, 0.0008589183281813573, 0.018135571823116266, 0.03600088831260688, 0.11009182675183558)]}}
AdaptationManager: Configuring next round...
{'client_registry': {'enabled': True, 'params': {}}, 'client_selector': {'enabled': True, 'params': {'selection_strategy': 'Resource-Based', 'selection_criteria': 'CPU', 'selection_value': 2}}, 'client_cluster': {'enabled': False, 'params': {}}, 'message_compressor': {'enabled': False, 'params': {}}, 'model_co-versioning_registry': {'enabled': False, 'params': {}}, 'multi-task_model_trainer': {'enabled': False, 'params': {}}, 'heterogeneous_data_handler': {'enabled': False, 'params': {}}}
{'client_selector': {'enabled': False}, 'client_cluster': {'enabled': False}, 'message_compressor': {'enabled': False}, 'model_co-versioning_registry': {'enabled': False}, 'multi-task_model_trainer': {'enabled': False}, 'heterogeneous_data_handler': {'enabled': False}, 'client_registry': {'enabled': True, 'params': {}}}
0.0-iid clients, predicted wo:1.4668 vs w:1.5979, client_selector de-activated ❌
Results Aggregated in 0.49 seconds.
{'prostate_logreg': {'train_loss': [0.5480570495128632, 0.572618377964888, 0.557822361867294, 0.561496479116695, 0.55150959361544, 0.5470850678051219, 0.5344342903301883, 0.5253177667360994, 0.5203037218528284], 'train_accuracy': [0.8091603053435115, 0.7761194029850746, 0.7983367983367984, 0.7619718309859155, 0.7612419700214133, 0.7621107266435986, 0.7620764239365537, 0.7692786069651741, 0.7827510917030568], 'train_f1': [0.6778463478845158, 0.6749376355494372, 0.7327638945937921, 0.6810758418516205, 0.7022013803825076, 0.7100943606164347, 0.7133286197620795, 0.7206630475391974, 0.7408618462548519], 'train_mae': [0.19083969465648856, 0.22388059701492538, 0.20166320166320167, 0.2380281690140845, 0.23875802997858672, 0.2378892733564014, 0.23792357606344627, 0.23072139303482586, 0.21724890829694324], 'val_loss': [0.7244605690758783, 0.6807029152911491, 0.6494424598653027, 0.6249133905215574, 0.6040838759997342, 0.5882625761446114, 0.5760621187485974, 0.5673824276272081, 0.5603453540588608], 'val_accuracy': [0.5102931622543446, 0.5882687625701281, 0.6638688606773714, 0.7000661772050745, 0.7142438152079822, 0.721684121082726, 0.7297307316674081, 0.7368355474401044, 0.7408342430858806], 'val_f1': [0.4952015571651879, 0.5815557058791511, 0.6616092709955954, 0.6980559571808589, 0.7118467109207822, 0.7190027921861035, 0.7259252984375062, 0.7317147045749565, 0.7347096288105305], 'val_mae': [0.4897068377456553, 0.41173123742987194, 0.33613113932262867, 0.2999338227949256, 0.28575618479201786, 0.27831587891727405, 0.2702692683325919, 0.26316445255989557, 0.25916575691411936], 'jsd': [(0, 0, 0, 0, 0, 0, 0, 0, 0, 0.0207208396239082, 0.31127812445913283, 0.31127812445913283, 0.31127812445913283, 0.11009182675183558, 0.31127812445913283, 0.31127812445913283, 0.31127812445913283, 0.0037024515418363386, 0.31127812445913283, 0.31127812445913283, 0.31127812445913283, 0.31127812445913283, 0.31127812445913283, 0.31127812445913283, 0.31127812445913283, 0.31127812445913283, 0.07310400793180982, 0.0037024515418363386, 0.31127812445913283, 0.31127812445913283, 0.0350583482647871, 0.31127812445913283, 0.31127812445913283, 0.31127812445913283, 0, 0, 0, 0, 0, 0), (0, 0, 0, 0, 0, 0, 0, 0, 0, 0.0207208396239082, 0.31127812445913283, 0.31127812445913283, 0.31127812445913283, 0.06548833004089114, 0.0014939931791539789, 0.31127812445913283, 0.07310400793180982, 0, 0.1711038312803313, 0.31127812445913283, 0, 0.007299156760473963, 0.009756534087137225, 0.31127812445913283, 0.31127812445913283, 0.31127812445913283, 0, 0.015085156698935967, 0.0207208396239082, 0.16395604408354778, 0.0350583482647871, 0.31127812445913283, 0.31127812445913283, 0.16395604408354778, 0, 0, 0, 0, 0, 0), (0.0207208396239082, 0.16395604408354778, 0.31127812445913283, 0.09922267539827352, 0.11009182675183558, 0.18850340411986471, 0.09328462323031235, 0.11009182675183558, 0.010396593705431272, 0.10481597017296576, 0.05400884513974839, 0.1711038312803313, 0.042041899344894246, 0.0004999522456092496, 0, 0.31127812445913283, 0.0207208396239082, 0.0008025382728216734, 0.31127812445913283, 0.07310400793180982, 0.31127812445913283, 0.31127812445913283, 0.00040919789219141973, 0.31127812445913283, 0.31127812445913283, 0.31127812445913283, 0, 0.31127812445913283, 0.11009182675183558, 0.31127812445913283, 0.07310400793180982, 0.31127812445913283, 0.0487949406953985, 0.06149937804507184, 0.31127812445913283, 0, 0.00040919789219141973, 0.09328462323031235, 0.31127812445913283, 0.09328462323031235), (0.09328462323031235, 0.31127812445913283, 0.2087803925185126, 0.009756534087137225, 0.11385563424028564, 0.013714477705244553, 0.08025594233229469, 0.07310400793180982, 0.03857581598654605, 0.13251817521576753, 0.05253690168806249, 0.19326958066820893, 0.0350583482647871, 0.00429810722857266, 0.005050449860393488, 0.0207208396239082, 0.0487949406953985, 0.07850994353170956, 0.31127812445913283, 0.07310400793180982, 0.007299156760473963, 0.0037024515418363386, 0.0002145058924891757, 0.31127812445913283, 0.31127812445913283, 0.11009182675183558, 0.12425601093475921, 0.31127812445913283, 0.17750440524619315, 0.07310400793180982, 0.07310400793180982, 0.31127812445913283, 0.31127812445913283, 0.05738732460549023, 0.011482406826014972, 0.001254883843183478, 0.0002145058924891757, 0.0487949406953985, 0.2227619806994962, 0.0487949406953985), (0.07310400793180982, 0.0018086520489059392, 0.2227619806994962, 0.00822299722902229, 0.07622434155290266, 0.015085156698935967, 0.07310400793180982, 0.05738732460549023, 0.01423921619075233, 0.06660561007005729, 0.0487949406953985, 0.11009182675183558, 0.04105726891831728, 0.004167970681504568, 0.004727398383200621, 0.011482406826014972, 0.0487949406953985, 0.07744908453819253, 0.07310400793180982, 0.011482406826014972, 0.31127812445913283, 0.010396593705431272, 0.07622434155290266, 0.31127812445913283, 0.31127812445913283, 0.0207208396239082, 0.0487949406953985, 0.0022344421708708415, 0.2087803925185126, 0.07310400793180982, 0.042041899344894246, 0.20534969973663775, 0.05738732460549023, 0.12425601093475921, 0.16395604408354778, 0.0207208396239082, 0.0005570970453080571, 0.07310400793180982, 0.004167970681504568, 0.0001877124226694997), (0.009036677434107646, 0.005050449860393488, 0.23305878051279882, 0.014691469621310085, 0.016941071056623243, 0.00822299722902229, 0.06859186091507882, 0.042041899344894246, 0.05655009359654585, 0.03889315594457522, 0.0463685414106319, 0.10206066129537185, 0.02359015854559616, 0.005865051239364611, 0.05171298000558475, 0.025509910978289904, 0.0487949406953985, 0.0454498512923588, 0.05738732460549023, 0.05400884513974839, 0.007299156760473963, 0.005407888490294582, 0.08111870596083268, 0.2292798117148899, 0.15591489886228305, 0.05253690168806249, 0.011482406826014972, 0.00028867375520897666, 0.03857581598654605, 0.05400884513974839, 0.05400884513974839, 0.2227619806994962, 0.03221357089614439, 0.01274900060462203, 0.002830694750015385, 0.028564156811275485, 0.0008790379110077892, 0.011482406826014972, 0.0207208396239082, 0.006523190206172563), (0.012033410127123681, 0.0037024515418363386, 0.24237412989240623, 0.01717496977609681, 0.016009512159686483, 0.0010689285835955437, 0.11385563424028564, 0.0022344421708708415, 0.07310400793180982, 0.04432065423178154, 0.04674406725931858, 0.09328462323031235, 0.0231107894081813, 0.0055031961632630196, 0.02276859998040022, 0.006019887358649001, 0.03857581598654605, 0.06149937804507184, 0.19094034698434098, 0.05738732460549023, 0.009756534087137225, 0.009036677434107646, 0.07529706740701966, 0.07622434155290266, 0.11009182675183558, 0.0487949406953985, 0.0037024515418363386, 0.009335040408067166, 0.0487949406953985, 0.027910215332363916, 0.0010689285835955437, 0.23646636812449032, 0.0350583482647871, 0.039737267151773975, 0.007299156760473963, 0.008003048984193635, 0.0017382218522886302, 0.0009214584011009545, 0.036145614849311655, 0.09587355378511578), (0.0061446088533262735, 0.002830694750015385, 0.24844401300050659, 0.04105726891831728, 0.014038937565777093, 0.0014939931791539789, 0.10372355040574062, 0.0037024515418363386, 0.07898885115561567, 0.0031619139529965624, 0.02711041372683346, 0.08697257500448134, 0.010396593705431272, 0.0010689285835955437, 0.050988453276391066, 0.007299156760473963, 0.039737267151773975, 0.12931448059938455, 0.20534969973663775, 0.06322393781435344, 0.0207208396239082, 0.0024479765006755194, 0.0019359358092692971, 0.02276859998040022, 0.12745428142147208, 0.029569159854620865, 0.0026078279567117203, 0.006523190206172563, 0.004816452941871073, 0.015588395748542892, 0.0001877124226694997, 0.24616505675524458, 0.027910215332363916, 0.05738732460549023, 0.03302877414247969, 0.0350583482647871, 0.0008589183281813573, 0.018135571823116266, 0.03600088831260688, 0.11009182675183558), (0.004867022157993568, 0.0022344421708708415, 0.06627146564409989, 0.04031575601199518, 0.007299156760473963, 0, 0.11603915012591684, 0.0003410895898538083, 0.07310400793180982, 0.005050449860393488, 0.02345316312919523, 0.10206066129537185, 0.00402636741089939, 0.0012978730164486581, 0.046891375075551814, 0.015085156698935967, 0.031173613118524304, 0.14070293888931446, 0.2149397901480957, 0.04066211490300797, 0.0207208396239082, 0.07529706740701966, 0.01258931793513713, 0.00566775380589651, 0.14431677453762248, 0.05528500114149415, 0.0002145058924891757, 0.012033410127123681, 0.030305144839322347, 0.0645025668287288, 0.00013175698573951195, 0.2149397901480957, 0.09328462323031235, 0.03857581598654605, 0.03857581598654605, 0.03328315226577441, 0.003476844487206702, 0.028564156811275485, 0.019295237025311954, 0.03328315226577441)]}}
AdaptationManager: Configuring next round...
{'client_registry': {'enabled': True, 'params': {}}, 'client_selector': {'enabled': True, 'params': {'selection_strategy': 'Resource-Based', 'selection_criteria': 'CPU', 'selection_value': 2}}, 'client_cluster': {'enabled': False, 'params': {}}, 'message_compressor': {'enabled': False, 'params': {}}, 'model_co-versioning_registry': {'enabled': False, 'params': {}}, 'multi-task_model_trainer': {'enabled': False, 'params': {}}, 'heterogeneous_data_handler': {'enabled': False, 'params': {}}}
{'client_selector': {'enabled': False}, 'client_cluster': {'enabled': False}, 'message_compressor': {'enabled': False}, 'model_co-versioning_registry': {'enabled': False}, 'multi-task_model_trainer': {'enabled': False}, 'heterogeneous_data_handler': {'enabled': False}, 'client_registry': {'enabled': True, 'params': {}}}
0.0-iid clients, predicted wo:1.4795 vs w:1.6106, client_selector de-activated ❌
Results Aggregated in 0.50 seconds.
{'prostate_logreg': {'train_loss': [0.5480570495128632, 0.572618377964888, 0.557822361867294, 0.561496479116695, 0.55150959361544, 0.5470850678051219, 0.5344342903301883, 0.5253177667360994, 0.5203037218528284, 0.518786369412055], 'train_accuracy': [0.8091603053435115, 0.7761194029850746, 0.7983367983367984, 0.7619718309859155, 0.7612419700214133, 0.7621107266435986, 0.7620764239365537, 0.7692786069651741, 0.7827510917030568, 0.7835351089588378], 'train_f1': [0.6778463478845158, 0.6749376355494372, 0.7327638945937921, 0.6810758418516205, 0.7022013803825076, 0.7100943606164347, 0.7133286197620795, 0.7206630475391974, 0.7408618462548519, 0.746014304542948], 'train_mae': [0.19083969465648856, 0.22388059701492538, 0.20166320166320167, 0.2380281690140845, 0.23875802997858672, 0.2378892733564014, 0.23792357606344627, 0.23072139303482586, 0.21724890829694324, 0.21646489104116223], 'val_loss': [0.7244605690758783, 0.6807029152911491, 0.6494424598653027, 0.6249133905215574, 0.6040838759997342, 0.5882625761446114, 0.5760621187485974, 0.5673824276272081, 0.5603453540588608, 0.5543237799323452], 'val_accuracy': [0.5102931622543446, 0.5882687625701281, 0.6638688606773714, 0.7000661772050745, 0.7142438152079822, 0.721684121082726, 0.7297307316674081, 0.7368355474401044, 0.7408342430858806, 0.7441562344375182], 'val_f1': [0.4952015571651879, 0.5815557058791511, 0.6616092709955954, 0.6980559571808589, 0.7118467109207822, 0.7190027921861035, 0.7259252984375062, 0.7317147045749565, 0.7347096288105305, 0.7367145946164105], 'val_mae': [0.4897068377456553, 0.41173123742987194, 0.33613113932262867, 0.2999338227949256, 0.28575618479201786, 0.27831587891727405, 0.2702692683325919, 0.26316445255989557, 0.25916575691411936, 0.25584376556248173], 'jsd': [(0, 0, 0, 0, 0, 0, 0, 0, 0, 0.0207208396239082, 0.31127812445913283, 0.31127812445913283, 0.31127812445913283, 0.11009182675183558, 0.31127812445913283, 0.31127812445913283, 0.31127812445913283, 0.0037024515418363386, 0.31127812445913283, 0.31127812445913283, 0.31127812445913283, 0.31127812445913283, 0.31127812445913283, 0.31127812445913283, 0.31127812445913283, 0.31127812445913283, 0.07310400793180982, 0.0037024515418363386, 0.31127812445913283, 0.31127812445913283, 0.0350583482647871, 0.31127812445913283, 0.31127812445913283, 0.31127812445913283, 0, 0, 0, 0, 0, 0), (0, 0, 0, 0, 0, 0, 0, 0, 0, 0.0207208396239082, 0.31127812445913283, 0.31127812445913283, 0.31127812445913283, 0.06548833004089114, 0.0014939931791539789, 0.31127812445913283, 0.07310400793180982, 0, 0.1711038312803313, 0.31127812445913283, 0, 0.007299156760473963, 0.009756534087137225, 0.31127812445913283, 0.31127812445913283, 0.31127812445913283, 0, 0.015085156698935967, 0.0207208396239082, 0.16395604408354778, 0.0350583482647871, 0.31127812445913283, 0.31127812445913283, 0.16395604408354778, 0, 0, 0, 0, 0, 0), (0.0207208396239082, 0.16395604408354778, 0.31127812445913283, 0.09922267539827352, 0.11009182675183558, 0.18850340411986471, 0.09328462323031235, 0.11009182675183558, 0.010396593705431272, 0.10481597017296576, 0.05400884513974839, 0.1711038312803313, 0.042041899344894246, 0.0004999522456092496, 0, 0.31127812445913283, 0.0207208396239082, 0.0008025382728216734, 0.31127812445913283, 0.07310400793180982, 0.31127812445913283, 0.31127812445913283, 0.00040919789219141973, 0.31127812445913283, 0.31127812445913283, 0.31127812445913283, 0, 0.31127812445913283, 0.11009182675183558, 0.31127812445913283, 0.07310400793180982, 0.31127812445913283, 0.0487949406953985, 0.06149937804507184, 0.31127812445913283, 0, 0.00040919789219141973, 0.09328462323031235, 0.31127812445913283, 0.09328462323031235), (0.09328462323031235, 0.31127812445913283, 0.2087803925185126, 0.009756534087137225, 0.11385563424028564, 0.013714477705244553, 0.08025594233229469, 0.07310400793180982, 0.03857581598654605, 0.13251817521576753, 0.05253690168806249, 0.19326958066820893, 0.0350583482647871, 0.00429810722857266, 0.005050449860393488, 0.0207208396239082, 0.0487949406953985, 0.07850994353170956, 0.31127812445913283, 0.07310400793180982, 0.007299156760473963, 0.0037024515418363386, 0.0002145058924891757, 0.31127812445913283, 0.31127812445913283, 0.11009182675183558, 0.12425601093475921, 0.31127812445913283, 0.17750440524619315, 0.07310400793180982, 0.07310400793180982, 0.31127812445913283, 0.31127812445913283, 0.05738732460549023, 0.011482406826014972, 0.001254883843183478, 0.0002145058924891757, 0.0487949406953985, 0.2227619806994962, 0.0487949406953985), (0.07310400793180982, 0.0018086520489059392, 0.2227619806994962, 0.00822299722902229, 0.07622434155290266, 0.015085156698935967, 0.07310400793180982, 0.05738732460549023, 0.01423921619075233, 0.06660561007005729, 0.0487949406953985, 0.11009182675183558, 0.04105726891831728, 0.004167970681504568, 0.004727398383200621, 0.011482406826014972, 0.0487949406953985, 0.07744908453819253, 0.07310400793180982, 0.011482406826014972, 0.31127812445913283, 0.010396593705431272, 0.07622434155290266, 0.31127812445913283, 0.31127812445913283, 0.0207208396239082, 0.0487949406953985, 0.0022344421708708415, 0.2087803925185126, 0.07310400793180982, 0.042041899344894246, 0.20534969973663775, 0.05738732460549023, 0.12425601093475921, 0.16395604408354778, 0.0207208396239082, 0.0005570970453080571, 0.07310400793180982, 0.004167970681504568, 0.0001877124226694997), (0.009036677434107646, 0.005050449860393488, 0.23305878051279882, 0.014691469621310085, 0.016941071056623243, 0.00822299722902229, 0.06859186091507882, 0.042041899344894246, 0.05655009359654585, 0.03889315594457522, 0.0463685414106319, 0.10206066129537185, 0.02359015854559616, 0.005865051239364611, 0.05171298000558475, 0.025509910978289904, 0.0487949406953985, 0.0454498512923588, 0.05738732460549023, 0.05400884513974839, 0.007299156760473963, 0.005407888490294582, 0.08111870596083268, 0.2292798117148899, 0.15591489886228305, 0.05253690168806249, 0.011482406826014972, 0.00028867375520897666, 0.03857581598654605, 0.05400884513974839, 0.05400884513974839, 0.2227619806994962, 0.03221357089614439, 0.01274900060462203, 0.002830694750015385, 0.028564156811275485, 0.0008790379110077892, 0.011482406826014972, 0.0207208396239082, 0.006523190206172563), (0.012033410127123681, 0.0037024515418363386, 0.24237412989240623, 0.01717496977609681, 0.016009512159686483, 0.0010689285835955437, 0.11385563424028564, 0.0022344421708708415, 0.07310400793180982, 0.04432065423178154, 0.04674406725931858, 0.09328462323031235, 0.0231107894081813, 0.0055031961632630196, 0.02276859998040022, 0.006019887358649001, 0.03857581598654605, 0.06149937804507184, 0.19094034698434098, 0.05738732460549023, 0.009756534087137225, 0.009036677434107646, 0.07529706740701966, 0.07622434155290266, 0.11009182675183558, 0.0487949406953985, 0.0037024515418363386, 0.009335040408067166, 0.0487949406953985, 0.027910215332363916, 0.0010689285835955437, 0.23646636812449032, 0.0350583482647871, 0.039737267151773975, 0.007299156760473963, 0.008003048984193635, 0.0017382218522886302, 0.0009214584011009545, 0.036145614849311655, 0.09587355378511578), (0.0061446088533262735, 0.002830694750015385, 0.24844401300050659, 0.04105726891831728, 0.014038937565777093, 0.0014939931791539789, 0.10372355040574062, 0.0037024515418363386, 0.07898885115561567, 0.0031619139529965624, 0.02711041372683346, 0.08697257500448134, 0.010396593705431272, 0.0010689285835955437, 0.050988453276391066, 0.007299156760473963, 0.039737267151773975, 0.12931448059938455, 0.20534969973663775, 0.06322393781435344, 0.0207208396239082, 0.0024479765006755194, 0.0019359358092692971, 0.02276859998040022, 0.12745428142147208, 0.029569159854620865, 0.0026078279567117203, 0.006523190206172563, 0.004816452941871073, 0.015588395748542892, 0.0001877124226694997, 0.24616505675524458, 0.027910215332363916, 0.05738732460549023, 0.03302877414247969, 0.0350583482647871, 0.0008589183281813573, 0.018135571823116266, 0.03600088831260688, 0.11009182675183558), (0.004867022157993568, 0.0022344421708708415, 0.06627146564409989, 0.04031575601199518, 0.007299156760473963, 0, 0.11603915012591684, 0.0003410895898538083, 0.07310400793180982, 0.005050449860393488, 0.02345316312919523, 0.10206066129537185, 0.00402636741089939, 0.0012978730164486581, 0.046891375075551814, 0.015085156698935967, 0.031173613118524304, 0.14070293888931446, 0.2149397901480957, 0.04066211490300797, 0.0207208396239082, 0.07529706740701966, 0.01258931793513713, 0.00566775380589651, 0.14431677453762248, 0.05528500114149415, 0.0002145058924891757, 0.012033410127123681, 0.030305144839322347, 0.0645025668287288, 0.00013175698573951195, 0.2149397901480957, 0.09328462323031235, 0.03857581598654605, 0.03857581598654605, 0.03328315226577441, 0.003476844487206702, 0.028564156811275485, 0.019295237025311954, 0.03328315226577441), (0.0023839413783587893, 0.005301974832984377, 0.06900910450166178, 0.05207398638601675, 0.004122113616565049, 0.0009214584011009545, 0.10749195315105531, 0.0010689285835955437, 0.07622434155290266, 0.0032712817850098566, 0.004122113616565049, 0.1317293194736727, 0.007867664894852307, 0.0006631052098621127, 0.039191434062495145, 0.0064060099920141, 0.03268932243084692, 0.13251817521576753, 0.17276905508286108, 0.0350583482647871, 0.0037024515418363386, 0.0693557217943376, 0.012465377054556089, 0, 0.13407247818586213, 0.045224567067496654, 0.00016564297461497002, 0.004651491303398973, 0.02711041372683346, 0.0066132061053925245, 0.0016400534037116603, 0.22392895962214418, 0.08697257500448134, 0.0487949406953985, 0.029348186031720347, 0.031896080966716533, 0.0027533280550219065, 0.025140556297286162, 0.05207398638601675, 0.006830658680456639)]}}
AdaptationManager: Configuring next round...
{'client_registry': {'enabled': True, 'params': {}}, 'client_selector': {'enabled': True, 'params': {'selection_strategy': 'Resource-Based', 'selection_criteria': 'CPU', 'selection_value': 2}}, 'client_cluster': {'enabled': False, 'params': {}}, 'message_compressor': {'enabled': False, 'params': {}}, 'model_co-versioning_registry': {'enabled': False, 'params': {}}, 'multi-task_model_trainer': {'enabled': False, 'params': {}}, 'heterogeneous_data_handler': {'enabled': False, 'params': {}}}
{'client_selector': {'enabled': False}, 'client_cluster': {'enabled': False}, 'message_compressor': {'enabled': False}, 'model_co-versioning_registry': {'enabled': False}, 'multi-task_model_trainer': {'enabled': False}, 'heterogeneous_data_handler': {'enabled': False}, 'client_registry': {'enabled': True, 'params': {}}}
0.0-iid clients, predicted wo:1.4712 vs w:1.6265, client_selector de-activated ❌
Results Aggregated in 0.52 seconds.
{'prostate_logreg': {'train_loss': [0.5480570495128632, 0.572618377964888, 0.557822361867294, 0.561496479116695, 0.55150959361544, 0.5470850678051219, 0.5344342903301883, 0.5253177667360994, 0.5203037218528284, 0.518786369412055, 0.5121477403846478], 'train_accuracy': [0.8091603053435115, 0.7761194029850746, 0.7983367983367984, 0.7619718309859155, 0.7612419700214133, 0.7621107266435986, 0.7620764239365537, 0.7692786069651741, 0.7827510917030568, 0.7835351089588378, 0.783180026281209], 'train_f1': [0.6778463478845158, 0.6749376355494372, 0.7327638945937921, 0.6810758418516205, 0.7022013803825076, 0.7100943606164347, 0.7133286197620795, 0.7206630475391974, 0.7408618462548519, 0.746014304542948, 0.7497220126759773], 'train_mae': [0.19083969465648856, 0.22388059701492538, 0.20166320166320167, 0.2380281690140845, 0.23875802997858672, 0.2378892733564014, 0.23792357606344627, 0.23072139303482586, 0.21724890829694324, 0.21646489104116223, 0.21681997371879105], 'val_loss': [0.7244605690758783, 0.6807029152911491, 0.6494424598653027, 0.6249133905215574, 0.6040838759997342, 0.5882625761446114, 0.5760621187485974, 0.5673824276272081, 0.5603453540588608, 0.5543237799323452, 0.5490281646628441], 'val_accuracy': [0.5102931622543446, 0.5882687625701281, 0.6638688606773714, 0.7000661772050745, 0.7142438152079822, 0.721684121082726, 0.7297307316674081, 0.7368355474401044, 0.7408342430858806, 0.7441562344375182, 0.7466818420455852], 'val_f1': [0.4952015571651879, 0.5815557058791511, 0.6616092709955954, 0.6980559571808589, 0.7118467109207822, 0.7190027921861035, 0.7259252984375062, 0.7317147045749565, 0.7347096288105305, 0.7367145946164105, 0.7379784231817019], 'val_mae': [0.4897068377456553, 0.41173123742987194, 0.33613113932262867, 0.2999338227949256, 0.28575618479201786, 0.27831587891727405, 0.2702692683325919, 0.26316445255989557, 0.25916575691411936, 0.25584376556248173, 0.2533181579544148], 'jsd': [(0, 0, 0, 0, 0, 0, 0, 0, 0, 0.0207208396239082, 0.31127812445913283, 0.31127812445913283, 0.31127812445913283, 0.11009182675183558, 0.31127812445913283, 0.31127812445913283, 0.31127812445913283, 0.0037024515418363386, 0.31127812445913283, 0.31127812445913283, 0.31127812445913283, 0.31127812445913283, 0.31127812445913283, 0.31127812445913283, 0.31127812445913283, 0.31127812445913283, 0.07310400793180982, 0.0037024515418363386, 0.31127812445913283, 0.31127812445913283, 0.0350583482647871, 0.31127812445913283, 0.31127812445913283, 0.31127812445913283, 0, 0, 0, 0, 0, 0), (0, 0, 0, 0, 0, 0, 0, 0, 0, 0.0207208396239082, 0.31127812445913283, 0.31127812445913283, 0.31127812445913283, 0.06548833004089114, 0.0014939931791539789, 0.31127812445913283, 0.07310400793180982, 0, 0.1711038312803313, 0.31127812445913283, 0, 0.007299156760473963, 0.009756534087137225, 0.31127812445913283, 0.31127812445913283, 0.31127812445913283, 0, 0.015085156698935967, 0.0207208396239082, 0.16395604408354778, 0.0350583482647871, 0.31127812445913283, 0.31127812445913283, 0.16395604408354778, 0, 0, 0, 0, 0, 0), (0.0207208396239082, 0.16395604408354778, 0.31127812445913283, 0.09922267539827352, 0.11009182675183558, 0.18850340411986471, 0.09328462323031235, 0.11009182675183558, 0.010396593705431272, 0.10481597017296576, 0.05400884513974839, 0.1711038312803313, 0.042041899344894246, 0.0004999522456092496, 0, 0.31127812445913283, 0.0207208396239082, 0.0008025382728216734, 0.31127812445913283, 0.07310400793180982, 0.31127812445913283, 0.31127812445913283, 0.00040919789219141973, 0.31127812445913283, 0.31127812445913283, 0.31127812445913283, 0, 0.31127812445913283, 0.11009182675183558, 0.31127812445913283, 0.07310400793180982, 0.31127812445913283, 0.0487949406953985, 0.06149937804507184, 0.31127812445913283, 0, 0.00040919789219141973, 0.09328462323031235, 0.31127812445913283, 0.09328462323031235), (0.09328462323031235, 0.31127812445913283, 0.2087803925185126, 0.009756534087137225, 0.11385563424028564, 0.013714477705244553, 0.08025594233229469, 0.07310400793180982, 0.03857581598654605, 0.13251817521576753, 0.05253690168806249, 0.19326958066820893, 0.0350583482647871, 0.00429810722857266, 0.005050449860393488, 0.0207208396239082, 0.0487949406953985, 0.07850994353170956, 0.31127812445913283, 0.07310400793180982, 0.007299156760473963, 0.0037024515418363386, 0.0002145058924891757, 0.31127812445913283, 0.31127812445913283, 0.11009182675183558, 0.12425601093475921, 0.31127812445913283, 0.17750440524619315, 0.07310400793180982, 0.07310400793180982, 0.31127812445913283, 0.31127812445913283, 0.05738732460549023, 0.011482406826014972, 0.001254883843183478, 0.0002145058924891757, 0.0487949406953985, 0.2227619806994962, 0.0487949406953985), (0.07310400793180982, 0.0018086520489059392, 0.2227619806994962, 0.00822299722902229, 0.07622434155290266, 0.015085156698935967, 0.07310400793180982, 0.05738732460549023, 0.01423921619075233, 0.06660561007005729, 0.0487949406953985, 0.11009182675183558, 0.04105726891831728, 0.004167970681504568, 0.004727398383200621, 0.011482406826014972, 0.0487949406953985, 0.07744908453819253, 0.07310400793180982, 0.011482406826014972, 0.31127812445913283, 0.010396593705431272, 0.07622434155290266, 0.31127812445913283, 0.31127812445913283, 0.0207208396239082, 0.0487949406953985, 0.0022344421708708415, 0.2087803925185126, 0.07310400793180982, 0.042041899344894246, 0.20534969973663775, 0.05738732460549023, 0.12425601093475921, 0.16395604408354778, 0.0207208396239082, 0.0005570970453080571, 0.07310400793180982, 0.004167970681504568, 0.0001877124226694997), (0.009036677434107646, 0.005050449860393488, 0.23305878051279882, 0.014691469621310085, 0.016941071056623243, 0.00822299722902229, 0.06859186091507882, 0.042041899344894246, 0.05655009359654585, 0.03889315594457522, 0.0463685414106319, 0.10206066129537185, 0.02359015854559616, 0.005865051239364611, 0.05171298000558475, 0.025509910978289904, 0.0487949406953985, 0.0454498512923588, 0.05738732460549023, 0.05400884513974839, 0.007299156760473963, 0.005407888490294582, 0.08111870596083268, 0.2292798117148899, 0.15591489886228305, 0.05253690168806249, 0.011482406826014972, 0.00028867375520897666, 0.03857581598654605, 0.05400884513974839, 0.05400884513974839, 0.2227619806994962, 0.03221357089614439, 0.01274900060462203, 0.002830694750015385, 0.028564156811275485, 0.0008790379110077892, 0.011482406826014972, 0.0207208396239082, 0.006523190206172563), (0.012033410127123681, 0.0037024515418363386, 0.24237412989240623, 0.01717496977609681, 0.016009512159686483, 0.0010689285835955437, 0.11385563424028564, 0.0022344421708708415, 0.07310400793180982, 0.04432065423178154, 0.04674406725931858, 0.09328462323031235, 0.0231107894081813, 0.0055031961632630196, 0.02276859998040022, 0.006019887358649001, 0.03857581598654605, 0.06149937804507184, 0.19094034698434098, 0.05738732460549023, 0.009756534087137225, 0.009036677434107646, 0.07529706740701966, 0.07622434155290266, 0.11009182675183558, 0.0487949406953985, 0.0037024515418363386, 0.009335040408067166, 0.0487949406953985, 0.027910215332363916, 0.0010689285835955437, 0.23646636812449032, 0.0350583482647871, 0.039737267151773975, 0.007299156760473963, 0.008003048984193635, 0.0017382218522886302, 0.0009214584011009545, 0.036145614849311655, 0.09587355378511578), (0.0061446088533262735, 0.002830694750015385, 0.24844401300050659, 0.04105726891831728, 0.014038937565777093, 0.0014939931791539789, 0.10372355040574062, 0.0037024515418363386, 0.07898885115561567, 0.0031619139529965624, 0.02711041372683346, 0.08697257500448134, 0.010396593705431272, 0.0010689285835955437, 0.050988453276391066, 0.007299156760473963, 0.039737267151773975, 0.12931448059938455, 0.20534969973663775, 0.06322393781435344, 0.0207208396239082, 0.0024479765006755194, 0.0019359358092692971, 0.02276859998040022, 0.12745428142147208, 0.029569159854620865, 0.0026078279567117203, 0.006523190206172563, 0.004816452941871073, 0.015588395748542892, 0.0001877124226694997, 0.24616505675524458, 0.027910215332363916, 0.05738732460549023, 0.03302877414247969, 0.0350583482647871, 0.0008589183281813573, 0.018135571823116266, 0.03600088831260688, 0.11009182675183558), (0.004867022157993568, 0.0022344421708708415, 0.06627146564409989, 0.04031575601199518, 0.007299156760473963, 0, 0.11603915012591684, 0.0003410895898538083, 0.07310400793180982, 0.005050449860393488, 0.02345316312919523, 0.10206066129537185, 0.00402636741089939, 0.0012978730164486581, 0.046891375075551814, 0.015085156698935967, 0.031173613118524304, 0.14070293888931446, 0.2149397901480957, 0.04066211490300797, 0.0207208396239082, 0.07529706740701966, 0.01258931793513713, 0.00566775380589651, 0.14431677453762248, 0.05528500114149415, 0.0002145058924891757, 0.012033410127123681, 0.030305144839322347, 0.0645025668287288, 0.00013175698573951195, 0.2149397901480957, 0.09328462323031235, 0.03857581598654605, 0.03857581598654605, 0.03328315226577441, 0.003476844487206702, 0.028564156811275485, 0.019295237025311954, 0.03328315226577441), (0.0023839413783587893, 0.005301974832984377, 0.06900910450166178, 0.05207398638601675, 0.004122113616565049, 0.0009214584011009545, 0.10749195315105531, 0.0010689285835955437, 0.07622434155290266, 0.0032712817850098566, 0.004122113616565049, 0.1317293194736727, 0.007867664894852307, 0.0006631052098621127, 0.039191434062495145, 0.0064060099920141, 0.03268932243084692, 0.13251817521576753, 0.17276905508286108, 0.0350583482647871, 0.0037024515418363386, 0.0693557217943376, 0.012465377054556089, 0, 0.13407247818586213, 0.045224567067496654, 0.00016564297461497002, 0.004651491303398973, 0.02711041372683346, 0.0066132061053925245, 0.0016400534037116603, 0.22392895962214418, 0.08697257500448134, 0.0487949406953985, 0.029348186031720347, 0.031896080966716533, 0.0027533280550219065, 0.025140556297286162, 0.05207398638601675, 0.006830658680456639), (0.0032712817850098566, 8.906807913130425e-05, 0.06056140150705616, 0.06859186091507882, 0.005572828884914387, 0.0023839413783587893, 0.11746492658590664, 0.0002145058924891757, 0.025317841727168493, 0.00030471608277718963, 0.004084476320002462, 0.14070293888931446, 0.03254945726919092, 0.0005570970453080571, 0.037285451679794746, 0.007299156760473963, 0.026881818822810627, 0.14175359252903857, 0.18327338220704156, 0.03302877414247969, 0.0030834536326394824, 0.0381873775199095, 0.013949306965373928, 4.2686232120132256e-05, 0.04466883597999073, 0.0381873775199095, 0.00013175698573951195, 0.008393992098530458, 0.027910215332363916, 0.00668451772448856, 8.16481194098554e-05, 0.20534969973663775, 0.10206066129537185, 0.045824702319694016, 0.04066211490300797, 0.041276480022850906, 0.007299156760473963, 0.0022344421708708415, 0.05026059016936166, 0.010149344670410294)]}}
AdaptationManager: Configuring next round...
{'client_registry': {'enabled': True, 'params': {}}, 'client_selector': {'enabled': True, 'params': {'selection_strategy': 'Resource-Based', 'selection_criteria': 'CPU', 'selection_value': 2}}, 'client_cluster': {'enabled': False, 'params': {}}, 'message_compressor': {'enabled': False, 'params': {}}, 'model_co-versioning_registry': {'enabled': False, 'params': {}}, 'multi-task_model_trainer': {'enabled': False, 'params': {}}, 'heterogeneous_data_handler': {'enabled': False, 'params': {}}}
{'client_selector': {'enabled': False}, 'client_cluster': {'enabled': False}, 'message_compressor': {'enabled': False}, 'model_co-versioning_registry': {'enabled': False}, 'multi-task_model_trainer': {'enabled': False}, 'heterogeneous_data_handler': {'enabled': False}, 'client_registry': {'enabled': True, 'params': {}}}
0.0-iid clients, predicted wo:1.4892 vs w:1.6517, client_selector de-activated ❌
Results Aggregated in 0.50 seconds.
{'prostate_logreg': {'train_loss': [0.5480570495128632, 0.572618377964888, 0.557822361867294, 0.561496479116695, 0.55150959361544, 0.5470850678051219, 0.5344342903301883, 0.5253177667360994, 0.5203037218528284, 0.518786369412055, 0.5121477403846478, 0.5138265062598096], 'train_accuracy': [0.8091603053435115, 0.7761194029850746, 0.7983367983367984, 0.7619718309859155, 0.7612419700214133, 0.7621107266435986, 0.7620764239365537, 0.7692786069651741, 0.7827510917030568, 0.7835351089588378, 0.783180026281209, 0.7754777070063694], 'train_f1': [0.6778463478845158, 0.6749376355494372, 0.7327638945937921, 0.6810758418516205, 0.7022013803825076, 0.7100943606164347, 0.7133286197620795, 0.7206630475391974, 0.7408618462548519, 0.746014304542948, 0.7497220126759773, 0.7439976783351749], 'train_mae': [0.19083969465648856, 0.22388059701492538, 0.20166320166320167, 0.2380281690140845, 0.23875802997858672, 0.2378892733564014, 0.23792357606344627, 0.23072139303482586, 0.21724890829694324, 0.21646489104116223, 0.21681997371879105, 0.22452229299363058], 'val_loss': [0.7244605690758783, 0.6807029152911491, 0.6494424598653027, 0.6249133905215574, 0.6040838759997342, 0.5882625761446114, 0.5760621187485974, 0.5673824276272081, 0.5603453540588608, 0.5543237799323452, 0.5490281646628441, 0.5444639289676173], 'val_accuracy': [0.5102931622543446, 0.5882687625701281, 0.6638688606773714, 0.7000661772050745, 0.7142438152079822, 0.721684121082726, 0.7297307316674081, 0.7368355474401044, 0.7408342430858806, 0.7441562344375182, 0.7466818420455852, 0.7488382007498757], 'val_f1': [0.4952015571651879, 0.5815557058791511, 0.6616092709955954, 0.6980559571808589, 0.7118467109207822, 0.7190027921861035, 0.7259252984375062, 0.7317147045749565, 0.7347096288105305, 0.7367145946164105, 0.7379784231817019, 0.738533991118019], 'val_mae': [0.4897068377456553, 0.41173123742987194, 0.33613113932262867, 0.2999338227949256, 0.28575618479201786, 0.27831587891727405, 0.2702692683325919, 0.26316445255989557, 0.25916575691411936, 0.25584376556248173, 0.2533181579544148, 0.2511617992501242], 'jsd': [(0, 0, 0, 0, 0, 0, 0, 0, 0, 0.0207208396239082, 0.31127812445913283, 0.31127812445913283, 0.31127812445913283, 0.11009182675183558, 0.31127812445913283, 0.31127812445913283, 0.31127812445913283, 0.0037024515418363386, 0.31127812445913283, 0.31127812445913283, 0.31127812445913283, 0.31127812445913283, 0.31127812445913283, 0.31127812445913283, 0.31127812445913283, 0.31127812445913283, 0.07310400793180982, 0.0037024515418363386, 0.31127812445913283, 0.31127812445913283, 0.0350583482647871, 0.31127812445913283, 0.31127812445913283, 0.31127812445913283, 0, 0, 0, 0, 0, 0), (0, 0, 0, 0, 0, 0, 0, 0, 0, 0.0207208396239082, 0.31127812445913283, 0.31127812445913283, 0.31127812445913283, 0.06548833004089114, 0.0014939931791539789, 0.31127812445913283, 0.07310400793180982, 0, 0.1711038312803313, 0.31127812445913283, 0, 0.007299156760473963, 0.009756534087137225, 0.31127812445913283, 0.31127812445913283, 0.31127812445913283, 0, 0.015085156698935967, 0.0207208396239082, 0.16395604408354778, 0.0350583482647871, 0.31127812445913283, 0.31127812445913283, 0.16395604408354778, 0, 0, 0, 0, 0, 0), (0.0207208396239082, 0.16395604408354778, 0.31127812445913283, 0.09922267539827352, 0.11009182675183558, 0.18850340411986471, 0.09328462323031235, 0.11009182675183558, 0.010396593705431272, 0.10481597017296576, 0.05400884513974839, 0.1711038312803313, 0.042041899344894246, 0.0004999522456092496, 0, 0.31127812445913283, 0.0207208396239082, 0.0008025382728216734, 0.31127812445913283, 0.07310400793180982, 0.31127812445913283, 0.31127812445913283, 0.00040919789219141973, 0.31127812445913283, 0.31127812445913283, 0.31127812445913283, 0, 0.31127812445913283, 0.11009182675183558, 0.31127812445913283, 0.07310400793180982, 0.31127812445913283, 0.0487949406953985, 0.06149937804507184, 0.31127812445913283, 0, 0.00040919789219141973, 0.09328462323031235, 0.31127812445913283, 0.09328462323031235), (0.09328462323031235, 0.31127812445913283, 0.2087803925185126, 0.009756534087137225, 0.11385563424028564, 0.013714477705244553, 0.08025594233229469, 0.07310400793180982, 0.03857581598654605, 0.13251817521576753, 0.05253690168806249, 0.19326958066820893, 0.0350583482647871, 0.00429810722857266, 0.005050449860393488, 0.0207208396239082, 0.0487949406953985, 0.07850994353170956, 0.31127812445913283, 0.07310400793180982, 0.007299156760473963, 0.0037024515418363386, 0.0002145058924891757, 0.31127812445913283, 0.31127812445913283, 0.11009182675183558, 0.12425601093475921, 0.31127812445913283, 0.17750440524619315, 0.07310400793180982, 0.07310400793180982, 0.31127812445913283, 0.31127812445913283, 0.05738732460549023, 0.011482406826014972, 0.001254883843183478, 0.0002145058924891757, 0.0487949406953985, 0.2227619806994962, 0.0487949406953985), (0.07310400793180982, 0.0018086520489059392, 0.2227619806994962, 0.00822299722902229, 0.07622434155290266, 0.015085156698935967, 0.07310400793180982, 0.05738732460549023, 0.01423921619075233, 0.06660561007005729, 0.0487949406953985, 0.11009182675183558, 0.04105726891831728, 0.004167970681504568, 0.004727398383200621, 0.011482406826014972, 0.0487949406953985, 0.07744908453819253, 0.07310400793180982, 0.011482406826014972, 0.31127812445913283, 0.010396593705431272, 0.07622434155290266, 0.31127812445913283, 0.31127812445913283, 0.0207208396239082, 0.0487949406953985, 0.0022344421708708415, 0.2087803925185126, 0.07310400793180982, 0.042041899344894246, 0.20534969973663775, 0.05738732460549023, 0.12425601093475921, 0.16395604408354778, 0.0207208396239082, 0.0005570970453080571, 0.07310400793180982, 0.004167970681504568, 0.0001877124226694997), (0.009036677434107646, 0.005050449860393488, 0.23305878051279882, 0.014691469621310085, 0.016941071056623243, 0.00822299722902229, 0.06859186091507882, 0.042041899344894246, 0.05655009359654585, 0.03889315594457522, 0.0463685414106319, 0.10206066129537185, 0.02359015854559616, 0.005865051239364611, 0.05171298000558475, 0.025509910978289904, 0.0487949406953985, 0.0454498512923588, 0.05738732460549023, 0.05400884513974839, 0.007299156760473963, 0.005407888490294582, 0.08111870596083268, 0.2292798117148899, 0.15591489886228305, 0.05253690168806249, 0.011482406826014972, 0.00028867375520897666, 0.03857581598654605, 0.05400884513974839, 0.05400884513974839, 0.2227619806994962, 0.03221357089614439, 0.01274900060462203, 0.002830694750015385, 0.028564156811275485, 0.0008790379110077892, 0.011482406826014972, 0.0207208396239082, 0.006523190206172563), (0.012033410127123681, 0.0037024515418363386, 0.24237412989240623, 0.01717496977609681, 0.016009512159686483, 0.0010689285835955437, 0.11385563424028564, 0.0022344421708708415, 0.07310400793180982, 0.04432065423178154, 0.04674406725931858, 0.09328462323031235, 0.0231107894081813, 0.0055031961632630196, 0.02276859998040022, 0.006019887358649001, 0.03857581598654605, 0.06149937804507184, 0.19094034698434098, 0.05738732460549023, 0.009756534087137225, 0.009036677434107646, 0.07529706740701966, 0.07622434155290266, 0.11009182675183558, 0.0487949406953985, 0.0037024515418363386, 0.009335040408067166, 0.0487949406953985, 0.027910215332363916, 0.0010689285835955437, 0.23646636812449032, 0.0350583482647871, 0.039737267151773975, 0.007299156760473963, 0.008003048984193635, 0.0017382218522886302, 0.0009214584011009545, 0.036145614849311655, 0.09587355378511578), (0.0061446088533262735, 0.002830694750015385, 0.24844401300050659, 0.04105726891831728, 0.014038937565777093, 0.0014939931791539789, 0.10372355040574062, 0.0037024515418363386, 0.07898885115561567, 0.0031619139529965624, 0.02711041372683346, 0.08697257500448134, 0.010396593705431272, 0.0010689285835955437, 0.050988453276391066, 0.007299156760473963, 0.039737267151773975, 0.12931448059938455, 0.20534969973663775, 0.06322393781435344, 0.0207208396239082, 0.0024479765006755194, 0.0019359358092692971, 0.02276859998040022, 0.12745428142147208, 0.029569159854620865, 0.0026078279567117203, 0.006523190206172563, 0.004816452941871073, 0.015588395748542892, 0.0001877124226694997, 0.24616505675524458, 0.027910215332363916, 0.05738732460549023, 0.03302877414247969, 0.0350583482647871, 0.0008589183281813573, 0.018135571823116266, 0.03600088831260688, 0.11009182675183558), (0.004867022157993568, 0.0022344421708708415, 0.06627146564409989, 0.04031575601199518, 0.007299156760473963, 0, 0.11603915012591684, 0.0003410895898538083, 0.07310400793180982, 0.005050449860393488, 0.02345316312919523, 0.10206066129537185, 0.00402636741089939, 0.0012978730164486581, 0.046891375075551814, 0.015085156698935967, 0.031173613118524304, 0.14070293888931446, 0.2149397901480957, 0.04066211490300797, 0.0207208396239082, 0.07529706740701966, 0.01258931793513713, 0.00566775380589651, 0.14431677453762248, 0.05528500114149415, 0.0002145058924891757, 0.012033410127123681, 0.030305144839322347, 0.0645025668287288, 0.00013175698573951195, 0.2149397901480957, 0.09328462323031235, 0.03857581598654605, 0.03857581598654605, 0.03328315226577441, 0.003476844487206702, 0.028564156811275485, 0.019295237025311954, 0.03328315226577441), (0.0023839413783587893, 0.005301974832984377, 0.06900910450166178, 0.05207398638601675, 0.004122113616565049, 0.0009214584011009545, 0.10749195315105531, 0.0010689285835955437, 0.07622434155290266, 0.0032712817850098566, 0.004122113616565049, 0.1317293194736727, 0.007867664894852307, 0.0006631052098621127, 0.039191434062495145, 0.0064060099920141, 0.03268932243084692, 0.13251817521576753, 0.17276905508286108, 0.0350583482647871, 0.0037024515418363386, 0.0693557217943376, 0.012465377054556089, 0, 0.13407247818586213, 0.045224567067496654, 0.00016564297461497002, 0.004651491303398973, 0.02711041372683346, 0.0066132061053925245, 0.0016400534037116603, 0.22392895962214418, 0.08697257500448134, 0.0487949406953985, 0.029348186031720347, 0.031896080966716533, 0.0027533280550219065, 0.025140556297286162, 0.05207398638601675, 0.006830658680456639), (0.0032712817850098566, 8.906807913130425e-05, 0.06056140150705616, 0.06859186091507882, 0.005572828884914387, 0.0023839413783587893, 0.11746492658590664, 0.0002145058924891757, 0.025317841727168493, 0.00030471608277718963, 0.004084476320002462, 0.14070293888931446, 0.03254945726919092, 0.0005570970453080571, 0.037285451679794746, 0.007299156760473963, 0.026881818822810627, 0.14175359252903857, 0.18327338220704156, 0.03302877414247969, 0.0030834536326394824, 0.0381873775199095, 0.013949306965373928, 4.2686232120132256e-05, 0.04466883597999073, 0.0381873775199095, 0.00013175698573951195, 0.008393992098530458, 0.027910215332363916, 0.00668451772448856, 8.16481194098554e-05, 0.20534969973663775, 0.10206066129537185, 0.045824702319694016, 0.04066211490300797, 0.041276480022850906, 0.007299156760473963, 0.0022344421708708415, 0.05026059016936166, 0.010149344670410294), (0.0016626576184457752, 0.0006767219177472479, 0.06149937804507184, 0.06502539038278278, 0.008723329471708632, 0.00036176918093652755, 0.09555361251896813, 0.0001877124226694997, 0.023795695918608258, 0.0010160633509259717, 0.006963639137030152, 0.15058560986911712, 0.007775948452200233, 0.002349447614504129, 0.04066211490300797, 0.004528991295546424, 0.0350583482647871, 0.1363471521273121, 0.192117954859703, 0.059458789360000736, 0, 0.00030471608277718963, 0.01286900199539727, 0.0027533280550219065, 0.04158298918581395, 0.0027533280550219065, 0.0037024515418363386, 0.0016935314912301346, 0.000139180153595651, 0.0052444768725088825, 0.019137358061481584, 0.21298180054572052, 0.1317293194736727, 0.03634284572901042, 0.05142357090980977, 0.015297775930101544, 0.006963639137030152, 0.0006767219177472479, 0.04746468216969184, 0)]}}
AdaptationManager: Configuring next round...
{'client_registry': {'enabled': True, 'params': {}}, 'client_selector': {'enabled': True, 'params': {'selection_strategy': 'Resource-Based', 'selection_criteria': 'CPU', 'selection_value': 2}}, 'client_cluster': {'enabled': False, 'params': {}}, 'message_compressor': {'enabled': False, 'params': {}}, 'model_co-versioning_registry': {'enabled': False, 'params': {}}, 'multi-task_model_trainer': {'enabled': False, 'params': {}}, 'heterogeneous_data_handler': {'enabled': False, 'params': {}}}
{'client_selector': {'enabled': False}, 'client_cluster': {'enabled': False}, 'message_compressor': {'enabled': False}, 'model_co-versioning_registry': {'enabled': False}, 'multi-task_model_trainer': {'enabled': False}, 'heterogeneous_data_handler': {'enabled': False}, 'client_registry': {'enabled': True, 'params': {}}}
0.0-iid clients, predicted wo:1.4985 vs w:1.6538, client_selector de-activated ❌
Results Aggregated in 0.46 seconds.
{'prostate_logreg': {'train_loss': [0.5480570495128632, 0.572618377964888, 0.557822361867294, 0.561496479116695, 0.55150959361544, 0.5470850678051219, 0.5344342903301883, 0.5253177667360994, 0.5203037218528284, 0.518786369412055, 0.5121477403846478, 0.5138265062598096, 0.5098007643533181], 'train_accuracy': [0.8091603053435115, 0.7761194029850746, 0.7983367983367984, 0.7619718309859155, 0.7612419700214133, 0.7621107266435986, 0.7620764239365537, 0.7692786069651741, 0.7827510917030568, 0.7835351089588378, 0.783180026281209, 0.7754777070063694, 0.7810781078107811], 'train_f1': [0.6778463478845158, 0.6749376355494372, 0.7327638945937921, 0.6810758418516205, 0.7022013803825076, 0.7100943606164347, 0.7133286197620795, 0.7206630475391974, 0.7408618462548519, 0.746014304542948, 0.7497220126759773, 0.7439976783351749, 0.7484060578423439], 'train_mae': [0.19083969465648856, 0.22388059701492538, 0.20166320166320167, 0.2380281690140845, 0.23875802997858672, 0.2378892733564014, 0.23792357606344627, 0.23072139303482586, 0.21724890829694324, 0.21646489104116223, 0.21681997371879105, 0.22452229299363058, 0.21892189218921893], 'val_loss': [0.7244605690758783, 0.6807029152911491, 0.6494424598653027, 0.6249133905215574, 0.6040838759997342, 0.5882625761446114, 0.5760621187485974, 0.5673824276272081, 0.5603453540588608, 0.5543237799323452, 0.5490281646628441, 0.5444639289676173, 0.5405056293107063], 'val_accuracy': [0.5102931622543446, 0.5882687625701281, 0.6638688606773714, 0.7000661772050745, 0.7142438152079822, 0.721684121082726, 0.7297307316674081, 0.7368355474401044, 0.7408342430858806, 0.7441562344375182, 0.7466818420455852, 0.7488382007498757, 0.7502493452654958], 'val_f1': [0.4952015571651879, 0.5815557058791511, 0.6616092709955954, 0.6980559571808589, 0.7118467109207822, 0.7190027921861035, 0.7259252984375062, 0.7317147045749565, 0.7347096288105305, 0.7367145946164105, 0.7379784231817019, 0.738533991118019, 0.7384224670707797], 'val_mae': [0.4897068377456553, 0.41173123742987194, 0.33613113932262867, 0.2999338227949256, 0.28575618479201786, 0.27831587891727405, 0.2702692683325919, 0.26316445255989557, 0.25916575691411936, 0.25584376556248173, 0.2533181579544148, 0.2511617992501242, 0.2497506547345042], 'jsd': [(0, 0, 0, 0, 0, 0, 0, 0, 0, 0.0207208396239082, 0.31127812445913283, 0.31127812445913283, 0.31127812445913283, 0.11009182675183558, 0.31127812445913283, 0.31127812445913283, 0.31127812445913283, 0.0037024515418363386, 0.31127812445913283, 0.31127812445913283, 0.31127812445913283, 0.31127812445913283, 0.31127812445913283, 0.31127812445913283, 0.31127812445913283, 0.31127812445913283, 0.07310400793180982, 0.0037024515418363386, 0.31127812445913283, 0.31127812445913283, 0.0350583482647871, 0.31127812445913283, 0.31127812445913283, 0.31127812445913283, 0, 0, 0, 0, 0, 0), (0, 0, 0, 0, 0, 0, 0, 0, 0, 0.0207208396239082, 0.31127812445913283, 0.31127812445913283, 0.31127812445913283, 0.06548833004089114, 0.0014939931791539789, 0.31127812445913283, 0.07310400793180982, 0, 0.1711038312803313, 0.31127812445913283, 0, 0.007299156760473963, 0.009756534087137225, 0.31127812445913283, 0.31127812445913283, 0.31127812445913283, 0, 0.015085156698935967, 0.0207208396239082, 0.16395604408354778, 0.0350583482647871, 0.31127812445913283, 0.31127812445913283, 0.16395604408354778, 0, 0, 0, 0, 0, 0), (0.0207208396239082, 0.16395604408354778, 0.31127812445913283, 0.09922267539827352, 0.11009182675183558, 0.18850340411986471, 0.09328462323031235, 0.11009182675183558, 0.010396593705431272, 0.10481597017296576, 0.05400884513974839, 0.1711038312803313, 0.042041899344894246, 0.0004999522456092496, 0, 0.31127812445913283, 0.0207208396239082, 0.0008025382728216734, 0.31127812445913283, 0.07310400793180982, 0.31127812445913283, 0.31127812445913283, 0.00040919789219141973, 0.31127812445913283, 0.31127812445913283, 0.31127812445913283, 0, 0.31127812445913283, 0.11009182675183558, 0.31127812445913283, 0.07310400793180982, 0.31127812445913283, 0.0487949406953985, 0.06149937804507184, 0.31127812445913283, 0, 0.00040919789219141973, 0.09328462323031235, 0.31127812445913283, 0.09328462323031235), (0.09328462323031235, 0.31127812445913283, 0.2087803925185126, 0.009756534087137225, 0.11385563424028564, 0.013714477705244553, 0.08025594233229469, 0.07310400793180982, 0.03857581598654605, 0.13251817521576753, 0.05253690168806249, 0.19326958066820893, 0.0350583482647871, 0.00429810722857266, 0.005050449860393488, 0.0207208396239082, 0.0487949406953985, 0.07850994353170956, 0.31127812445913283, 0.07310400793180982, 0.007299156760473963, 0.0037024515418363386, 0.0002145058924891757, 0.31127812445913283, 0.31127812445913283, 0.11009182675183558, 0.12425601093475921, 0.31127812445913283, 0.17750440524619315, 0.07310400793180982, 0.07310400793180982, 0.31127812445913283, 0.31127812445913283, 0.05738732460549023, 0.011482406826014972, 0.001254883843183478, 0.0002145058924891757, 0.0487949406953985, 0.2227619806994962, 0.0487949406953985), (0.07310400793180982, 0.0018086520489059392, 0.2227619806994962, 0.00822299722902229, 0.07622434155290266, 0.015085156698935967, 0.07310400793180982, 0.05738732460549023, 0.01423921619075233, 0.06660561007005729, 0.0487949406953985, 0.11009182675183558, 0.04105726891831728, 0.004167970681504568, 0.004727398383200621, 0.011482406826014972, 0.0487949406953985, 0.07744908453819253, 0.07310400793180982, 0.011482406826014972, 0.31127812445913283, 0.010396593705431272, 0.07622434155290266, 0.31127812445913283, 0.31127812445913283, 0.0207208396239082, 0.0487949406953985, 0.0022344421708708415, 0.2087803925185126, 0.07310400793180982, 0.042041899344894246, 0.20534969973663775, 0.05738732460549023, 0.12425601093475921, 0.16395604408354778, 0.0207208396239082, 0.0005570970453080571, 0.07310400793180982, 0.004167970681504568, 0.0001877124226694997), (0.009036677434107646, 0.005050449860393488, 0.23305878051279882, 0.014691469621310085, 0.016941071056623243, 0.00822299722902229, 0.06859186091507882, 0.042041899344894246, 0.05655009359654585, 0.03889315594457522, 0.0463685414106319, 0.10206066129537185, 0.02359015854559616, 0.005865051239364611, 0.05171298000558475, 0.025509910978289904, 0.0487949406953985, 0.0454498512923588, 0.05738732460549023, 0.05400884513974839, 0.007299156760473963, 0.005407888490294582, 0.08111870596083268, 0.2292798117148899, 0.15591489886228305, 0.05253690168806249, 0.011482406826014972, 0.00028867375520897666, 0.03857581598654605, 0.05400884513974839, 0.05400884513974839, 0.2227619806994962, 0.03221357089614439, 0.01274900060462203, 0.002830694750015385, 0.028564156811275485, 0.0008790379110077892, 0.011482406826014972, 0.0207208396239082, 0.006523190206172563), (0.012033410127123681, 0.0037024515418363386, 0.24237412989240623, 0.01717496977609681, 0.016009512159686483, 0.0010689285835955437, 0.11385563424028564, 0.0022344421708708415, 0.07310400793180982, 0.04432065423178154, 0.04674406725931858, 0.09328462323031235, 0.0231107894081813, 0.0055031961632630196, 0.02276859998040022, 0.006019887358649001, 0.03857581598654605, 0.06149937804507184, 0.19094034698434098, 0.05738732460549023, 0.009756534087137225, 0.009036677434107646, 0.07529706740701966, 0.07622434155290266, 0.11009182675183558, 0.0487949406953985, 0.0037024515418363386, 0.009335040408067166, 0.0487949406953985, 0.027910215332363916, 0.0010689285835955437, 0.23646636812449032, 0.0350583482647871, 0.039737267151773975, 0.007299156760473963, 0.008003048984193635, 0.0017382218522886302, 0.0009214584011009545, 0.036145614849311655, 0.09587355378511578), (0.0061446088533262735, 0.002830694750015385, 0.24844401300050659, 0.04105726891831728, 0.014038937565777093, 0.0014939931791539789, 0.10372355040574062, 0.0037024515418363386, 0.07898885115561567, 0.0031619139529965624, 0.02711041372683346, 0.08697257500448134, 0.010396593705431272, 0.0010689285835955437, 0.050988453276391066, 0.007299156760473963, 0.039737267151773975, 0.12931448059938455, 0.20534969973663775, 0.06322393781435344, 0.0207208396239082, 0.0024479765006755194, 0.0019359358092692971, 0.02276859998040022, 0.12745428142147208, 0.029569159854620865, 0.0026078279567117203, 0.006523190206172563, 0.004816452941871073, 0.015588395748542892, 0.0001877124226694997, 0.24616505675524458, 0.027910215332363916, 0.05738732460549023, 0.03302877414247969, 0.0350583482647871, 0.0008589183281813573, 0.018135571823116266, 0.03600088831260688, 0.11009182675183558), (0.004867022157993568, 0.0022344421708708415, 0.06627146564409989, 0.04031575601199518, 0.007299156760473963, 0, 0.11603915012591684, 0.0003410895898538083, 0.07310400793180982, 0.005050449860393488, 0.02345316312919523, 0.10206066129537185, 0.00402636741089939, 0.0012978730164486581, 0.046891375075551814, 0.015085156698935967, 0.031173613118524304, 0.14070293888931446, 0.2149397901480957, 0.04066211490300797, 0.0207208396239082, 0.07529706740701966, 0.01258931793513713, 0.00566775380589651, 0.14431677453762248, 0.05528500114149415, 0.0002145058924891757, 0.012033410127123681, 0.030305144839322347, 0.0645025668287288, 0.00013175698573951195, 0.2149397901480957, 0.09328462323031235, 0.03857581598654605, 0.03857581598654605, 0.03328315226577441, 0.003476844487206702, 0.028564156811275485, 0.019295237025311954, 0.03328315226577441), (0.0023839413783587893, 0.005301974832984377, 0.06900910450166178, 0.05207398638601675, 0.004122113616565049, 0.0009214584011009545, 0.10749195315105531, 0.0010689285835955437, 0.07622434155290266, 0.0032712817850098566, 0.004122113616565049, 0.1317293194736727, 0.007867664894852307, 0.0006631052098621127, 0.039191434062495145, 0.0064060099920141, 0.03268932243084692, 0.13251817521576753, 0.17276905508286108, 0.0350583482647871, 0.0037024515418363386, 0.0693557217943376, 0.012465377054556089, 0, 0.13407247818586213, 0.045224567067496654, 0.00016564297461497002, 0.004651491303398973, 0.02711041372683346, 0.0066132061053925245, 0.0016400534037116603, 0.22392895962214418, 0.08697257500448134, 0.0487949406953985, 0.029348186031720347, 0.031896080966716533, 0.0027533280550219065, 0.025140556297286162, 0.05207398638601675, 0.006830658680456639), (0.0032712817850098566, 8.906807913130425e-05, 0.06056140150705616, 0.06859186091507882, 0.005572828884914387, 0.0023839413783587893, 0.11746492658590664, 0.0002145058924891757, 0.025317841727168493, 0.00030471608277718963, 0.004084476320002462, 0.14070293888931446, 0.03254945726919092, 0.0005570970453080571, 0.037285451679794746, 0.007299156760473963, 0.026881818822810627, 0.14175359252903857, 0.18327338220704156, 0.03302877414247969, 0.0030834536326394824, 0.0381873775199095, 0.013949306965373928, 4.2686232120132256e-05, 0.04466883597999073, 0.0381873775199095, 0.00013175698573951195, 0.008393992098530458, 0.027910215332363916, 0.00668451772448856, 8.16481194098554e-05, 0.20534969973663775, 0.10206066129537185, 0.045824702319694016, 0.04066211490300797, 0.041276480022850906, 0.007299156760473963, 0.0022344421708708415, 0.05026059016936166, 0.010149344670410294), (0.0016626576184457752, 0.0006767219177472479, 0.06149937804507184, 0.06502539038278278, 0.008723329471708632, 0.00036176918093652755, 0.09555361251896813, 0.0001877124226694997, 0.023795695918608258, 0.0010160633509259717, 0.006963639137030152, 0.15058560986911712, 0.007775948452200233, 0.002349447614504129, 0.04066211490300797, 0.004528991295546424, 0.0350583482647871, 0.1363471521273121, 0.192117954859703, 0.059458789360000736, 0, 0.00030471608277718963, 0.01286900199539727, 0.0027533280550219065, 0.04158298918581395, 0.0027533280550219065, 0.0037024515418363386, 0.0016935314912301346, 0.000139180153595651, 0.0052444768725088825, 0.019137358061481584, 0.21298180054572052, 0.1317293194736727, 0.03634284572901042, 0.05142357090980977, 0.015297775930101544, 0.006963639137030152, 0.0006767219177472479, 0.04746468216969184, 0), (0.0014191336441856193, 0.00057833776936193, 0.0487949406953985, 0.06679086162879758, 0.005269516232494085, 0, 0.0912236531918895, 0.0025061505903558393, 0.04657205098437532, 0.006963639137030152, 8.16481194098554e-05, 0.1399942004868045, 0.0014072060559221049, 0.0030350376967938353, 0.03889315594457522, 0.008814443970100422, 0.04302177187503205, 0.11824694297878971, 0.1986677451404082, 0.045224567067496654, 0.0002145058924891757, 0.00011273110195227781, 0.0029530155390121333, 0.002830694750015385, 0.031896080966716533, 0.004084476320002462, 0.0055031961632630196, 0.003924857504517369, 0.0002601690456248149, 0.010690457689199573, 0.017878853480057952, 0.1986677451404082, 0.10558848801112901, 0.0016400534037116603, 0.05118638317292991, 0.015678504950564255, 0.00402636741089939, 6.420633961127121e-05, 0.05129937439493795, 0)]}}
AdaptationManager: Configuring next round...
{'client_registry': {'enabled': True, 'params': {}}, 'client_selector': {'enabled': True, 'params': {'selection_strategy': 'Resource-Based', 'selection_criteria': 'CPU', 'selection_value': 2}}, 'client_cluster': {'enabled': False, 'params': {}}, 'message_compressor': {'enabled': False, 'params': {}}, 'model_co-versioning_registry': {'enabled': False, 'params': {}}, 'multi-task_model_trainer': {'enabled': False, 'params': {}}, 'heterogeneous_data_handler': {'enabled': False, 'params': {}}}
{'client_selector': {'enabled': False}, 'client_cluster': {'enabled': False}, 'message_compressor': {'enabled': False}, 'model_co-versioning_registry': {'enabled': False}, 'multi-task_model_trainer': {'enabled': False}, 'heterogeneous_data_handler': {'enabled': False}, 'client_registry': {'enabled': True, 'params': {}}}
0.0-iid clients, predicted wo:1.5044 vs w:1.6642, client_selector de-activated ❌
Results Aggregated in 0.45 seconds.
{'prostate_logreg': {'train_loss': [0.5480570495128632, 0.572618377964888, 0.557822361867294, 0.561496479116695, 0.55150959361544, 0.5470850678051219, 0.5344342903301883, 0.5253177667360994, 0.5203037218528284, 0.518786369412055, 0.5121477403846478, 0.5138265062598096, 0.5098007643533181, 0.5056857992366359], 'train_accuracy': [0.8091603053435115, 0.7761194029850746, 0.7983367983367984, 0.7619718309859155, 0.7612419700214133, 0.7621107266435986, 0.7620764239365537, 0.7692786069651741, 0.7827510917030568, 0.7835351089588378, 0.783180026281209, 0.7754777070063694, 0.7810781078107811, 0.7837837837837838], 'train_f1': [0.6778463478845158, 0.6749376355494372, 0.7327638945937921, 0.6810758418516205, 0.7022013803825076, 0.7100943606164347, 0.7133286197620795, 0.7206630475391974, 0.7408618462548519, 0.746014304542948, 0.7497220126759773, 0.7439976783351749, 0.7484060578423439, 0.7576359472476566], 'train_mae': [0.19083969465648856, 0.22388059701492538, 0.20166320166320167, 0.2380281690140845, 0.23875802997858672, 0.2378892733564014, 0.23792357606344627, 0.23072139303482586, 0.21724890829694324, 0.21646489104116223, 0.21681997371879105, 0.22452229299363058, 0.21892189218921893, 0.21621621621621623], 'val_loss': [0.7244605690758783, 0.6807029152911491, 0.6494424598653027, 0.6249133905215574, 0.6040838759997342, 0.5882625761446114, 0.5760621187485974, 0.5673824276272081, 0.5603453540588608, 0.5543237799323452, 0.5490281646628441, 0.5444639289676173, 0.5405056293107063, 0.5370367270970575], 'val_accuracy': [0.5102931622543446, 0.5882687625701281, 0.6638688606773714, 0.7000661772050745, 0.7142438152079822, 0.721684121082726, 0.7297307316674081, 0.7368355474401044, 0.7408342430858806, 0.7441562344375182, 0.7466818420455852, 0.7488382007498757, 0.7502493452654958, 0.7507107173663023], 'val_f1': [0.4952015571651879, 0.5815557058791511, 0.6616092709955954, 0.6980559571808589, 0.7118467109207822, 0.7190027921861035, 0.7259252984375062, 0.7317147045749565, 0.7347096288105305, 0.7367145946164105, 0.7379784231817019, 0.738533991118019, 0.7384224670707797, 0.7371704622888959], 'val_mae': [0.4897068377456553, 0.41173123742987194, 0.33613113932262867, 0.2999338227949256, 0.28575618479201786, 0.27831587891727405, 0.2702692683325919, 0.26316445255989557, 0.25916575691411936, 0.25584376556248173, 0.2533181579544148, 0.2511617992501242, 0.2497506547345042, 0.2492892826336975], 'jsd': [(0, 0, 0, 0, 0, 0, 0, 0, 0, 0.0207208396239082, 0.31127812445913283, 0.31127812445913283, 0.31127812445913283, 0.11009182675183558, 0.31127812445913283, 0.31127812445913283, 0.31127812445913283, 0.0037024515418363386, 0.31127812445913283, 0.31127812445913283, 0.31127812445913283, 0.31127812445913283, 0.31127812445913283, 0.31127812445913283, 0.31127812445913283, 0.31127812445913283, 0.07310400793180982, 0.0037024515418363386, 0.31127812445913283, 0.31127812445913283, 0.0350583482647871, 0.31127812445913283, 0.31127812445913283, 0.31127812445913283, 0, 0, 0, 0, 0, 0), (0, 0, 0, 0, 0, 0, 0, 0, 0, 0.0207208396239082, 0.31127812445913283, 0.31127812445913283, 0.31127812445913283, 0.06548833004089114, 0.0014939931791539789, 0.31127812445913283, 0.07310400793180982, 0, 0.1711038312803313, 0.31127812445913283, 0, 0.007299156760473963, 0.009756534087137225, 0.31127812445913283, 0.31127812445913283, 0.31127812445913283, 0, 0.015085156698935967, 0.0207208396239082, 0.16395604408354778, 0.0350583482647871, 0.31127812445913283, 0.31127812445913283, 0.16395604408354778, 0, 0, 0, 0, 0, 0), (0.0207208396239082, 0.16395604408354778, 0.31127812445913283, 0.09922267539827352, 0.11009182675183558, 0.18850340411986471, 0.09328462323031235, 0.11009182675183558, 0.010396593705431272, 0.10481597017296576, 0.05400884513974839, 0.1711038312803313, 0.042041899344894246, 0.0004999522456092496, 0, 0.31127812445913283, 0.0207208396239082, 0.0008025382728216734, 0.31127812445913283, 0.07310400793180982, 0.31127812445913283, 0.31127812445913283, 0.00040919789219141973, 0.31127812445913283, 0.31127812445913283, 0.31127812445913283, 0, 0.31127812445913283, 0.11009182675183558, 0.31127812445913283, 0.07310400793180982, 0.31127812445913283, 0.0487949406953985, 0.06149937804507184, 0.31127812445913283, 0, 0.00040919789219141973, 0.09328462323031235, 0.31127812445913283, 0.09328462323031235), (0.09328462323031235, 0.31127812445913283, 0.2087803925185126, 0.009756534087137225, 0.11385563424028564, 0.013714477705244553, 0.08025594233229469, 0.07310400793180982, 0.03857581598654605, 0.13251817521576753, 0.05253690168806249, 0.19326958066820893, 0.0350583482647871, 0.00429810722857266, 0.005050449860393488, 0.0207208396239082, 0.0487949406953985, 0.07850994353170956, 0.31127812445913283, 0.07310400793180982, 0.007299156760473963, 0.0037024515418363386, 0.0002145058924891757, 0.31127812445913283, 0.31127812445913283, 0.11009182675183558, 0.12425601093475921, 0.31127812445913283, 0.17750440524619315, 0.07310400793180982, 0.07310400793180982, 0.31127812445913283, 0.31127812445913283, 0.05738732460549023, 0.011482406826014972, 0.001254883843183478, 0.0002145058924891757, 0.0487949406953985, 0.2227619806994962, 0.0487949406953985), (0.07310400793180982, 0.0018086520489059392, 0.2227619806994962, 0.00822299722902229, 0.07622434155290266, 0.015085156698935967, 0.07310400793180982, 0.05738732460549023, 0.01423921619075233, 0.06660561007005729, 0.0487949406953985, 0.11009182675183558, 0.04105726891831728, 0.004167970681504568, 0.004727398383200621, 0.011482406826014972, 0.0487949406953985, 0.07744908453819253, 0.07310400793180982, 0.011482406826014972, 0.31127812445913283, 0.010396593705431272, 0.07622434155290266, 0.31127812445913283, 0.31127812445913283, 0.0207208396239082, 0.0487949406953985, 0.0022344421708708415, 0.2087803925185126, 0.07310400793180982, 0.042041899344894246, 0.20534969973663775, 0.05738732460549023, 0.12425601093475921, 0.16395604408354778, 0.0207208396239082, 0.0005570970453080571, 0.07310400793180982, 0.004167970681504568, 0.0001877124226694997), (0.009036677434107646, 0.005050449860393488, 0.23305878051279882, 0.014691469621310085, 0.016941071056623243, 0.00822299722902229, 0.06859186091507882, 0.042041899344894246, 0.05655009359654585, 0.03889315594457522, 0.0463685414106319, 0.10206066129537185, 0.02359015854559616, 0.005865051239364611, 0.05171298000558475, 0.025509910978289904, 0.0487949406953985, 0.0454498512923588, 0.05738732460549023, 0.05400884513974839, 0.007299156760473963, 0.005407888490294582, 0.08111870596083268, 0.2292798117148899, 0.15591489886228305, 0.05253690168806249, 0.011482406826014972, 0.00028867375520897666, 0.03857581598654605, 0.05400884513974839, 0.05400884513974839, 0.2227619806994962, 0.03221357089614439, 0.01274900060462203, 0.002830694750015385, 0.028564156811275485, 0.0008790379110077892, 0.011482406826014972, 0.0207208396239082, 0.006523190206172563), (0.012033410127123681, 0.0037024515418363386, 0.24237412989240623, 0.01717496977609681, 0.016009512159686483, 0.0010689285835955437, 0.11385563424028564, 0.0022344421708708415, 0.07310400793180982, 0.04432065423178154, 0.04674406725931858, 0.09328462323031235, 0.0231107894081813, 0.0055031961632630196, 0.02276859998040022, 0.006019887358649001, 0.03857581598654605, 0.06149937804507184, 0.19094034698434098, 0.05738732460549023, 0.009756534087137225, 0.009036677434107646, 0.07529706740701966, 0.07622434155290266, 0.11009182675183558, 0.0487949406953985, 0.0037024515418363386, 0.009335040408067166, 0.0487949406953985, 0.027910215332363916, 0.0010689285835955437, 0.23646636812449032, 0.0350583482647871, 0.039737267151773975, 0.007299156760473963, 0.008003048984193635, 0.0017382218522886302, 0.0009214584011009545, 0.036145614849311655, 0.09587355378511578), (0.0061446088533262735, 0.002830694750015385, 0.24844401300050659, 0.04105726891831728, 0.014038937565777093, 0.0014939931791539789, 0.10372355040574062, 0.0037024515418363386, 0.07898885115561567, 0.0031619139529965624, 0.02711041372683346, 0.08697257500448134, 0.010396593705431272, 0.0010689285835955437, 0.050988453276391066, 0.007299156760473963, 0.039737267151773975, 0.12931448059938455, 0.20534969973663775, 0.06322393781435344, 0.0207208396239082, 0.0024479765006755194, 0.0019359358092692971, 0.02276859998040022, 0.12745428142147208, 0.029569159854620865, 0.0026078279567117203, 0.006523190206172563, 0.004816452941871073, 0.015588395748542892, 0.0001877124226694997, 0.24616505675524458, 0.027910215332363916, 0.05738732460549023, 0.03302877414247969, 0.0350583482647871, 0.0008589183281813573, 0.018135571823116266, 0.03600088831260688, 0.11009182675183558), (0.004867022157993568, 0.0022344421708708415, 0.06627146564409989, 0.04031575601199518, 0.007299156760473963, 0, 0.11603915012591684, 0.0003410895898538083, 0.07310400793180982, 0.005050449860393488, 0.02345316312919523, 0.10206066129537185, 0.00402636741089939, 0.0012978730164486581, 0.046891375075551814, 0.015085156698935967, 0.031173613118524304, 0.14070293888931446, 0.2149397901480957, 0.04066211490300797, 0.0207208396239082, 0.07529706740701966, 0.01258931793513713, 0.00566775380589651, 0.14431677453762248, 0.05528500114149415, 0.0002145058924891757, 0.012033410127123681, 0.030305144839322347, 0.0645025668287288, 0.00013175698573951195, 0.2149397901480957, 0.09328462323031235, 0.03857581598654605, 0.03857581598654605, 0.03328315226577441, 0.003476844487206702, 0.028564156811275485, 0.019295237025311954, 0.03328315226577441), (0.0023839413783587893, 0.005301974832984377, 0.06900910450166178, 0.05207398638601675, 0.004122113616565049, 0.0009214584011009545, 0.10749195315105531, 0.0010689285835955437, 0.07622434155290266, 0.0032712817850098566, 0.004122113616565049, 0.1317293194736727, 0.007867664894852307, 0.0006631052098621127, 0.039191434062495145, 0.0064060099920141, 0.03268932243084692, 0.13251817521576753, 0.17276905508286108, 0.0350583482647871, 0.0037024515418363386, 0.0693557217943376, 0.012465377054556089, 0, 0.13407247818586213, 0.045224567067496654, 0.00016564297461497002, 0.004651491303398973, 0.02711041372683346, 0.0066132061053925245, 0.0016400534037116603, 0.22392895962214418, 0.08697257500448134, 0.0487949406953985, 0.029348186031720347, 0.031896080966716533, 0.0027533280550219065, 0.025140556297286162, 0.05207398638601675, 0.006830658680456639), (0.0032712817850098566, 8.906807913130425e-05, 0.06056140150705616, 0.06859186091507882, 0.005572828884914387, 0.0023839413783587893, 0.11746492658590664, 0.0002145058924891757, 0.025317841727168493, 0.00030471608277718963, 0.004084476320002462, 0.14070293888931446, 0.03254945726919092, 0.0005570970453080571, 0.037285451679794746, 0.007299156760473963, 0.026881818822810627, 0.14175359252903857, 0.18327338220704156, 0.03302877414247969, 0.0030834536326394824, 0.0381873775199095, 0.013949306965373928, 4.2686232120132256e-05, 0.04466883597999073, 0.0381873775199095, 0.00013175698573951195, 0.008393992098530458, 0.027910215332363916, 0.00668451772448856, 8.16481194098554e-05, 0.20534969973663775, 0.10206066129537185, 0.045824702319694016, 0.04066211490300797, 0.041276480022850906, 0.007299156760473963, 0.0022344421708708415, 0.05026059016936166, 0.010149344670410294), (0.0016626576184457752, 0.0006767219177472479, 0.06149937804507184, 0.06502539038278278, 0.008723329471708632, 0.00036176918093652755, 0.09555361251896813, 0.0001877124226694997, 0.023795695918608258, 0.0010160633509259717, 0.006963639137030152, 0.15058560986911712, 0.007775948452200233, 0.002349447614504129, 0.04066211490300797, 0.004528991295546424, 0.0350583482647871, 0.1363471521273121, 0.192117954859703, 0.059458789360000736, 0, 0.00030471608277718963, 0.01286900199539727, 0.0027533280550219065, 0.04158298918581395, 0.0027533280550219065, 0.0037024515418363386, 0.0016935314912301346, 0.000139180153595651, 0.0052444768725088825, 0.019137358061481584, 0.21298180054572052, 0.1317293194736727, 0.03634284572901042, 0.05142357090980977, 0.015297775930101544, 0.006963639137030152, 0.0006767219177472479, 0.04746468216969184, 0), (0.0014191336441856193, 0.00057833776936193, 0.0487949406953985, 0.06679086162879758, 0.005269516232494085, 0, 0.0912236531918895, 0.0025061505903558393, 0.04657205098437532, 0.006963639137030152, 8.16481194098554e-05, 0.1399942004868045, 0.0014072060559221049, 0.0030350376967938353, 0.03889315594457522, 0.008814443970100422, 0.04302177187503205, 0.11824694297878971, 0.1986677451404082, 0.045224567067496654, 0.0002145058924891757, 0.00011273110195227781, 0.0029530155390121333, 0.002830694750015385, 0.031896080966716533, 0.004084476320002462, 0.0055031961632630196, 0.003924857504517369, 0.0002601690456248149, 0.010690457689199573, 0.017878853480057952, 0.1986677451404082, 0.10558848801112901, 0.0016400534037116603, 0.05118638317292991, 0.015678504950564255, 0.00402636741089939, 6.420633961127121e-05, 0.05129937439493795, 0), (0.004816452941871073, 5.551033283418159e-05, 0.031173613118524304, 0.06390744704610728, 0.0006246337730938037, 0.0004746229241440903, 0.10112402163718603, 0.006523190206172563, 0.017476244325223163, 0.026668965913709028, 6.934144785689924e-05, 0.13138880793914987, 0.002114884643984207, 0.0030834536326394824, 0.03335434504876711, 0.0014939931791539789, 0.045224567067496654, 0.08596635671422005, 0.15948141288667683, 0.04244595986303425, 0.0001877124226694997, 0.005407888490294582, 0.0011113345431778589, 0.0028964502514318494, 0.026195902777601268, 0.0019359358092692971, 0.001156316585088966, 0.005466242510642497, 0.0011696710377548589, 0.0022344421708708415, 0.025029758778296995, 0.0960699253170105, 0.11644892027801927, 0.0022344421708708415, 0.08254168688760449, 0.001564467561066686, 0.004469552452063288, 0.004528991295546424, 0.049943092483862694, 0.0024479765006755194)]}}
AdaptationManager: Configuring next round...
{'client_registry': {'enabled': True, 'params': {}}, 'client_selector': {'enabled': True, 'params': {'selection_strategy': 'Resource-Based', 'selection_criteria': 'CPU', 'selection_value': 2}}, 'client_cluster': {'enabled': False, 'params': {}}, 'message_compressor': {'enabled': False, 'params': {}}, 'model_co-versioning_registry': {'enabled': False, 'params': {}}, 'multi-task_model_trainer': {'enabled': False, 'params': {}}, 'heterogeneous_data_handler': {'enabled': False, 'params': {}}}
{'client_selector': {'enabled': False}, 'client_cluster': {'enabled': False}, 'message_compressor': {'enabled': False}, 'model_co-versioning_registry': {'enabled': False}, 'multi-task_model_trainer': {'enabled': False}, 'heterogeneous_data_handler': {'enabled': False}, 'client_registry': {'enabled': True, 'params': {}}}
0.0-iid clients, predicted wo:1.5866 vs w:1.4319, client_selector activated ✅
Client Client 16 participates in this round. (CPU: 2, RAM: 2)
Client Client 19 participates in this round. (CPU: 2, RAM: 2)
Client Client 5 participates in this round. (CPU: 2, RAM: 2)
Client Client 25 participates in this round. (CPU: 2, RAM: 2)
Client Client 13 participates in this round. (CPU: 2, RAM: 2)
Client Client 37 has insufficient CPU (1). Will not participate in the next FL round.
Client Client 29 has insufficient CPU (1). Will not participate in the next FL round.
Client Client 1 participates in this round. (CPU: 2, RAM: 2)
Client Client 8 participates in this round. (CPU: 2, RAM: 2)
Client Client 14 participates in this round. (CPU: 2, RAM: 2)
Client Client 23 participates in this round. (CPU: 2, RAM: 2)
Client Client 9 participates in this round. (CPU: 2, RAM: 2)
Client Client 3 participates in this round. (CPU: 2, RAM: 2)
Client Client 10 participates in this round. (CPU: 2, RAM: 2)
Client Client 15 participates in this round. (CPU: 2, RAM: 2)
Client Client 2 participates in this round. (CPU: 2, RAM: 2)
Client Client 12 participates in this round. (CPU: 2, RAM: 2)
Client Client 38 has insufficient CPU (1). Will not participate in the next FL round.
Client Client 6 participates in this round. (CPU: 2, RAM: 2)
Client Client 32 has insufficient CPU (1). Will not participate in the next FL round.
Client Client 17 participates in this round. (CPU: 2, RAM: 2)
Client Client 21 participates in this round. (CPU: 2, RAM: 2)
Client Client 35 has insufficient CPU (1). Will not participate in the next FL round.
Client Client 11 participates in this round. (CPU: 2, RAM: 2)
Client Client 4 participates in this round. (CPU: 2, RAM: 2)
Client Client 7 participates in this round. (CPU: 2, RAM: 2)
Client Client 33 has insufficient CPU (1). Will not participate in the next FL round.
Client Client 30 has insufficient CPU (1). Will not participate in the next FL round.
Client Client 39 has insufficient CPU (1). Will not participate in the next FL round.
Client Client 26 has insufficient CPU (1). Will not participate in the next FL round.
Client Client 27 has insufficient CPU (1). Will not participate in the next FL round.
Client Client 22 participates in this round. (CPU: 2, RAM: 2)
Client Client 24 participates in this round. (CPU: 2, RAM: 2)
Client Client 20 participates in this round. (CPU: 2, RAM: 2)
Client Client 18 participates in this round. (CPU: 2, RAM: 2)
Client Client 31 has insufficient CPU (1). Will not participate in the next FL round.
Client Client 34 has insufficient CPU (1). Will not participate in the next FL round.
Client Client 28 has insufficient CPU (1). Will not participate in the next FL round.
Client Client 40 has insufficient CPU (1). Will not participate in the next FL round.
Client Client 36 has insufficient CPU (1). Will not participate in the next FL round.
Results Aggregated in 0.45 seconds.
{'prostate_logreg': {'train_loss': [0.5480570495128632, 0.572618377964888, 0.557822361867294, 0.561496479116695, 0.55150959361544, 0.5470850678051219, 0.5344342903301883, 0.5253177667360994, 0.5203037218528284, 0.518786369412055, 0.5121477403846478, 0.5138265062598096, 0.5098007643533181, 0.5056857992366359, 0.5133714027340502], 'train_accuracy': [0.8091603053435115, 0.7761194029850746, 0.7983367983367984, 0.7619718309859155, 0.7612419700214133, 0.7621107266435986, 0.7620764239365537, 0.7692786069651741, 0.7827510917030568, 0.7835351089588378, 0.783180026281209, 0.7754777070063694, 0.7810781078107811, 0.7837837837837838, 0.7679345209436688], 'train_f1': [0.6778463478845158, 0.6749376355494372, 0.7327638945937921, 0.6810758418516205, 0.7022013803825076, 0.7100943606164347, 0.7133286197620795, 0.7206630475391974, 0.7408618462548519, 0.746014304542948, 0.7497220126759773, 0.7439976783351749, 0.7484060578423439, 0.7576359472476566, 0.7435131728117531], 'train_mae': [0.19083969465648856, 0.22388059701492538, 0.20166320166320167, 0.2380281690140845, 0.23875802997858672, 0.2378892733564014, 0.23792357606344627, 0.23072139303482586, 0.21724890829694324, 0.21646489104116223, 0.21681997371879105, 0.22452229299363058, 0.21892189218921893, 0.21621621621621623, 0.23206547905633124], 'val_loss': [0.7244605690758783, 0.6807029152911491, 0.6494424598653027, 0.6249133905215574, 0.6040838759997342, 0.5882625761446114, 0.5760621187485974, 0.5673824276272081, 0.5603453540588608, 0.5543237799323452, 0.5490281646628441, 0.5444639289676173, 0.5405056293107063, 0.5370367270970575, 0.5337646512843297], 'val_accuracy': [0.5102931622543446, 0.5882687625701281, 0.6638688606773714, 0.7000661772050745, 0.7142438152079822, 0.721684121082726, 0.7297307316674081, 0.7368355474401044, 0.7408342430858806, 0.7441562344375182, 0.7466818420455852, 0.7488382007498757, 0.7502493452654958, 0.7507107173663023, 0.7509582321747474], 'val_f1': [0.4952015571651879, 0.5815557058791511, 0.6616092709955954, 0.6980559571808589, 0.7118467109207822, 0.7190027921861035, 0.7259252984375062, 0.7317147045749565, 0.7347096288105305, 0.7367145946164105, 0.7379784231817019, 0.738533991118019, 0.7384224670707797, 0.7371704622888959, 0.735914786814975], 'val_mae': [0.4897068377456553, 0.41173123742987194, 0.33613113932262867, 0.2999338227949256, 0.28575618479201786, 0.27831587891727405, 0.2702692683325919, 0.26316445255989557, 0.25916575691411936, 0.25584376556248173, 0.2533181579544148, 0.2511617992501242, 0.2497506547345042, 0.2492892826336975, 0.24904176782525259], 'jsd': [(0, 0, 0, 0, 0, 0, 0, 0, 0, 0.0207208396239082, 0.31127812445913283, 0.31127812445913283, 0.31127812445913283, 0.11009182675183558, 0.31127812445913283, 0.31127812445913283, 0.31127812445913283, 0.0037024515418363386, 0.31127812445913283, 0.31127812445913283, 0.31127812445913283, 0.31127812445913283, 0.31127812445913283, 0.31127812445913283, 0.31127812445913283, 0.31127812445913283, 0.07310400793180982, 0.0037024515418363386, 0.31127812445913283, 0.31127812445913283, 0.0350583482647871, 0.31127812445913283, 0.31127812445913283, 0.31127812445913283, 0, 0, 0, 0, 0, 0), (0, 0, 0, 0, 0, 0, 0, 0, 0, 0.0207208396239082, 0.31127812445913283, 0.31127812445913283, 0.31127812445913283, 0.06548833004089114, 0.0014939931791539789, 0.31127812445913283, 0.07310400793180982, 0, 0.1711038312803313, 0.31127812445913283, 0, 0.007299156760473963, 0.009756534087137225, 0.31127812445913283, 0.31127812445913283, 0.31127812445913283, 0, 0.015085156698935967, 0.0207208396239082, 0.16395604408354778, 0.0350583482647871, 0.31127812445913283, 0.31127812445913283, 0.16395604408354778, 0, 0, 0, 0, 0, 0), (0.0207208396239082, 0.16395604408354778, 0.31127812445913283, 0.09922267539827352, 0.11009182675183558, 0.18850340411986471, 0.09328462323031235, 0.11009182675183558, 0.010396593705431272, 0.10481597017296576, 0.05400884513974839, 0.1711038312803313, 0.042041899344894246, 0.0004999522456092496, 0, 0.31127812445913283, 0.0207208396239082, 0.0008025382728216734, 0.31127812445913283, 0.07310400793180982, 0.31127812445913283, 0.31127812445913283, 0.00040919789219141973, 0.31127812445913283, 0.31127812445913283, 0.31127812445913283, 0, 0.31127812445913283, 0.11009182675183558, 0.31127812445913283, 0.07310400793180982, 0.31127812445913283, 0.0487949406953985, 0.06149937804507184, 0.31127812445913283, 0, 0.00040919789219141973, 0.09328462323031235, 0.31127812445913283, 0.09328462323031235), (0.09328462323031235, 0.31127812445913283, 0.2087803925185126, 0.009756534087137225, 0.11385563424028564, 0.013714477705244553, 0.08025594233229469, 0.07310400793180982, 0.03857581598654605, 0.13251817521576753, 0.05253690168806249, 0.19326958066820893, 0.0350583482647871, 0.00429810722857266, 0.005050449860393488, 0.0207208396239082, 0.0487949406953985, 0.07850994353170956, 0.31127812445913283, 0.07310400793180982, 0.007299156760473963, 0.0037024515418363386, 0.0002145058924891757, 0.31127812445913283, 0.31127812445913283, 0.11009182675183558, 0.12425601093475921, 0.31127812445913283, 0.17750440524619315, 0.07310400793180982, 0.07310400793180982, 0.31127812445913283, 0.31127812445913283, 0.05738732460549023, 0.011482406826014972, 0.001254883843183478, 0.0002145058924891757, 0.0487949406953985, 0.2227619806994962, 0.0487949406953985), (0.07310400793180982, 0.0018086520489059392, 0.2227619806994962, 0.00822299722902229, 0.07622434155290266, 0.015085156698935967, 0.07310400793180982, 0.05738732460549023, 0.01423921619075233, 0.06660561007005729, 0.0487949406953985, 0.11009182675183558, 0.04105726891831728, 0.004167970681504568, 0.004727398383200621, 0.011482406826014972, 0.0487949406953985, 0.07744908453819253, 0.07310400793180982, 0.011482406826014972, 0.31127812445913283, 0.010396593705431272, 0.07622434155290266, 0.31127812445913283, 0.31127812445913283, 0.0207208396239082, 0.0487949406953985, 0.0022344421708708415, 0.2087803925185126, 0.07310400793180982, 0.042041899344894246, 0.20534969973663775, 0.05738732460549023, 0.12425601093475921, 0.16395604408354778, 0.0207208396239082, 0.0005570970453080571, 0.07310400793180982, 0.004167970681504568, 0.0001877124226694997), (0.009036677434107646, 0.005050449860393488, 0.23305878051279882, 0.014691469621310085, 0.016941071056623243, 0.00822299722902229, 0.06859186091507882, 0.042041899344894246, 0.05655009359654585, 0.03889315594457522, 0.0463685414106319, 0.10206066129537185, 0.02359015854559616, 0.005865051239364611, 0.05171298000558475, 0.025509910978289904, 0.0487949406953985, 0.0454498512923588, 0.05738732460549023, 0.05400884513974839, 0.007299156760473963, 0.005407888490294582, 0.08111870596083268, 0.2292798117148899, 0.15591489886228305, 0.05253690168806249, 0.011482406826014972, 0.00028867375520897666, 0.03857581598654605, 0.05400884513974839, 0.05400884513974839, 0.2227619806994962, 0.03221357089614439, 0.01274900060462203, 0.002830694750015385, 0.028564156811275485, 0.0008790379110077892, 0.011482406826014972, 0.0207208396239082, 0.006523190206172563), (0.012033410127123681, 0.0037024515418363386, 0.24237412989240623, 0.01717496977609681, 0.016009512159686483, 0.0010689285835955437, 0.11385563424028564, 0.0022344421708708415, 0.07310400793180982, 0.04432065423178154, 0.04674406725931858, 0.09328462323031235, 0.0231107894081813, 0.0055031961632630196, 0.02276859998040022, 0.006019887358649001, 0.03857581598654605, 0.06149937804507184, 0.19094034698434098, 0.05738732460549023, 0.009756534087137225, 0.009036677434107646, 0.07529706740701966, 0.07622434155290266, 0.11009182675183558, 0.0487949406953985, 0.0037024515418363386, 0.009335040408067166, 0.0487949406953985, 0.027910215332363916, 0.0010689285835955437, 0.23646636812449032, 0.0350583482647871, 0.039737267151773975, 0.007299156760473963, 0.008003048984193635, 0.0017382218522886302, 0.0009214584011009545, 0.036145614849311655, 0.09587355378511578), (0.0061446088533262735, 0.002830694750015385, 0.24844401300050659, 0.04105726891831728, 0.014038937565777093, 0.0014939931791539789, 0.10372355040574062, 0.0037024515418363386, 0.07898885115561567, 0.0031619139529965624, 0.02711041372683346, 0.08697257500448134, 0.010396593705431272, 0.0010689285835955437, 0.050988453276391066, 0.007299156760473963, 0.039737267151773975, 0.12931448059938455, 0.20534969973663775, 0.06322393781435344, 0.0207208396239082, 0.0024479765006755194, 0.0019359358092692971, 0.02276859998040022, 0.12745428142147208, 0.029569159854620865, 0.0026078279567117203, 0.006523190206172563, 0.004816452941871073, 0.015588395748542892, 0.0001877124226694997, 0.24616505675524458, 0.027910215332363916, 0.05738732460549023, 0.03302877414247969, 0.0350583482647871, 0.0008589183281813573, 0.018135571823116266, 0.03600088831260688, 0.11009182675183558), (0.004867022157993568, 0.0022344421708708415, 0.06627146564409989, 0.04031575601199518, 0.007299156760473963, 0, 0.11603915012591684, 0.0003410895898538083, 0.07310400793180982, 0.005050449860393488, 0.02345316312919523, 0.10206066129537185, 0.00402636741089939, 0.0012978730164486581, 0.046891375075551814, 0.015085156698935967, 0.031173613118524304, 0.14070293888931446, 0.2149397901480957, 0.04066211490300797, 0.0207208396239082, 0.07529706740701966, 0.01258931793513713, 0.00566775380589651, 0.14431677453762248, 0.05528500114149415, 0.0002145058924891757, 0.012033410127123681, 0.030305144839322347, 0.0645025668287288, 0.00013175698573951195, 0.2149397901480957, 0.09328462323031235, 0.03857581598654605, 0.03857581598654605, 0.03328315226577441, 0.003476844487206702, 0.028564156811275485, 0.019295237025311954, 0.03328315226577441), (0.0023839413783587893, 0.005301974832984377, 0.06900910450166178, 0.05207398638601675, 0.004122113616565049, 0.0009214584011009545, 0.10749195315105531, 0.0010689285835955437, 0.07622434155290266, 0.0032712817850098566, 0.004122113616565049, 0.1317293194736727, 0.007867664894852307, 0.0006631052098621127, 0.039191434062495145, 0.0064060099920141, 0.03268932243084692, 0.13251817521576753, 0.17276905508286108, 0.0350583482647871, 0.0037024515418363386, 0.0693557217943376, 0.012465377054556089, 0, 0.13407247818586213, 0.045224567067496654, 0.00016564297461497002, 0.004651491303398973, 0.02711041372683346, 0.0066132061053925245, 0.0016400534037116603, 0.22392895962214418, 0.08697257500448134, 0.0487949406953985, 0.029348186031720347, 0.031896080966716533, 0.0027533280550219065, 0.025140556297286162, 0.05207398638601675, 0.006830658680456639), (0.0032712817850098566, 8.906807913130425e-05, 0.06056140150705616, 0.06859186091507882, 0.005572828884914387, 0.0023839413783587893, 0.11746492658590664, 0.0002145058924891757, 0.025317841727168493, 0.00030471608277718963, 0.004084476320002462, 0.14070293888931446, 0.03254945726919092, 0.0005570970453080571, 0.037285451679794746, 0.007299156760473963, 0.026881818822810627, 0.14175359252903857, 0.18327338220704156, 0.03302877414247969, 0.0030834536326394824, 0.0381873775199095, 0.013949306965373928, 4.2686232120132256e-05, 0.04466883597999073, 0.0381873775199095, 0.00013175698573951195, 0.008393992098530458, 0.027910215332363916, 0.00668451772448856, 8.16481194098554e-05, 0.20534969973663775, 0.10206066129537185, 0.045824702319694016, 0.04066211490300797, 0.041276480022850906, 0.007299156760473963, 0.0022344421708708415, 0.05026059016936166, 0.010149344670410294), (0.0016626576184457752, 0.0006767219177472479, 0.06149937804507184, 0.06502539038278278, 0.008723329471708632, 0.00036176918093652755, 0.09555361251896813, 0.0001877124226694997, 0.023795695918608258, 0.0010160633509259717, 0.006963639137030152, 0.15058560986911712, 0.007775948452200233, 0.002349447614504129, 0.04066211490300797, 0.004528991295546424, 0.0350583482647871, 0.1363471521273121, 0.192117954859703, 0.059458789360000736, 0, 0.00030471608277718963, 0.01286900199539727, 0.0027533280550219065, 0.04158298918581395, 0.0027533280550219065, 0.0037024515418363386, 0.0016935314912301346, 0.000139180153595651, 0.0052444768725088825, 0.019137358061481584, 0.21298180054572052, 0.1317293194736727, 0.03634284572901042, 0.05142357090980977, 0.015297775930101544, 0.006963639137030152, 0.0006767219177472479, 0.04746468216969184, 0), (0.0014191336441856193, 0.00057833776936193, 0.0487949406953985, 0.06679086162879758, 0.005269516232494085, 0, 0.0912236531918895, 0.0025061505903558393, 0.04657205098437532, 0.006963639137030152, 8.16481194098554e-05, 0.1399942004868045, 0.0014072060559221049, 0.0030350376967938353, 0.03889315594457522, 0.008814443970100422, 0.04302177187503205, 0.11824694297878971, 0.1986677451404082, 0.045224567067496654, 0.0002145058924891757, 0.00011273110195227781, 0.0029530155390121333, 0.002830694750015385, 0.031896080966716533, 0.004084476320002462, 0.0055031961632630196, 0.003924857504517369, 0.0002601690456248149, 0.010690457689199573, 0.017878853480057952, 0.1986677451404082, 0.10558848801112901, 0.0016400534037116603, 0.05118638317292991, 0.015678504950564255, 0.00402636741089939, 6.420633961127121e-05, 0.05129937439493795, 0), (0.004816452941871073, 5.551033283418159e-05, 0.031173613118524304, 0.06390744704610728, 0.0006246337730938037, 0.0004746229241440903, 0.10112402163718603, 0.006523190206172563, 0.017476244325223163, 0.026668965913709028, 6.934144785689924e-05, 0.13138880793914987, 0.002114884643984207, 0.0030834536326394824, 0.03335434504876711, 0.0014939931791539789, 0.045224567067496654, 0.08596635671422005, 0.15948141288667683, 0.04244595986303425, 0.0001877124226694997, 0.005407888490294582, 0.0011113345431778589, 0.0028964502514318494, 0.026195902777601268, 0.0019359358092692971, 0.001156316585088966, 0.005466242510642497, 0.0011696710377548589, 0.0022344421708708415, 0.025029758778296995, 0.0960699253170105, 0.11644892027801927, 0.0022344421708708415, 0.08254168688760449, 0.001564467561066686, 0.004469552452063288, 0.004528991295546424, 0.049943092483862694, 0.0024479765006755194), (0, 0, 0, 0, 0, 0, 0, 0, 0, 0.006981663965470591, 0.00043648968715225174, 0.029108713090071167, 0.07767325654592765, 0.001231918311003291, 0.0009214584011009545, 0.086379156081871, 0.009756534087137225, 0.01841352965701827, 0.01667423493544029, 0.00013663754192747794, 0.1258707805558582, 0.006570967497522534, 0.026284415683249553, 0.03348087371897339, 0.002830694750015385, 0.0454498512923588, 0.06362643814839047, 0.001842090186059877, 0.001254883843183478, 0.0003410895898538083, 0.004418075114369348, 0.00043648968715225174, 0.06149937804507184, 0.0025332820642113077, 0, 0, 0, 0, 0, 0)]}}
AdaptationManager: Configuring next round...
{'client_registry': {'enabled': True, 'params': {}}, 'client_selector': {'enabled': True, 'params': {'selection_strategy': 'Resource-Based', 'selection_criteria': 'CPU', 'selection_value': 2}}, 'client_cluster': {'enabled': False, 'params': {}}, 'message_compressor': {'enabled': False, 'params': {}}, 'model_co-versioning_registry': {'enabled': False, 'params': {}}, 'multi-task_model_trainer': {'enabled': False, 'params': {}}, 'heterogeneous_data_handler': {'enabled': False, 'params': {}}}
{'client_selector': {'enabled': True}, 'client_cluster': {'enabled': False}, 'message_compressor': {'enabled': False}, 'model_co-versioning_registry': {'enabled': False}, 'multi-task_model_trainer': {'enabled': False}, 'heterogeneous_data_handler': {'enabled': False}, 'client_registry': {'enabled': True, 'params': {}}}
0.0-iid clients, predicted wo:1.5425 vs w:1.6241, client_selector de-activated ❌
Results Aggregated in 0.48 seconds.
{'prostate_logreg': {'train_loss': [0.5480570495128632, 0.572618377964888, 0.557822361867294, 0.561496479116695, 0.55150959361544, 0.5470850678051219, 0.5344342903301883, 0.5253177667360994, 0.5203037218528284, 0.518786369412055, 0.5121477403846478, 0.5138265062598096, 0.5098007643533181, 0.5056857992366359, 0.5133714027340502, 0.5008795349694548], 'train_accuracy': [0.8091603053435115, 0.7761194029850746, 0.7983367983367984, 0.7619718309859155, 0.7612419700214133, 0.7621107266435986, 0.7620764239365537, 0.7692786069651741, 0.7827510917030568, 0.7835351089588378, 0.783180026281209, 0.7754777070063694, 0.7810781078107811, 0.7837837837837838, 0.7679345209436688, 0.7788490509189515], 'train_f1': [0.6778463478845158, 0.6749376355494372, 0.7327638945937921, 0.6810758418516205, 0.7022013803825076, 0.7100943606164347, 0.7133286197620795, 0.7206630475391974, 0.7408618462548519, 0.746014304542948, 0.7497220126759773, 0.7439976783351749, 0.7484060578423439, 0.7576359472476566, 0.7435131728117531, 0.7503802002526365], 'train_mae': [0.19083969465648856, 0.22388059701492538, 0.20166320166320167, 0.2380281690140845, 0.23875802997858672, 0.2378892733564014, 0.23792357606344627, 0.23072139303482586, 0.21724890829694324, 0.21646489104116223, 0.21681997371879105, 0.22452229299363058, 0.21892189218921893, 0.21621621621621623, 0.23206547905633124, 0.22115094908104851], 'val_loss': [0.7244605690758783, 0.6807029152911491, 0.6494424598653027, 0.6249133905215574, 0.6040838759997342, 0.5882625761446114, 0.5760621187485974, 0.5673824276272081, 0.5603453540588608, 0.5543237799323452, 0.5490281646628441, 0.5444639289676173, 0.5405056293107063, 0.5370367270970575, 0.5337646512843297, 0.5315141101969498], 'val_accuracy': [0.5102931622543446, 0.5882687625701281, 0.6638688606773714, 0.7000661772050745, 0.7142438152079822, 0.721684121082726, 0.7297307316674081, 0.7368355474401044, 0.7408342430858806, 0.7441562344375182, 0.7466818420455852, 0.7488382007498757, 0.7502493452654958, 0.7507107173663023, 0.7509582321747474, 0.7497166005312205], 'val_f1': [0.4952015571651879, 0.5815557058791511, 0.6616092709955954, 0.6980559571808589, 0.7118467109207822, 0.7190027921861035, 0.7259252984375062, 0.7317147045749565, 0.7347096288105305, 0.7367145946164105, 0.7379784231817019, 0.738533991118019, 0.7384224670707797, 0.7371704622888959, 0.735914786814975, 0.7330911112131879], 'val_mae': [0.4897068377456553, 0.41173123742987194, 0.33613113932262867, 0.2999338227949256, 0.28575618479201786, 0.27831587891727405, 0.2702692683325919, 0.26316445255989557, 0.25916575691411936, 0.25584376556248173, 0.2533181579544148, 0.2511617992501242, 0.2497506547345042, 0.2492892826336975, 0.24904176782525259, 0.2502833994687796], 'jsd': [(0, 0, 0, 0, 0, 0, 0, 0, 0, 0.0207208396239082, 0.31127812445913283, 0.31127812445913283, 0.31127812445913283, 0.11009182675183558, 0.31127812445913283, 0.31127812445913283, 0.31127812445913283, 0.0037024515418363386, 0.31127812445913283, 0.31127812445913283, 0.31127812445913283, 0.31127812445913283, 0.31127812445913283, 0.31127812445913283, 0.31127812445913283, 0.31127812445913283, 0.07310400793180982, 0.0037024515418363386, 0.31127812445913283, 0.31127812445913283, 0.0350583482647871, 0.31127812445913283, 0.31127812445913283, 0.31127812445913283, 0, 0, 0, 0, 0, 0), (0, 0, 0, 0, 0, 0, 0, 0, 0, 0.0207208396239082, 0.31127812445913283, 0.31127812445913283, 0.31127812445913283, 0.06548833004089114, 0.0014939931791539789, 0.31127812445913283, 0.07310400793180982, 0, 0.1711038312803313, 0.31127812445913283, 0, 0.007299156760473963, 0.009756534087137225, 0.31127812445913283, 0.31127812445913283, 0.31127812445913283, 0, 0.015085156698935967, 0.0207208396239082, 0.16395604408354778, 0.0350583482647871, 0.31127812445913283, 0.31127812445913283, 0.16395604408354778, 0, 0, 0, 0, 0, 0), (0.0207208396239082, 0.16395604408354778, 0.31127812445913283, 0.09922267539827352, 0.11009182675183558, 0.18850340411986471, 0.09328462323031235, 0.11009182675183558, 0.010396593705431272, 0.10481597017296576, 0.05400884513974839, 0.1711038312803313, 0.042041899344894246, 0.0004999522456092496, 0, 0.31127812445913283, 0.0207208396239082, 0.0008025382728216734, 0.31127812445913283, 0.07310400793180982, 0.31127812445913283, 0.31127812445913283, 0.00040919789219141973, 0.31127812445913283, 0.31127812445913283, 0.31127812445913283, 0, 0.31127812445913283, 0.11009182675183558, 0.31127812445913283, 0.07310400793180982, 0.31127812445913283, 0.0487949406953985, 0.06149937804507184, 0.31127812445913283, 0, 0.00040919789219141973, 0.09328462323031235, 0.31127812445913283, 0.09328462323031235), (0.09328462323031235, 0.31127812445913283, 0.2087803925185126, 0.009756534087137225, 0.11385563424028564, 0.013714477705244553, 0.08025594233229469, 0.07310400793180982, 0.03857581598654605, 0.13251817521576753, 0.05253690168806249, 0.19326958066820893, 0.0350583482647871, 0.00429810722857266, 0.005050449860393488, 0.0207208396239082, 0.0487949406953985, 0.07850994353170956, 0.31127812445913283, 0.07310400793180982, 0.007299156760473963, 0.0037024515418363386, 0.0002145058924891757, 0.31127812445913283, 0.31127812445913283, 0.11009182675183558, 0.12425601093475921, 0.31127812445913283, 0.17750440524619315, 0.07310400793180982, 0.07310400793180982, 0.31127812445913283, 0.31127812445913283, 0.05738732460549023, 0.011482406826014972, 0.001254883843183478, 0.0002145058924891757, 0.0487949406953985, 0.2227619806994962, 0.0487949406953985), (0.07310400793180982, 0.0018086520489059392, 0.2227619806994962, 0.00822299722902229, 0.07622434155290266, 0.015085156698935967, 0.07310400793180982, 0.05738732460549023, 0.01423921619075233, 0.06660561007005729, 0.0487949406953985, 0.11009182675183558, 0.04105726891831728, 0.004167970681504568, 0.004727398383200621, 0.011482406826014972, 0.0487949406953985, 0.07744908453819253, 0.07310400793180982, 0.011482406826014972, 0.31127812445913283, 0.010396593705431272, 0.07622434155290266, 0.31127812445913283, 0.31127812445913283, 0.0207208396239082, 0.0487949406953985, 0.0022344421708708415, 0.2087803925185126, 0.07310400793180982, 0.042041899344894246, 0.20534969973663775, 0.05738732460549023, 0.12425601093475921, 0.16395604408354778, 0.0207208396239082, 0.0005570970453080571, 0.07310400793180982, 0.004167970681504568, 0.0001877124226694997), (0.009036677434107646, 0.005050449860393488, 0.23305878051279882, 0.014691469621310085, 0.016941071056623243, 0.00822299722902229, 0.06859186091507882, 0.042041899344894246, 0.05655009359654585, 0.03889315594457522, 0.0463685414106319, 0.10206066129537185, 0.02359015854559616, 0.005865051239364611, 0.05171298000558475, 0.025509910978289904, 0.0487949406953985, 0.0454498512923588, 0.05738732460549023, 0.05400884513974839, 0.007299156760473963, 0.005407888490294582, 0.08111870596083268, 0.2292798117148899, 0.15591489886228305, 0.05253690168806249, 0.011482406826014972, 0.00028867375520897666, 0.03857581598654605, 0.05400884513974839, 0.05400884513974839, 0.2227619806994962, 0.03221357089614439, 0.01274900060462203, 0.002830694750015385, 0.028564156811275485, 0.0008790379110077892, 0.011482406826014972, 0.0207208396239082, 0.006523190206172563), (0.012033410127123681, 0.0037024515418363386, 0.24237412989240623, 0.01717496977609681, 0.016009512159686483, 0.0010689285835955437, 0.11385563424028564, 0.0022344421708708415, 0.07310400793180982, 0.04432065423178154, 0.04674406725931858, 0.09328462323031235, 0.0231107894081813, 0.0055031961632630196, 0.02276859998040022, 0.006019887358649001, 0.03857581598654605, 0.06149937804507184, 0.19094034698434098, 0.05738732460549023, 0.009756534087137225, 0.009036677434107646, 0.07529706740701966, 0.07622434155290266, 0.11009182675183558, 0.0487949406953985, 0.0037024515418363386, 0.009335040408067166, 0.0487949406953985, 0.027910215332363916, 0.0010689285835955437, 0.23646636812449032, 0.0350583482647871, 0.039737267151773975, 0.007299156760473963, 0.008003048984193635, 0.0017382218522886302, 0.0009214584011009545, 0.036145614849311655, 0.09587355378511578), (0.0061446088533262735, 0.002830694750015385, 0.24844401300050659, 0.04105726891831728, 0.014038937565777093, 0.0014939931791539789, 0.10372355040574062, 0.0037024515418363386, 0.07898885115561567, 0.0031619139529965624, 0.02711041372683346, 0.08697257500448134, 0.010396593705431272, 0.0010689285835955437, 0.050988453276391066, 0.007299156760473963, 0.039737267151773975, 0.12931448059938455, 0.20534969973663775, 0.06322393781435344, 0.0207208396239082, 0.0024479765006755194, 0.0019359358092692971, 0.02276859998040022, 0.12745428142147208, 0.029569159854620865, 0.0026078279567117203, 0.006523190206172563, 0.004816452941871073, 0.015588395748542892, 0.0001877124226694997, 0.24616505675524458, 0.027910215332363916, 0.05738732460549023, 0.03302877414247969, 0.0350583482647871, 0.0008589183281813573, 0.018135571823116266, 0.03600088831260688, 0.11009182675183558), (0.004867022157993568, 0.0022344421708708415, 0.06627146564409989, 0.04031575601199518, 0.007299156760473963, 0, 0.11603915012591684, 0.0003410895898538083, 0.07310400793180982, 0.005050449860393488, 0.02345316312919523, 0.10206066129537185, 0.00402636741089939, 0.0012978730164486581, 0.046891375075551814, 0.015085156698935967, 0.031173613118524304, 0.14070293888931446, 0.2149397901480957, 0.04066211490300797, 0.0207208396239082, 0.07529706740701966, 0.01258931793513713, 0.00566775380589651, 0.14431677453762248, 0.05528500114149415, 0.0002145058924891757, 0.012033410127123681, 0.030305144839322347, 0.0645025668287288, 0.00013175698573951195, 0.2149397901480957, 0.09328462323031235, 0.03857581598654605, 0.03857581598654605, 0.03328315226577441, 0.003476844487206702, 0.028564156811275485, 0.019295237025311954, 0.03328315226577441), (0.0023839413783587893, 0.005301974832984377, 0.06900910450166178, 0.05207398638601675, 0.004122113616565049, 0.0009214584011009545, 0.10749195315105531, 0.0010689285835955437, 0.07622434155290266, 0.0032712817850098566, 0.004122113616565049, 0.1317293194736727, 0.007867664894852307, 0.0006631052098621127, 0.039191434062495145, 0.0064060099920141, 0.03268932243084692, 0.13251817521576753, 0.17276905508286108, 0.0350583482647871, 0.0037024515418363386, 0.0693557217943376, 0.012465377054556089, 0, 0.13407247818586213, 0.045224567067496654, 0.00016564297461497002, 0.004651491303398973, 0.02711041372683346, 0.0066132061053925245, 0.0016400534037116603, 0.22392895962214418, 0.08697257500448134, 0.0487949406953985, 0.029348186031720347, 0.031896080966716533, 0.0027533280550219065, 0.025140556297286162, 0.05207398638601675, 0.006830658680456639), (0.0032712817850098566, 8.906807913130425e-05, 0.06056140150705616, 0.06859186091507882, 0.005572828884914387, 0.0023839413783587893, 0.11746492658590664, 0.0002145058924891757, 0.025317841727168493, 0.00030471608277718963, 0.004084476320002462, 0.14070293888931446, 0.03254945726919092, 0.0005570970453080571, 0.037285451679794746, 0.007299156760473963, 0.026881818822810627, 0.14175359252903857, 0.18327338220704156, 0.03302877414247969, 0.0030834536326394824, 0.0381873775199095, 0.013949306965373928, 4.2686232120132256e-05, 0.04466883597999073, 0.0381873775199095, 0.00013175698573951195, 0.008393992098530458, 0.027910215332363916, 0.00668451772448856, 8.16481194098554e-05, 0.20534969973663775, 0.10206066129537185, 0.045824702319694016, 0.04066211490300797, 0.041276480022850906, 0.007299156760473963, 0.0022344421708708415, 0.05026059016936166, 0.010149344670410294), (0.0016626576184457752, 0.0006767219177472479, 0.06149937804507184, 0.06502539038278278, 0.008723329471708632, 0.00036176918093652755, 0.09555361251896813, 0.0001877124226694997, 0.023795695918608258, 0.0010160633509259717, 0.006963639137030152, 0.15058560986911712, 0.007775948452200233, 0.002349447614504129, 0.04066211490300797, 0.004528991295546424, 0.0350583482647871, 0.1363471521273121, 0.192117954859703, 0.059458789360000736, 0, 0.00030471608277718963, 0.01286900199539727, 0.0027533280550219065, 0.04158298918581395, 0.0027533280550219065, 0.0037024515418363386, 0.0016935314912301346, 0.000139180153595651, 0.0052444768725088825, 0.019137358061481584, 0.21298180054572052, 0.1317293194736727, 0.03634284572901042, 0.05142357090980977, 0.015297775930101544, 0.006963639137030152, 0.0006767219177472479, 0.04746468216969184, 0), (0.0014191336441856193, 0.00057833776936193, 0.0487949406953985, 0.06679086162879758, 0.005269516232494085, 0, 0.0912236531918895, 0.0025061505903558393, 0.04657205098437532, 0.006963639137030152, 8.16481194098554e-05, 0.1399942004868045, 0.0014072060559221049, 0.0030350376967938353, 0.03889315594457522, 0.008814443970100422, 0.04302177187503205, 0.11824694297878971, 0.1986677451404082, 0.045224567067496654, 0.0002145058924891757, 0.00011273110195227781, 0.0029530155390121333, 0.002830694750015385, 0.031896080966716533, 0.004084476320002462, 0.0055031961632630196, 0.003924857504517369, 0.0002601690456248149, 0.010690457689199573, 0.017878853480057952, 0.1986677451404082, 0.10558848801112901, 0.0016400534037116603, 0.05118638317292991, 0.015678504950564255, 0.00402636741089939, 6.420633961127121e-05, 0.05129937439493795, 0), (0.004816452941871073, 5.551033283418159e-05, 0.031173613118524304, 0.06390744704610728, 0.0006246337730938037, 0.0004746229241440903, 0.10112402163718603, 0.006523190206172563, 0.017476244325223163, 0.026668965913709028, 6.934144785689924e-05, 0.13138880793914987, 0.002114884643984207, 0.0030834536326394824, 0.03335434504876711, 0.0014939931791539789, 0.045224567067496654, 0.08596635671422005, 0.15948141288667683, 0.04244595986303425, 0.0001877124226694997, 0.005407888490294582, 0.0011113345431778589, 0.0028964502514318494, 0.026195902777601268, 0.0019359358092692971, 0.001156316585088966, 0.005466242510642497, 0.0011696710377548589, 0.0022344421708708415, 0.025029758778296995, 0.0960699253170105, 0.11644892027801927, 0.0022344421708708415, 0.08254168688760449, 0.001564467561066686, 0.004469552452063288, 0.004528991295546424, 0.049943092483862694, 0.0024479765006755194), (0, 0, 0, 0, 0, 0, 0, 0, 0, 0.006981663965470591, 0.00043648968715225174, 0.029108713090071167, 0.07767325654592765, 0.001231918311003291, 0.0009214584011009545, 0.086379156081871, 0.009756534087137225, 0.01841352965701827, 0.01667423493544029, 0.00013663754192747794, 0.1258707805558582, 0.006570967497522534, 0.026284415683249553, 0.03348087371897339, 0.002830694750015385, 0.0454498512923588, 0.06362643814839047, 0.001842090186059877, 0.001254883843183478, 0.0003410895898538083, 0.004418075114369348, 0.00043648968715225174, 0.06149937804507184, 0.0025332820642113077, 0, 0, 0, 0, 0, 0), (0.0061446088533262735, 0.0003843884653275346, 0.031069480068634414, 0.07850994353170956, 0.0013431113450645717, 0.0018496468978117624, 0.05207398638601675, 0.015085156698935967, 0.0013431113450645717, 0.036940224638936384, 0.002638017951649519, 0.11978983412227931, 0.0066132061053925245, 0.0207208396239082, 0.011720053679030874, 0.00566775380589651, 0.059046967456822835, 0.06548833004089114, 0.14347226067529725, 0.04432065423178154, 0.0025061505903558393, 0.00668451772448856, 0.0019359358092692971, 0.0029530155390121333, 0.01423921619075233, 0.002047704328999266, 0.000991090197521912, 0.00468046793367477, 0.002047704328999266, 0.02332864387831917, 0.03221357089614439, 0.08954421148063126, 0.1576028884409717, 0.00429810722857266, 0.06900910450166178, 0.00030058237746002827, 0.0043730621958221125, 0.015807917200052736, 0.059458789360000736, 0.0014939931791539789)]}}
AdaptationManager: Configuring next round...
{'client_registry': {'enabled': True, 'params': {}}, 'client_selector': {'enabled': True, 'params': {'selection_strategy': 'Resource-Based', 'selection_criteria': 'CPU', 'selection_value': 2}}, 'client_cluster': {'enabled': False, 'params': {}}, 'message_compressor': {'enabled': False, 'params': {}}, 'model_co-versioning_registry': {'enabled': False, 'params': {}}, 'multi-task_model_trainer': {'enabled': False, 'params': {}}, 'heterogeneous_data_handler': {'enabled': False, 'params': {}}}
{'client_selector': {'enabled': False}, 'client_cluster': {'enabled': False}, 'message_compressor': {'enabled': False}, 'model_co-versioning_registry': {'enabled': False}, 'multi-task_model_trainer': {'enabled': False}, 'heterogeneous_data_handler': {'enabled': False}, 'client_registry': {'enabled': True, 'params': {}}}
0.0-iid clients, predicted wo:1.5462 vs w:1.6234, client_selector de-activated ❌
Results Aggregated in 0.47 seconds.
{'prostate_logreg': {'train_loss': [0.5480570495128632, 0.572618377964888, 0.557822361867294, 0.561496479116695, 0.55150959361544, 0.5470850678051219, 0.5344342903301883, 0.5253177667360994, 0.5203037218528284, 0.518786369412055, 0.5121477403846478, 0.5138265062598096, 0.5098007643533181, 0.5056857992366359, 0.5133714027340502, 0.5008795349694548, 0.5015516980798119], 'train_accuracy': [0.8091603053435115, 0.7761194029850746, 0.7983367983367984, 0.7619718309859155, 0.7612419700214133, 0.7621107266435986, 0.7620764239365537, 0.7692786069651741, 0.7827510917030568, 0.7835351089588378, 0.783180026281209, 0.7754777070063694, 0.7810781078107811, 0.7837837837837838, 0.7679345209436688, 0.7788490509189515, 0.778247393632009], 'train_f1': [0.6778463478845158, 0.6749376355494372, 0.7327638945937921, 0.6810758418516205, 0.7022013803825076, 0.7100943606164347, 0.7133286197620795, 0.7206630475391974, 0.7408618462548519, 0.746014304542948, 0.7497220126759773, 0.7439976783351749, 0.7484060578423439, 0.7576359472476566, 0.7435131728117531, 0.7503802002526365, 0.7498830009068034], 'train_mae': [0.19083969465648856, 0.22388059701492538, 0.20166320166320167, 0.2380281690140845, 0.23875802997858672, 0.2378892733564014, 0.23792357606344627, 0.23072139303482586, 0.21724890829694324, 0.21646489104116223, 0.21681997371879105, 0.22452229299363058, 0.21892189218921893, 0.21621621621621623, 0.23206547905633124, 0.22115094908104851, 0.221752606367991], 'val_loss': [0.7244605690758783, 0.6807029152911491, 0.6494424598653027, 0.6249133905215574, 0.6040838759997342, 0.5882625761446114, 0.5760621187485974, 0.5673824276272081, 0.5603453540588608, 0.5543237799323452, 0.5490281646628441, 0.5444639289676173, 0.5405056293107063, 0.5370367270970575, 0.5337646512843297, 0.5315141101969498, 0.5293290638257381], 'val_accuracy': [0.5102931622543446, 0.5882687625701281, 0.6638688606773714, 0.7000661772050745, 0.7142438152079822, 0.721684121082726, 0.7297307316674081, 0.7368355474401044, 0.7408342430858806, 0.7441562344375182, 0.7466818420455852, 0.7488382007498757, 0.7502493452654958, 0.7507107173663023, 0.7509582321747474, 0.7497166005312205, 0.7494357115879211], 'val_f1': [0.4952015571651879, 0.5815557058791511, 0.6616092709955954, 0.6980559571808589, 0.7118467109207822, 0.7190027921861035, 0.7259252984375062, 0.7317147045749565, 0.7347096288105305, 0.7367145946164105, 0.7379784231817019, 0.738533991118019, 0.7384224670707797, 0.7371704622888959, 0.735914786814975, 0.7330911112131879, 0.7314189189446919], 'val_mae': [0.4897068377456553, 0.41173123742987194, 0.33613113932262867, 0.2999338227949256, 0.28575618479201786, 0.27831587891727405, 0.2702692683325919, 0.26316445255989557, 0.25916575691411936, 0.25584376556248173, 0.2533181579544148, 0.2511617992501242, 0.2497506547345042, 0.2492892826336975, 0.24904176782525259, 0.2502833994687796, 0.25056428841207895], 'jsd': [(0, 0, 0, 0, 0, 0, 0, 0, 0, 0.0207208396239082, 0.31127812445913283, 0.31127812445913283, 0.31127812445913283, 0.11009182675183558, 0.31127812445913283, 0.31127812445913283, 0.31127812445913283, 0.0037024515418363386, 0.31127812445913283, 0.31127812445913283, 0.31127812445913283, 0.31127812445913283, 0.31127812445913283, 0.31127812445913283, 0.31127812445913283, 0.31127812445913283, 0.07310400793180982, 0.0037024515418363386, 0.31127812445913283, 0.31127812445913283, 0.0350583482647871, 0.31127812445913283, 0.31127812445913283, 0.31127812445913283, 0, 0, 0, 0, 0, 0), (0, 0, 0, 0, 0, 0, 0, 0, 0, 0.0207208396239082, 0.31127812445913283, 0.31127812445913283, 0.31127812445913283, 0.06548833004089114, 0.0014939931791539789, 0.31127812445913283, 0.07310400793180982, 0, 0.1711038312803313, 0.31127812445913283, 0, 0.007299156760473963, 0.009756534087137225, 0.31127812445913283, 0.31127812445913283, 0.31127812445913283, 0, 0.015085156698935967, 0.0207208396239082, 0.16395604408354778, 0.0350583482647871, 0.31127812445913283, 0.31127812445913283, 0.16395604408354778, 0, 0, 0, 0, 0, 0), (0.0207208396239082, 0.16395604408354778, 0.31127812445913283, 0.09922267539827352, 0.11009182675183558, 0.18850340411986471, 0.09328462323031235, 0.11009182675183558, 0.010396593705431272, 0.10481597017296576, 0.05400884513974839, 0.1711038312803313, 0.042041899344894246, 0.0004999522456092496, 0, 0.31127812445913283, 0.0207208396239082, 0.0008025382728216734, 0.31127812445913283, 0.07310400793180982, 0.31127812445913283, 0.31127812445913283, 0.00040919789219141973, 0.31127812445913283, 0.31127812445913283, 0.31127812445913283, 0, 0.31127812445913283, 0.11009182675183558, 0.31127812445913283, 0.07310400793180982, 0.31127812445913283, 0.0487949406953985, 0.06149937804507184, 0.31127812445913283, 0, 0.00040919789219141973, 0.09328462323031235, 0.31127812445913283, 0.09328462323031235), (0.09328462323031235, 0.31127812445913283, 0.2087803925185126, 0.009756534087137225, 0.11385563424028564, 0.013714477705244553, 0.08025594233229469, 0.07310400793180982, 0.03857581598654605, 0.13251817521576753, 0.05253690168806249, 0.19326958066820893, 0.0350583482647871, 0.00429810722857266, 0.005050449860393488, 0.0207208396239082, 0.0487949406953985, 0.07850994353170956, 0.31127812445913283, 0.07310400793180982, 0.007299156760473963, 0.0037024515418363386, 0.0002145058924891757, 0.31127812445913283, 0.31127812445913283, 0.11009182675183558, 0.12425601093475921, 0.31127812445913283, 0.17750440524619315, 0.07310400793180982, 0.07310400793180982, 0.31127812445913283, 0.31127812445913283, 0.05738732460549023, 0.011482406826014972, 0.001254883843183478, 0.0002145058924891757, 0.0487949406953985, 0.2227619806994962, 0.0487949406953985), (0.07310400793180982, 0.0018086520489059392, 0.2227619806994962, 0.00822299722902229, 0.07622434155290266, 0.015085156698935967, 0.07310400793180982, 0.05738732460549023, 0.01423921619075233, 0.06660561007005729, 0.0487949406953985, 0.11009182675183558, 0.04105726891831728, 0.004167970681504568, 0.004727398383200621, 0.011482406826014972, 0.0487949406953985, 0.07744908453819253, 0.07310400793180982, 0.011482406826014972, 0.31127812445913283, 0.010396593705431272, 0.07622434155290266, 0.31127812445913283, 0.31127812445913283, 0.0207208396239082, 0.0487949406953985, 0.0022344421708708415, 0.2087803925185126, 0.07310400793180982, 0.042041899344894246, 0.20534969973663775, 0.05738732460549023, 0.12425601093475921, 0.16395604408354778, 0.0207208396239082, 0.0005570970453080571, 0.07310400793180982, 0.004167970681504568, 0.0001877124226694997), (0.009036677434107646, 0.005050449860393488, 0.23305878051279882, 0.014691469621310085, 0.016941071056623243, 0.00822299722902229, 0.06859186091507882, 0.042041899344894246, 0.05655009359654585, 0.03889315594457522, 0.0463685414106319, 0.10206066129537185, 0.02359015854559616, 0.005865051239364611, 0.05171298000558475, 0.025509910978289904, 0.0487949406953985, 0.0454498512923588, 0.05738732460549023, 0.05400884513974839, 0.007299156760473963, 0.005407888490294582, 0.08111870596083268, 0.2292798117148899, 0.15591489886228305, 0.05253690168806249, 0.011482406826014972, 0.00028867375520897666, 0.03857581598654605, 0.05400884513974839, 0.05400884513974839, 0.2227619806994962, 0.03221357089614439, 0.01274900060462203, 0.002830694750015385, 0.028564156811275485, 0.0008790379110077892, 0.011482406826014972, 0.0207208396239082, 0.006523190206172563), (0.012033410127123681, 0.0037024515418363386, 0.24237412989240623, 0.01717496977609681, 0.016009512159686483, 0.0010689285835955437, 0.11385563424028564, 0.0022344421708708415, 0.07310400793180982, 0.04432065423178154, 0.04674406725931858, 0.09328462323031235, 0.0231107894081813, 0.0055031961632630196, 0.02276859998040022, 0.006019887358649001, 0.03857581598654605, 0.06149937804507184, 0.19094034698434098, 0.05738732460549023, 0.009756534087137225, 0.009036677434107646, 0.07529706740701966, 0.07622434155290266, 0.11009182675183558, 0.0487949406953985, 0.0037024515418363386, 0.009335040408067166, 0.0487949406953985, 0.027910215332363916, 0.0010689285835955437, 0.23646636812449032, 0.0350583482647871, 0.039737267151773975, 0.007299156760473963, 0.008003048984193635, 0.0017382218522886302, 0.0009214584011009545, 0.036145614849311655, 0.09587355378511578), (0.0061446088533262735, 0.002830694750015385, 0.24844401300050659, 0.04105726891831728, 0.014038937565777093, 0.0014939931791539789, 0.10372355040574062, 0.0037024515418363386, 0.07898885115561567, 0.0031619139529965624, 0.02711041372683346, 0.08697257500448134, 0.010396593705431272, 0.0010689285835955437, 0.050988453276391066, 0.007299156760473963, 0.039737267151773975, 0.12931448059938455, 0.20534969973663775, 0.06322393781435344, 0.0207208396239082, 0.0024479765006755194, 0.0019359358092692971, 0.02276859998040022, 0.12745428142147208, 0.029569159854620865, 0.0026078279567117203, 0.006523190206172563, 0.004816452941871073, 0.015588395748542892, 0.0001877124226694997, 0.24616505675524458, 0.027910215332363916, 0.05738732460549023, 0.03302877414247969, 0.0350583482647871, 0.0008589183281813573, 0.018135571823116266, 0.03600088831260688, 0.11009182675183558), (0.004867022157993568, 0.0022344421708708415, 0.06627146564409989, 0.04031575601199518, 0.007299156760473963, 0, 0.11603915012591684, 0.0003410895898538083, 0.07310400793180982, 0.005050449860393488, 0.02345316312919523, 0.10206066129537185, 0.00402636741089939, 0.0012978730164486581, 0.046891375075551814, 0.015085156698935967, 0.031173613118524304, 0.14070293888931446, 0.2149397901480957, 0.04066211490300797, 0.0207208396239082, 0.07529706740701966, 0.01258931793513713, 0.00566775380589651, 0.14431677453762248, 0.05528500114149415, 0.0002145058924891757, 0.012033410127123681, 0.030305144839322347, 0.0645025668287288, 0.00013175698573951195, 0.2149397901480957, 0.09328462323031235, 0.03857581598654605, 0.03857581598654605, 0.03328315226577441, 0.003476844487206702, 0.028564156811275485, 0.019295237025311954, 0.03328315226577441), (0.0023839413783587893, 0.005301974832984377, 0.06900910450166178, 0.05207398638601675, 0.004122113616565049, 0.0009214584011009545, 0.10749195315105531, 0.0010689285835955437, 0.07622434155290266, 0.0032712817850098566, 0.004122113616565049, 0.1317293194736727, 0.007867664894852307, 0.0006631052098621127, 0.039191434062495145, 0.0064060099920141, 0.03268932243084692, 0.13251817521576753, 0.17276905508286108, 0.0350583482647871, 0.0037024515418363386, 0.0693557217943376, 0.012465377054556089, 0, 0.13407247818586213, 0.045224567067496654, 0.00016564297461497002, 0.004651491303398973, 0.02711041372683346, 0.0066132061053925245, 0.0016400534037116603, 0.22392895962214418, 0.08697257500448134, 0.0487949406953985, 0.029348186031720347, 0.031896080966716533, 0.0027533280550219065, 0.025140556297286162, 0.05207398638601675, 0.006830658680456639), (0.0032712817850098566, 8.906807913130425e-05, 0.06056140150705616, 0.06859186091507882, 0.005572828884914387, 0.0023839413783587893, 0.11746492658590664, 0.0002145058924891757, 0.025317841727168493, 0.00030471608277718963, 0.004084476320002462, 0.14070293888931446, 0.03254945726919092, 0.0005570970453080571, 0.037285451679794746, 0.007299156760473963, 0.026881818822810627, 0.14175359252903857, 0.18327338220704156, 0.03302877414247969, 0.0030834536326394824, 0.0381873775199095, 0.013949306965373928, 4.2686232120132256e-05, 0.04466883597999073, 0.0381873775199095, 0.00013175698573951195, 0.008393992098530458, 0.027910215332363916, 0.00668451772448856, 8.16481194098554e-05, 0.20534969973663775, 0.10206066129537185, 0.045824702319694016, 0.04066211490300797, 0.041276480022850906, 0.007299156760473963, 0.0022344421708708415, 0.05026059016936166, 0.010149344670410294), (0.0016626576184457752, 0.0006767219177472479, 0.06149937804507184, 0.06502539038278278, 0.008723329471708632, 0.00036176918093652755, 0.09555361251896813, 0.0001877124226694997, 0.023795695918608258, 0.0010160633509259717, 0.006963639137030152, 0.15058560986911712, 0.007775948452200233, 0.002349447614504129, 0.04066211490300797, 0.004528991295546424, 0.0350583482647871, 0.1363471521273121, 0.192117954859703, 0.059458789360000736, 0, 0.00030471608277718963, 0.01286900199539727, 0.0027533280550219065, 0.04158298918581395, 0.0027533280550219065, 0.0037024515418363386, 0.0016935314912301346, 0.000139180153595651, 0.0052444768725088825, 0.019137358061481584, 0.21298180054572052, 0.1317293194736727, 0.03634284572901042, 0.05142357090980977, 0.015297775930101544, 0.006963639137030152, 0.0006767219177472479, 0.04746468216969184, 0), (0.0014191336441856193, 0.00057833776936193, 0.0487949406953985, 0.06679086162879758, 0.005269516232494085, 0, 0.0912236531918895, 0.0025061505903558393, 0.04657205098437532, 0.006963639137030152, 8.16481194098554e-05, 0.1399942004868045, 0.0014072060559221049, 0.0030350376967938353, 0.03889315594457522, 0.008814443970100422, 0.04302177187503205, 0.11824694297878971, 0.1986677451404082, 0.045224567067496654, 0.0002145058924891757, 0.00011273110195227781, 0.0029530155390121333, 0.002830694750015385, 0.031896080966716533, 0.004084476320002462, 0.0055031961632630196, 0.003924857504517369, 0.0002601690456248149, 0.010690457689199573, 0.017878853480057952, 0.1986677451404082, 0.10558848801112901, 0.0016400534037116603, 0.05118638317292991, 0.015678504950564255, 0.00402636741089939, 6.420633961127121e-05, 0.05129937439493795, 0), (0.004816452941871073, 5.551033283418159e-05, 0.031173613118524304, 0.06390744704610728, 0.0006246337730938037, 0.0004746229241440903, 0.10112402163718603, 0.006523190206172563, 0.017476244325223163, 0.026668965913709028, 6.934144785689924e-05, 0.13138880793914987, 0.002114884643984207, 0.0030834536326394824, 0.03335434504876711, 0.0014939931791539789, 0.045224567067496654, 0.08596635671422005, 0.15948141288667683, 0.04244595986303425, 0.0001877124226694997, 0.005407888490294582, 0.0011113345431778589, 0.0028964502514318494, 0.026195902777601268, 0.0019359358092692971, 0.001156316585088966, 0.005466242510642497, 0.0011696710377548589, 0.0022344421708708415, 0.025029758778296995, 0.0960699253170105, 0.11644892027801927, 0.0022344421708708415, 0.08254168688760449, 0.001564467561066686, 0.004469552452063288, 0.004528991295546424, 0.049943092483862694, 0.0024479765006755194), (0, 0, 0, 0, 0, 0, 0, 0, 0, 0.006981663965470591, 0.00043648968715225174, 0.029108713090071167, 0.07767325654592765, 0.001231918311003291, 0.0009214584011009545, 0.086379156081871, 0.009756534087137225, 0.01841352965701827, 0.01667423493544029, 0.00013663754192747794, 0.1258707805558582, 0.006570967497522534, 0.026284415683249553, 0.03348087371897339, 0.002830694750015385, 0.0454498512923588, 0.06362643814839047, 0.001842090186059877, 0.001254883843183478, 0.0003410895898538083, 0.004418075114369348, 0.00043648968715225174, 0.06149937804507184, 0.0025332820642113077, 0, 0, 0, 0, 0, 0), (0.0061446088533262735, 0.0003843884653275346, 0.031069480068634414, 0.07850994353170956, 0.0013431113450645717, 0.0018496468978117624, 0.05207398638601675, 0.015085156698935967, 0.0013431113450645717, 0.036940224638936384, 0.002638017951649519, 0.11978983412227931, 0.0066132061053925245, 0.0207208396239082, 0.011720053679030874, 0.00566775380589651, 0.059046967456822835, 0.06548833004089114, 0.14347226067529725, 0.04432065423178154, 0.0025061505903558393, 0.00668451772448856, 0.0019359358092692971, 0.0029530155390121333, 0.01423921619075233, 0.002047704328999266, 0.000991090197521912, 0.00468046793367477, 0.002047704328999266, 0.02332864387831917, 0.03221357089614439, 0.08954421148063126, 0.1576028884409717, 0.00429810722857266, 0.06900910450166178, 0.00030058237746002827, 0.0043730621958221125, 0.015807917200052736, 0.059458789360000736, 0.0014939931791539789), (0.0024103133254441793, 0.0003410895898538083, 0.023689377108138773, 0.0487949406953985, 0.0016935314912301346, 0.004528991295546424, 0.05188296997024308, 0.0207208396239082, 1.1920176936120385e-05, 0.032905373814262645, 0, 0.12569292273081545, 0.026881818822810627, 0.02390990460502848, 0.008776636631269714, 0.00398359742589189, 0.06548833004089114, 0.0659011120811942, 0.12998037159153297, 0.04598230042807884, 0.04066211490300797, 0.0034161746392539355, 0.001175077712856798, 0.004469552452063288, 0.01756562514670936, 0.007012467814084267, 0.0002145058924891757, 0.005407888490294582, 0.0051517985292103, 0.019579702798573635, 0.019579702798573635, 0.08978205470143102, 0.1467931024360521, 5.962124644974575e-05, 0.06056140150705616, 0.005449938393478782, 0.012250374725405605, 0.011145923026709324, 0.03594207144943594, 0.0001472488432595325)]}}
AdaptationManager: Configuring next round...
{'client_registry': {'enabled': True, 'params': {}}, 'client_selector': {'enabled': True, 'params': {'selection_strategy': 'Resource-Based', 'selection_criteria': 'CPU', 'selection_value': 2}}, 'client_cluster': {'enabled': False, 'params': {}}, 'message_compressor': {'enabled': False, 'params': {}}, 'model_co-versioning_registry': {'enabled': False, 'params': {}}, 'multi-task_model_trainer': {'enabled': False, 'params': {}}, 'heterogeneous_data_handler': {'enabled': False, 'params': {}}}
{'client_selector': {'enabled': False}, 'client_cluster': {'enabled': False}, 'message_compressor': {'enabled': False}, 'model_co-versioning_registry': {'enabled': False}, 'multi-task_model_trainer': {'enabled': False}, 'heterogeneous_data_handler': {'enabled': False}, 'client_registry': {'enabled': True, 'params': {}}}
0.0-iid clients, predicted wo:1.5670 vs w:1.6671, client_selector de-activated ❌
Results Aggregated in 0.50 seconds.
{'prostate_logreg': {'train_loss': [0.5480570495128632, 0.572618377964888, 0.557822361867294, 0.561496479116695, 0.55150959361544, 0.5470850678051219, 0.5344342903301883, 0.5253177667360994, 0.5203037218528284, 0.518786369412055, 0.5121477403846478, 0.5138265062598096, 0.5098007643533181, 0.5056857992366359, 0.5133714027340502, 0.5008795349694548, 0.5015516980798119, 0.49973640646271394], 'train_accuracy': [0.8091603053435115, 0.7761194029850746, 0.7983367983367984, 0.7619718309859155, 0.7612419700214133, 0.7621107266435986, 0.7620764239365537, 0.7692786069651741, 0.7827510917030568, 0.7835351089588378, 0.783180026281209, 0.7754777070063694, 0.7810781078107811, 0.7837837837837838, 0.7679345209436688, 0.7788490509189515, 0.778247393632009, 0.7802547770700637], 'train_f1': [0.6778463478845158, 0.6749376355494372, 0.7327638945937921, 0.6810758418516205, 0.7022013803825076, 0.7100943606164347, 0.7133286197620795, 0.7206630475391974, 0.7408618462548519, 0.746014304542948, 0.7497220126759773, 0.7439976783351749, 0.7484060578423439, 0.7576359472476566, 0.7435131728117531, 0.7503802002526365, 0.7498830009068034, 0.7513911723165401], 'train_mae': [0.19083969465648856, 0.22388059701492538, 0.20166320166320167, 0.2380281690140845, 0.23875802997858672, 0.2378892733564014, 0.23792357606344627, 0.23072139303482586, 0.21724890829694324, 0.21646489104116223, 0.21681997371879105, 0.22452229299363058, 0.21892189218921893, 0.21621621621621623, 0.23206547905633124, 0.22115094908104851, 0.221752606367991, 0.2197452229299363], 'val_loss': [0.7244605690758783, 0.6807029152911491, 0.6494424598653027, 0.6249133905215574, 0.6040838759997342, 0.5882625761446114, 0.5760621187485974, 0.5673824276272081, 0.5603453540588608, 0.5543237799323452, 0.5490281646628441, 0.5444639289676173, 0.5405056293107063, 0.5370367270970575, 0.5337646512843297, 0.5315141101969498, 0.5293290638257381, 0.5274475124097616], 'val_accuracy': [0.5102931622543446, 0.5882687625701281, 0.6638688606773714, 0.7000661772050745, 0.7142438152079822, 0.721684121082726, 0.7297307316674081, 0.7368355474401044, 0.7408342430858806, 0.7441562344375182, 0.7466818420455852, 0.7488382007498757, 0.7502493452654958, 0.7507107173663023, 0.7509582321747474, 0.7497166005312205, 0.7494357115879211, 0.7487033868636219], 'val_f1': [0.4952015571651879, 0.5815557058791511, 0.6616092709955954, 0.6980559571808589, 0.7118467109207822, 0.7190027921861035, 0.7259252984375062, 0.7317147045749565, 0.7347096288105305, 0.7367145946164105, 0.7379784231817019, 0.738533991118019, 0.7384224670707797, 0.7371704622888959, 0.735914786814975, 0.7330911112131879, 0.7314189189446919, 0.7293173249610945], 'val_mae': [0.4897068377456553, 0.41173123742987194, 0.33613113932262867, 0.2999338227949256, 0.28575618479201786, 0.27831587891727405, 0.2702692683325919, 0.26316445255989557, 0.25916575691411936, 0.25584376556248173, 0.2533181579544148, 0.2511617992501242, 0.2497506547345042, 0.2492892826336975, 0.24904176782525259, 0.2502833994687796, 0.25056428841207895, 0.251296613136378], 'jsd': [(0, 0, 0, 0, 0, 0, 0, 0, 0, 0.0207208396239082, 0.31127812445913283, 0.31127812445913283, 0.31127812445913283, 0.11009182675183558, 0.31127812445913283, 0.31127812445913283, 0.31127812445913283, 0.0037024515418363386, 0.31127812445913283, 0.31127812445913283, 0.31127812445913283, 0.31127812445913283, 0.31127812445913283, 0.31127812445913283, 0.31127812445913283, 0.31127812445913283, 0.07310400793180982, 0.0037024515418363386, 0.31127812445913283, 0.31127812445913283, 0.0350583482647871, 0.31127812445913283, 0.31127812445913283, 0.31127812445913283, 0, 0, 0, 0, 0, 0), (0, 0, 0, 0, 0, 0, 0, 0, 0, 0.0207208396239082, 0.31127812445913283, 0.31127812445913283, 0.31127812445913283, 0.06548833004089114, 0.0014939931791539789, 0.31127812445913283, 0.07310400793180982, 0, 0.1711038312803313, 0.31127812445913283, 0, 0.007299156760473963, 0.009756534087137225, 0.31127812445913283, 0.31127812445913283, 0.31127812445913283, 0, 0.015085156698935967, 0.0207208396239082, 0.16395604408354778, 0.0350583482647871, 0.31127812445913283, 0.31127812445913283, 0.16395604408354778, 0, 0, 0, 0, 0, 0), (0.0207208396239082, 0.16395604408354778, 0.31127812445913283, 0.09922267539827352, 0.11009182675183558, 0.18850340411986471, 0.09328462323031235, 0.11009182675183558, 0.010396593705431272, 0.10481597017296576, 0.05400884513974839, 0.1711038312803313, 0.042041899344894246, 0.0004999522456092496, 0, 0.31127812445913283, 0.0207208396239082, 0.0008025382728216734, 0.31127812445913283, 0.07310400793180982, 0.31127812445913283, 0.31127812445913283, 0.00040919789219141973, 0.31127812445913283, 0.31127812445913283, 0.31127812445913283, 0, 0.31127812445913283, 0.11009182675183558, 0.31127812445913283, 0.07310400793180982, 0.31127812445913283, 0.0487949406953985, 0.06149937804507184, 0.31127812445913283, 0, 0.00040919789219141973, 0.09328462323031235, 0.31127812445913283, 0.09328462323031235), (0.09328462323031235, 0.31127812445913283, 0.2087803925185126, 0.009756534087137225, 0.11385563424028564, 0.013714477705244553, 0.08025594233229469, 0.07310400793180982, 0.03857581598654605, 0.13251817521576753, 0.05253690168806249, 0.19326958066820893, 0.0350583482647871, 0.00429810722857266, 0.005050449860393488, 0.0207208396239082, 0.0487949406953985, 0.07850994353170956, 0.31127812445913283, 0.07310400793180982, 0.007299156760473963, 0.0037024515418363386, 0.0002145058924891757, 0.31127812445913283, 0.31127812445913283, 0.11009182675183558, 0.12425601093475921, 0.31127812445913283, 0.17750440524619315, 0.07310400793180982, 0.07310400793180982, 0.31127812445913283, 0.31127812445913283, 0.05738732460549023, 0.011482406826014972, 0.001254883843183478, 0.0002145058924891757, 0.0487949406953985, 0.2227619806994962, 0.0487949406953985), (0.07310400793180982, 0.0018086520489059392, 0.2227619806994962, 0.00822299722902229, 0.07622434155290266, 0.015085156698935967, 0.07310400793180982, 0.05738732460549023, 0.01423921619075233, 0.06660561007005729, 0.0487949406953985, 0.11009182675183558, 0.04105726891831728, 0.004167970681504568, 0.004727398383200621, 0.011482406826014972, 0.0487949406953985, 0.07744908453819253, 0.07310400793180982, 0.011482406826014972, 0.31127812445913283, 0.010396593705431272, 0.07622434155290266, 0.31127812445913283, 0.31127812445913283, 0.0207208396239082, 0.0487949406953985, 0.0022344421708708415, 0.2087803925185126, 0.07310400793180982, 0.042041899344894246, 0.20534969973663775, 0.05738732460549023, 0.12425601093475921, 0.16395604408354778, 0.0207208396239082, 0.0005570970453080571, 0.07310400793180982, 0.004167970681504568, 0.0001877124226694997), (0.009036677434107646, 0.005050449860393488, 0.23305878051279882, 0.014691469621310085, 0.016941071056623243, 0.00822299722902229, 0.06859186091507882, 0.042041899344894246, 0.05655009359654585, 0.03889315594457522, 0.0463685414106319, 0.10206066129537185, 0.02359015854559616, 0.005865051239364611, 0.05171298000558475, 0.025509910978289904, 0.0487949406953985, 0.0454498512923588, 0.05738732460549023, 0.05400884513974839, 0.007299156760473963, 0.005407888490294582, 0.08111870596083268, 0.2292798117148899, 0.15591489886228305, 0.05253690168806249, 0.011482406826014972, 0.00028867375520897666, 0.03857581598654605, 0.05400884513974839, 0.05400884513974839, 0.2227619806994962, 0.03221357089614439, 0.01274900060462203, 0.002830694750015385, 0.028564156811275485, 0.0008790379110077892, 0.011482406826014972, 0.0207208396239082, 0.006523190206172563), (0.012033410127123681, 0.0037024515418363386, 0.24237412989240623, 0.01717496977609681, 0.016009512159686483, 0.0010689285835955437, 0.11385563424028564, 0.0022344421708708415, 0.07310400793180982, 0.04432065423178154, 0.04674406725931858, 0.09328462323031235, 0.0231107894081813, 0.0055031961632630196, 0.02276859998040022, 0.006019887358649001, 0.03857581598654605, 0.06149937804507184, 0.19094034698434098, 0.05738732460549023, 0.009756534087137225, 0.009036677434107646, 0.07529706740701966, 0.07622434155290266, 0.11009182675183558, 0.0487949406953985, 0.0037024515418363386, 0.009335040408067166, 0.0487949406953985, 0.027910215332363916, 0.0010689285835955437, 0.23646636812449032, 0.0350583482647871, 0.039737267151773975, 0.007299156760473963, 0.008003048984193635, 0.0017382218522886302, 0.0009214584011009545, 0.036145614849311655, 0.09587355378511578), (0.0061446088533262735, 0.002830694750015385, 0.24844401300050659, 0.04105726891831728, 0.014038937565777093, 0.0014939931791539789, 0.10372355040574062, 0.0037024515418363386, 0.07898885115561567, 0.0031619139529965624, 0.02711041372683346, 0.08697257500448134, 0.010396593705431272, 0.0010689285835955437, 0.050988453276391066, 0.007299156760473963, 0.039737267151773975, 0.12931448059938455, 0.20534969973663775, 0.06322393781435344, 0.0207208396239082, 0.0024479765006755194, 0.0019359358092692971, 0.02276859998040022, 0.12745428142147208, 0.029569159854620865, 0.0026078279567117203, 0.006523190206172563, 0.004816452941871073, 0.015588395748542892, 0.0001877124226694997, 0.24616505675524458, 0.027910215332363916, 0.05738732460549023, 0.03302877414247969, 0.0350583482647871, 0.0008589183281813573, 0.018135571823116266, 0.03600088831260688, 0.11009182675183558), (0.004867022157993568, 0.0022344421708708415, 0.06627146564409989, 0.04031575601199518, 0.007299156760473963, 0, 0.11603915012591684, 0.0003410895898538083, 0.07310400793180982, 0.005050449860393488, 0.02345316312919523, 0.10206066129537185, 0.00402636741089939, 0.0012978730164486581, 0.046891375075551814, 0.015085156698935967, 0.031173613118524304, 0.14070293888931446, 0.2149397901480957, 0.04066211490300797, 0.0207208396239082, 0.07529706740701966, 0.01258931793513713, 0.00566775380589651, 0.14431677453762248, 0.05528500114149415, 0.0002145058924891757, 0.012033410127123681, 0.030305144839322347, 0.0645025668287288, 0.00013175698573951195, 0.2149397901480957, 0.09328462323031235, 0.03857581598654605, 0.03857581598654605, 0.03328315226577441, 0.003476844487206702, 0.028564156811275485, 0.019295237025311954, 0.03328315226577441), (0.0023839413783587893, 0.005301974832984377, 0.06900910450166178, 0.05207398638601675, 0.004122113616565049, 0.0009214584011009545, 0.10749195315105531, 0.0010689285835955437, 0.07622434155290266, 0.0032712817850098566, 0.004122113616565049, 0.1317293194736727, 0.007867664894852307, 0.0006631052098621127, 0.039191434062495145, 0.0064060099920141, 0.03268932243084692, 0.13251817521576753, 0.17276905508286108, 0.0350583482647871, 0.0037024515418363386, 0.0693557217943376, 0.012465377054556089, 0, 0.13407247818586213, 0.045224567067496654, 0.00016564297461497002, 0.004651491303398973, 0.02711041372683346, 0.0066132061053925245, 0.0016400534037116603, 0.22392895962214418, 0.08697257500448134, 0.0487949406953985, 0.029348186031720347, 0.031896080966716533, 0.0027533280550219065, 0.025140556297286162, 0.05207398638601675, 0.006830658680456639), (0.0032712817850098566, 8.906807913130425e-05, 0.06056140150705616, 0.06859186091507882, 0.005572828884914387, 0.0023839413783587893, 0.11746492658590664, 0.0002145058924891757, 0.025317841727168493, 0.00030471608277718963, 0.004084476320002462, 0.14070293888931446, 0.03254945726919092, 0.0005570970453080571, 0.037285451679794746, 0.007299156760473963, 0.026881818822810627, 0.14175359252903857, 0.18327338220704156, 0.03302877414247969, 0.0030834536326394824, 0.0381873775199095, 0.013949306965373928, 4.2686232120132256e-05, 0.04466883597999073, 0.0381873775199095, 0.00013175698573951195, 0.008393992098530458, 0.027910215332363916, 0.00668451772448856, 8.16481194098554e-05, 0.20534969973663775, 0.10206066129537185, 0.045824702319694016, 0.04066211490300797, 0.041276480022850906, 0.007299156760473963, 0.0022344421708708415, 0.05026059016936166, 0.010149344670410294), (0.0016626576184457752, 0.0006767219177472479, 0.06149937804507184, 0.06502539038278278, 0.008723329471708632, 0.00036176918093652755, 0.09555361251896813, 0.0001877124226694997, 0.023795695918608258, 0.0010160633509259717, 0.006963639137030152, 0.15058560986911712, 0.007775948452200233, 0.002349447614504129, 0.04066211490300797, 0.004528991295546424, 0.0350583482647871, 0.1363471521273121, 0.192117954859703, 0.059458789360000736, 0, 0.00030471608277718963, 0.01286900199539727, 0.0027533280550219065, 0.04158298918581395, 0.0027533280550219065, 0.0037024515418363386, 0.0016935314912301346, 0.000139180153595651, 0.0052444768725088825, 0.019137358061481584, 0.21298180054572052, 0.1317293194736727, 0.03634284572901042, 0.05142357090980977, 0.015297775930101544, 0.006963639137030152, 0.0006767219177472479, 0.04746468216969184, 0), (0.0014191336441856193, 0.00057833776936193, 0.0487949406953985, 0.06679086162879758, 0.005269516232494085, 0, 0.0912236531918895, 0.0025061505903558393, 0.04657205098437532, 0.006963639137030152, 8.16481194098554e-05, 0.1399942004868045, 0.0014072060559221049, 0.0030350376967938353, 0.03889315594457522, 0.008814443970100422, 0.04302177187503205, 0.11824694297878971, 0.1986677451404082, 0.045224567067496654, 0.0002145058924891757, 0.00011273110195227781, 0.0029530155390121333, 0.002830694750015385, 0.031896080966716533, 0.004084476320002462, 0.0055031961632630196, 0.003924857504517369, 0.0002601690456248149, 0.010690457689199573, 0.017878853480057952, 0.1986677451404082, 0.10558848801112901, 0.0016400534037116603, 0.05118638317292991, 0.015678504950564255, 0.00402636741089939, 6.420633961127121e-05, 0.05129937439493795, 0), (0.004816452941871073, 5.551033283418159e-05, 0.031173613118524304, 0.06390744704610728, 0.0006246337730938037, 0.0004746229241440903, 0.10112402163718603, 0.006523190206172563, 0.017476244325223163, 0.026668965913709028, 6.934144785689924e-05, 0.13138880793914987, 0.002114884643984207, 0.0030834536326394824, 0.03335434504876711, 0.0014939931791539789, 0.045224567067496654, 0.08596635671422005, 0.15948141288667683, 0.04244595986303425, 0.0001877124226694997, 0.005407888490294582, 0.0011113345431778589, 0.0028964502514318494, 0.026195902777601268, 0.0019359358092692971, 0.001156316585088966, 0.005466242510642497, 0.0011696710377548589, 0.0022344421708708415, 0.025029758778296995, 0.0960699253170105, 0.11644892027801927, 0.0022344421708708415, 0.08254168688760449, 0.001564467561066686, 0.004469552452063288, 0.004528991295546424, 0.049943092483862694, 0.0024479765006755194), (0, 0, 0, 0, 0, 0, 0, 0, 0, 0.006981663965470591, 0.00043648968715225174, 0.029108713090071167, 0.07767325654592765, 0.001231918311003291, 0.0009214584011009545, 0.086379156081871, 0.009756534087137225, 0.01841352965701827, 0.01667423493544029, 0.00013663754192747794, 0.1258707805558582, 0.006570967497522534, 0.026284415683249553, 0.03348087371897339, 0.002830694750015385, 0.0454498512923588, 0.06362643814839047, 0.001842090186059877, 0.001254883843183478, 0.0003410895898538083, 0.004418075114369348, 0.00043648968715225174, 0.06149937804507184, 0.0025332820642113077, 0, 0, 0, 0, 0, 0), (0.0061446088533262735, 0.0003843884653275346, 0.031069480068634414, 0.07850994353170956, 0.0013431113450645717, 0.0018496468978117624, 0.05207398638601675, 0.015085156698935967, 0.0013431113450645717, 0.036940224638936384, 0.002638017951649519, 0.11978983412227931, 0.0066132061053925245, 0.0207208396239082, 0.011720053679030874, 0.00566775380589651, 0.059046967456822835, 0.06548833004089114, 0.14347226067529725, 0.04432065423178154, 0.0025061505903558393, 0.00668451772448856, 0.0019359358092692971, 0.0029530155390121333, 0.01423921619075233, 0.002047704328999266, 0.000991090197521912, 0.00468046793367477, 0.002047704328999266, 0.02332864387831917, 0.03221357089614439, 0.08954421148063126, 0.1576028884409717, 0.00429810722857266, 0.06900910450166178, 0.00030058237746002827, 0.0043730621958221125, 0.015807917200052736, 0.059458789360000736, 0.0014939931791539789), (0.0024103133254441793, 0.0003410895898538083, 0.023689377108138773, 0.0487949406953985, 0.0016935314912301346, 0.004528991295546424, 0.05188296997024308, 0.0207208396239082, 1.1920176936120385e-05, 0.032905373814262645, 0, 0.12569292273081545, 0.026881818822810627, 0.02390990460502848, 0.008776636631269714, 0.00398359742589189, 0.06548833004089114, 0.0659011120811942, 0.12998037159153297, 0.04598230042807884, 0.04066211490300797, 0.0034161746392539355, 0.001175077712856798, 0.004469552452063288, 0.01756562514670936, 0.007012467814084267, 0.0002145058924891757, 0.005407888490294582, 0.0051517985292103, 0.019579702798573635, 0.019579702798573635, 0.08978205470143102, 0.1467931024360521, 5.962124644974575e-05, 0.06056140150705616, 0.005449938393478782, 0.012250374725405605, 0.011145923026709324, 0.03594207144943594, 0.0001472488432595325), (0.0021536469055539187, 0.00030471608277718963, 0.019828895863554644, 0.026158822648714775, 0.0017810649560001043, 0.004651491303398973, 0.035731909727539896, 0.038306964242260544, 4.2686232120132256e-05, 0.02771571646511272, 9.459123842968289e-05, 0.13251817521576753, 0.04768711957621925, 0.02374160222806597, 0.009286313085199546, 5.551033283418159e-05, 0.05787750669366977, 0.06627146564409989, 0.12014194453029564, 0.0487949406953985, 0.046124019755780676, 0.002575892402631539, 0.0005153473271587838, 0.0034342074633079457, 0.017781579993975817, 0.014943654038945847, 4.543969107057358e-05, 0.02359015854559616, 0.005050449860393488, 0.02182217829776721, 0.01861196103748468, 0.09110110199096993, 0.13948382834327933, 0, 0.0678825091164161, 0.0038391590512110163, 0.007757463007627356, 0.005772727484600407, 0.0350583482647871, 0.004259204687851684)]}}
AdaptationManager: Configuring next round...
{'client_registry': {'enabled': True, 'params': {}}, 'client_selector': {'enabled': True, 'params': {'selection_strategy': 'Resource-Based', 'selection_criteria': 'CPU', 'selection_value': 2}}, 'client_cluster': {'enabled': False, 'params': {}}, 'message_compressor': {'enabled': False, 'params': {}}, 'model_co-versioning_registry': {'enabled': False, 'params': {}}, 'multi-task_model_trainer': {'enabled': False, 'params': {}}, 'heterogeneous_data_handler': {'enabled': False, 'params': {}}}
{'client_selector': {'enabled': False}, 'client_cluster': {'enabled': False}, 'message_compressor': {'enabled': False}, 'model_co-versioning_registry': {'enabled': False}, 'multi-task_model_trainer': {'enabled': False}, 'heterogeneous_data_handler': {'enabled': False}, 'client_registry': {'enabled': True, 'params': {}}}
0.0-iid clients, predicted wo:1.5679 vs w:1.6635, client_selector de-activated ❌
Results Aggregated in 0.46 seconds.
{'prostate_logreg': {'train_loss': [0.5480570495128632, 0.572618377964888, 0.557822361867294, 0.561496479116695, 0.55150959361544, 0.5470850678051219, 0.5344342903301883, 0.5253177667360994, 0.5203037218528284, 0.518786369412055, 0.5121477403846478, 0.5138265062598096, 0.5098007643533181, 0.5056857992366359, 0.5133714027340502, 0.5008795349694548, 0.5015516980798119, 0.49973640646271394, 0.49910640822616137], 'train_accuracy': [0.8091603053435115, 0.7761194029850746, 0.7983367983367984, 0.7619718309859155, 0.7612419700214133, 0.7621107266435986, 0.7620764239365537, 0.7692786069651741, 0.7827510917030568, 0.7835351089588378, 0.783180026281209, 0.7754777070063694, 0.7810781078107811, 0.7837837837837838, 0.7679345209436688, 0.7788490509189515, 0.778247393632009, 0.7802547770700637, 0.7807017543859649], 'train_f1': [0.6778463478845158, 0.6749376355494372, 0.7327638945937921, 0.6810758418516205, 0.7022013803825076, 0.7100943606164347, 0.7133286197620795, 0.7206630475391974, 0.7408618462548519, 0.746014304542948, 0.7497220126759773, 0.7439976783351749, 0.7484060578423439, 0.7576359472476566, 0.7435131728117531, 0.7503802002526365, 0.7498830009068034, 0.7513911723165401, 0.7557651589033998], 'train_mae': [0.19083969465648856, 0.22388059701492538, 0.20166320166320167, 0.2380281690140845, 0.23875802997858672, 0.2378892733564014, 0.23792357606344627, 0.23072139303482586, 0.21724890829694324, 0.21646489104116223, 0.21681997371879105, 0.22452229299363058, 0.21892189218921893, 0.21621621621621623, 0.23206547905633124, 0.22115094908104851, 0.221752606367991, 0.2197452229299363, 0.21929824561403508], 'val_loss': [0.7244605690758783, 0.6807029152911491, 0.6494424598653027, 0.6249133905215574, 0.6040838759997342, 0.5882625761446114, 0.5760621187485974, 0.5673824276272081, 0.5603453540588608, 0.5543237799323452, 0.5490281646628441, 0.5444639289676173, 0.5405056293107063, 0.5370367270970575, 0.5337646512843297, 0.5315141101969498, 0.5293290638257381, 0.5274475124097616, 0.5259214350880098], 'val_accuracy': [0.5102931622543446, 0.5882687625701281, 0.6638688606773714, 0.7000661772050745, 0.7142438152079822, 0.721684121082726, 0.7297307316674081, 0.7368355474401044, 0.7408342430858806, 0.7441562344375182, 0.7466818420455852, 0.7488382007498757, 0.7502493452654958, 0.7507107173663023, 0.7509582321747474, 0.7497166005312205, 0.7494357115879211, 0.7487033868636219, 0.7484638013473399], 'val_f1': [0.4952015571651879, 0.5815557058791511, 0.6616092709955954, 0.6980559571808589, 0.7118467109207822, 0.7190027921861035, 0.7259252984375062, 0.7317147045749565, 0.7347096288105305, 0.7367145946164105, 0.7379784231817019, 0.738533991118019, 0.7384224670707797, 0.7371704622888959, 0.735914786814975, 0.7330911112131879, 0.7314189189446919, 0.7293173249610945, 0.7282988147518532], 'val_mae': [0.4897068377456553, 0.41173123742987194, 0.33613113932262867, 0.2999338227949256, 0.28575618479201786, 0.27831587891727405, 0.2702692683325919, 0.26316445255989557, 0.25916575691411936, 0.25584376556248173, 0.2533181579544148, 0.2511617992501242, 0.2497506547345042, 0.2492892826336975, 0.24904176782525259, 0.2502833994687796, 0.25056428841207895, 0.251296613136378, 0.25153619865266], 'jsd': [(0, 0, 0, 0, 0, 0, 0, 0, 0, 0.0207208396239082, 0.31127812445913283, 0.31127812445913283, 0.31127812445913283, 0.11009182675183558, 0.31127812445913283, 0.31127812445913283, 0.31127812445913283, 0.0037024515418363386, 0.31127812445913283, 0.31127812445913283, 0.31127812445913283, 0.31127812445913283, 0.31127812445913283, 0.31127812445913283, 0.31127812445913283, 0.31127812445913283, 0.07310400793180982, 0.0037024515418363386, 0.31127812445913283, 0.31127812445913283, 0.0350583482647871, 0.31127812445913283, 0.31127812445913283, 0.31127812445913283, 0, 0, 0, 0, 0, 0), (0, 0, 0, 0, 0, 0, 0, 0, 0, 0.0207208396239082, 0.31127812445913283, 0.31127812445913283, 0.31127812445913283, 0.06548833004089114, 0.0014939931791539789, 0.31127812445913283, 0.07310400793180982, 0, 0.1711038312803313, 0.31127812445913283, 0, 0.007299156760473963, 0.009756534087137225, 0.31127812445913283, 0.31127812445913283, 0.31127812445913283, 0, 0.015085156698935967, 0.0207208396239082, 0.16395604408354778, 0.0350583482647871, 0.31127812445913283, 0.31127812445913283, 0.16395604408354778, 0, 0, 0, 0, 0, 0), (0.0207208396239082, 0.16395604408354778, 0.31127812445913283, 0.09922267539827352, 0.11009182675183558, 0.18850340411986471, 0.09328462323031235, 0.11009182675183558, 0.010396593705431272, 0.10481597017296576, 0.05400884513974839, 0.1711038312803313, 0.042041899344894246, 0.0004999522456092496, 0, 0.31127812445913283, 0.0207208396239082, 0.0008025382728216734, 0.31127812445913283, 0.07310400793180982, 0.31127812445913283, 0.31127812445913283, 0.00040919789219141973, 0.31127812445913283, 0.31127812445913283, 0.31127812445913283, 0, 0.31127812445913283, 0.11009182675183558, 0.31127812445913283, 0.07310400793180982, 0.31127812445913283, 0.0487949406953985, 0.06149937804507184, 0.31127812445913283, 0, 0.00040919789219141973, 0.09328462323031235, 0.31127812445913283, 0.09328462323031235), (0.09328462323031235, 0.31127812445913283, 0.2087803925185126, 0.009756534087137225, 0.11385563424028564, 0.013714477705244553, 0.08025594233229469, 0.07310400793180982, 0.03857581598654605, 0.13251817521576753, 0.05253690168806249, 0.19326958066820893, 0.0350583482647871, 0.00429810722857266, 0.005050449860393488, 0.0207208396239082, 0.0487949406953985, 0.07850994353170956, 0.31127812445913283, 0.07310400793180982, 0.007299156760473963, 0.0037024515418363386, 0.0002145058924891757, 0.31127812445913283, 0.31127812445913283, 0.11009182675183558, 0.12425601093475921, 0.31127812445913283, 0.17750440524619315, 0.07310400793180982, 0.07310400793180982, 0.31127812445913283, 0.31127812445913283, 0.05738732460549023, 0.011482406826014972, 0.001254883843183478, 0.0002145058924891757, 0.0487949406953985, 0.2227619806994962, 0.0487949406953985), (0.07310400793180982, 0.0018086520489059392, 0.2227619806994962, 0.00822299722902229, 0.07622434155290266, 0.015085156698935967, 0.07310400793180982, 0.05738732460549023, 0.01423921619075233, 0.06660561007005729, 0.0487949406953985, 0.11009182675183558, 0.04105726891831728, 0.004167970681504568, 0.004727398383200621, 0.011482406826014972, 0.0487949406953985, 0.07744908453819253, 0.07310400793180982, 0.011482406826014972, 0.31127812445913283, 0.010396593705431272, 0.07622434155290266, 0.31127812445913283, 0.31127812445913283, 0.0207208396239082, 0.0487949406953985, 0.0022344421708708415, 0.2087803925185126, 0.07310400793180982, 0.042041899344894246, 0.20534969973663775, 0.05738732460549023, 0.12425601093475921, 0.16395604408354778, 0.0207208396239082, 0.0005570970453080571, 0.07310400793180982, 0.004167970681504568, 0.0001877124226694997), (0.009036677434107646, 0.005050449860393488, 0.23305878051279882, 0.014691469621310085, 0.016941071056623243, 0.00822299722902229, 0.06859186091507882, 0.042041899344894246, 0.05655009359654585, 0.03889315594457522, 0.0463685414106319, 0.10206066129537185, 0.02359015854559616, 0.005865051239364611, 0.05171298000558475, 0.025509910978289904, 0.0487949406953985, 0.0454498512923588, 0.05738732460549023, 0.05400884513974839, 0.007299156760473963, 0.005407888490294582, 0.08111870596083268, 0.2292798117148899, 0.15591489886228305, 0.05253690168806249, 0.011482406826014972, 0.00028867375520897666, 0.03857581598654605, 0.05400884513974839, 0.05400884513974839, 0.2227619806994962, 0.03221357089614439, 0.01274900060462203, 0.002830694750015385, 0.028564156811275485, 0.0008790379110077892, 0.011482406826014972, 0.0207208396239082, 0.006523190206172563), (0.012033410127123681, 0.0037024515418363386, 0.24237412989240623, 0.01717496977609681, 0.016009512159686483, 0.0010689285835955437, 0.11385563424028564, 0.0022344421708708415, 0.07310400793180982, 0.04432065423178154, 0.04674406725931858, 0.09328462323031235, 0.0231107894081813, 0.0055031961632630196, 0.02276859998040022, 0.006019887358649001, 0.03857581598654605, 0.06149937804507184, 0.19094034698434098, 0.05738732460549023, 0.009756534087137225, 0.009036677434107646, 0.07529706740701966, 0.07622434155290266, 0.11009182675183558, 0.0487949406953985, 0.0037024515418363386, 0.009335040408067166, 0.0487949406953985, 0.027910215332363916, 0.0010689285835955437, 0.23646636812449032, 0.0350583482647871, 0.039737267151773975, 0.007299156760473963, 0.008003048984193635, 0.0017382218522886302, 0.0009214584011009545, 0.036145614849311655, 0.09587355378511578), (0.0061446088533262735, 0.002830694750015385, 0.24844401300050659, 0.04105726891831728, 0.014038937565777093, 0.0014939931791539789, 0.10372355040574062, 0.0037024515418363386, 0.07898885115561567, 0.0031619139529965624, 0.02711041372683346, 0.08697257500448134, 0.010396593705431272, 0.0010689285835955437, 0.050988453276391066, 0.007299156760473963, 0.039737267151773975, 0.12931448059938455, 0.20534969973663775, 0.06322393781435344, 0.0207208396239082, 0.0024479765006755194, 0.0019359358092692971, 0.02276859998040022, 0.12745428142147208, 0.029569159854620865, 0.0026078279567117203, 0.006523190206172563, 0.004816452941871073, 0.015588395748542892, 0.0001877124226694997, 0.24616505675524458, 0.027910215332363916, 0.05738732460549023, 0.03302877414247969, 0.0350583482647871, 0.0008589183281813573, 0.018135571823116266, 0.03600088831260688, 0.11009182675183558), (0.004867022157993568, 0.0022344421708708415, 0.06627146564409989, 0.04031575601199518, 0.007299156760473963, 0, 0.11603915012591684, 0.0003410895898538083, 0.07310400793180982, 0.005050449860393488, 0.02345316312919523, 0.10206066129537185, 0.00402636741089939, 0.0012978730164486581, 0.046891375075551814, 0.015085156698935967, 0.031173613118524304, 0.14070293888931446, 0.2149397901480957, 0.04066211490300797, 0.0207208396239082, 0.07529706740701966, 0.01258931793513713, 0.00566775380589651, 0.14431677453762248, 0.05528500114149415, 0.0002145058924891757, 0.012033410127123681, 0.030305144839322347, 0.0645025668287288, 0.00013175698573951195, 0.2149397901480957, 0.09328462323031235, 0.03857581598654605, 0.03857581598654605, 0.03328315226577441, 0.003476844487206702, 0.028564156811275485, 0.019295237025311954, 0.03328315226577441), (0.0023839413783587893, 0.005301974832984377, 0.06900910450166178, 0.05207398638601675, 0.004122113616565049, 0.0009214584011009545, 0.10749195315105531, 0.0010689285835955437, 0.07622434155290266, 0.0032712817850098566, 0.004122113616565049, 0.1317293194736727, 0.007867664894852307, 0.0006631052098621127, 0.039191434062495145, 0.0064060099920141, 0.03268932243084692, 0.13251817521576753, 0.17276905508286108, 0.0350583482647871, 0.0037024515418363386, 0.0693557217943376, 0.012465377054556089, 0, 0.13407247818586213, 0.045224567067496654, 0.00016564297461497002, 0.004651491303398973, 0.02711041372683346, 0.0066132061053925245, 0.0016400534037116603, 0.22392895962214418, 0.08697257500448134, 0.0487949406953985, 0.029348186031720347, 0.031896080966716533, 0.0027533280550219065, 0.025140556297286162, 0.05207398638601675, 0.006830658680456639), (0.0032712817850098566, 8.906807913130425e-05, 0.06056140150705616, 0.06859186091507882, 0.005572828884914387, 0.0023839413783587893, 0.11746492658590664, 0.0002145058924891757, 0.025317841727168493, 0.00030471608277718963, 0.004084476320002462, 0.14070293888931446, 0.03254945726919092, 0.0005570970453080571, 0.037285451679794746, 0.007299156760473963, 0.026881818822810627, 0.14175359252903857, 0.18327338220704156, 0.03302877414247969, 0.0030834536326394824, 0.0381873775199095, 0.013949306965373928, 4.2686232120132256e-05, 0.04466883597999073, 0.0381873775199095, 0.00013175698573951195, 0.008393992098530458, 0.027910215332363916, 0.00668451772448856, 8.16481194098554e-05, 0.20534969973663775, 0.10206066129537185, 0.045824702319694016, 0.04066211490300797, 0.041276480022850906, 0.007299156760473963, 0.0022344421708708415, 0.05026059016936166, 0.010149344670410294), (0.0016626576184457752, 0.0006767219177472479, 0.06149937804507184, 0.06502539038278278, 0.008723329471708632, 0.00036176918093652755, 0.09555361251896813, 0.0001877124226694997, 0.023795695918608258, 0.0010160633509259717, 0.006963639137030152, 0.15058560986911712, 0.007775948452200233, 0.002349447614504129, 0.04066211490300797, 0.004528991295546424, 0.0350583482647871, 0.1363471521273121, 0.192117954859703, 0.059458789360000736, 0, 0.00030471608277718963, 0.01286900199539727, 0.0027533280550219065, 0.04158298918581395, 0.0027533280550219065, 0.0037024515418363386, 0.0016935314912301346, 0.000139180153595651, 0.0052444768725088825, 0.019137358061481584, 0.21298180054572052, 0.1317293194736727, 0.03634284572901042, 0.05142357090980977, 0.015297775930101544, 0.006963639137030152, 0.0006767219177472479, 0.04746468216969184, 0), (0.0014191336441856193, 0.00057833776936193, 0.0487949406953985, 0.06679086162879758, 0.005269516232494085, 0, 0.0912236531918895, 0.0025061505903558393, 0.04657205098437532, 0.006963639137030152, 8.16481194098554e-05, 0.1399942004868045, 0.0014072060559221049, 0.0030350376967938353, 0.03889315594457522, 0.008814443970100422, 0.04302177187503205, 0.11824694297878971, 0.1986677451404082, 0.045224567067496654, 0.0002145058924891757, 0.00011273110195227781, 0.0029530155390121333, 0.002830694750015385, 0.031896080966716533, 0.004084476320002462, 0.0055031961632630196, 0.003924857504517369, 0.0002601690456248149, 0.010690457689199573, 0.017878853480057952, 0.1986677451404082, 0.10558848801112901, 0.0016400534037116603, 0.05118638317292991, 0.015678504950564255, 0.00402636741089939, 6.420633961127121e-05, 0.05129937439493795, 0), (0.004816452941871073, 5.551033283418159e-05, 0.031173613118524304, 0.06390744704610728, 0.0006246337730938037, 0.0004746229241440903, 0.10112402163718603, 0.006523190206172563, 0.017476244325223163, 0.026668965913709028, 6.934144785689924e-05, 0.13138880793914987, 0.002114884643984207, 0.0030834536326394824, 0.03335434504876711, 0.0014939931791539789, 0.045224567067496654, 0.08596635671422005, 0.15948141288667683, 0.04244595986303425, 0.0001877124226694997, 0.005407888490294582, 0.0011113345431778589, 0.0028964502514318494, 0.026195902777601268, 0.0019359358092692971, 0.001156316585088966, 0.005466242510642497, 0.0011696710377548589, 0.0022344421708708415, 0.025029758778296995, 0.0960699253170105, 0.11644892027801927, 0.0022344421708708415, 0.08254168688760449, 0.001564467561066686, 0.004469552452063288, 0.004528991295546424, 0.049943092483862694, 0.0024479765006755194), (0, 0, 0, 0, 0, 0, 0, 0, 0, 0.006981663965470591, 0.00043648968715225174, 0.029108713090071167, 0.07767325654592765, 0.001231918311003291, 0.0009214584011009545, 0.086379156081871, 0.009756534087137225, 0.01841352965701827, 0.01667423493544029, 0.00013663754192747794, 0.1258707805558582, 0.006570967497522534, 0.026284415683249553, 0.03348087371897339, 0.002830694750015385, 0.0454498512923588, 0.06362643814839047, 0.001842090186059877, 0.001254883843183478, 0.0003410895898538083, 0.004418075114369348, 0.00043648968715225174, 0.06149937804507184, 0.0025332820642113077, 0, 0, 0, 0, 0, 0), (0.0061446088533262735, 0.0003843884653275346, 0.031069480068634414, 0.07850994353170956, 0.0013431113450645717, 0.0018496468978117624, 0.05207398638601675, 0.015085156698935967, 0.0013431113450645717, 0.036940224638936384, 0.002638017951649519, 0.11978983412227931, 0.0066132061053925245, 0.0207208396239082, 0.011720053679030874, 0.00566775380589651, 0.059046967456822835, 0.06548833004089114, 0.14347226067529725, 0.04432065423178154, 0.0025061505903558393, 0.00668451772448856, 0.0019359358092692971, 0.0029530155390121333, 0.01423921619075233, 0.002047704328999266, 0.000991090197521912, 0.00468046793367477, 0.002047704328999266, 0.02332864387831917, 0.03221357089614439, 0.08954421148063126, 0.1576028884409717, 0.00429810722857266, 0.06900910450166178, 0.00030058237746002827, 0.0043730621958221125, 0.015807917200052736, 0.059458789360000736, 0.0014939931791539789), (0.0024103133254441793, 0.0003410895898538083, 0.023689377108138773, 0.0487949406953985, 0.0016935314912301346, 0.004528991295546424, 0.05188296997024308, 0.0207208396239082, 1.1920176936120385e-05, 0.032905373814262645, 0, 0.12569292273081545, 0.026881818822810627, 0.02390990460502848, 0.008776636631269714, 0.00398359742589189, 0.06548833004089114, 0.0659011120811942, 0.12998037159153297, 0.04598230042807884, 0.04066211490300797, 0.0034161746392539355, 0.001175077712856798, 0.004469552452063288, 0.01756562514670936, 0.007012467814084267, 0.0002145058924891757, 0.005407888490294582, 0.0051517985292103, 0.019579702798573635, 0.019579702798573635, 0.08978205470143102, 0.1467931024360521, 5.962124644974575e-05, 0.06056140150705616, 0.005449938393478782, 0.012250374725405605, 0.011145923026709324, 0.03594207144943594, 0.0001472488432595325), (0.0021536469055539187, 0.00030471608277718963, 0.019828895863554644, 0.026158822648714775, 0.0017810649560001043, 0.004651491303398973, 0.035731909727539896, 0.038306964242260544, 4.2686232120132256e-05, 0.02771571646511272, 9.459123842968289e-05, 0.13251817521576753, 0.04768711957621925, 0.02374160222806597, 0.009286313085199546, 5.551033283418159e-05, 0.05787750669366977, 0.06627146564409989, 0.12014194453029564, 0.0487949406953985, 0.046124019755780676, 0.002575892402631539, 0.0005153473271587838, 0.0034342074633079457, 0.017781579993975817, 0.014943654038945847, 4.543969107057358e-05, 0.02359015854559616, 0.005050449860393488, 0.02182217829776721, 0.01861196103748468, 0.09110110199096993, 0.13948382834327933, 0, 0.0678825091164161, 0.0038391590512110163, 0.007757463007627356, 0.005772727484600407, 0.0350583482647871, 0.004259204687851684), (0.003450103791230119, 0.00027386591062890375, 0.02721364024929683, 0.02211820804591469, 0.0013666233335663074, 0.0016091745892488386, 0.05156072627142655, 0.037074143225021866, 0.00162807250524959, 0.021402215358093966, 0.0013666233335663074, 0.12682457462158847, 0.03358991252393699, 0.02211820804591469, 0.002978431370333271, 0.0008025382728216734, 0.05738732460549023, 0.039737267151773975, 0.09854252426996774, 0.045142576345953075, 0.05400884513974839, 0.0019359358092692971, 0.0009484022136292663, 0.003450103791230119, 0.0005696980224703958, 0.005407888490294582, 4.017567351531203e-05, 0.00589893710198118, 0.003450103791230119, 0.0207208396239082, 0.0207208396239082, 0.08628515118522849, 0.13202606699828556, 0.00043648968715225174, 0.06660561007005729, 0.0013431113450645717, 0.003811217176241166, 0.0007613386703558822, 0.029801678237736863, 0.004792774479612703)]}}
AdaptationManager: Configuring next round...
{'client_registry': {'enabled': True, 'params': {}}, 'client_selector': {'enabled': True, 'params': {'selection_strategy': 'Resource-Based', 'selection_criteria': 'CPU', 'selection_value': 2}}, 'client_cluster': {'enabled': False, 'params': {}}, 'message_compressor': {'enabled': False, 'params': {}}, 'model_co-versioning_registry': {'enabled': False, 'params': {}}, 'multi-task_model_trainer': {'enabled': False, 'params': {}}, 'heterogeneous_data_handler': {'enabled': False, 'params': {}}}
{'client_selector': {'enabled': False}, 'client_cluster': {'enabled': False}, 'message_compressor': {'enabled': False}, 'model_co-versioning_registry': {'enabled': False}, 'multi-task_model_trainer': {'enabled': False}, 'heterogeneous_data_handler': {'enabled': False}, 'client_registry': {'enabled': True, 'params': {}}}
0.0-iid clients, predicted wo:1.5722 vs w:1.6723, client_selector de-activated ❌
Results Aggregated in 0.41 seconds.
{'prostate_logreg': {'train_loss': [0.5480570495128632, 0.572618377964888, 0.557822361867294, 0.561496479116695, 0.55150959361544, 0.5470850678051219, 0.5344342903301883, 0.5253177667360994, 0.5203037218528284, 0.518786369412055, 0.5121477403846478, 0.5138265062598096, 0.5098007643533181, 0.5056857992366359, 0.5133714027340502, 0.5008795349694548, 0.5015516980798119, 0.49973640646271394, 0.49910640822616137, 0.499359537235479], 'train_accuracy': [0.8091603053435115, 0.7761194029850746, 0.7983367983367984, 0.7619718309859155, 0.7612419700214133, 0.7621107266435986, 0.7620764239365537, 0.7692786069651741, 0.7827510917030568, 0.7835351089588378, 0.783180026281209, 0.7754777070063694, 0.7810781078107811, 0.7837837837837838, 0.7679345209436688, 0.7788490509189515, 0.778247393632009, 0.7802547770700637, 0.7807017543859649, 0.7755728797543113], 'train_f1': [0.6778463478845158, 0.6749376355494372, 0.7327638945937921, 0.6810758418516205, 0.7022013803825076, 0.7100943606164347, 0.7133286197620795, 0.7206630475391974, 0.7408618462548519, 0.746014304542948, 0.7497220126759773, 0.7439976783351749, 0.7484060578423439, 0.7576359472476566, 0.7435131728117531, 0.7503802002526365, 0.7498830009068034, 0.7513911723165401, 0.7557651589033998, 0.7535147447038585], 'train_mae': [0.19083969465648856, 0.22388059701492538, 0.20166320166320167, 0.2380281690140845, 0.23875802997858672, 0.2378892733564014, 0.23792357606344627, 0.23072139303482586, 0.21724890829694324, 0.21646489104116223, 0.21681997371879105, 0.22452229299363058, 0.21892189218921893, 0.21621621621621623, 0.23206547905633124, 0.22115094908104851, 0.221752606367991, 0.2197452229299363, 0.21929824561403508, 0.22442712024568864], 'val_loss': [0.7244605690758783, 0.6807029152911491, 0.6494424598653027, 0.6249133905215574, 0.6040838759997342, 0.5882625761446114, 0.5760621187485974, 0.5673824276272081, 0.5603453540588608, 0.5543237799323452, 0.5490281646628441, 0.5444639289676173, 0.5405056293107063, 0.5370367270970575, 0.5337646512843297, 0.5315141101969498, 0.5293290638257381, 0.5274475124097616, 0.5259214350880098, 0.5246022751393793], 'val_accuracy': [0.5102931622543446, 0.5882687625701281, 0.6638688606773714, 0.7000661772050745, 0.7142438152079822, 0.721684121082726, 0.7297307316674081, 0.7368355474401044, 0.7408342430858806, 0.7441562344375182, 0.7466818420455852, 0.7488382007498757, 0.7502493452654958, 0.7507107173663023, 0.7509582321747474, 0.7497166005312205, 0.7494357115879211, 0.7487033868636219, 0.7484638013473399, 0.7483465359142033], 'val_f1': [0.4952015571651879, 0.5815557058791511, 0.6616092709955954, 0.6980559571808589, 0.7118467109207822, 0.7190027921861035, 0.7259252984375062, 0.7317147045749565, 0.7347096288105305, 0.7367145946164105, 0.7379784231817019, 0.738533991118019, 0.7384224670707797, 0.7371704622888959, 0.735914786814975, 0.7330911112131879, 0.7314189189446919, 0.7293173249610945, 0.7282988147518532, 0.7277010652399742], 'val_mae': [0.4897068377456553, 0.41173123742987194, 0.33613113932262867, 0.2999338227949256, 0.28575618479201786, 0.27831587891727405, 0.2702692683325919, 0.26316445255989557, 0.25916575691411936, 0.25584376556248173, 0.2533181579544148, 0.2511617992501242, 0.2497506547345042, 0.2492892826336975, 0.24904176782525259, 0.2502833994687796, 0.25056428841207895, 0.251296613136378, 0.25153619865266, 0.2516534640857967], 'jsd': [(0, 0, 0, 0, 0, 0, 0, 0, 0, 0.0207208396239082, 0.31127812445913283, 0.31127812445913283, 0.31127812445913283, 0.11009182675183558, 0.31127812445913283, 0.31127812445913283, 0.31127812445913283, 0.0037024515418363386, 0.31127812445913283, 0.31127812445913283, 0.31127812445913283, 0.31127812445913283, 0.31127812445913283, 0.31127812445913283, 0.31127812445913283, 0.31127812445913283, 0.07310400793180982, 0.0037024515418363386, 0.31127812445913283, 0.31127812445913283, 0.0350583482647871, 0.31127812445913283, 0.31127812445913283, 0.31127812445913283, 0, 0, 0, 0, 0, 0), (0, 0, 0, 0, 0, 0, 0, 0, 0, 0.0207208396239082, 0.31127812445913283, 0.31127812445913283, 0.31127812445913283, 0.06548833004089114, 0.0014939931791539789, 0.31127812445913283, 0.07310400793180982, 0, 0.1711038312803313, 0.31127812445913283, 0, 0.007299156760473963, 0.009756534087137225, 0.31127812445913283, 0.31127812445913283, 0.31127812445913283, 0, 0.015085156698935967, 0.0207208396239082, 0.16395604408354778, 0.0350583482647871, 0.31127812445913283, 0.31127812445913283, 0.16395604408354778, 0, 0, 0, 0, 0, 0), (0.0207208396239082, 0.16395604408354778, 0.31127812445913283, 0.09922267539827352, 0.11009182675183558, 0.18850340411986471, 0.09328462323031235, 0.11009182675183558, 0.010396593705431272, 0.10481597017296576, 0.05400884513974839, 0.1711038312803313, 0.042041899344894246, 0.0004999522456092496, 0, 0.31127812445913283, 0.0207208396239082, 0.0008025382728216734, 0.31127812445913283, 0.07310400793180982, 0.31127812445913283, 0.31127812445913283, 0.00040919789219141973, 0.31127812445913283, 0.31127812445913283, 0.31127812445913283, 0, 0.31127812445913283, 0.11009182675183558, 0.31127812445913283, 0.07310400793180982, 0.31127812445913283, 0.0487949406953985, 0.06149937804507184, 0.31127812445913283, 0, 0.00040919789219141973, 0.09328462323031235, 0.31127812445913283, 0.09328462323031235), (0.09328462323031235, 0.31127812445913283, 0.2087803925185126, 0.009756534087137225, 0.11385563424028564, 0.013714477705244553, 0.08025594233229469, 0.07310400793180982, 0.03857581598654605, 0.13251817521576753, 0.05253690168806249, 0.19326958066820893, 0.0350583482647871, 0.00429810722857266, 0.005050449860393488, 0.0207208396239082, 0.0487949406953985, 0.07850994353170956, 0.31127812445913283, 0.07310400793180982, 0.007299156760473963, 0.0037024515418363386, 0.0002145058924891757, 0.31127812445913283, 0.31127812445913283, 0.11009182675183558, 0.12425601093475921, 0.31127812445913283, 0.17750440524619315, 0.07310400793180982, 0.07310400793180982, 0.31127812445913283, 0.31127812445913283, 0.05738732460549023, 0.011482406826014972, 0.001254883843183478, 0.0002145058924891757, 0.0487949406953985, 0.2227619806994962, 0.0487949406953985), (0.07310400793180982, 0.0018086520489059392, 0.2227619806994962, 0.00822299722902229, 0.07622434155290266, 0.015085156698935967, 0.07310400793180982, 0.05738732460549023, 0.01423921619075233, 0.06660561007005729, 0.0487949406953985, 0.11009182675183558, 0.04105726891831728, 0.004167970681504568, 0.004727398383200621, 0.011482406826014972, 0.0487949406953985, 0.07744908453819253, 0.07310400793180982, 0.011482406826014972, 0.31127812445913283, 0.010396593705431272, 0.07622434155290266, 0.31127812445913283, 0.31127812445913283, 0.0207208396239082, 0.0487949406953985, 0.0022344421708708415, 0.2087803925185126, 0.07310400793180982, 0.042041899344894246, 0.20534969973663775, 0.05738732460549023, 0.12425601093475921, 0.16395604408354778, 0.0207208396239082, 0.0005570970453080571, 0.07310400793180982, 0.004167970681504568, 0.0001877124226694997), (0.009036677434107646, 0.005050449860393488, 0.23305878051279882, 0.014691469621310085, 0.016941071056623243, 0.00822299722902229, 0.06859186091507882, 0.042041899344894246, 0.05655009359654585, 0.03889315594457522, 0.0463685414106319, 0.10206066129537185, 0.02359015854559616, 0.005865051239364611, 0.05171298000558475, 0.025509910978289904, 0.0487949406953985, 0.0454498512923588, 0.05738732460549023, 0.05400884513974839, 0.007299156760473963, 0.005407888490294582, 0.08111870596083268, 0.2292798117148899, 0.15591489886228305, 0.05253690168806249, 0.011482406826014972, 0.00028867375520897666, 0.03857581598654605, 0.05400884513974839, 0.05400884513974839, 0.2227619806994962, 0.03221357089614439, 0.01274900060462203, 0.002830694750015385, 0.028564156811275485, 0.0008790379110077892, 0.011482406826014972, 0.0207208396239082, 0.006523190206172563), (0.012033410127123681, 0.0037024515418363386, 0.24237412989240623, 0.01717496977609681, 0.016009512159686483, 0.0010689285835955437, 0.11385563424028564, 0.0022344421708708415, 0.07310400793180982, 0.04432065423178154, 0.04674406725931858, 0.09328462323031235, 0.0231107894081813, 0.0055031961632630196, 0.02276859998040022, 0.006019887358649001, 0.03857581598654605, 0.06149937804507184, 0.19094034698434098, 0.05738732460549023, 0.009756534087137225, 0.009036677434107646, 0.07529706740701966, 0.07622434155290266, 0.11009182675183558, 0.0487949406953985, 0.0037024515418363386, 0.009335040408067166, 0.0487949406953985, 0.027910215332363916, 0.0010689285835955437, 0.23646636812449032, 0.0350583482647871, 0.039737267151773975, 0.007299156760473963, 0.008003048984193635, 0.0017382218522886302, 0.0009214584011009545, 0.036145614849311655, 0.09587355378511578), (0.0061446088533262735, 0.002830694750015385, 0.24844401300050659, 0.04105726891831728, 0.014038937565777093, 0.0014939931791539789, 0.10372355040574062, 0.0037024515418363386, 0.07898885115561567, 0.0031619139529965624, 0.02711041372683346, 0.08697257500448134, 0.010396593705431272, 0.0010689285835955437, 0.050988453276391066, 0.007299156760473963, 0.039737267151773975, 0.12931448059938455, 0.20534969973663775, 0.06322393781435344, 0.0207208396239082, 0.0024479765006755194, 0.0019359358092692971, 0.02276859998040022, 0.12745428142147208, 0.029569159854620865, 0.0026078279567117203, 0.006523190206172563, 0.004816452941871073, 0.015588395748542892, 0.0001877124226694997, 0.24616505675524458, 0.027910215332363916, 0.05738732460549023, 0.03302877414247969, 0.0350583482647871, 0.0008589183281813573, 0.018135571823116266, 0.03600088831260688, 0.11009182675183558), (0.004867022157993568, 0.0022344421708708415, 0.06627146564409989, 0.04031575601199518, 0.007299156760473963, 0, 0.11603915012591684, 0.0003410895898538083, 0.07310400793180982, 0.005050449860393488, 0.02345316312919523, 0.10206066129537185, 0.00402636741089939, 0.0012978730164486581, 0.046891375075551814, 0.015085156698935967, 0.031173613118524304, 0.14070293888931446, 0.2149397901480957, 0.04066211490300797, 0.0207208396239082, 0.07529706740701966, 0.01258931793513713, 0.00566775380589651, 0.14431677453762248, 0.05528500114149415, 0.0002145058924891757, 0.012033410127123681, 0.030305144839322347, 0.0645025668287288, 0.00013175698573951195, 0.2149397901480957, 0.09328462323031235, 0.03857581598654605, 0.03857581598654605, 0.03328315226577441, 0.003476844487206702, 0.028564156811275485, 0.019295237025311954, 0.03328315226577441), (0.0023839413783587893, 0.005301974832984377, 0.06900910450166178, 0.05207398638601675, 0.004122113616565049, 0.0009214584011009545, 0.10749195315105531, 0.0010689285835955437, 0.07622434155290266, 0.0032712817850098566, 0.004122113616565049, 0.1317293194736727, 0.007867664894852307, 0.0006631052098621127, 0.039191434062495145, 0.0064060099920141, 0.03268932243084692, 0.13251817521576753, 0.17276905508286108, 0.0350583482647871, 0.0037024515418363386, 0.0693557217943376, 0.012465377054556089, 0, 0.13407247818586213, 0.045224567067496654, 0.00016564297461497002, 0.004651491303398973, 0.02711041372683346, 0.0066132061053925245, 0.0016400534037116603, 0.22392895962214418, 0.08697257500448134, 0.0487949406953985, 0.029348186031720347, 0.031896080966716533, 0.0027533280550219065, 0.025140556297286162, 0.05207398638601675, 0.006830658680456639), (0.0032712817850098566, 8.906807913130425e-05, 0.06056140150705616, 0.06859186091507882, 0.005572828884914387, 0.0023839413783587893, 0.11746492658590664, 0.0002145058924891757, 0.025317841727168493, 0.00030471608277718963, 0.004084476320002462, 0.14070293888931446, 0.03254945726919092, 0.0005570970453080571, 0.037285451679794746, 0.007299156760473963, 0.026881818822810627, 0.14175359252903857, 0.18327338220704156, 0.03302877414247969, 0.0030834536326394824, 0.0381873775199095, 0.013949306965373928, 4.2686232120132256e-05, 0.04466883597999073, 0.0381873775199095, 0.00013175698573951195, 0.008393992098530458, 0.027910215332363916, 0.00668451772448856, 8.16481194098554e-05, 0.20534969973663775, 0.10206066129537185, 0.045824702319694016, 0.04066211490300797, 0.041276480022850906, 0.007299156760473963, 0.0022344421708708415, 0.05026059016936166, 0.010149344670410294), (0.0016626576184457752, 0.0006767219177472479, 0.06149937804507184, 0.06502539038278278, 0.008723329471708632, 0.00036176918093652755, 0.09555361251896813, 0.0001877124226694997, 0.023795695918608258, 0.0010160633509259717, 0.006963639137030152, 0.15058560986911712, 0.007775948452200233, 0.002349447614504129, 0.04066211490300797, 0.004528991295546424, 0.0350583482647871, 0.1363471521273121, 0.192117954859703, 0.059458789360000736, 0, 0.00030471608277718963, 0.01286900199539727, 0.0027533280550219065, 0.04158298918581395, 0.0027533280550219065, 0.0037024515418363386, 0.0016935314912301346, 0.000139180153595651, 0.0052444768725088825, 0.019137358061481584, 0.21298180054572052, 0.1317293194736727, 0.03634284572901042, 0.05142357090980977, 0.015297775930101544, 0.006963639137030152, 0.0006767219177472479, 0.04746468216969184, 0), (0.0014191336441856193, 0.00057833776936193, 0.0487949406953985, 0.06679086162879758, 0.005269516232494085, 0, 0.0912236531918895, 0.0025061505903558393, 0.04657205098437532, 0.006963639137030152, 8.16481194098554e-05, 0.1399942004868045, 0.0014072060559221049, 0.0030350376967938353, 0.03889315594457522, 0.008814443970100422, 0.04302177187503205, 0.11824694297878971, 0.1986677451404082, 0.045224567067496654, 0.0002145058924891757, 0.00011273110195227781, 0.0029530155390121333, 0.002830694750015385, 0.031896080966716533, 0.004084476320002462, 0.0055031961632630196, 0.003924857504517369, 0.0002601690456248149, 0.010690457689199573, 0.017878853480057952, 0.1986677451404082, 0.10558848801112901, 0.0016400534037116603, 0.05118638317292991, 0.015678504950564255, 0.00402636741089939, 6.420633961127121e-05, 0.05129937439493795, 0), (0.004816452941871073, 5.551033283418159e-05, 0.031173613118524304, 0.06390744704610728, 0.0006246337730938037, 0.0004746229241440903, 0.10112402163718603, 0.006523190206172563, 0.017476244325223163, 0.026668965913709028, 6.934144785689924e-05, 0.13138880793914987, 0.002114884643984207, 0.0030834536326394824, 0.03335434504876711, 0.0014939931791539789, 0.045224567067496654, 0.08596635671422005, 0.15948141288667683, 0.04244595986303425, 0.0001877124226694997, 0.005407888490294582, 0.0011113345431778589, 0.0028964502514318494, 0.026195902777601268, 0.0019359358092692971, 0.001156316585088966, 0.005466242510642497, 0.0011696710377548589, 0.0022344421708708415, 0.025029758778296995, 0.0960699253170105, 0.11644892027801927, 0.0022344421708708415, 0.08254168688760449, 0.001564467561066686, 0.004469552452063288, 0.004528991295546424, 0.049943092483862694, 0.0024479765006755194), (0, 0, 0, 0, 0, 0, 0, 0, 0, 0.006981663965470591, 0.00043648968715225174, 0.029108713090071167, 0.07767325654592765, 0.001231918311003291, 0.0009214584011009545, 0.086379156081871, 0.009756534087137225, 0.01841352965701827, 0.01667423493544029, 0.00013663754192747794, 0.1258707805558582, 0.006570967497522534, 0.026284415683249553, 0.03348087371897339, 0.002830694750015385, 0.0454498512923588, 0.06362643814839047, 0.001842090186059877, 0.001254883843183478, 0.0003410895898538083, 0.004418075114369348, 0.00043648968715225174, 0.06149937804507184, 0.0025332820642113077, 0, 0, 0, 0, 0, 0), (0.0061446088533262735, 0.0003843884653275346, 0.031069480068634414, 0.07850994353170956, 0.0013431113450645717, 0.0018496468978117624, 0.05207398638601675, 0.015085156698935967, 0.0013431113450645717, 0.036940224638936384, 0.002638017951649519, 0.11978983412227931, 0.0066132061053925245, 0.0207208396239082, 0.011720053679030874, 0.00566775380589651, 0.059046967456822835, 0.06548833004089114, 0.14347226067529725, 0.04432065423178154, 0.0025061505903558393, 0.00668451772448856, 0.0019359358092692971, 0.0029530155390121333, 0.01423921619075233, 0.002047704328999266, 0.000991090197521912, 0.00468046793367477, 0.002047704328999266, 0.02332864387831917, 0.03221357089614439, 0.08954421148063126, 0.1576028884409717, 0.00429810722857266, 0.06900910450166178, 0.00030058237746002827, 0.0043730621958221125, 0.015807917200052736, 0.059458789360000736, 0.0014939931791539789), (0.0024103133254441793, 0.0003410895898538083, 0.023689377108138773, 0.0487949406953985, 0.0016935314912301346, 0.004528991295546424, 0.05188296997024308, 0.0207208396239082, 1.1920176936120385e-05, 0.032905373814262645, 0, 0.12569292273081545, 0.026881818822810627, 0.02390990460502848, 0.008776636631269714, 0.00398359742589189, 0.06548833004089114, 0.0659011120811942, 0.12998037159153297, 0.04598230042807884, 0.04066211490300797, 0.0034161746392539355, 0.001175077712856798, 0.004469552452063288, 0.01756562514670936, 0.007012467814084267, 0.0002145058924891757, 0.005407888490294582, 0.0051517985292103, 0.019579702798573635, 0.019579702798573635, 0.08978205470143102, 0.1467931024360521, 5.962124644974575e-05, 0.06056140150705616, 0.005449938393478782, 0.012250374725405605, 0.011145923026709324, 0.03594207144943594, 0.0001472488432595325), (0.0021536469055539187, 0.00030471608277718963, 0.019828895863554644, 0.026158822648714775, 0.0017810649560001043, 0.004651491303398973, 0.035731909727539896, 0.038306964242260544, 4.2686232120132256e-05, 0.02771571646511272, 9.459123842968289e-05, 0.13251817521576753, 0.04768711957621925, 0.02374160222806597, 0.009286313085199546, 5.551033283418159e-05, 0.05787750669366977, 0.06627146564409989, 0.12014194453029564, 0.0487949406953985, 0.046124019755780676, 0.002575892402631539, 0.0005153473271587838, 0.0034342074633079457, 0.017781579993975817, 0.014943654038945847, 4.543969107057358e-05, 0.02359015854559616, 0.005050449860393488, 0.02182217829776721, 0.01861196103748468, 0.09110110199096993, 0.13948382834327933, 0, 0.0678825091164161, 0.0038391590512110163, 0.007757463007627356, 0.005772727484600407, 0.0350583482647871, 0.004259204687851684), (0.003450103791230119, 0.00027386591062890375, 0.02721364024929683, 0.02211820804591469, 0.0013666233335663074, 0.0016091745892488386, 0.05156072627142655, 0.037074143225021866, 0.00162807250524959, 0.021402215358093966, 0.0013666233335663074, 0.12682457462158847, 0.03358991252393699, 0.02211820804591469, 0.002978431370333271, 0.0008025382728216734, 0.05738732460549023, 0.039737267151773975, 0.09854252426996774, 0.045142576345953075, 0.05400884513974839, 0.0019359358092692971, 0.0009484022136292663, 0.003450103791230119, 0.0005696980224703958, 0.005407888490294582, 4.017567351531203e-05, 0.00589893710198118, 0.003450103791230119, 0.0207208396239082, 0.0207208396239082, 0.08628515118522849, 0.13202606699828556, 0.00043648968715225174, 0.06660561007005729, 0.0013431113450645717, 0.003811217176241166, 0.0007613386703558822, 0.029801678237736863, 0.004792774479612703), (0.0034642219743328505, 0.00042941623229211627, 0.021538652516748455, 0.02272086873228655, 0.0012206713952879027, 0.0014409891346113153, 0.042666013215726564, 0.03600088831260688, 0.001452967385689341, 0.022022771157485542, 0.0012206713952879027, 0.12306145811218505, 0.021538652516748455, 0.02272086873228655, 0.0030171758098115793, 0.0007052449150227041, 0.042666013215726564, 0.045824702319694016, 0.07116306324748979, 0.04647474968987793, 0.05118638317292991, 0.001175077712856798, 0.0012206713952879027, 0.001175077712856798, 0.0004999522456092496, 0.0038235979209399577, 3.5776099012032464e-05, 0.0016091745892488386, 0.0002981424087107687, 0.0207208396239082, 0.0207208396239082, 0.07116306324748979, 0.12569292273081545, 0.0003843884653275346, 0.04022451686367377, 0.0034642219743328505, 0.0012206713952879027, 0.00042941623229211627, 0.021371214021228643, 0.0030171758098115793)]}}
AdaptationManager: Configuring next round...
{'client_registry': {'enabled': True, 'params': {}}, 'client_selector': {'enabled': True, 'params': {'selection_strategy': 'Resource-Based', 'selection_criteria': 'CPU', 'selection_value': 2}}, 'client_cluster': {'enabled': False, 'params': {}}, 'message_compressor': {'enabled': False, 'params': {}}, 'model_co-versioning_registry': {'enabled': False, 'params': {}}, 'multi-task_model_trainer': {'enabled': False, 'params': {}}, 'heterogeneous_data_handler': {'enabled': False, 'params': {}}}
{'client_selector': {'enabled': False}, 'client_cluster': {'enabled': False}, 'message_compressor': {'enabled': False}, 'model_co-versioning_registry': {'enabled': False}, 'multi-task_model_trainer': {'enabled': False}, 'heterogeneous_data_handler': {'enabled': False}, 'client_registry': {'enabled': True, 'params': {}}}
0.0-iid clients, predicted wo:1.6041 vs w:1.7086, client_selector de-activated ❌
