==========================================
  ___  ______  ___ ______       _ 
 / _ \ | ___ \/   ||  ___|     | |
/ /_\ \| |_/ / /| || |_ ___  __| |
|  _  ||  __/ /_| ||  _/ _ \/ _` |
| | | || |  \___  || ||  __/ (_| |
\_| |_/\_|      |_/\_| \___|\__,_| v.1.5.0

==========================================
Simulation Started!
List of the Architectural Patterns enabled:
Adaptation Enabled ✅
Metric: val_f1, bo-based: predictors/bo_model_selector_pca.pkl
Metric: val_f1,jsd, bo-based: predictors/bo_model_hdh-pca.pkl
Client Registry ✅
Client Selector ✅
 AP Parameters: {'selection_strategy': 'Resource-Based', 'selection_criteria': 'CPU', 'selection_value': 2}
Heterogeneous Data Handler ✅
 AP Parameters: {'enabled_clients': []}
==========================================
Client Client 34 has insufficient CPU (1). Will not participate in the next FL round.
Client Client 12 has insufficient CPU (1). Will not participate in the next FL round.
Client Client 7 has insufficient CPU (1). Will not participate in the next FL round.
Client Client 1 participates in this round. (CPU: 2, RAM: 2)
Client Client 3 participates in this round. (CPU: 2, RAM: 2)
Client Client 4 participates in this round. (CPU: 2, RAM: 2)
Client Client 5 participates in this round. (CPU: 2, RAM: 2)
Client Client 2 participates in this round. (CPU: 2, RAM: 2)
Client Client 31 has insufficient CPU (1). Will not participate in the next FL round.
Client Client 13 has insufficient CPU (1). Will not participate in the next FL round.
Client Client 8 has insufficient CPU (1). Will not participate in the next FL round.
Client Client 32 has insufficient CPU (1). Will not participate in the next FL round.
Client Client 25 has insufficient CPU (1). Will not participate in the next FL round.
Client Client 9 has insufficient CPU (1). Will not participate in the next FL round.
Client Client 35 has insufficient CPU (1). Will not participate in the next FL round.
Client Client 24 has insufficient CPU (1). Will not participate in the next FL round.
Client Client 28 has insufficient CPU (1). Will not participate in the next FL round.
Client Client 36 has insufficient CPU (1). Will not participate in the next FL round.
Client Client 27 has insufficient CPU (1). Will not participate in the next FL round.
Client Client 6 has insufficient CPU (1). Will not participate in the next FL round.
Client Client 19 has insufficient CPU (1). Will not participate in the next FL round.
Client Client 30 has insufficient CPU (1). Will not participate in the next FL round.
Client Client 33 has insufficient CPU (1). Will not participate in the next FL round.
Client Client 38 has insufficient CPU (1). Will not participate in the next FL round.
Client Client 22 has insufficient CPU (1). Will not participate in the next FL round.
Client Client 16 has insufficient CPU (1). Will not participate in the next FL round.
Client Client 18 has insufficient CPU (1). Will not participate in the next FL round.
Client Client 26 has insufficient CPU (1). Will not participate in the next FL round.
Client Client 11 has insufficient CPU (1). Will not participate in the next FL round.
Client Client 14 has insufficient CPU (1). Will not participate in the next FL round.
Client Client 20 has insufficient CPU (1). Will not participate in the next FL round.
Client Client 15 has insufficient CPU (1). Will not participate in the next FL round.
Client Client 39 has insufficient CPU (1). Will not participate in the next FL round.
Client Client 10 has insufficient CPU (1). Will not participate in the next FL round.
Client Client 23 has insufficient CPU (1). Will not participate in the next FL round.
Client Client 17 has insufficient CPU (1). Will not participate in the next FL round.
Client Client 21 has insufficient CPU (1). Will not participate in the next FL round.
Client Client 37 has insufficient CPU (1). Will not participate in the next FL round.
Client Client 29 has insufficient CPU (1). Will not participate in the next FL round.
Client Client 40 has insufficient CPU (1). Will not participate in the next FL round.
Results Aggregated in 1.94 seconds.
{'prostate_logreg': {'train_loss': [0.6843597850597957], 'train_accuracy': [0.5477941176470589], 'train_f1': [0.5088386042799476], 'train_mae': [0.4522058823529412], 'val_loss': [0.7078109672195932], 'val_accuracy': [0.4886365117855653], 'val_f1': [0.4708663972434376], 'val_mae': [0.5113634882144347], 'jsd': [(0, 0, 0, 0, 0, 0, 0, 0, 0, 0, 0, 0, 0, 0, 0, 0, 0, 0, 0, 0, 0, 0.0034642219743328505, 0.12306145811218505, 0.0012206713952879027, 0.0003843884653275346, 0.0034642219743328505, 0, 0, 0, 0, 0, 0, 0, 0, 0, 0, 0, 0, 0, 0)]}}
AdaptationManager: Configuring next round...
{'client_registry': {'enabled': True, 'params': {}}, 'client_selector': {'enabled': True, 'params': {'selection_strategy': 'Resource-Based', 'selection_criteria': 'CPU', 'selection_value': 2}}, 'client_cluster': {'enabled': False, 'params': {}}, 'message_compressor': {'enabled': False, 'params': {}}, 'model_co-versioning_registry': {'enabled': False, 'params': {}}, 'multi-task_model_trainer': {'enabled': False, 'params': {}}, 'heterogeneous_data_handler': {'enabled': True, 'params': {'enabled_clients': []}}}
{'client_selector': {'enabled': True}, 'client_cluster': {'enabled': False}, 'message_compressor': {'enabled': False}, 'model_co-versioning_registry': {'enabled': False}, 'multi-task_model_trainer': {'enabled': False}, 'heterogeneous_data_handler': {'enabled': True}, 'client_registry': {'enabled': True, 'params': {}}}
round 2, 5 high, 35 low, 0.0-iid clients, predicted best policy: client_selector activated ✅
Configuring client 1...
Client 1 done.
Configuring client 2...
Client 2 done.
Configuring client 3...
Client 3 done.
Configuring client 4...
Client 4 done.
Configuring client 5...
Client 5 done.
Configuring client 6...
Client 6 done.
Configuring client 7...
Client 7 done.
Configuring client 8...
Client 8 done.
Configuring client 9...
Client 9 done.
Configuring client 10...
Client 10 done.
Configuring client 11...
Client 11 done.
Configuring client 12...
Client 12 done.
Configuring client 13...
Client 13 done.
Configuring client 14...
Client 14 done.
Configuring client 15...
Client 15 done.
Configuring client 16...
Client 16 done.
Configuring client 17...
Client 17 done.
Configuring client 18...
Client 18 done.
Configuring client 19...
Client 19 done.
Configuring client 20...
Client 20 done.
Configuring client 21...
Client 21 done.
Configuring client 22...
Client 22 done.
Configuring client 23...
Client 23 done.
Configuring client 24...
Client 24 done.
Configuring client 25...
Client 25 done.
Configuring client 26...
Client 26 done.
Configuring client 27...
Client 27 done.
Configuring client 28...
Client 28 done.
Configuring client 29...
Client 29 done.
Configuring client 30...
Client 30 done.
Configuring client 31...
Client 31 done.
Configuring client 32...
Client 32 done.
Configuring client 33...
Client 33 done.
Configuring client 34...
Client 34 done.
Configuring client 35...
Client 35 done.
Configuring client 36...
Client 36 done.
Configuring client 37...
Client 37 done.
Configuring client 38...
Client 38 done.
Configuring client 39...
Client 39 done.
Configuring client 40...
Client 40 done.
heterogeneous_data_handler activated ✅ for clients: ['Client 1', 'Client 2', 'Client 3', 'Client 4', 'Client 5', 'Client 6', 'Client 7', 'Client 8', 'Client 9', 'Client 10', 'Client 11', 'Client 12', 'Client 13', 'Client 14', 'Client 15', 'Client 16', 'Client 17', 'Client 18', 'Client 19', 'Client 20', 'Client 21', 'Client 22', 'Client 24', 'Client 25', 'Client 26', 'Client 27', 'Client 28', 'Client 29', 'Client 30', 'Client 31', 'Client 32', 'Client 33', 'Client 34', 'Client 35', 'Client 36', 'Client 37', 'Client 38', 'Client 39', 'Client 40']
Client Client 23 has insufficient CPU (1). Will not participate in the next FL round.
Client Client 4 participates in this round. (CPU: 2, RAM: 2)
Client Client 1 participates in this round. (CPU: 2, RAM: 2)
Client Client 2 participates in this round. (CPU: 2, RAM: 2)
Client Client 35 has insufficient CPU (1). Will not participate in the next FL round.
Client Client 28 has insufficient CPU (1). Will not participate in the next FL round.
Client Client 11 has insufficient CPU (1). Will not participate in the next FL round.
Client Client 10 has insufficient CPU (1). Will not participate in the next FL round.
Client Client 36 has insufficient CPU (1). Will not participate in the next FL round.
Client Client 33 has insufficient CPU (1). Will not participate in the next FL round.
Client Client 6 has insufficient CPU (1). Will not participate in the next FL round.
Client Client 20 has insufficient CPU (1). Will not participate in the next FL round.
Client Client 30 has insufficient CPU (1). Will not participate in the next FL round.
Client Client 26 has insufficient CPU (1). Will not participate in the next FL round.
Client Client 27 has insufficient CPU (1). Will not participate in the next FL round.
Client Client 21 has insufficient CPU (1). Will not participate in the next FL round.
Client Client 24 has insufficient CPU (1). Will not participate in the next FL round.
Client Client 38 has insufficient CPU (1). Will not participate in the next FL round.
Client Client 14 has insufficient CPU (1). Will not participate in the next FL round.
Client Client 17 has insufficient CPU (1). Will not participate in the next FL round.
Client Client 19 has insufficient CPU (1). Will not participate in the next FL round.
Client Client 29 has insufficient CPU (1). Will not participate in the next FL round.
Client Client 8 has insufficient CPU (1). Will not participate in the next FL round.
Client Client 16 has insufficient CPU (1). Will not participate in the next FL round.
Client Client 22 has insufficient CPU (1). Will not participate in the next FL round.
Client Client 32 has insufficient CPU (1). Will not participate in the next FL round.
Client Client 39 has insufficient CPU (1). Will not participate in the next FL round.
Client Client 15 has insufficient CPU (1). Will not participate in the next FL round.
Client Client 3 participates in this round. (CPU: 2, RAM: 2)
Client Client 5 participates in this round. (CPU: 2, RAM: 2)
Client Client 37 has insufficient CPU (1). Will not participate in the next FL round.
Client Client 9 has insufficient CPU (1). Will not participate in the next FL round.
Client Client 40 has insufficient CPU (1). Will not participate in the next FL round.
Client Client 25 has insufficient CPU (1). Will not participate in the next FL round.
Client Client 13 has insufficient CPU (1). Will not participate in the next FL round.
Client Client 18 has insufficient CPU (1). Will not participate in the next FL round.
Client Client 34 has insufficient CPU (1). Will not participate in the next FL round.
Client Client 7 has insufficient CPU (1). Will not participate in the next FL round.
Client Client 31 has insufficient CPU (1). Will not participate in the next FL round.
Client Client 12 has insufficient CPU (1). Will not participate in the next FL round.
Results Aggregated in 1.15 seconds.
{'prostate_logreg': {'train_loss': [0.6843597850597957, 0.6464357603479315], 'train_accuracy': [0.5477941176470589, 0.6888888888888889], 'train_f1': [0.5088386042799476, 0.688417922719997], 'train_mae': [0.4522058823529412, 0.3111111111111111], 'val_loss': [0.7078109672195932, 0.6731397749277309], 'val_accuracy': [0.4886365117855653, 0.6074008405568689], 'val_f1': [0.4708663972434376, 0.5996784984224942], 'val_mae': [0.5113634882144347, 0.39259915944313106], 'jsd': [(0, 0, 0, 0, 0, 0, 0, 0, 0, 0, 0, 0, 0, 0, 0, 0, 0, 0, 0, 0, 0, 0.0034642219743328505, 0.12306145811218505, 0.0012206713952879027, 0.0003843884653275346, 0.0034642219743328505, 0, 0, 0, 0, 0, 0, 0, 0, 0, 0, 0, 0, 0, 0), (0, 0, 0, 0, 0, 0, 0, 0, 0, 0, 0, 0, 0, 0, 0, 0, 0, 0, 0, 0, 0, 0, 0, 0, 0, 0, 0, 0, 0, 0, 0, 0, 0, 0, 0, 0, 0, 0, 0, 0)]}}
AdaptationManager: Configuring next round...
{'client_registry': {'enabled': True, 'params': {}}, 'client_selector': {'enabled': True, 'params': {'selection_strategy': 'Resource-Based', 'selection_criteria': 'CPU', 'selection_value': 2}}, 'client_cluster': {'enabled': False, 'params': {}}, 'message_compressor': {'enabled': False, 'params': {}}, 'model_co-versioning_registry': {'enabled': False, 'params': {}}, 'multi-task_model_trainer': {'enabled': False, 'params': {}}, 'heterogeneous_data_handler': {'enabled': True, 'params': {'enabled_clients': []}}}
{'client_selector': {'enabled': True}, 'client_cluster': {'enabled': False}, 'message_compressor': {'enabled': False}, 'model_co-versioning_registry': {'enabled': False}, 'multi-task_model_trainer': {'enabled': False}, 'heterogeneous_data_handler': {'enabled': True, 'params': {'enabled_clients': ['Client 1', 'Client 2', 'Client 3', 'Client 4', 'Client 5', 'Client 6', 'Client 7', 'Client 8', 'Client 9', 'Client 10', 'Client 11', 'Client 12', 'Client 13', 'Client 14', 'Client 15', 'Client 16', 'Client 17', 'Client 18', 'Client 19', 'Client 20', 'Client 21', 'Client 22', 'Client 24', 'Client 25', 'Client 26', 'Client 27', 'Client 28', 'Client 29', 'Client 30', 'Client 31', 'Client 32', 'Client 33', 'Client 34', 'Client 35', 'Client 36', 'Client 37', 'Client 38', 'Client 39', 'Client 40']}}, 'client_registry': {'enabled': True, 'params': {}}}
round 3, 5 high, 35 low, 0.0-iid clients, predicted best policy: client_selector de-activated ❌
Configuring client 1...
Client 1 done.
Configuring client 2...
Client 2 done.
Configuring client 3...
Client 3 done.
Configuring client 4...
Client 4 done.
Configuring client 5...
Client 5 done.
Configuring client 6...
Client 6 done.
Configuring client 7...
Client 7 done.
Configuring client 8...
Client 8 done.
Configuring client 9...
Client 9 done.
Configuring client 10...
Client 10 done.
Configuring client 11...
Client 11 done.
Configuring client 12...
Client 12 done.
Configuring client 13...
Client 13 done.
Configuring client 14...
Client 14 done.
Configuring client 15...
Client 15 done.
Configuring client 16...
Client 16 done.
Configuring client 17...
Client 17 done.
Configuring client 18...
Client 18 done.
Configuring client 19...
Client 19 done.
Configuring client 20...
Client 20 done.
Configuring client 21...
Client 21 done.
Configuring client 22...
Client 22 done.
Configuring client 23...
Client 23 done.
Configuring client 24...
Client 24 done.
Configuring client 25...
Client 25 done.
Configuring client 26...
Client 26 done.
Configuring client 27...
Client 27 done.
Configuring client 28...
Client 28 done.
Configuring client 29...
Client 29 done.
Configuring client 30...
Client 30 done.
Configuring client 31...
Client 31 done.
Configuring client 32...
Client 32 done.
Configuring client 33...
Client 33 done.
Configuring client 34...
Client 34 done.
Configuring client 35...
Client 35 done.
Configuring client 36...
Client 36 done.
Configuring client 37...
Client 37 done.
Configuring client 38...
Client 38 done.
Configuring client 39...
Client 39 done.
Configuring client 40...
Client 40 done.
heterogeneous_data_handler de-activated ❌
Results Aggregated in 0.14 seconds.
{'prostate_logreg': {'train_loss': [0.6843597850597957, 0.6464357603479315, 0.6235783444451434], 'train_accuracy': [0.5477941176470589, 0.6888888888888889, 0.71875], 'train_f1': [0.5088386042799476, 0.688417922719997, 0.7172491674779901], 'train_mae': [0.4522058823529412, 0.3111111111111111, 0.28125], 'val_loss': [0.7078109672195932, 0.6731397749277309, 0.6477180112726995], 'val_accuracy': [0.4886365117855653, 0.6074008405568689, 0.6721544136271529], 'val_f1': [0.4708663972434376, 0.5996784984224942, 0.6643509843956341], 'val_mae': [0.5113634882144347, 0.39259915944313106, 0.327845586372847], 'jsd': [(0, 0, 0, 0, 0, 0, 0, 0, 0, 0, 0, 0, 0, 0, 0, 0, 0, 0, 0, 0, 0, 0.0034642219743328505, 0.12306145811218505, 0.0012206713952879027, 0.0003843884653275346, 0.0034642219743328505, 0, 0, 0, 0, 0, 0, 0, 0, 0, 0, 0, 0, 0, 0), (0, 0, 0, 0, 0, 0, 0, 0, 0, 0, 0, 0, 0, 0, 0, 0, 0, 0, 0, 0, 0, 0, 0, 0, 0, 0, 0, 0, 0, 0, 0, 0, 0, 0, 0, 0, 0, 0, 0, 0), (0, 0, 0, 0, 0, 0, 0, 0, 0, 0, 0, 0, 0, 0, 0, 0.0007052449150227041, 0, 0, 0, 0, 0, 0, 0, 0, 0, 0, 0, 0, 0, 0, 0, 0, 0, 0, 0, 0, 0, 0, 0, 0)]}}
AdaptationManager: Configuring next round...
{'client_registry': {'enabled': True, 'params': {}}, 'client_selector': {'enabled': True, 'params': {'selection_strategy': 'Resource-Based', 'selection_criteria': 'CPU', 'selection_value': 2}}, 'client_cluster': {'enabled': False, 'params': {}}, 'message_compressor': {'enabled': False, 'params': {}}, 'model_co-versioning_registry': {'enabled': False, 'params': {}}, 'multi-task_model_trainer': {'enabled': False, 'params': {}}, 'heterogeneous_data_handler': {'enabled': True, 'params': {'enabled_clients': []}}}
{'client_selector': {'enabled': False}, 'client_cluster': {'enabled': False}, 'message_compressor': {'enabled': False}, 'model_co-versioning_registry': {'enabled': False}, 'multi-task_model_trainer': {'enabled': False}, 'heterogeneous_data_handler': {'enabled': False, 'params': {'enabled_clients': ['Client 1', 'Client 2', 'Client 3', 'Client 4', 'Client 5', 'Client 6', 'Client 7', 'Client 8', 'Client 9', 'Client 10', 'Client 11', 'Client 12', 'Client 13', 'Client 14', 'Client 15', 'Client 16', 'Client 17', 'Client 18', 'Client 19', 'Client 20', 'Client 21', 'Client 22', 'Client 24', 'Client 25', 'Client 26', 'Client 27', 'Client 28', 'Client 29', 'Client 30', 'Client 31', 'Client 32', 'Client 33', 'Client 34', 'Client 35', 'Client 36', 'Client 37', 'Client 38', 'Client 39', 'Client 40']}}, 'client_registry': {'enabled': True, 'params': {}}}
round 4, 5 high, 35 low, 0.0-iid clients, predicted best policy: client_selector activated ✅
Configuring client 1...
Client 1 done.
Configuring client 2...
Client 2 done.
Configuring client 3...
Client 3 done.
Configuring client 4...
Client 4 done.
Configuring client 5...
Client 5 done.
Configuring client 6...
Client 6 done.
Configuring client 7...
Client 7 done.
Configuring client 8...
Client 8 done.
Configuring client 9...
Client 9 done.
Configuring client 10...
Client 10 done.
Configuring client 11...
Client 11 done.
Configuring client 12...
Client 12 done.
Configuring client 13...
Client 13 done.
Configuring client 14...
Client 14 done.
Configuring client 15...
Client 15 done.
Configuring client 16...
Client 16 done.
Configuring client 17...
Client 17 done.
Configuring client 18...
Client 18 done.
Configuring client 19...
Client 19 done.
Configuring client 20...
Client 20 done.
Configuring client 21...
Client 21 done.
Configuring client 22...
Client 22 done.
Configuring client 23...
Client 23 done.
Configuring client 24...
Client 24 done.
Configuring client 25...
Client 25 done.
Configuring client 26...
Client 26 done.
Configuring client 27...
Client 27 done.
Configuring client 28...
Client 28 done.
Configuring client 29...
Client 29 done.
Configuring client 30...
Client 30 done.
Configuring client 31...
Client 31 done.
Configuring client 32...
Client 32 done.
Configuring client 33...
Client 33 done.
Configuring client 34...
Client 34 done.
Configuring client 35...
Client 35 done.
Configuring client 36...
Client 36 done.
Configuring client 37...
Client 37 done.
Configuring client 38...
Client 38 done.
Configuring client 39...
Client 39 done.
Configuring client 40...
Client 40 done.
heterogeneous_data_handler activated ✅ for clients: ['Client 1', 'Client 2', 'Client 3', 'Client 4', 'Client 5', 'Client 6', 'Client 7', 'Client 8', 'Client 9', 'Client 10', 'Client 11', 'Client 12', 'Client 13', 'Client 14', 'Client 15', 'Client 16', 'Client 17', 'Client 18', 'Client 19', 'Client 20', 'Client 21', 'Client 22', 'Client 23', 'Client 24', 'Client 25', 'Client 26', 'Client 27', 'Client 28', 'Client 29', 'Client 30', 'Client 31', 'Client 32', 'Client 33', 'Client 34', 'Client 35', 'Client 36', 'Client 37', 'Client 38', 'Client 39', 'Client 40']
Client Client 11 has insufficient CPU (1). Will not participate in the next FL round.
Client Client 20 has insufficient CPU (1). Will not participate in the next FL round.
Client Client 15 has insufficient CPU (1). Will not participate in the next FL round.
Client Client 29 has insufficient CPU (1). Will not participate in the next FL round.
Client Client 27 has insufficient CPU (1). Will not participate in the next FL round.
Client Client 18 has insufficient CPU (1). Will not participate in the next FL round.
Client Client 21 has insufficient CPU (1). Will not participate in the next FL round.
Client Client 4 participates in this round. (CPU: 2, RAM: 2)
Client Client 26 has insufficient CPU (1). Will not participate in the next FL round.
Client Client 39 has insufficient CPU (1). Will not participate in the next FL round.
Client Client 35 has insufficient CPU (1). Will not participate in the next FL round.
Client Client 40 has insufficient CPU (1). Will not participate in the next FL round.
Client Client 10 has insufficient CPU (1). Will not participate in the next FL round.
Client Client 32 has insufficient CPU (1). Will not participate in the next FL round.
Client Client 7 has insufficient CPU (1). Will not participate in the next FL round.
Client Client 38 has insufficient CPU (1). Will not participate in the next FL round.
Client Client 19 has insufficient CPU (1). Will not participate in the next FL round.
Client Client 30 has insufficient CPU (1). Will not participate in the next FL round.
Client Client 34 has insufficient CPU (1). Will not participate in the next FL round.
Client Client 13 has insufficient CPU (1). Will not participate in the next FL round.
Client Client 6 has insufficient CPU (1). Will not participate in the next FL round.
Client Client 37 has insufficient CPU (1). Will not participate in the next FL round.
Client Client 28 has insufficient CPU (1). Will not participate in the next FL round.
Client Client 22 has insufficient CPU (1). Will not participate in the next FL round.
Client Client 1 participates in this round. (CPU: 2, RAM: 2)
Client Client 2 participates in this round. (CPU: 2, RAM: 2)
Client Client 31 has insufficient CPU (1). Will not participate in the next FL round.
Client Client 33 has insufficient CPU (1). Will not participate in the next FL round.
Client Client 9 has insufficient CPU (1). Will not participate in the next FL round.
Client Client 12 has insufficient CPU (1). Will not participate in the next FL round.
Client Client 16 has insufficient CPU (1). Will not participate in the next FL round.
Client Client 36 has insufficient CPU (1). Will not participate in the next FL round.
Client Client 25 has insufficient CPU (1). Will not participate in the next FL round.
Client Client 14 has insufficient CPU (1). Will not participate in the next FL round.
Client Client 3 participates in this round. (CPU: 2, RAM: 2)
Client Client 8 has insufficient CPU (1). Will not participate in the next FL round.
Client Client 5 participates in this round. (CPU: 2, RAM: 2)
Client Client 17 has insufficient CPU (1). Will not participate in the next FL round.
Client Client 24 has insufficient CPU (1). Will not participate in the next FL round.
Client Client 23 has insufficient CPU (1). Will not participate in the next FL round.
Results Aggregated in 0.29 seconds.
{'prostate_logreg': {'train_loss': [0.6843597850597957, 0.6464357603479315, 0.6235783444451434, 0.5907064102314137], 'train_accuracy': [0.5477941176470589, 0.6888888888888889, 0.71875, 0.7685185185185185], 'train_f1': [0.5088386042799476, 0.688417922719997, 0.7172491674779901, 0.767964759838802], 'train_mae': [0.4522058823529412, 0.3111111111111111, 0.28125, 0.23148148148148148], 'val_loss': [0.7078109672195932, 0.6731397749277309, 0.6477180112726995, 0.6277777580943107], 'val_accuracy': [0.4886365117855653, 0.6074008405568689, 0.6721544136271529, 0.6903532965589704], 'val_f1': [0.4708663972434376, 0.5996784984224942, 0.6643509843956341, 0.6827847203065107], 'val_mae': [0.5113634882144347, 0.39259915944313106, 0.327845586372847, 0.30964670344102974], 'jsd': [(0, 0, 0, 0, 0, 0, 0, 0, 0, 0, 0, 0, 0, 0, 0, 0, 0, 0, 0, 0, 0, 0.0034642219743328505, 0.12306145811218505, 0.0012206713952879027, 0.0003843884653275346, 0.0034642219743328505, 0, 0, 0, 0, 0, 0, 0, 0, 0, 0, 0, 0, 0, 0), (0, 0, 0, 0, 0, 0, 0, 0, 0, 0, 0, 0, 0, 0, 0, 0, 0, 0, 0, 0, 0, 0, 0, 0, 0, 0, 0, 0, 0, 0, 0, 0, 0, 0, 0, 0, 0, 0, 0, 0), (0, 0, 0, 0, 0, 0, 0, 0, 0, 0, 0, 0, 0, 0, 0, 0.0007052449150227041, 0, 0, 0, 0, 0, 0, 0, 0, 0, 0, 0, 0, 0, 0, 0, 0, 0, 0, 0, 0, 0, 0, 0, 0), (0, 0, 0, 0, 0, 0, 0, 0, 0, 0, 0, 0, 0, 0, 0, 0, 0, 0, 0, 0, 0, 0, 0, 0, 0, 0, 0, 0, 0, 0, 0, 0, 0, 0, 0, 0, 0, 0, 0, 0)]}}
AdaptationManager: Configuring next round...
{'client_registry': {'enabled': True, 'params': {}}, 'client_selector': {'enabled': True, 'params': {'selection_strategy': 'Resource-Based', 'selection_criteria': 'CPU', 'selection_value': 2}}, 'client_cluster': {'enabled': False, 'params': {}}, 'message_compressor': {'enabled': False, 'params': {}}, 'model_co-versioning_registry': {'enabled': False, 'params': {}}, 'multi-task_model_trainer': {'enabled': False, 'params': {}}, 'heterogeneous_data_handler': {'enabled': True, 'params': {'enabled_clients': []}}}
{'client_selector': {'enabled': True}, 'client_cluster': {'enabled': False}, 'message_compressor': {'enabled': False}, 'model_co-versioning_registry': {'enabled': False}, 'multi-task_model_trainer': {'enabled': False}, 'heterogeneous_data_handler': {'enabled': True, 'params': {'enabled_clients': ['Client 1', 'Client 2', 'Client 3', 'Client 4', 'Client 5', 'Client 6', 'Client 7', 'Client 8', 'Client 9', 'Client 10', 'Client 11', 'Client 12', 'Client 13', 'Client 14', 'Client 15', 'Client 16', 'Client 17', 'Client 18', 'Client 19', 'Client 20', 'Client 21', 'Client 22', 'Client 23', 'Client 24', 'Client 25', 'Client 26', 'Client 27', 'Client 28', 'Client 29', 'Client 30', 'Client 31', 'Client 32', 'Client 33', 'Client 34', 'Client 35', 'Client 36', 'Client 37', 'Client 38', 'Client 39', 'Client 40']}}, 'client_registry': {'enabled': True, 'params': {}}}
round 5, 5 high, 35 low, 0.0-iid clients, predicted best policy: client_selector activated ✅
Configuring client 1...
Client 1 done.
Configuring client 2...
Client 2 done.
Configuring client 3...
Client 3 done.
Configuring client 4...
Client 4 done.
Configuring client 5...
Client 5 done.
Configuring client 6...
Client 6 done.
Configuring client 7...
Client 7 done.
Configuring client 8...
Client 8 done.
Configuring client 9...
Client 9 done.
Configuring client 10...
Client 10 done.
Configuring client 11...
Client 11 done.
Configuring client 12...
Client 12 done.
Configuring client 13...
Client 13 done.
Configuring client 14...
Client 14 done.
Configuring client 15...
Client 15 done.
Configuring client 16...
Client 16 done.
Configuring client 17...
Client 17 done.
Configuring client 18...
Client 18 done.
Configuring client 19...
Client 19 done.
Configuring client 20...
Client 20 done.
Configuring client 21...
Client 21 done.
Configuring client 22...
Client 22 done.
Configuring client 23...
Client 23 done.
Configuring client 24...
Client 24 done.
Configuring client 25...
Client 25 done.
Configuring client 26...
Client 26 done.
Configuring client 27...
Client 27 done.
Configuring client 28...
Client 28 done.
Configuring client 29...
Client 29 done.
Configuring client 30...
Client 30 done.
Configuring client 31...
Client 31 done.
Configuring client 32...
Client 32 done.
Configuring client 33...
Client 33 done.
Configuring client 34...
Client 34 done.
Configuring client 35...
Client 35 done.
Configuring client 36...
Client 36 done.
Configuring client 37...
Client 37 done.
Configuring client 38...
Client 38 done.
Configuring client 39...
Client 39 done.
Configuring client 40...
Client 40 done.
heterogeneous_data_handler activated ✅ for clients: ['Client 1', 'Client 2', 'Client 3', 'Client 4', 'Client 5', 'Client 6', 'Client 7', 'Client 8', 'Client 9', 'Client 10', 'Client 11', 'Client 12', 'Client 13', 'Client 14', 'Client 15', 'Client 16', 'Client 17', 'Client 18', 'Client 19', 'Client 20', 'Client 21', 'Client 22', 'Client 23', 'Client 24', 'Client 25', 'Client 26', 'Client 27', 'Client 28', 'Client 29', 'Client 30', 'Client 31', 'Client 32', 'Client 33', 'Client 34', 'Client 35', 'Client 36', 'Client 37', 'Client 38', 'Client 39', 'Client 40']
Client Client 28 has insufficient CPU (1). Will not participate in the next FL round.
Client Client 35 has insufficient CPU (1). Will not participate in the next FL round.
Client Client 3 participates in this round. (CPU: 2, RAM: 2)
Client Client 5 participates in this round. (CPU: 2, RAM: 2)
Client Client 21 has insufficient CPU (1). Will not participate in the next FL round.
Client Client 8 has insufficient CPU (1). Will not participate in the next FL round.
Client Client 27 has insufficient CPU (1). Will not participate in the next FL round.
Client Client 19 has insufficient CPU (1). Will not participate in the next FL round.
Client Client 36 has insufficient CPU (1). Will not participate in the next FL round.
Client Client 2 participates in this round. (CPU: 2, RAM: 2)
Client Client 14 has insufficient CPU (1). Will not participate in the next FL round.
Client Client 23 has insufficient CPU (1). Will not participate in the next FL round.
Client Client 18 has insufficient CPU (1). Will not participate in the next FL round.
Client Client 11 has insufficient CPU (1). Will not participate in the next FL round.
Client Client 15 has insufficient CPU (1). Will not participate in the next FL round.
Client Client 12 has insufficient CPU (1). Will not participate in the next FL round.
Client Client 25 has insufficient CPU (1). Will not participate in the next FL round.
Client Client 10 has insufficient CPU (1). Will not participate in the next FL round.
Client Client 1 participates in this round. (CPU: 2, RAM: 2)
Client Client 24 has insufficient CPU (1). Will not participate in the next FL round.
Client Client 32 has insufficient CPU (1). Will not participate in the next FL round.
Client Client 20 has insufficient CPU (1). Will not participate in the next FL round.
Client Client 13 has insufficient CPU (1). Will not participate in the next FL round.
Client Client 7 has insufficient CPU (1). Will not participate in the next FL round.
Client Client 17 has insufficient CPU (1). Will not participate in the next FL round.
Client Client 37 has insufficient CPU (1). Will not participate in the next FL round.
Client Client 26 has insufficient CPU (1). Will not participate in the next FL round.
Client Client 9 has insufficient CPU (1). Will not participate in the next FL round.
Client Client 40 has insufficient CPU (1). Will not participate in the next FL round.
Client Client 30 has insufficient CPU (1). Will not participate in the next FL round.
Client Client 29 has insufficient CPU (1). Will not participate in the next FL round.
Client Client 22 has insufficient CPU (1). Will not participate in the next FL round.
Client Client 31 has insufficient CPU (1). Will not participate in the next FL round.
Client Client 16 has insufficient CPU (1). Will not participate in the next FL round.
Client Client 33 has insufficient CPU (1). Will not participate in the next FL round.
Client Client 38 has insufficient CPU (1). Will not participate in the next FL round.
Client Client 34 has insufficient CPU (1). Will not participate in the next FL round.
Client Client 39 has insufficient CPU (1). Will not participate in the next FL round.
Client Client 4 participates in this round. (CPU: 2, RAM: 2)
Client Client 6 has insufficient CPU (1). Will not participate in the next FL round.
Results Aggregated in 0.11 seconds.
{'prostate_logreg': {'train_loss': [0.6843597850597957, 0.6464357603479315, 0.6235783444451434, 0.5907064102314137, 0.570901440249549], 'train_accuracy': [0.5477941176470589, 0.6888888888888889, 0.71875, 0.7685185185185185, 0.7759259259259259], 'train_f1': [0.5088386042799476, 0.688417922719997, 0.7172491674779901, 0.767964759838802, 0.7751781082729889], 'train_mae': [0.4522058823529412, 0.3111111111111111, 0.28125, 0.23148148148148148, 0.22407407407407406], 'val_loss': [0.7078109672195932, 0.6731397749277309, 0.6477180112726995, 0.6277777580943107, 0.6131940923903225], 'val_accuracy': [0.4886365117855653, 0.6074008405568689, 0.6721544136271529, 0.6903532965589704, 0.6992973469923824], 'val_f1': [0.4708663972434376, 0.5996784984224942, 0.6643509843956341, 0.6827847203065107, 0.6917553559698977], 'val_mae': [0.5113634882144347, 0.39259915944313106, 0.327845586372847, 0.30964670344102974, 0.3007026530076175], 'jsd': [(0, 0, 0, 0, 0, 0, 0, 0, 0, 0, 0, 0, 0, 0, 0, 0, 0, 0, 0, 0, 0, 0.0034642219743328505, 0.12306145811218505, 0.0012206713952879027, 0.0003843884653275346, 0.0034642219743328505, 0, 0, 0, 0, 0, 0, 0, 0, 0, 0, 0, 0, 0, 0), (0, 0, 0, 0, 0, 0, 0, 0, 0, 0, 0, 0, 0, 0, 0, 0, 0, 0, 0, 0, 0, 0, 0, 0, 0, 0, 0, 0, 0, 0, 0, 0, 0, 0, 0, 0, 0, 0, 0, 0), (0, 0, 0, 0, 0, 0, 0, 0, 0, 0, 0, 0, 0, 0, 0, 0.0007052449150227041, 0, 0, 0, 0, 0, 0, 0, 0, 0, 0, 0, 0, 0, 0, 0, 0, 0, 0, 0, 0, 0, 0, 0, 0), (0, 0, 0, 0, 0, 0, 0, 0, 0, 0, 0, 0, 0, 0, 0, 0, 0, 0, 0, 0, 0, 0, 0, 0, 0, 0, 0, 0, 0, 0, 0, 0, 0, 0, 0, 0, 0, 0, 0, 0), (0, 0, 0, 0, 0, 0, 0, 0, 0, 0, 0, 0, 0, 0, 0, 0, 0, 0, 0, 0, 0, 0, 0, 0, 0, 0, 0, 0, 0, 0, 0, 0, 0, 0, 0, 0, 0, 0, 0, 0)]}}
AdaptationManager: Configuring next round...
{'client_registry': {'enabled': True, 'params': {}}, 'client_selector': {'enabled': True, 'params': {'selection_strategy': 'Resource-Based', 'selection_criteria': 'CPU', 'selection_value': 2}}, 'client_cluster': {'enabled': False, 'params': {}}, 'message_compressor': {'enabled': False, 'params': {}}, 'model_co-versioning_registry': {'enabled': False, 'params': {}}, 'multi-task_model_trainer': {'enabled': False, 'params': {}}, 'heterogeneous_data_handler': {'enabled': True, 'params': {'enabled_clients': []}}}
{'client_selector': {'enabled': True}, 'client_cluster': {'enabled': False}, 'message_compressor': {'enabled': False}, 'model_co-versioning_registry': {'enabled': False}, 'multi-task_model_trainer': {'enabled': False}, 'heterogeneous_data_handler': {'enabled': True, 'params': {'enabled_clients': ['Client 1', 'Client 2', 'Client 3', 'Client 4', 'Client 5', 'Client 6', 'Client 7', 'Client 8', 'Client 9', 'Client 10', 'Client 11', 'Client 12', 'Client 13', 'Client 14', 'Client 15', 'Client 16', 'Client 17', 'Client 18', 'Client 19', 'Client 20', 'Client 21', 'Client 22', 'Client 23', 'Client 24', 'Client 25', 'Client 26', 'Client 27', 'Client 28', 'Client 29', 'Client 30', 'Client 31', 'Client 32', 'Client 33', 'Client 34', 'Client 35', 'Client 36', 'Client 37', 'Client 38', 'Client 39', 'Client 40']}}, 'client_registry': {'enabled': True, 'params': {}}}
round 6, 5 high, 35 low, 0.0-iid clients, predicted best policy: client_selector activated ✅
Configuring client 1...
Client 1 done.
Configuring client 2...
Client 2 done.
Configuring client 3...
Client 3 done.
Configuring client 4...
Client 4 done.
Configuring client 5...
Client 5 done.
Configuring client 6...
Client 6 done.
Configuring client 7...
Client 7 done.
Configuring client 8...
Client 8 done.
Configuring client 9...
Client 9 done.
Configuring client 10...
Client 10 done.
Configuring client 11...
Client 11 done.
Configuring client 12...
Client 12 done.
Configuring client 13...
Client 13 done.
Configuring client 14...
Client 14 done.
Configuring client 15...
Client 15 done.
Configuring client 16...
Client 16 done.
Configuring client 17...
Client 17 done.
Configuring client 18...
Client 18 done.
Configuring client 19...
Client 19 done.
Configuring client 20...
Client 20 done.
Configuring client 21...
Client 21 done.
Configuring client 22...
Client 22 done.
Configuring client 23...
Client 23 done.
Configuring client 24...
Client 24 done.
Configuring client 25...
Client 25 done.
Configuring client 26...
Client 26 done.
Configuring client 27...
Client 27 done.
Configuring client 28...
Client 28 done.
Configuring client 29...
Client 29 done.
Configuring client 30...
Client 30 done.
Configuring client 31...
Client 31 done.
Configuring client 32...
Client 32 done.
Configuring client 33...
Client 33 done.
Configuring client 34...
Client 34 done.
Configuring client 35...
Client 35 done.
Configuring client 36...
Client 36 done.
Configuring client 37...
Client 37 done.
Configuring client 38...
Client 38 done.
Configuring client 39...
Client 39 done.
Configuring client 40...
Client 40 done.
heterogeneous_data_handler activated ✅ for clients: ['Client 1', 'Client 2', 'Client 3', 'Client 4', 'Client 5', 'Client 6', 'Client 7', 'Client 8', 'Client 9', 'Client 10', 'Client 11', 'Client 12', 'Client 13', 'Client 14', 'Client 15', 'Client 16', 'Client 17', 'Client 18', 'Client 19', 'Client 20', 'Client 21', 'Client 22', 'Client 23', 'Client 24', 'Client 25', 'Client 26', 'Client 27', 'Client 28', 'Client 29', 'Client 30', 'Client 31', 'Client 32', 'Client 33', 'Client 34', 'Client 35', 'Client 36', 'Client 37', 'Client 38', 'Client 39', 'Client 40']
Client Client 40 has insufficient CPU (1). Will not participate in the next FL round.
Client Client 15 has insufficient CPU (1). Will not participate in the next FL round.
Client Client 3 participates in this round. (CPU: 2, RAM: 2)
Client Client 4 participates in this round. (CPU: 2, RAM: 2)
Client Client 35 has insufficient CPU (1). Will not participate in the next FL round.
Client Client 26 has insufficient CPU (1). Will not participate in the next FL round.
Client Client 38 has insufficient CPU (1). Will not participate in the next FL round.
Client Client 14 has insufficient CPU (1). Will not participate in the next FL round.
Client Client 37 has insufficient CPU (1). Will not participate in the next FL round.
Client Client 29 has insufficient CPU (1). Will not participate in the next FL round.
Client Client 23 has insufficient CPU (1). Will not participate in the next FL round.
Client Client 8 has insufficient CPU (1). Will not participate in the next FL round.
Client Client 10 has insufficient CPU (1). Will not participate in the next FL round.
Client Client 11 has insufficient CPU (1). Will not participate in the next FL round.
Client Client 21 has insufficient CPU (1). Will not participate in the next FL round.
Client Client 34 has insufficient CPU (1). Will not participate in the next FL round.
Client Client 16 has insufficient CPU (1). Will not participate in the next FL round.
Client Client 9 has insufficient CPU (1). Will not participate in the next FL round.
Client Client 39 has insufficient CPU (1). Will not participate in the next FL round.
Client Client 31 has insufficient CPU (1). Will not participate in the next FL round.
Client Client 18 has insufficient CPU (1). Will not participate in the next FL round.
Client Client 13 has insufficient CPU (1). Will not participate in the next FL round.
Client Client 20 has insufficient CPU (1). Will not participate in the next FL round.
Client Client 1 participates in this round. (CPU: 2, RAM: 2)
Client Client 25 has insufficient CPU (1). Will not participate in the next FL round.
Client Client 27 has insufficient CPU (1). Will not participate in the next FL round.
Client Client 33 has insufficient CPU (1). Will not participate in the next FL round.
Client Client 7 has insufficient CPU (1). Will not participate in the next FL round.
Client Client 36 has insufficient CPU (1). Will not participate in the next FL round.
Client Client 30 has insufficient CPU (1). Will not participate in the next FL round.
Client Client 19 has insufficient CPU (1). Will not participate in the next FL round.
Client Client 2 participates in this round. (CPU: 2, RAM: 2)
Client Client 24 has insufficient CPU (1). Will not participate in the next FL round.
Client Client 6 has insufficient CPU (1). Will not participate in the next FL round.
Client Client 28 has insufficient CPU (1). Will not participate in the next FL round.
Client Client 17 has insufficient CPU (1). Will not participate in the next FL round.
Client Client 32 has insufficient CPU (1). Will not participate in the next FL round.
Client Client 5 participates in this round. (CPU: 2, RAM: 2)
Client Client 12 has insufficient CPU (1). Will not participate in the next FL round.
Client Client 22 has insufficient CPU (1). Will not participate in the next FL round.
Results Aggregated in 0.10 seconds.
{'prostate_logreg': {'train_loss': [0.6843597850597957, 0.6464357603479315, 0.6235783444451434, 0.5907064102314137, 0.570901440249549, 0.555434650293103], 'train_accuracy': [0.5477941176470589, 0.6888888888888889, 0.71875, 0.7685185185185185, 0.7759259259259259, 0.7925925925925926], 'train_f1': [0.5088386042799476, 0.688417922719997, 0.7172491674779901, 0.767964759838802, 0.7751781082729889, 0.7920421407622038], 'train_mae': [0.4522058823529412, 0.3111111111111111, 0.28125, 0.23148148148148148, 0.22407407407407406, 0.2074074074074074], 'val_loss': [0.7078109672195932, 0.6731397749277309, 0.6477180112726995, 0.6277777580943107, 0.6131940923903225, 0.6020914336562251], 'val_accuracy': [0.4886365117855653, 0.6074008405568689, 0.6721544136271529, 0.6903532965589704, 0.6992973469923824, 0.7049809561334385], 'val_f1': [0.4708663972434376, 0.5996784984224942, 0.6643509843956341, 0.6827847203065107, 0.6917553559698977, 0.6979922021780389], 'val_mae': [0.5113634882144347, 0.39259915944313106, 0.327845586372847, 0.30964670344102974, 0.3007026530076175, 0.2950190438665616], 'jsd': [(0, 0, 0, 0, 0, 0, 0, 0, 0, 0, 0, 0, 0, 0, 0, 0, 0, 0, 0, 0, 0, 0.0034642219743328505, 0.12306145811218505, 0.0012206713952879027, 0.0003843884653275346, 0.0034642219743328505, 0, 0, 0, 0, 0, 0, 0, 0, 0, 0, 0, 0, 0, 0), (0, 0, 0, 0, 0, 0, 0, 0, 0, 0, 0, 0, 0, 0, 0, 0, 0, 0, 0, 0, 0, 0, 0, 0, 0, 0, 0, 0, 0, 0, 0, 0, 0, 0, 0, 0, 0, 0, 0, 0), (0, 0, 0, 0, 0, 0, 0, 0, 0, 0, 0, 0, 0, 0, 0, 0.0007052449150227041, 0, 0, 0, 0, 0, 0, 0, 0, 0, 0, 0, 0, 0, 0, 0, 0, 0, 0, 0, 0, 0, 0, 0, 0), (0, 0, 0, 0, 0, 0, 0, 0, 0, 0, 0, 0, 0, 0, 0, 0, 0, 0, 0, 0, 0, 0, 0, 0, 0, 0, 0, 0, 0, 0, 0, 0, 0, 0, 0, 0, 0, 0, 0, 0), (0, 0, 0, 0, 0, 0, 0, 0, 0, 0, 0, 0, 0, 0, 0, 0, 0, 0, 0, 0, 0, 0, 0, 0, 0, 0, 0, 0, 0, 0, 0, 0, 0, 0, 0, 0, 0, 0, 0, 0), (0, 0, 0, 0, 0, 0, 0, 0, 0, 0, 0, 0, 0, 0, 0, 0, 0, 0, 0, 0, 0, 0, 0, 0, 0, 0, 0, 0, 0, 0, 0, 0, 0, 0, 0, 0, 0, 0, 0, 0)]}}
AdaptationManager: Configuring next round...
{'client_registry': {'enabled': True, 'params': {}}, 'client_selector': {'enabled': True, 'params': {'selection_strategy': 'Resource-Based', 'selection_criteria': 'CPU', 'selection_value': 2}}, 'client_cluster': {'enabled': False, 'params': {}}, 'message_compressor': {'enabled': False, 'params': {}}, 'model_co-versioning_registry': {'enabled': False, 'params': {}}, 'multi-task_model_trainer': {'enabled': False, 'params': {}}, 'heterogeneous_data_handler': {'enabled': True, 'params': {'enabled_clients': []}}}
{'client_selector': {'enabled': True}, 'client_cluster': {'enabled': False}, 'message_compressor': {'enabled': False}, 'model_co-versioning_registry': {'enabled': False}, 'multi-task_model_trainer': {'enabled': False}, 'heterogeneous_data_handler': {'enabled': True, 'params': {'enabled_clients': ['Client 1', 'Client 2', 'Client 3', 'Client 4', 'Client 5', 'Client 6', 'Client 7', 'Client 8', 'Client 9', 'Client 10', 'Client 11', 'Client 12', 'Client 13', 'Client 14', 'Client 15', 'Client 16', 'Client 17', 'Client 18', 'Client 19', 'Client 20', 'Client 21', 'Client 22', 'Client 23', 'Client 24', 'Client 25', 'Client 26', 'Client 27', 'Client 28', 'Client 29', 'Client 30', 'Client 31', 'Client 32', 'Client 33', 'Client 34', 'Client 35', 'Client 36', 'Client 37', 'Client 38', 'Client 39', 'Client 40']}}, 'client_registry': {'enabled': True, 'params': {}}}
round 7, 5 high, 35 low, 0.0-iid clients, predicted best policy: client_selector de-activated ❌
Configuring client 1...
Client 1 done.
Configuring client 2...
Client 2 done.
Configuring client 3...
Client 3 done.
Configuring client 4...
Client 4 done.
Configuring client 5...
Client 5 done.
Configuring client 6...
Client 6 done.
Configuring client 7...
Client 7 done.
Configuring client 8...
Client 8 done.
Configuring client 9...
Client 9 done.
Configuring client 10...
Client 10 done.
Configuring client 11...
Client 11 done.
Configuring client 12...
Client 12 done.
Configuring client 13...
Client 13 done.
Configuring client 14...
Client 14 done.
Configuring client 15...
Client 15 done.
Configuring client 16...
Client 16 done.
Configuring client 17...
Client 17 done.
Configuring client 18...
Client 18 done.
Configuring client 19...
Client 19 done.
Configuring client 20...
Client 20 done.
Configuring client 21...
Client 21 done.
Configuring client 22...
Client 22 done.
Configuring client 23...
Client 23 done.
Configuring client 24...
Client 24 done.
Configuring client 25...
Client 25 done.
Configuring client 26...
Client 26 done.
Configuring client 27...
Client 27 done.
Configuring client 28...
Client 28 done.
Configuring client 29...
Client 29 done.
Configuring client 30...
Client 30 done.
Configuring client 31...
Client 31 done.
Configuring client 32...
Client 32 done.
Configuring client 33...
Client 33 done.
Configuring client 34...
Client 34 done.
Configuring client 35...
Client 35 done.
Configuring client 36...
Client 36 done.
Configuring client 37...
Client 37 done.
Configuring client 38...
Client 38 done.
Configuring client 39...
Client 39 done.
Configuring client 40...
Client 40 done.
heterogeneous_data_handler de-activated ❌
Results Aggregated in 0.10 seconds.
{'prostate_logreg': {'train_loss': [0.6843597850597957, 0.6464357603479315, 0.6235783444451434, 0.5907064102314137, 0.570901440249549, 0.555434650293103, 0.5604729047843389], 'train_accuracy': [0.5477941176470589, 0.6888888888888889, 0.71875, 0.7685185185185185, 0.7759259259259259, 0.7925925925925926, 0.7580357142857143], 'train_f1': [0.5088386042799476, 0.688417922719997, 0.7172491674779901, 0.767964759838802, 0.7751781082729889, 0.7920421407622038, 0.7566558701095748], 'train_mae': [0.4522058823529412, 0.3111111111111111, 0.28125, 0.23148148148148148, 0.22407407407407406, 0.2074074074074074, 0.24196428571428572], 'val_loss': [0.7078109672195932, 0.6731397749277309, 0.6477180112726995, 0.6277777580943107, 0.6131940923903225, 0.6020914336562251, 0.5927103395561528], 'val_accuracy': [0.4886365117855653, 0.6074008405568689, 0.6721544136271529, 0.6903532965589704, 0.6992973469923824, 0.7049809561334385, 0.7097881838905775], 'val_f1': [0.4708663972434376, 0.5996784984224942, 0.6643509843956341, 0.6827847203065107, 0.6917553559698977, 0.6979922021780389, 0.7025993053608722], 'val_mae': [0.5113634882144347, 0.39259915944313106, 0.327845586372847, 0.30964670344102974, 0.3007026530076175, 0.2950190438665616, 0.2902118161094225], 'jsd': [(0, 0, 0, 0, 0, 0, 0, 0, 0, 0, 0, 0, 0, 0, 0, 0, 0, 0, 0, 0, 0, 0.0034642219743328505, 0.12306145811218505, 0.0012206713952879027, 0.0003843884653275346, 0.0034642219743328505, 0, 0, 0, 0, 0, 0, 0, 0, 0, 0, 0, 0, 0, 0), (0, 0, 0, 0, 0, 0, 0, 0, 0, 0, 0, 0, 0, 0, 0, 0, 0, 0, 0, 0, 0, 0, 0, 0, 0, 0, 0, 0, 0, 0, 0, 0, 0, 0, 0, 0, 0, 0, 0, 0), (0, 0, 0, 0, 0, 0, 0, 0, 0, 0, 0, 0, 0, 0, 0, 0.0007052449150227041, 0, 0, 0, 0, 0, 0, 0, 0, 0, 0, 0, 0, 0, 0, 0, 0, 0, 0, 0, 0, 0, 0, 0, 0), (0, 0, 0, 0, 0, 0, 0, 0, 0, 0, 0, 0, 0, 0, 0, 0, 0, 0, 0, 0, 0, 0, 0, 0, 0, 0, 0, 0, 0, 0, 0, 0, 0, 0, 0, 0, 0, 0, 0, 0), (0, 0, 0, 0, 0, 0, 0, 0, 0, 0, 0, 0, 0, 0, 0, 0, 0, 0, 0, 0, 0, 0, 0, 0, 0, 0, 0, 0, 0, 0, 0, 0, 0, 0, 0, 0, 0, 0, 0, 0), (0, 0, 0, 0, 0, 0, 0, 0, 0, 0, 0, 0, 0, 0, 0, 0, 0, 0, 0, 0, 0, 0, 0, 0, 0, 0, 0, 0, 0, 0, 0, 0, 0, 0, 0, 0, 0, 0, 0, 0), (0, 0, 0, 0, 0, 0, 0, 0, 0, 0, 0, 0, 0, 0, 0, 0, 0, 0, 0, 0, 0, 0, 0, 0, 0, 0, 0, 0, 0, 0, 0, 0, 0, 0, 0, 0, 0, 0, 0, 0)]}}
AdaptationManager: Configuring next round...
{'client_registry': {'enabled': True, 'params': {}}, 'client_selector': {'enabled': True, 'params': {'selection_strategy': 'Resource-Based', 'selection_criteria': 'CPU', 'selection_value': 2}}, 'client_cluster': {'enabled': False, 'params': {}}, 'message_compressor': {'enabled': False, 'params': {}}, 'model_co-versioning_registry': {'enabled': False, 'params': {}}, 'multi-task_model_trainer': {'enabled': False, 'params': {}}, 'heterogeneous_data_handler': {'enabled': True, 'params': {'enabled_clients': []}}}
{'client_selector': {'enabled': False}, 'client_cluster': {'enabled': False}, 'message_compressor': {'enabled': False}, 'model_co-versioning_registry': {'enabled': False}, 'multi-task_model_trainer': {'enabled': False}, 'heterogeneous_data_handler': {'enabled': False, 'params': {'enabled_clients': ['Client 1', 'Client 2', 'Client 3', 'Client 4', 'Client 5', 'Client 6', 'Client 7', 'Client 8', 'Client 9', 'Client 10', 'Client 11', 'Client 12', 'Client 13', 'Client 14', 'Client 15', 'Client 16', 'Client 17', 'Client 18', 'Client 19', 'Client 20', 'Client 21', 'Client 22', 'Client 23', 'Client 24', 'Client 25', 'Client 26', 'Client 27', 'Client 28', 'Client 29', 'Client 30', 'Client 31', 'Client 32', 'Client 33', 'Client 34', 'Client 35', 'Client 36', 'Client 37', 'Client 38', 'Client 39', 'Client 40']}}, 'client_registry': {'enabled': True, 'params': {}}}
round 8, 5 high, 35 low, 0.0-iid clients, predicted best policy: client_selector de-activated ❌
Configuring client 1...
Client 1 done.
Configuring client 2...
Client 2 done.
Configuring client 3...
Client 3 done.
Configuring client 4...
Client 4 done.
Configuring client 5...
Client 5 done.
Configuring client 6...
Client 6 done.
Configuring client 7...
Client 7 done.
Configuring client 8...
Client 8 done.
Configuring client 9...
Client 9 done.
Configuring client 10...
Client 10 done.
Configuring client 11...
Client 11 done.
Configuring client 12...
Client 12 done.
Configuring client 13...
Client 13 done.
Configuring client 14...
Client 14 done.
Configuring client 15...
Client 15 done.
Configuring client 16...
Client 16 done.
Configuring client 17...
Client 17 done.
Configuring client 18...
Client 18 done.
Configuring client 19...
Client 19 done.
Configuring client 20...
Client 20 done.
Configuring client 21...
Client 21 done.
Configuring client 22...
Client 22 done.
Configuring client 23...
Client 23 done.
Configuring client 24...
Client 24 done.
Configuring client 25...
Client 25 done.
Configuring client 26...
Client 26 done.
Configuring client 27...
Client 27 done.
Configuring client 28...
Client 28 done.
Configuring client 29...
Client 29 done.
Configuring client 30...
Client 30 done.
Configuring client 31...
Client 31 done.
Configuring client 32...
Client 32 done.
Configuring client 33...
Client 33 done.
Configuring client 34...
Client 34 done.
Configuring client 35...
Client 35 done.
Configuring client 36...
Client 36 done.
Configuring client 37...
Client 37 done.
Configuring client 38...
Client 38 done.
Configuring client 39...
Client 39 done.
Configuring client 40...
Client 40 done.
heterogeneous_data_handler de-activated ❌
Results Aggregated in 0.09 seconds.
{'prostate_logreg': {'train_loss': [0.6843597850597957, 0.6464357603479315, 0.6235783444451434, 0.5907064102314137, 0.570901440249549, 0.555434650293103, 0.5604729047843389, 0.55207931565653], 'train_accuracy': [0.5477941176470589, 0.6888888888888889, 0.71875, 0.7685185185185185, 0.7759259259259259, 0.7925925925925926, 0.7580357142857143, 0.7627232142857143], 'train_f1': [0.5088386042799476, 0.688417922719997, 0.7172491674779901, 0.767964759838802, 0.7751781082729889, 0.7920421407622038, 0.7566558701095748, 0.7613731912581277], 'train_mae': [0.4522058823529412, 0.3111111111111111, 0.28125, 0.23148148148148148, 0.22407407407407406, 0.2074074074074074, 0.24196428571428572, 0.2372767857142857], 'val_loss': [0.7078109672195932, 0.6731397749277309, 0.6477180112726995, 0.6277777580943107, 0.6131940923903225, 0.6020914336562251, 0.5927103395561528, 0.5849609367181419], 'val_accuracy': [0.4886365117855653, 0.6074008405568689, 0.6721544136271529, 0.6903532965589704, 0.6992973469923824, 0.7049809561334385, 0.7097881838905775, 0.7171035967578521], 'val_f1': [0.4708663972434376, 0.5996784984224942, 0.6643509843956341, 0.6827847203065107, 0.6917553559698977, 0.6979922021780389, 0.7025993053608722, 0.7099379992646634], 'val_mae': [0.5113634882144347, 0.39259915944313106, 0.327845586372847, 0.30964670344102974, 0.3007026530076175, 0.2950190438665616, 0.2902118161094225, 0.2828964032421479], 'jsd': [(0, 0, 0, 0, 0, 0, 0, 0, 0, 0, 0, 0, 0, 0, 0, 0, 0, 0, 0, 0, 0, 0.0034642219743328505, 0.12306145811218505, 0.0012206713952879027, 0.0003843884653275346, 0.0034642219743328505, 0, 0, 0, 0, 0, 0, 0, 0, 0, 0, 0, 0, 0, 0), (0, 0, 0, 0, 0, 0, 0, 0, 0, 0, 0, 0, 0, 0, 0, 0, 0, 0, 0, 0, 0, 0, 0, 0, 0, 0, 0, 0, 0, 0, 0, 0, 0, 0, 0, 0, 0, 0, 0, 0), (0, 0, 0, 0, 0, 0, 0, 0, 0, 0, 0, 0, 0, 0, 0, 0.0007052449150227041, 0, 0, 0, 0, 0, 0, 0, 0, 0, 0, 0, 0, 0, 0, 0, 0, 0, 0, 0, 0, 0, 0, 0, 0), (0, 0, 0, 0, 0, 0, 0, 0, 0, 0, 0, 0, 0, 0, 0, 0, 0, 0, 0, 0, 0, 0, 0, 0, 0, 0, 0, 0, 0, 0, 0, 0, 0, 0, 0, 0, 0, 0, 0, 0), (0, 0, 0, 0, 0, 0, 0, 0, 0, 0, 0, 0, 0, 0, 0, 0, 0, 0, 0, 0, 0, 0, 0, 0, 0, 0, 0, 0, 0, 0, 0, 0, 0, 0, 0, 0, 0, 0, 0, 0), (0, 0, 0, 0, 0, 0, 0, 0, 0, 0, 0, 0, 0, 0, 0, 0, 0, 0, 0, 0, 0, 0, 0, 0, 0, 0, 0, 0, 0, 0, 0, 0, 0, 0, 0, 0, 0, 0, 0, 0), (0, 0, 0, 0, 0, 0, 0, 0, 0, 0, 0, 0, 0, 0, 0, 0, 0, 0, 0, 0, 0, 0, 0, 0, 0, 0, 0, 0, 0, 0, 0, 0, 0, 0, 0, 0, 0, 0, 0, 0), (0, 0, 0, 0, 0, 0, 0, 0, 0, 0, 0, 0, 0, 0, 0, 0, 0, 0, 0, 0, 0, 0, 0, 0, 0, 0, 0, 0, 0, 0, 0, 0, 0, 0, 0, 0, 0, 0, 0, 0)]}}
AdaptationManager: Configuring next round...
{'client_registry': {'enabled': True, 'params': {}}, 'client_selector': {'enabled': True, 'params': {'selection_strategy': 'Resource-Based', 'selection_criteria': 'CPU', 'selection_value': 2}}, 'client_cluster': {'enabled': False, 'params': {}}, 'message_compressor': {'enabled': False, 'params': {}}, 'model_co-versioning_registry': {'enabled': False, 'params': {}}, 'multi-task_model_trainer': {'enabled': False, 'params': {}}, 'heterogeneous_data_handler': {'enabled': True, 'params': {'enabled_clients': []}}}
{'client_selector': {'enabled': False}, 'client_cluster': {'enabled': False}, 'message_compressor': {'enabled': False}, 'model_co-versioning_registry': {'enabled': False}, 'multi-task_model_trainer': {'enabled': False}, 'heterogeneous_data_handler': {'enabled': False, 'params': {'enabled_clients': ['Client 1', 'Client 2', 'Client 3', 'Client 4', 'Client 5', 'Client 6', 'Client 7', 'Client 8', 'Client 9', 'Client 10', 'Client 11', 'Client 12', 'Client 13', 'Client 14', 'Client 15', 'Client 16', 'Client 17', 'Client 18', 'Client 19', 'Client 20', 'Client 21', 'Client 22', 'Client 23', 'Client 24', 'Client 25', 'Client 26', 'Client 27', 'Client 28', 'Client 29', 'Client 30', 'Client 31', 'Client 32', 'Client 33', 'Client 34', 'Client 35', 'Client 36', 'Client 37', 'Client 38', 'Client 39', 'Client 40']}}, 'client_registry': {'enabled': True, 'params': {}}}
round 9, 5 high, 35 low, 0.0-iid clients, predicted best policy: client_selector activated ✅
Configuring client 1...
Client 1 done.
Configuring client 2...
Client 2 done.
Configuring client 3...
Client 3 done.
Configuring client 4...
Client 4 done.
Configuring client 5...
Client 5 done.
Configuring client 6...
Client 6 done.
Configuring client 7...
Client 7 done.
Configuring client 8...
Client 8 done.
Configuring client 9...
Client 9 done.
Configuring client 10...
Client 10 done.
Configuring client 11...
Client 11 done.
Configuring client 12...
Client 12 done.
Configuring client 13...
Client 13 done.
Configuring client 14...
Client 14 done.
Configuring client 15...
Client 15 done.
Configuring client 16...
Client 16 done.
Configuring client 17...
Client 17 done.
Configuring client 18...
Client 18 done.
Configuring client 19...
Client 19 done.
Configuring client 20...
Client 20 done.
Configuring client 21...
Client 21 done.
Configuring client 22...
Client 22 done.
Configuring client 23...
Client 23 done.
Configuring client 24...
Client 24 done.
Configuring client 25...
Client 25 done.
Configuring client 26...
Client 26 done.
Configuring client 27...
Client 27 done.
Configuring client 28...
Client 28 done.
Configuring client 29...
Client 29 done.
Configuring client 30...
Client 30 done.
Configuring client 31...
Client 31 done.
Configuring client 32...
Client 32 done.
Configuring client 33...
Client 33 done.
Configuring client 34...
Client 34 done.
Configuring client 35...
Client 35 done.
Configuring client 36...
Client 36 done.
Configuring client 37...
Client 37 done.
Configuring client 38...
Client 38 done.
Configuring client 39...
Client 39 done.
Configuring client 40...
Client 40 done.
heterogeneous_data_handler de-activated ❌
Client Client 15 has insufficient CPU (1). Will not participate in the next FL round.
Client Client 40 has insufficient CPU (1). Will not participate in the next FL round.
Client Client 6 has insufficient CPU (1). Will not participate in the next FL round.
Client Client 32 has insufficient CPU (1). Will not participate in the next FL round.
Client Client 24 has insufficient CPU (1). Will not participate in the next FL round.
Client Client 22 has insufficient CPU (1). Will not participate in the next FL round.
Client Client 29 has insufficient CPU (1). Will not participate in the next FL round.
Client Client 10 has insufficient CPU (1). Will not participate in the next FL round.
Client Client 36 has insufficient CPU (1). Will not participate in the next FL round.
Client Client 28 has insufficient CPU (1). Will not participate in the next FL round.
Client Client 11 has insufficient CPU (1). Will not participate in the next FL round.
Client Client 14 has insufficient CPU (1). Will not participate in the next FL round.
Client Client 38 has insufficient CPU (1). Will not participate in the next FL round.
Client Client 25 has insufficient CPU (1). Will not participate in the next FL round.
Client Client 31 has insufficient CPU (1). Will not participate in the next FL round.
Client Client 30 has insufficient CPU (1). Will not participate in the next FL round.
Client Client 17 has insufficient CPU (1). Will not participate in the next FL round.
Client Client 35 has insufficient CPU (1). Will not participate in the next FL round.
Client Client 19 has insufficient CPU (1). Will not participate in the next FL round.
Client Client 7 has insufficient CPU (1). Will not participate in the next FL round.
Client Client 37 has insufficient CPU (1). Will not participate in the next FL round.
Client Client 23 has insufficient CPU (1). Will not participate in the next FL round.
Client Client 12 has insufficient CPU (1). Will not participate in the next FL round.
Client Client 9 has insufficient CPU (1). Will not participate in the next FL round.
Client Client 8 has insufficient CPU (1). Will not participate in the next FL round.
Client Client 26 has insufficient CPU (1). Will not participate in the next FL round.
Client Client 2 participates in this round. (CPU: 2, RAM: 2)
Client Client 5 participates in this round. (CPU: 2, RAM: 2)
Client Client 4 participates in this round. (CPU: 2, RAM: 2)
Client Client 39 has insufficient CPU (1). Will not participate in the next FL round.
Client Client 33 has insufficient CPU (1). Will not participate in the next FL round.
Client Client 20 has insufficient CPU (1). Will not participate in the next FL round.
Client Client 13 has insufficient CPU (1). Will not participate in the next FL round.
Client Client 18 has insufficient CPU (1). Will not participate in the next FL round.
Client Client 3 participates in this round. (CPU: 2, RAM: 2)
Client Client 27 has insufficient CPU (1). Will not participate in the next FL round.
Client Client 34 has insufficient CPU (1). Will not participate in the next FL round.
Client Client 16 has insufficient CPU (1). Will not participate in the next FL round.
Client Client 21 has insufficient CPU (1). Will not participate in the next FL round.
Client Client 1 participates in this round. (CPU: 2, RAM: 2)
Results Aggregated in 0.08 seconds.
{'prostate_logreg': {'train_loss': [0.6843597850597957, 0.6464357603479315, 0.6235783444451434, 0.5907064102314137, 0.570901440249549, 0.555434650293103, 0.5604729047843389, 0.55207931565653, 0.5267964446986163], 'train_accuracy': [0.5477941176470589, 0.6888888888888889, 0.71875, 0.7685185185185185, 0.7759259259259259, 0.7925925925925926, 0.7580357142857143, 0.7627232142857143, 0.8018518518518518], 'train_f1': [0.5088386042799476, 0.688417922719997, 0.7172491674779901, 0.767964759838802, 0.7751781082729889, 0.7920421407622038, 0.7566558701095748, 0.7613731912581277, 0.8012444160180034], 'train_mae': [0.4522058823529412, 0.3111111111111111, 0.28125, 0.23148148148148148, 0.22407407407407406, 0.2074074074074074, 0.24196428571428572, 0.2372767857142857, 0.19814814814814816], 'val_loss': [0.7078109672195932, 0.6731397749277309, 0.6477180112726995, 0.6277777580943107, 0.6131940923903225, 0.6020914336562251, 0.5927103395561528, 0.5849609367181419, 0.5793635084649725], 'val_accuracy': [0.4886365117855653, 0.6074008405568689, 0.6721544136271529, 0.6903532965589704, 0.6992973469923824, 0.7049809561334385, 0.7097881838905775, 0.7171035967578521, 0.7232433674809562], 'val_f1': [0.4708663972434376, 0.5996784984224942, 0.6643509843956341, 0.6827847203065107, 0.6917553559698977, 0.6979922021780389, 0.7025993053608722, 0.7099379992646634, 0.7166080742321758], 'val_mae': [0.5113634882144347, 0.39259915944313106, 0.327845586372847, 0.30964670344102974, 0.3007026530076175, 0.2950190438665616, 0.2902118161094225, 0.2828964032421479, 0.27675663251904387], 'jsd': [(0, 0, 0, 0, 0, 0, 0, 0, 0, 0, 0, 0, 0, 0, 0, 0, 0, 0, 0, 0, 0, 0.0034642219743328505, 0.12306145811218505, 0.0012206713952879027, 0.0003843884653275346, 0.0034642219743328505, 0, 0, 0, 0, 0, 0, 0, 0, 0, 0, 0, 0, 0, 0), (0, 0, 0, 0, 0, 0, 0, 0, 0, 0, 0, 0, 0, 0, 0, 0, 0, 0, 0, 0, 0, 0, 0, 0, 0, 0, 0, 0, 0, 0, 0, 0, 0, 0, 0, 0, 0, 0, 0, 0), (0, 0, 0, 0, 0, 0, 0, 0, 0, 0, 0, 0, 0, 0, 0, 0.0007052449150227041, 0, 0, 0, 0, 0, 0, 0, 0, 0, 0, 0, 0, 0, 0, 0, 0, 0, 0, 0, 0, 0, 0, 0, 0), (0, 0, 0, 0, 0, 0, 0, 0, 0, 0, 0, 0, 0, 0, 0, 0, 0, 0, 0, 0, 0, 0, 0, 0, 0, 0, 0, 0, 0, 0, 0, 0, 0, 0, 0, 0, 0, 0, 0, 0), (0, 0, 0, 0, 0, 0, 0, 0, 0, 0, 0, 0, 0, 0, 0, 0, 0, 0, 0, 0, 0, 0, 0, 0, 0, 0, 0, 0, 0, 0, 0, 0, 0, 0, 0, 0, 0, 0, 0, 0), (0, 0, 0, 0, 0, 0, 0, 0, 0, 0, 0, 0, 0, 0, 0, 0, 0, 0, 0, 0, 0, 0, 0, 0, 0, 0, 0, 0, 0, 0, 0, 0, 0, 0, 0, 0, 0, 0, 0, 0), (0, 0, 0, 0, 0, 0, 0, 0, 0, 0, 0, 0, 0, 0, 0, 0, 0, 0, 0, 0, 0, 0, 0, 0, 0, 0, 0, 0, 0, 0, 0, 0, 0, 0, 0, 0, 0, 0, 0, 0), (0, 0, 0, 0, 0, 0, 0, 0, 0, 0, 0, 0, 0, 0, 0, 0, 0, 0, 0, 0, 0, 0, 0, 0, 0, 0, 0, 0, 0, 0, 0, 0, 0, 0, 0, 0, 0, 0, 0, 0), (0, 0, 0, 0, 0, 0, 0, 0, 0, 0, 0, 0, 0, 0, 0, 0, 0, 0, 0, 0, 0, 0, 0, 0, 0, 0, 0, 0, 0, 0, 0, 0, 0, 0, 0, 0, 0, 0, 0, 0)]}}
AdaptationManager: Configuring next round...
{'client_registry': {'enabled': True, 'params': {}}, 'client_selector': {'enabled': True, 'params': {'selection_strategy': 'Resource-Based', 'selection_criteria': 'CPU', 'selection_value': 2}}, 'client_cluster': {'enabled': False, 'params': {}}, 'message_compressor': {'enabled': False, 'params': {}}, 'model_co-versioning_registry': {'enabled': False, 'params': {}}, 'multi-task_model_trainer': {'enabled': False, 'params': {}}, 'heterogeneous_data_handler': {'enabled': True, 'params': {'enabled_clients': []}}}
{'client_selector': {'enabled': True}, 'client_cluster': {'enabled': False}, 'message_compressor': {'enabled': False}, 'model_co-versioning_registry': {'enabled': False}, 'multi-task_model_trainer': {'enabled': False}, 'heterogeneous_data_handler': {'enabled': False, 'params': {'enabled_clients': ['Client 1', 'Client 2', 'Client 3', 'Client 4', 'Client 5', 'Client 6', 'Client 7', 'Client 8', 'Client 9', 'Client 10', 'Client 11', 'Client 12', 'Client 13', 'Client 14', 'Client 15', 'Client 16', 'Client 17', 'Client 18', 'Client 19', 'Client 20', 'Client 21', 'Client 22', 'Client 23', 'Client 24', 'Client 25', 'Client 26', 'Client 27', 'Client 28', 'Client 29', 'Client 30', 'Client 31', 'Client 32', 'Client 33', 'Client 34', 'Client 35', 'Client 36', 'Client 37', 'Client 38', 'Client 39', 'Client 40']}}, 'client_registry': {'enabled': True, 'params': {}}}
round 10, 5 high, 35 low, 0.0-iid clients, predicted best policy: client_selector activated ✅
Configuring client 1...
Client 1 done.
Configuring client 2...
Client 2 done.
Configuring client 3...
Client 3 done.
Configuring client 4...
Client 4 done.
Configuring client 5...
Client 5 done.
Configuring client 6...
Client 6 done.
Configuring client 7...
Client 7 done.
Configuring client 8...
Client 8 done.
Configuring client 9...
Client 9 done.
Configuring client 10...
Client 10 done.
Configuring client 11...
Client 11 done.
Configuring client 12...
Client 12 done.
Configuring client 13...
Client 13 done.
Configuring client 14...
Client 14 done.
Configuring client 15...
Client 15 done.
Configuring client 16...
Client 16 done.
Configuring client 17...
Client 17 done.
Configuring client 18...
Client 18 done.
Configuring client 19...
Client 19 done.
Configuring client 20...
Client 20 done.
Configuring client 21...
Client 21 done.
Configuring client 22...
Client 22 done.
Configuring client 23...
Client 23 done.
Configuring client 24...
Client 24 done.
Configuring client 25...
Client 25 done.
Configuring client 26...
Client 26 done.
Configuring client 27...
Client 27 done.
Configuring client 28...
Client 28 done.
Configuring client 29...
Client 29 done.
Configuring client 30...
Client 30 done.
Configuring client 31...
Client 31 done.
Configuring client 32...
Client 32 done.
Configuring client 33...
Client 33 done.
Configuring client 34...
Client 34 done.
Configuring client 35...
Client 35 done.
Configuring client 36...
Client 36 done.
Configuring client 37...
Client 37 done.
Configuring client 38...
Client 38 done.
Configuring client 39...
Client 39 done.
Configuring client 40...
Client 40 done.
heterogeneous_data_handler activated ✅ for clients: ['Client 1', 'Client 2', 'Client 3', 'Client 4', 'Client 5', 'Client 6', 'Client 7', 'Client 8', 'Client 9', 'Client 10', 'Client 11', 'Client 12', 'Client 13', 'Client 14', 'Client 15', 'Client 16', 'Client 17', 'Client 18', 'Client 19', 'Client 20', 'Client 21', 'Client 22', 'Client 23', 'Client 24', 'Client 25', 'Client 26', 'Client 27', 'Client 28', 'Client 29', 'Client 30', 'Client 31', 'Client 32', 'Client 33', 'Client 34', 'Client 35', 'Client 36', 'Client 37', 'Client 38', 'Client 39', 'Client 40']
Client Client 4 participates in this round. (CPU: 2, RAM: 2)
Client Client 15 has insufficient CPU (1). Will not participate in the next FL round.
Client Client 29 has insufficient CPU (1). Will not participate in the next FL round.
Client Client 11 has insufficient CPU (1). Will not participate in the next FL round.
Client Client 24 has insufficient CPU (1). Will not participate in the next FL round.
Client Client 16 has insufficient CPU (1). Will not participate in the next FL round.
Client Client 27 has insufficient CPU (1). Will not participate in the next FL round.
Client Client 13 has insufficient CPU (1). Will not participate in the next FL round.
Client Client 8 has insufficient CPU (1). Will not participate in the next FL round.
Client Client 40 has insufficient CPU (1). Will not participate in the next FL round.
Client Client 1 participates in this round. (CPU: 2, RAM: 2)
Client Client 19 has insufficient CPU (1). Will not participate in the next FL round.
Client Client 33 has insufficient CPU (1). Will not participate in the next FL round.
Client Client 20 has insufficient CPU (1). Will not participate in the next FL round.
Client Client 25 has insufficient CPU (1). Will not participate in the next FL round.
Client Client 31 has insufficient CPU (1). Will not participate in the next FL round.
Client Client 18 has insufficient CPU (1). Will not participate in the next FL round.
Client Client 3 participates in this round. (CPU: 2, RAM: 2)
Client Client 30 has insufficient CPU (1). Will not participate in the next FL round.
Client Client 9 has insufficient CPU (1). Will not participate in the next FL round.
Client Client 22 has insufficient CPU (1). Will not participate in the next FL round.
Client Client 26 has insufficient CPU (1). Will not participate in the next FL round.
Client Client 12 has insufficient CPU (1). Will not participate in the next FL round.
Client Client 35 has insufficient CPU (1). Will not participate in the next FL round.
Client Client 10 has insufficient CPU (1). Will not participate in the next FL round.
Client Client 14 has insufficient CPU (1). Will not participate in the next FL round.
Client Client 23 has insufficient CPU (1). Will not participate in the next FL round.
Client Client 34 has insufficient CPU (1). Will not participate in the next FL round.
Client Client 21 has insufficient CPU (1). Will not participate in the next FL round.
Client Client 37 has insufficient CPU (1). Will not participate in the next FL round.
Client Client 17 has insufficient CPU (1). Will not participate in the next FL round.
Client Client 28 has insufficient CPU (1). Will not participate in the next FL round.
Client Client 6 has insufficient CPU (1). Will not participate in the next FL round.
Client Client 32 has insufficient CPU (1). Will not participate in the next FL round.
Client Client 39 has insufficient CPU (1). Will not participate in the next FL round.
Client Client 38 has insufficient CPU (1). Will not participate in the next FL round.
Client Client 5 participates in this round. (CPU: 2, RAM: 2)
Client Client 7 has insufficient CPU (1). Will not participate in the next FL round.
Client Client 2 participates in this round. (CPU: 2, RAM: 2)
Client Client 36 has insufficient CPU (1). Will not participate in the next FL round.
Results Aggregated in 0.05 seconds.
{'prostate_logreg': {'train_loss': [0.6843597850597957, 0.6464357603479315, 0.6235783444451434, 0.5907064102314137, 0.570901440249549, 0.555434650293103, 0.5604729047843389, 0.55207931565653, 0.5267964446986163, 0.5197690917385949], 'train_accuracy': [0.5477941176470589, 0.6888888888888889, 0.71875, 0.7685185185185185, 0.7759259259259259, 0.7925925925925926, 0.7580357142857143, 0.7627232142857143, 0.8018518518518518, 0.8037037037037037], 'train_f1': [0.5088386042799476, 0.688417922719997, 0.7172491674779901, 0.767964759838802, 0.7751781082729889, 0.7920421407622038, 0.7566558701095748, 0.7613731912581277, 0.8012444160180034, 0.803146892918688], 'train_mae': [0.4522058823529412, 0.3111111111111111, 0.28125, 0.23148148148148148, 0.22407407407407406, 0.2074074074074074, 0.24196428571428572, 0.2372767857142857, 0.19814814814814816, 0.1962962962962963], 'val_loss': [0.7078109672195932, 0.6731397749277309, 0.6477180112726995, 0.6277777580943107, 0.6131940923903225, 0.6020914336562251, 0.5927103395561528, 0.5849609367181419, 0.5793635084649725, 0.5751576870233643], 'val_accuracy': [0.4886365117855653, 0.6074008405568689, 0.6721544136271529, 0.6903532965589704, 0.6992973469923824, 0.7049809561334385, 0.7097881838905775, 0.7171035967578521, 0.7232433674809562, 0.7237687155240347], 'val_f1': [0.4708663972434376, 0.5996784984224942, 0.6643509843956341, 0.6827847203065107, 0.6917553559698977, 0.6979922021780389, 0.7025993053608722, 0.7099379992646634, 0.7166080742321758, 0.7174676849677234], 'val_mae': [0.5113634882144347, 0.39259915944313106, 0.327845586372847, 0.30964670344102974, 0.3007026530076175, 0.2950190438665616, 0.2902118161094225, 0.2828964032421479, 0.27675663251904387, 0.27623128447596534], 'jsd': [(0, 0, 0, 0, 0, 0, 0, 0, 0, 0, 0, 0, 0, 0, 0, 0, 0, 0, 0, 0, 0, 0.0034642219743328505, 0.12306145811218505, 0.0012206713952879027, 0.0003843884653275346, 0.0034642219743328505, 0, 0, 0, 0, 0, 0, 0, 0, 0, 0, 0, 0, 0, 0), (0, 0, 0, 0, 0, 0, 0, 0, 0, 0, 0, 0, 0, 0, 0, 0, 0, 0, 0, 0, 0, 0, 0, 0, 0, 0, 0, 0, 0, 0, 0, 0, 0, 0, 0, 0, 0, 0, 0, 0), (0, 0, 0, 0, 0, 0, 0, 0, 0, 0, 0, 0, 0, 0, 0, 0.0007052449150227041, 0, 0, 0, 0, 0, 0, 0, 0, 0, 0, 0, 0, 0, 0, 0, 0, 0, 0, 0, 0, 0, 0, 0, 0), (0, 0, 0, 0, 0, 0, 0, 0, 0, 0, 0, 0, 0, 0, 0, 0, 0, 0, 0, 0, 0, 0, 0, 0, 0, 0, 0, 0, 0, 0, 0, 0, 0, 0, 0, 0, 0, 0, 0, 0), (0, 0, 0, 0, 0, 0, 0, 0, 0, 0, 0, 0, 0, 0, 0, 0, 0, 0, 0, 0, 0, 0, 0, 0, 0, 0, 0, 0, 0, 0, 0, 0, 0, 0, 0, 0, 0, 0, 0, 0), (0, 0, 0, 0, 0, 0, 0, 0, 0, 0, 0, 0, 0, 0, 0, 0, 0, 0, 0, 0, 0, 0, 0, 0, 0, 0, 0, 0, 0, 0, 0, 0, 0, 0, 0, 0, 0, 0, 0, 0), (0, 0, 0, 0, 0, 0, 0, 0, 0, 0, 0, 0, 0, 0, 0, 0, 0, 0, 0, 0, 0, 0, 0, 0, 0, 0, 0, 0, 0, 0, 0, 0, 0, 0, 0, 0, 0, 0, 0, 0), (0, 0, 0, 0, 0, 0, 0, 0, 0, 0, 0, 0, 0, 0, 0, 0, 0, 0, 0, 0, 0, 0, 0, 0, 0, 0, 0, 0, 0, 0, 0, 0, 0, 0, 0, 0, 0, 0, 0, 0), (0, 0, 0, 0, 0, 0, 0, 0, 0, 0, 0, 0, 0, 0, 0, 0, 0, 0, 0, 0, 0, 0, 0, 0, 0, 0, 0, 0, 0, 0, 0, 0, 0, 0, 0, 0, 0, 0, 0, 0), (0, 0, 0, 0, 0, 0, 0, 0, 0, 0, 0, 0, 0, 0, 0, 0, 0, 0, 0, 0, 0, 0, 0, 0, 0, 0, 0, 0, 0, 0, 0, 0, 0, 0, 0, 0, 0, 0, 0, 0)]}}
AdaptationManager: Configuring next round...
{'client_registry': {'enabled': True, 'params': {}}, 'client_selector': {'enabled': True, 'params': {'selection_strategy': 'Resource-Based', 'selection_criteria': 'CPU', 'selection_value': 2}}, 'client_cluster': {'enabled': False, 'params': {}}, 'message_compressor': {'enabled': False, 'params': {}}, 'model_co-versioning_registry': {'enabled': False, 'params': {}}, 'multi-task_model_trainer': {'enabled': False, 'params': {}}, 'heterogeneous_data_handler': {'enabled': True, 'params': {'enabled_clients': []}}}
{'client_selector': {'enabled': True}, 'client_cluster': {'enabled': False}, 'message_compressor': {'enabled': False}, 'model_co-versioning_registry': {'enabled': False}, 'multi-task_model_trainer': {'enabled': False}, 'heterogeneous_data_handler': {'enabled': True, 'params': {'enabled_clients': ['Client 1', 'Client 2', 'Client 3', 'Client 4', 'Client 5', 'Client 6', 'Client 7', 'Client 8', 'Client 9', 'Client 10', 'Client 11', 'Client 12', 'Client 13', 'Client 14', 'Client 15', 'Client 16', 'Client 17', 'Client 18', 'Client 19', 'Client 20', 'Client 21', 'Client 22', 'Client 23', 'Client 24', 'Client 25', 'Client 26', 'Client 27', 'Client 28', 'Client 29', 'Client 30', 'Client 31', 'Client 32', 'Client 33', 'Client 34', 'Client 35', 'Client 36', 'Client 37', 'Client 38', 'Client 39', 'Client 40']}}, 'client_registry': {'enabled': True, 'params': {}}}
round 11, 5 high, 35 low, 0.0-iid clients, predicted best policy: client_selector activated ✅
Configuring client 1...
Client 1 done.
Configuring client 2...
Client 2 done.
Configuring client 3...
Client 3 done.
Configuring client 4...
Client 4 done.
Configuring client 5...
Client 5 done.
Configuring client 6...
Client 6 done.
Configuring client 7...
Client 7 done.
Configuring client 8...
Client 8 done.
Configuring client 9...
Client 9 done.
Configuring client 10...
Client 10 done.
Configuring client 11...
Client 11 done.
Configuring client 12...
Client 12 done.
Configuring client 13...
Client 13 done.
Configuring client 14...
Client 14 done.
Configuring client 15...
Client 15 done.
Configuring client 16...
Client 16 done.
Configuring client 17...
Client 17 done.
Configuring client 18...
Client 18 done.
Configuring client 19...
Client 19 done.
Configuring client 20...
Client 20 done.
Configuring client 21...
Client 21 done.
Configuring client 22...
Client 22 done.
Configuring client 23...
Client 23 done.
Configuring client 24...
Client 24 done.
Configuring client 25...
Client 25 done.
Configuring client 26...
Client 26 done.
Configuring client 27...
Client 27 done.
Configuring client 28...
Client 28 done.
Configuring client 29...
Client 29 done.
Configuring client 30...
Client 30 done.
Configuring client 31...
Client 31 done.
Configuring client 32...
Client 32 done.
Configuring client 33...
Client 33 done.
Configuring client 34...
Client 34 done.
Configuring client 35...
Client 35 done.
Configuring client 36...
Client 36 done.
Configuring client 37...
Client 37 done.
Configuring client 38...
Client 38 done.
Configuring client 39...
Client 39 done.
Configuring client 40...
Client 40 done.
heterogeneous_data_handler activated ✅ for clients: ['Client 1', 'Client 2', 'Client 3', 'Client 4', 'Client 5', 'Client 6', 'Client 7', 'Client 8', 'Client 9', 'Client 10', 'Client 11', 'Client 12', 'Client 13', 'Client 14', 'Client 15', 'Client 16', 'Client 17', 'Client 18', 'Client 19', 'Client 20', 'Client 21', 'Client 22', 'Client 23', 'Client 24', 'Client 25', 'Client 26', 'Client 27', 'Client 28', 'Client 29', 'Client 30', 'Client 31', 'Client 32', 'Client 33', 'Client 34', 'Client 35', 'Client 36', 'Client 37', 'Client 38', 'Client 39', 'Client 40']
Client Client 22 has insufficient CPU (1). Will not participate in the next FL round.
Client Client 11 has insufficient CPU (1). Will not participate in the next FL round.
Client Client 7 has insufficient CPU (1). Will not participate in the next FL round.
Client Client 12 has insufficient CPU (1). Will not participate in the next FL round.
Client Client 25 has insufficient CPU (1). Will not participate in the next FL round.
Client Client 4 participates in this round. (CPU: 2, RAM: 2)
Client Client 21 has insufficient CPU (1). Will not participate in the next FL round.
Client Client 37 has insufficient CPU (1). Will not participate in the next FL round.
Client Client 14 has insufficient CPU (1). Will not participate in the next FL round.
Client Client 20 has insufficient CPU (1). Will not participate in the next FL round.
Client Client 26 has insufficient CPU (1). Will not participate in the next FL round.
Client Client 19 has insufficient CPU (1). Will not participate in the next FL round.
Client Client 9 has insufficient CPU (1). Will not participate in the next FL round.
Client Client 2 participates in this round. (CPU: 2, RAM: 2)
Client Client 17 has insufficient CPU (1). Will not participate in the next FL round.
Client Client 38 has insufficient CPU (1). Will not participate in the next FL round.
Client Client 28 has insufficient CPU (1). Will not participate in the next FL round.
Client Client 39 has insufficient CPU (1). Will not participate in the next FL round.
Client Client 27 has insufficient CPU (1). Will not participate in the next FL round.
Client Client 35 has insufficient CPU (1). Will not participate in the next FL round.
Client Client 15 has insufficient CPU (1). Will not participate in the next FL round.
Client Client 13 has insufficient CPU (1). Will not participate in the next FL round.
Client Client 5 participates in this round. (CPU: 2, RAM: 2)
Client Client 3 participates in this round. (CPU: 2, RAM: 2)
Client Client 40 has insufficient CPU (1). Will not participate in the next FL round.
Client Client 10 has insufficient CPU (1). Will not participate in the next FL round.
Client Client 18 has insufficient CPU (1). Will not participate in the next FL round.
Client Client 31 has insufficient CPU (1). Will not participate in the next FL round.
Client Client 29 has insufficient CPU (1). Will not participate in the next FL round.
Client Client 24 has insufficient CPU (1). Will not participate in the next FL round.
Client Client 33 has insufficient CPU (1). Will not participate in the next FL round.
Client Client 6 has insufficient CPU (1). Will not participate in the next FL round.
Client Client 36 has insufficient CPU (1). Will not participate in the next FL round.
Client Client 23 has insufficient CPU (1). Will not participate in the next FL round.
Client Client 32 has insufficient CPU (1). Will not participate in the next FL round.
Client Client 30 has insufficient CPU (1). Will not participate in the next FL round.
Client Client 16 has insufficient CPU (1). Will not participate in the next FL round.
Client Client 1 participates in this round. (CPU: 2, RAM: 2)
Client Client 8 has insufficient CPU (1). Will not participate in the next FL round.
Client Client 34 has insufficient CPU (1). Will not participate in the next FL round.
Results Aggregated in 0.08 seconds.
{'prostate_logreg': {'train_loss': [0.6843597850597957, 0.6464357603479315, 0.6235783444451434, 0.5907064102314137, 0.570901440249549, 0.555434650293103, 0.5604729047843389, 0.55207931565653, 0.5267964446986163, 0.5197690917385949, 0.5139336434779344], 'train_accuracy': [0.5477941176470589, 0.6888888888888889, 0.71875, 0.7685185185185185, 0.7759259259259259, 0.7925925925925926, 0.7580357142857143, 0.7627232142857143, 0.8018518518518518, 0.8037037037037037, 0.8055555555555556], 'train_f1': [0.5088386042799476, 0.688417922719997, 0.7172491674779901, 0.767964759838802, 0.7751781082729889, 0.7920421407622038, 0.7566558701095748, 0.7613731912581277, 0.8012444160180034, 0.803146892918688, 0.8049749117966943], 'train_mae': [0.4522058823529412, 0.3111111111111111, 0.28125, 0.23148148148148148, 0.22407407407407406, 0.2074074074074074, 0.24196428571428572, 0.2372767857142857, 0.19814814814814816, 0.1962962962962963, 0.19444444444444445], 'val_loss': [0.7078109672195932, 0.6731397749277309, 0.6477180112726995, 0.6277777580943107, 0.6131940923903225, 0.6020914336562251, 0.5927103395561528, 0.5849609367181419, 0.5793635084649725, 0.5751576870233643, 0.571792094709681], 'val_accuracy': [0.4886365117855653, 0.6074008405568689, 0.6721544136271529, 0.6903532965589704, 0.6992973469923824, 0.7049809561334385, 0.7097881838905775, 0.7171035967578521, 0.7232433674809562, 0.7237687155240347, 0.7249474651956922], 'val_f1': [0.4708663972434376, 0.5996784984224942, 0.6643509843956341, 0.6827847203065107, 0.6917553559698977, 0.6979922021780389, 0.7025993053608722, 0.7099379992646634, 0.7166080742321758, 0.7174676849677234, 0.7187971607872521], 'val_mae': [0.5113634882144347, 0.39259915944313106, 0.327845586372847, 0.30964670344102974, 0.3007026530076175, 0.2950190438665616, 0.2902118161094225, 0.2828964032421479, 0.27675663251904387, 0.27623128447596534, 0.27505253480430786], 'jsd': [(0, 0, 0, 0, 0, 0, 0, 0, 0, 0, 0, 0, 0, 0, 0, 0, 0, 0, 0, 0, 0, 0.0034642219743328505, 0.12306145811218505, 0.0012206713952879027, 0.0003843884653275346, 0.0034642219743328505, 0, 0, 0, 0, 0, 0, 0, 0, 0, 0, 0, 0, 0, 0), (0, 0, 0, 0, 0, 0, 0, 0, 0, 0, 0, 0, 0, 0, 0, 0, 0, 0, 0, 0, 0, 0, 0, 0, 0, 0, 0, 0, 0, 0, 0, 0, 0, 0, 0, 0, 0, 0, 0, 0), (0, 0, 0, 0, 0, 0, 0, 0, 0, 0, 0, 0, 0, 0, 0, 0.0007052449150227041, 0, 0, 0, 0, 0, 0, 0, 0, 0, 0, 0, 0, 0, 0, 0, 0, 0, 0, 0, 0, 0, 0, 0, 0), (0, 0, 0, 0, 0, 0, 0, 0, 0, 0, 0, 0, 0, 0, 0, 0, 0, 0, 0, 0, 0, 0, 0, 0, 0, 0, 0, 0, 0, 0, 0, 0, 0, 0, 0, 0, 0, 0, 0, 0), (0, 0, 0, 0, 0, 0, 0, 0, 0, 0, 0, 0, 0, 0, 0, 0, 0, 0, 0, 0, 0, 0, 0, 0, 0, 0, 0, 0, 0, 0, 0, 0, 0, 0, 0, 0, 0, 0, 0, 0), (0, 0, 0, 0, 0, 0, 0, 0, 0, 0, 0, 0, 0, 0, 0, 0, 0, 0, 0, 0, 0, 0, 0, 0, 0, 0, 0, 0, 0, 0, 0, 0, 0, 0, 0, 0, 0, 0, 0, 0), (0, 0, 0, 0, 0, 0, 0, 0, 0, 0, 0, 0, 0, 0, 0, 0, 0, 0, 0, 0, 0, 0, 0, 0, 0, 0, 0, 0, 0, 0, 0, 0, 0, 0, 0, 0, 0, 0, 0, 0), (0, 0, 0, 0, 0, 0, 0, 0, 0, 0, 0, 0, 0, 0, 0, 0, 0, 0, 0, 0, 0, 0, 0, 0, 0, 0, 0, 0, 0, 0, 0, 0, 0, 0, 0, 0, 0, 0, 0, 0), (0, 0, 0, 0, 0, 0, 0, 0, 0, 0, 0, 0, 0, 0, 0, 0, 0, 0, 0, 0, 0, 0, 0, 0, 0, 0, 0, 0, 0, 0, 0, 0, 0, 0, 0, 0, 0, 0, 0, 0), (0, 0, 0, 0, 0, 0, 0, 0, 0, 0, 0, 0, 0, 0, 0, 0, 0, 0, 0, 0, 0, 0, 0, 0, 0, 0, 0, 0, 0, 0, 0, 0, 0, 0, 0, 0, 0, 0, 0, 0), (0, 0, 0, 0, 0, 0, 0, 0, 0, 0, 0, 0, 0, 0, 0, 0, 0, 0, 0, 0, 0, 0, 0, 0, 0, 0, 0, 0, 0, 0, 0, 0, 0, 0, 0, 0, 0, 0, 0, 0)]}}
AdaptationManager: Configuring next round...
{'client_registry': {'enabled': True, 'params': {}}, 'client_selector': {'enabled': True, 'params': {'selection_strategy': 'Resource-Based', 'selection_criteria': 'CPU', 'selection_value': 2}}, 'client_cluster': {'enabled': False, 'params': {}}, 'message_compressor': {'enabled': False, 'params': {}}, 'model_co-versioning_registry': {'enabled': False, 'params': {}}, 'multi-task_model_trainer': {'enabled': False, 'params': {}}, 'heterogeneous_data_handler': {'enabled': True, 'params': {'enabled_clients': []}}}
{'client_selector': {'enabled': True}, 'client_cluster': {'enabled': False}, 'message_compressor': {'enabled': False}, 'model_co-versioning_registry': {'enabled': False}, 'multi-task_model_trainer': {'enabled': False}, 'heterogeneous_data_handler': {'enabled': True, 'params': {'enabled_clients': ['Client 1', 'Client 2', 'Client 3', 'Client 4', 'Client 5', 'Client 6', 'Client 7', 'Client 8', 'Client 9', 'Client 10', 'Client 11', 'Client 12', 'Client 13', 'Client 14', 'Client 15', 'Client 16', 'Client 17', 'Client 18', 'Client 19', 'Client 20', 'Client 21', 'Client 22', 'Client 23', 'Client 24', 'Client 25', 'Client 26', 'Client 27', 'Client 28', 'Client 29', 'Client 30', 'Client 31', 'Client 32', 'Client 33', 'Client 34', 'Client 35', 'Client 36', 'Client 37', 'Client 38', 'Client 39', 'Client 40']}}, 'client_registry': {'enabled': True, 'params': {}}}
round 12, 5 high, 35 low, 0.0-iid clients, predicted best policy: client_selector activated ✅
Configuring client 1...
Client 1 done.
Configuring client 2...
Client 2 done.
Configuring client 3...
Client 3 done.
Configuring client 4...
Client 4 done.
Configuring client 5...
Client 5 done.
Configuring client 6...
Client 6 done.
Configuring client 7...
Client 7 done.
Configuring client 8...
Client 8 done.
Configuring client 9...
Client 9 done.
Configuring client 10...
Client 10 done.
Configuring client 11...
Client 11 done.
Configuring client 12...
Client 12 done.
Configuring client 13...
Client 13 done.
Configuring client 14...
Client 14 done.
Configuring client 15...
Client 15 done.
Configuring client 16...
Client 16 done.
Configuring client 17...
Client 17 done.
Configuring client 18...
Client 18 done.
Configuring client 19...
Client 19 done.
Configuring client 20...
Client 20 done.
Configuring client 21...
Client 21 done.
Configuring client 22...
Client 22 done.
Configuring client 23...
Client 23 done.
Configuring client 24...
Client 24 done.
Configuring client 25...
Client 25 done.
Configuring client 26...
Client 26 done.
Configuring client 27...
Client 27 done.
Configuring client 28...
Client 28 done.
Configuring client 29...
Client 29 done.
Configuring client 30...
Client 30 done.
Configuring client 31...
Client 31 done.
Configuring client 32...
Client 32 done.
Configuring client 33...
Client 33 done.
Configuring client 34...
Client 34 done.
Configuring client 35...
Client 35 done.
Configuring client 36...
Client 36 done.
Configuring client 37...
Client 37 done.
Configuring client 38...
Client 38 done.
Configuring client 39...
Client 39 done.
Configuring client 40...
Client 40 done.
heterogeneous_data_handler activated ✅ for clients: ['Client 1', 'Client 2', 'Client 3', 'Client 4', 'Client 5', 'Client 6', 'Client 7', 'Client 8', 'Client 9', 'Client 10', 'Client 11', 'Client 12', 'Client 13', 'Client 14', 'Client 15', 'Client 16', 'Client 17', 'Client 18', 'Client 19', 'Client 20', 'Client 21', 'Client 22', 'Client 23', 'Client 24', 'Client 25', 'Client 26', 'Client 27', 'Client 28', 'Client 29', 'Client 30', 'Client 31', 'Client 32', 'Client 33', 'Client 34', 'Client 35', 'Client 36', 'Client 37', 'Client 38', 'Client 39', 'Client 40']
Client Client 10 has insufficient CPU (1). Will not participate in the next FL round.
Client Client 24 has insufficient CPU (1). Will not participate in the next FL round.
Client Client 27 has insufficient CPU (1). Will not participate in the next FL round.
Client Client 16 has insufficient CPU (1). Will not participate in the next FL round.
Client Client 21 has insufficient CPU (1). Will not participate in the next FL round.
Client Client 25 has insufficient CPU (1). Will not participate in the next FL round.
Client Client 23 has insufficient CPU (1). Will not participate in the next FL round.
Client Client 30 has insufficient CPU (1). Will not participate in the next FL round.
Client Client 37 has insufficient CPU (1). Will not participate in the next FL round.
Client Client 18 has insufficient CPU (1). Will not participate in the next FL round.
Client Client 7 has insufficient CPU (1). Will not participate in the next FL round.
Client Client 4 participates in this round. (CPU: 2, RAM: 2)
Client Client 12 has insufficient CPU (1). Will not participate in the next FL round.
Client Client 8 has insufficient CPU (1). Will not participate in the next FL round.
Client Client 29 has insufficient CPU (1). Will not participate in the next FL round.
Client Client 33 has insufficient CPU (1). Will not participate in the next FL round.
Client Client 1 participates in this round. (CPU: 2, RAM: 2)
Client Client 2 participates in this round. (CPU: 2, RAM: 2)
Client Client 32 has insufficient CPU (1). Will not participate in the next FL round.
Client Client 34 has insufficient CPU (1). Will not participate in the next FL round.
Client Client 39 has insufficient CPU (1). Will not participate in the next FL round.
Client Client 3 participates in this round. (CPU: 2, RAM: 2)
Client Client 36 has insufficient CPU (1). Will not participate in the next FL round.
Client Client 28 has insufficient CPU (1). Will not participate in the next FL round.
Client Client 11 has insufficient CPU (1). Will not participate in the next FL round.
Client Client 9 has insufficient CPU (1). Will not participate in the next FL round.
Client Client 5 participates in this round. (CPU: 2, RAM: 2)
Client Client 20 has insufficient CPU (1). Will not participate in the next FL round.
Client Client 14 has insufficient CPU (1). Will not participate in the next FL round.
Client Client 31 has insufficient CPU (1). Will not participate in the next FL round.
Client Client 13 has insufficient CPU (1). Will not participate in the next FL round.
Client Client 22 has insufficient CPU (1). Will not participate in the next FL round.
Client Client 15 has insufficient CPU (1). Will not participate in the next FL round.
Client Client 17 has insufficient CPU (1). Will not participate in the next FL round.
Client Client 35 has insufficient CPU (1). Will not participate in the next FL round.
Client Client 40 has insufficient CPU (1). Will not participate in the next FL round.
Client Client 19 has insufficient CPU (1). Will not participate in the next FL round.
Client Client 6 has insufficient CPU (1). Will not participate in the next FL round.
Client Client 26 has insufficient CPU (1). Will not participate in the next FL round.
Client Client 38 has insufficient CPU (1). Will not participate in the next FL round.
Results Aggregated in 0.09 seconds.
{'prostate_logreg': {'train_loss': [0.6843597850597957, 0.6464357603479315, 0.6235783444451434, 0.5907064102314137, 0.570901440249549, 0.555434650293103, 0.5604729047843389, 0.55207931565653, 0.5267964446986163, 0.5197690917385949, 0.5139336434779344, 0.5090360784972155], 'train_accuracy': [0.5477941176470589, 0.6888888888888889, 0.71875, 0.7685185185185185, 0.7759259259259259, 0.7925925925925926, 0.7580357142857143, 0.7627232142857143, 0.8018518518518518, 0.8037037037037037, 0.8055555555555556, 0.8037037037037037], 'train_f1': [0.5088386042799476, 0.688417922719997, 0.7172491674779901, 0.767964759838802, 0.7751781082729889, 0.7920421407622038, 0.7566558701095748, 0.7613731912581277, 0.8012444160180034, 0.803146892918688, 0.8049749117966943, 0.8030579331188725], 'train_mae': [0.4522058823529412, 0.3111111111111111, 0.28125, 0.23148148148148148, 0.22407407407407406, 0.2074074074074074, 0.24196428571428572, 0.2372767857142857, 0.19814814814814816, 0.1962962962962963, 0.19444444444444445, 0.1962962962962963], 'val_loss': [0.7078109672195932, 0.6731397749277309, 0.6477180112726995, 0.6277777580943107, 0.6131940923903225, 0.6020914336562251, 0.5927103395561528, 0.5849609367181419, 0.5793635084649725, 0.5751576870233643, 0.571792094709681, 0.5690664575548976], 'val_accuracy': [0.4886365117855653, 0.6074008405568689, 0.6721544136271529, 0.6903532965589704, 0.6992973469923824, 0.7049809561334385, 0.7097881838905775, 0.7171035967578521, 0.7232433674809562, 0.7237687155240347, 0.7249474651956922, 0.7270488573680063], 'val_f1': [0.4708663972434376, 0.5996784984224942, 0.6643509843956341, 0.6827847203065107, 0.6917553559698977, 0.6979922021780389, 0.7025993053608722, 0.7099379992646634, 0.7166080742321758, 0.7174676849677234, 0.7187971607872521, 0.7209596619718012], 'val_mae': [0.5113634882144347, 0.39259915944313106, 0.327845586372847, 0.30964670344102974, 0.3007026530076175, 0.2950190438665616, 0.2902118161094225, 0.2828964032421479, 0.27675663251904387, 0.27623128447596534, 0.27505253480430786, 0.27295114263199366], 'jsd': [(0, 0, 0, 0, 0, 0, 0, 0, 0, 0, 0, 0, 0, 0, 0, 0, 0, 0, 0, 0, 0, 0.0034642219743328505, 0.12306145811218505, 0.0012206713952879027, 0.0003843884653275346, 0.0034642219743328505, 0, 0, 0, 0, 0, 0, 0, 0, 0, 0, 0, 0, 0, 0), (0, 0, 0, 0, 0, 0, 0, 0, 0, 0, 0, 0, 0, 0, 0, 0, 0, 0, 0, 0, 0, 0, 0, 0, 0, 0, 0, 0, 0, 0, 0, 0, 0, 0, 0, 0, 0, 0, 0, 0), (0, 0, 0, 0, 0, 0, 0, 0, 0, 0, 0, 0, 0, 0, 0, 0.0007052449150227041, 0, 0, 0, 0, 0, 0, 0, 0, 0, 0, 0, 0, 0, 0, 0, 0, 0, 0, 0, 0, 0, 0, 0, 0), (0, 0, 0, 0, 0, 0, 0, 0, 0, 0, 0, 0, 0, 0, 0, 0, 0, 0, 0, 0, 0, 0, 0, 0, 0, 0, 0, 0, 0, 0, 0, 0, 0, 0, 0, 0, 0, 0, 0, 0), (0, 0, 0, 0, 0, 0, 0, 0, 0, 0, 0, 0, 0, 0, 0, 0, 0, 0, 0, 0, 0, 0, 0, 0, 0, 0, 0, 0, 0, 0, 0, 0, 0, 0, 0, 0, 0, 0, 0, 0), (0, 0, 0, 0, 0, 0, 0, 0, 0, 0, 0, 0, 0, 0, 0, 0, 0, 0, 0, 0, 0, 0, 0, 0, 0, 0, 0, 0, 0, 0, 0, 0, 0, 0, 0, 0, 0, 0, 0, 0), (0, 0, 0, 0, 0, 0, 0, 0, 0, 0, 0, 0, 0, 0, 0, 0, 0, 0, 0, 0, 0, 0, 0, 0, 0, 0, 0, 0, 0, 0, 0, 0, 0, 0, 0, 0, 0, 0, 0, 0), (0, 0, 0, 0, 0, 0, 0, 0, 0, 0, 0, 0, 0, 0, 0, 0, 0, 0, 0, 0, 0, 0, 0, 0, 0, 0, 0, 0, 0, 0, 0, 0, 0, 0, 0, 0, 0, 0, 0, 0), (0, 0, 0, 0, 0, 0, 0, 0, 0, 0, 0, 0, 0, 0, 0, 0, 0, 0, 0, 0, 0, 0, 0, 0, 0, 0, 0, 0, 0, 0, 0, 0, 0, 0, 0, 0, 0, 0, 0, 0), (0, 0, 0, 0, 0, 0, 0, 0, 0, 0, 0, 0, 0, 0, 0, 0, 0, 0, 0, 0, 0, 0, 0, 0, 0, 0, 0, 0, 0, 0, 0, 0, 0, 0, 0, 0, 0, 0, 0, 0), (0, 0, 0, 0, 0, 0, 0, 0, 0, 0, 0, 0, 0, 0, 0, 0, 0, 0, 0, 0, 0, 0, 0, 0, 0, 0, 0, 0, 0, 0, 0, 0, 0, 0, 0, 0, 0, 0, 0, 0), (0, 0, 0, 0, 0, 0, 0, 0, 0, 0, 0, 0, 0, 0, 0, 0, 0, 0, 0, 0, 0, 0, 0, 0, 0, 0, 0, 0, 0, 0, 0, 0, 0, 0, 0, 0, 0, 0, 0, 0)]}}
AdaptationManager: Configuring next round...
{'client_registry': {'enabled': True, 'params': {}}, 'client_selector': {'enabled': True, 'params': {'selection_strategy': 'Resource-Based', 'selection_criteria': 'CPU', 'selection_value': 2}}, 'client_cluster': {'enabled': False, 'params': {}}, 'message_compressor': {'enabled': False, 'params': {}}, 'model_co-versioning_registry': {'enabled': False, 'params': {}}, 'multi-task_model_trainer': {'enabled': False, 'params': {}}, 'heterogeneous_data_handler': {'enabled': True, 'params': {'enabled_clients': []}}}
{'client_selector': {'enabled': True}, 'client_cluster': {'enabled': False}, 'message_compressor': {'enabled': False}, 'model_co-versioning_registry': {'enabled': False}, 'multi-task_model_trainer': {'enabled': False}, 'heterogeneous_data_handler': {'enabled': True, 'params': {'enabled_clients': ['Client 1', 'Client 2', 'Client 3', 'Client 4', 'Client 5', 'Client 6', 'Client 7', 'Client 8', 'Client 9', 'Client 10', 'Client 11', 'Client 12', 'Client 13', 'Client 14', 'Client 15', 'Client 16', 'Client 17', 'Client 18', 'Client 19', 'Client 20', 'Client 21', 'Client 22', 'Client 23', 'Client 24', 'Client 25', 'Client 26', 'Client 27', 'Client 28', 'Client 29', 'Client 30', 'Client 31', 'Client 32', 'Client 33', 'Client 34', 'Client 35', 'Client 36', 'Client 37', 'Client 38', 'Client 39', 'Client 40']}}, 'client_registry': {'enabled': True, 'params': {}}}
round 13, 5 high, 35 low, 0.0-iid clients, predicted best policy: client_selector activated ✅
Configuring client 1...
Client 1 done.
Configuring client 2...
Client 2 done.
Configuring client 3...
Client 3 done.
Configuring client 4...
Client 4 done.
Configuring client 5...
Client 5 done.
Configuring client 6...
Client 6 done.
Configuring client 7...
Client 7 done.
Configuring client 8...
Client 8 done.
Configuring client 9...
Client 9 done.
Configuring client 10...
Client 10 done.
Configuring client 11...
Client 11 done.
Configuring client 12...
Client 12 done.
Configuring client 13...
Client 13 done.
Configuring client 14...
Client 14 done.
Configuring client 15...
Client 15 done.
Configuring client 16...
Client 16 done.
Configuring client 17...
Client 17 done.
Configuring client 18...
Client 18 done.
Configuring client 19...
Client 19 done.
Configuring client 20...
Client 20 done.
Configuring client 21...
Client 21 done.
Configuring client 22...
Client 22 done.
Configuring client 23...
Client 23 done.
Configuring client 24...
Client 24 done.
Configuring client 25...
Client 25 done.
Configuring client 26...
Client 26 done.
Configuring client 27...
Client 27 done.
Configuring client 28...
Client 28 done.
Configuring client 29...
Client 29 done.
Configuring client 30...
Client 30 done.
Configuring client 31...
Client 31 done.
Configuring client 32...
Client 32 done.
Configuring client 33...
Client 33 done.
Configuring client 34...
Client 34 done.
Configuring client 35...
Client 35 done.
Configuring client 36...
Client 36 done.
Configuring client 37...
Client 37 done.
Configuring client 38...
Client 38 done.
Configuring client 39...
Client 39 done.
Configuring client 40...
Client 40 done.
heterogeneous_data_handler activated ✅ for clients: ['Client 1', 'Client 2', 'Client 3', 'Client 4', 'Client 5', 'Client 6', 'Client 7', 'Client 8', 'Client 9', 'Client 10', 'Client 11', 'Client 12', 'Client 13', 'Client 14', 'Client 15', 'Client 16', 'Client 17', 'Client 18', 'Client 19', 'Client 20', 'Client 21', 'Client 22', 'Client 23', 'Client 24', 'Client 25', 'Client 26', 'Client 27', 'Client 28', 'Client 29', 'Client 30', 'Client 31', 'Client 32', 'Client 33', 'Client 34', 'Client 35', 'Client 36', 'Client 37', 'Client 38', 'Client 39', 'Client 40']
Client Client 14 has insufficient CPU (1). Will not participate in the next FL round.
Client Client 25 has insufficient CPU (1). Will not participate in the next FL round.
Client Client 38 has insufficient CPU (1). Will not participate in the next FL round.
Client Client 36 has insufficient CPU (1). Will not participate in the next FL round.
Client Client 33 has insufficient CPU (1). Will not participate in the next FL round.
Client Client 34 has insufficient CPU (1). Will not participate in the next FL round.
Client Client 3 participates in this round. (CPU: 2, RAM: 2)
Client Client 16 has insufficient CPU (1). Will not participate in the next FL round.
Client Client 17 has insufficient CPU (1). Will not participate in the next FL round.
Client Client 22 has insufficient CPU (1). Will not participate in the next FL round.
Client Client 18 has insufficient CPU (1). Will not participate in the next FL round.
Client Client 26 has insufficient CPU (1). Will not participate in the next FL round.
Client Client 1 participates in this round. (CPU: 2, RAM: 2)
Client Client 9 has insufficient CPU (1). Will not participate in the next FL round.
Client Client 5 participates in this round. (CPU: 2, RAM: 2)
Client Client 21 has insufficient CPU (1). Will not participate in the next FL round.
Client Client 24 has insufficient CPU (1). Will not participate in the next FL round.
Client Client 27 has insufficient CPU (1). Will not participate in the next FL round.
Client Client 6 has insufficient CPU (1). Will not participate in the next FL round.
Client Client 10 has insufficient CPU (1). Will not participate in the next FL round.
Client Client 8 has insufficient CPU (1). Will not participate in the next FL round.
Client Client 2 participates in this round. (CPU: 2, RAM: 2)
Client Client 15 has insufficient CPU (1). Will not participate in the next FL round.
Client Client 7 has insufficient CPU (1). Will not participate in the next FL round.
Client Client 20 has insufficient CPU (1). Will not participate in the next FL round.
Client Client 35 has insufficient CPU (1). Will not participate in the next FL round.
Client Client 39 has insufficient CPU (1). Will not participate in the next FL round.
Client Client 32 has insufficient CPU (1). Will not participate in the next FL round.
Client Client 37 has insufficient CPU (1). Will not participate in the next FL round.
Client Client 12 has insufficient CPU (1). Will not participate in the next FL round.
Client Client 13 has insufficient CPU (1). Will not participate in the next FL round.
Client Client 19 has insufficient CPU (1). Will not participate in the next FL round.
Client Client 4 participates in this round. (CPU: 2, RAM: 2)
Client Client 28 has insufficient CPU (1). Will not participate in the next FL round.
Client Client 40 has insufficient CPU (1). Will not participate in the next FL round.
Client Client 11 has insufficient CPU (1). Will not participate in the next FL round.
Client Client 31 has insufficient CPU (1). Will not participate in the next FL round.
Client Client 30 has insufficient CPU (1). Will not participate in the next FL round.
Client Client 23 has insufficient CPU (1). Will not participate in the next FL round.
Client Client 29 has insufficient CPU (1). Will not participate in the next FL round.
Results Aggregated in 0.09 seconds.
{'prostate_logreg': {'train_loss': [0.6843597850597957, 0.6464357603479315, 0.6235783444451434, 0.5907064102314137, 0.570901440249549, 0.555434650293103, 0.5604729047843389, 0.55207931565653, 0.5267964446986163, 0.5197690917385949, 0.5139336434779344, 0.5090360784972155, 0.504885270750081], 'train_accuracy': [0.5477941176470589, 0.6888888888888889, 0.71875, 0.7685185185185185, 0.7759259259259259, 0.7925925925925926, 0.7580357142857143, 0.7627232142857143, 0.8018518518518518, 0.8037037037037037, 0.8055555555555556, 0.8037037037037037, 0.8037037037037037], 'train_f1': [0.5088386042799476, 0.688417922719997, 0.7172491674779901, 0.767964759838802, 0.7751781082729889, 0.7920421407622038, 0.7566558701095748, 0.7613731912581277, 0.8012444160180034, 0.803146892918688, 0.8049749117966943, 0.8030579331188725, 0.8030579331188725], 'train_mae': [0.4522058823529412, 0.3111111111111111, 0.28125, 0.23148148148148148, 0.22407407407407406, 0.2074074074074074, 0.24196428571428572, 0.2372767857142857, 0.19814814814814816, 0.1962962962962963, 0.19444444444444445, 0.1962962962962963, 0.1962962962962963], 'val_loss': [0.7078109672195932, 0.6731397749277309, 0.6477180112726995, 0.6277777580943107, 0.6131940923903225, 0.6020914336562251, 0.5927103395561528, 0.5849609367181419, 0.5793635084649725, 0.5751576870233643, 0.571792094709681, 0.5690664575548976, 0.5668328836955578], 'val_accuracy': [0.4886365117855653, 0.6074008405568689, 0.6721544136271529, 0.6903532965589704, 0.6992973469923824, 0.7049809561334385, 0.7097881838905775, 0.7171035967578521, 0.7232433674809562, 0.7237687155240347, 0.7249474651956922, 0.7270488573680063, 0.7303782505910166], 'val_f1': [0.4708663972434376, 0.5996784984224942, 0.6643509843956341, 0.6827847203065107, 0.6917553559698977, 0.6979922021780389, 0.7025993053608722, 0.7099379992646634, 0.7166080742321758, 0.7174676849677234, 0.7187971607872521, 0.7209596619718012, 0.7242239043424014], 'val_mae': [0.5113634882144347, 0.39259915944313106, 0.327845586372847, 0.30964670344102974, 0.3007026530076175, 0.2950190438665616, 0.2902118161094225, 0.2828964032421479, 0.27675663251904387, 0.27623128447596534, 0.27505253480430786, 0.27295114263199366, 0.2696217494089834], 'jsd': [(0, 0, 0, 0, 0, 0, 0, 0, 0, 0, 0, 0, 0, 0, 0, 0, 0, 0, 0, 0, 0, 0.0034642219743328505, 0.12306145811218505, 0.0012206713952879027, 0.0003843884653275346, 0.0034642219743328505, 0, 0, 0, 0, 0, 0, 0, 0, 0, 0, 0, 0, 0, 0), (0, 0, 0, 0, 0, 0, 0, 0, 0, 0, 0, 0, 0, 0, 0, 0, 0, 0, 0, 0, 0, 0, 0, 0, 0, 0, 0, 0, 0, 0, 0, 0, 0, 0, 0, 0, 0, 0, 0, 0), (0, 0, 0, 0, 0, 0, 0, 0, 0, 0, 0, 0, 0, 0, 0, 0.0007052449150227041, 0, 0, 0, 0, 0, 0, 0, 0, 0, 0, 0, 0, 0, 0, 0, 0, 0, 0, 0, 0, 0, 0, 0, 0), (0, 0, 0, 0, 0, 0, 0, 0, 0, 0, 0, 0, 0, 0, 0, 0, 0, 0, 0, 0, 0, 0, 0, 0, 0, 0, 0, 0, 0, 0, 0, 0, 0, 0, 0, 0, 0, 0, 0, 0), (0, 0, 0, 0, 0, 0, 0, 0, 0, 0, 0, 0, 0, 0, 0, 0, 0, 0, 0, 0, 0, 0, 0, 0, 0, 0, 0, 0, 0, 0, 0, 0, 0, 0, 0, 0, 0, 0, 0, 0), (0, 0, 0, 0, 0, 0, 0, 0, 0, 0, 0, 0, 0, 0, 0, 0, 0, 0, 0, 0, 0, 0, 0, 0, 0, 0, 0, 0, 0, 0, 0, 0, 0, 0, 0, 0, 0, 0, 0, 0), (0, 0, 0, 0, 0, 0, 0, 0, 0, 0, 0, 0, 0, 0, 0, 0, 0, 0, 0, 0, 0, 0, 0, 0, 0, 0, 0, 0, 0, 0, 0, 0, 0, 0, 0, 0, 0, 0, 0, 0), (0, 0, 0, 0, 0, 0, 0, 0, 0, 0, 0, 0, 0, 0, 0, 0, 0, 0, 0, 0, 0, 0, 0, 0, 0, 0, 0, 0, 0, 0, 0, 0, 0, 0, 0, 0, 0, 0, 0, 0), (0, 0, 0, 0, 0, 0, 0, 0, 0, 0, 0, 0, 0, 0, 0, 0, 0, 0, 0, 0, 0, 0, 0, 0, 0, 0, 0, 0, 0, 0, 0, 0, 0, 0, 0, 0, 0, 0, 0, 0), (0, 0, 0, 0, 0, 0, 0, 0, 0, 0, 0, 0, 0, 0, 0, 0, 0, 0, 0, 0, 0, 0, 0, 0, 0, 0, 0, 0, 0, 0, 0, 0, 0, 0, 0, 0, 0, 0, 0, 0), (0, 0, 0, 0, 0, 0, 0, 0, 0, 0, 0, 0, 0, 0, 0, 0, 0, 0, 0, 0, 0, 0, 0, 0, 0, 0, 0, 0, 0, 0, 0, 0, 0, 0, 0, 0, 0, 0, 0, 0), (0, 0, 0, 0, 0, 0, 0, 0, 0, 0, 0, 0, 0, 0, 0, 0, 0, 0, 0, 0, 0, 0, 0, 0, 0, 0, 0, 0, 0, 0, 0, 0, 0, 0, 0, 0, 0, 0, 0, 0), (0, 0, 0, 0, 0, 0, 0, 0, 0, 0, 0, 0, 0, 0, 0, 0, 0, 0, 0, 0, 0, 0, 0, 0, 0, 0, 0, 0, 0, 0, 0, 0, 0, 0, 0, 0, 0, 0, 0, 0)]}}
AdaptationManager: Configuring next round...
{'client_registry': {'enabled': True, 'params': {}}, 'client_selector': {'enabled': True, 'params': {'selection_strategy': 'Resource-Based', 'selection_criteria': 'CPU', 'selection_value': 2}}, 'client_cluster': {'enabled': False, 'params': {}}, 'message_compressor': {'enabled': False, 'params': {}}, 'model_co-versioning_registry': {'enabled': False, 'params': {}}, 'multi-task_model_trainer': {'enabled': False, 'params': {}}, 'heterogeneous_data_handler': {'enabled': True, 'params': {'enabled_clients': []}}}
{'client_selector': {'enabled': True}, 'client_cluster': {'enabled': False}, 'message_compressor': {'enabled': False}, 'model_co-versioning_registry': {'enabled': False}, 'multi-task_model_trainer': {'enabled': False}, 'heterogeneous_data_handler': {'enabled': True, 'params': {'enabled_clients': ['Client 1', 'Client 2', 'Client 3', 'Client 4', 'Client 5', 'Client 6', 'Client 7', 'Client 8', 'Client 9', 'Client 10', 'Client 11', 'Client 12', 'Client 13', 'Client 14', 'Client 15', 'Client 16', 'Client 17', 'Client 18', 'Client 19', 'Client 20', 'Client 21', 'Client 22', 'Client 23', 'Client 24', 'Client 25', 'Client 26', 'Client 27', 'Client 28', 'Client 29', 'Client 30', 'Client 31', 'Client 32', 'Client 33', 'Client 34', 'Client 35', 'Client 36', 'Client 37', 'Client 38', 'Client 39', 'Client 40']}}, 'client_registry': {'enabled': True, 'params': {}}}
round 14, 5 high, 35 low, 0.0-iid clients, predicted best policy: client_selector activated ✅
Configuring client 1...
Client 1 done.
Configuring client 2...
Client 2 done.
Configuring client 3...
Client 3 done.
Configuring client 4...
Client 4 done.
Configuring client 5...
Client 5 done.
Configuring client 6...
Client 6 done.
Configuring client 7...
Client 7 done.
Configuring client 8...
Client 8 done.
Configuring client 9...
Client 9 done.
Configuring client 10...
Client 10 done.
Configuring client 11...
Client 11 done.
Configuring client 12...
Client 12 done.
Configuring client 13...
Client 13 done.
Configuring client 14...
Client 14 done.
Configuring client 15...
Client 15 done.
Configuring client 16...
Client 16 done.
Configuring client 17...
Client 17 done.
Configuring client 18...
Client 18 done.
Configuring client 19...
Client 19 done.
Configuring client 20...
Client 20 done.
Configuring client 21...
Client 21 done.
Configuring client 22...
Client 22 done.
Configuring client 23...
Client 23 done.
Configuring client 24...
Client 24 done.
Configuring client 25...
Client 25 done.
Configuring client 26...
Client 26 done.
Configuring client 27...
Client 27 done.
Configuring client 28...
Client 28 done.
Configuring client 29...
Client 29 done.
Configuring client 30...
Client 30 done.
Configuring client 31...
Client 31 done.
Configuring client 32...
Client 32 done.
Configuring client 33...
Client 33 done.
Configuring client 34...
Client 34 done.
Configuring client 35...
Client 35 done.
Configuring client 36...
Client 36 done.
Configuring client 37...
Client 37 done.
Configuring client 38...
Client 38 done.
Configuring client 39...
Client 39 done.
Configuring client 40...
Client 40 done.
heterogeneous_data_handler activated ✅ for clients: ['Client 1', 'Client 2', 'Client 3', 'Client 4', 'Client 5', 'Client 6', 'Client 7', 'Client 8', 'Client 9', 'Client 10', 'Client 11', 'Client 12', 'Client 13', 'Client 14', 'Client 15', 'Client 16', 'Client 17', 'Client 18', 'Client 19', 'Client 20', 'Client 21', 'Client 22', 'Client 23', 'Client 24', 'Client 25', 'Client 26', 'Client 27', 'Client 28', 'Client 29', 'Client 30', 'Client 31', 'Client 32', 'Client 33', 'Client 34', 'Client 35', 'Client 36', 'Client 37', 'Client 38', 'Client 39', 'Client 40']
Client Client 19 has insufficient CPU (1). Will not participate in the next FL round.
Client Client 7 has insufficient CPU (1). Will not participate in the next FL round.
Client Client 6 has insufficient CPU (1). Will not participate in the next FL round.
Client Client 17 has insufficient CPU (1). Will not participate in the next FL round.
Client Client 39 has insufficient CPU (1). Will not participate in the next FL round.
Client Client 33 has insufficient CPU (1). Will not participate in the next FL round.
Client Client 4 participates in this round. (CPU: 2, RAM: 2)
Client Client 8 has insufficient CPU (1). Will not participate in the next FL round.
Client Client 38 has insufficient CPU (1). Will not participate in the next FL round.
Client Client 27 has insufficient CPU (1). Will not participate in the next FL round.
Client Client 15 has insufficient CPU (1). Will not participate in the next FL round.
Client Client 18 has insufficient CPU (1). Will not participate in the next FL round.
Client Client 40 has insufficient CPU (1). Will not participate in the next FL round.
Client Client 24 has insufficient CPU (1). Will not participate in the next FL round.
Client Client 23 has insufficient CPU (1). Will not participate in the next FL round.
Client Client 14 has insufficient CPU (1). Will not participate in the next FL round.
Client Client 34 has insufficient CPU (1). Will not participate in the next FL round.
Client Client 20 has insufficient CPU (1). Will not participate in the next FL round.
Client Client 11 has insufficient CPU (1). Will not participate in the next FL round.
Client Client 29 has insufficient CPU (1). Will not participate in the next FL round.
Client Client 30 has insufficient CPU (1). Will not participate in the next FL round.
Client Client 28 has insufficient CPU (1). Will not participate in the next FL round.
Client Client 9 has insufficient CPU (1). Will not participate in the next FL round.
Client Client 36 has insufficient CPU (1). Will not participate in the next FL round.
Client Client 35 has insufficient CPU (1). Will not participate in the next FL round.
Client Client 5 participates in this round. (CPU: 2, RAM: 2)
Client Client 3 participates in this round. (CPU: 2, RAM: 2)
Client Client 16 has insufficient CPU (1). Will not participate in the next FL round.
Client Client 13 has insufficient CPU (1). Will not participate in the next FL round.
Client Client 32 has insufficient CPU (1). Will not participate in the next FL round.
Client Client 21 has insufficient CPU (1). Will not participate in the next FL round.
Client Client 25 has insufficient CPU (1). Will not participate in the next FL round.
Client Client 12 has insufficient CPU (1). Will not participate in the next FL round.
Client Client 10 has insufficient CPU (1). Will not participate in the next FL round.
Client Client 1 participates in this round. (CPU: 2, RAM: 2)
Client Client 37 has insufficient CPU (1). Will not participate in the next FL round.
Client Client 26 has insufficient CPU (1). Will not participate in the next FL round.
Client Client 31 has insufficient CPU (1). Will not participate in the next FL round.
Client Client 22 has insufficient CPU (1). Will not participate in the next FL round.
Client Client 2 participates in this round. (CPU: 2, RAM: 2)
Results Aggregated in 0.11 seconds.
{'prostate_logreg': {'train_loss': [0.6843597850597957, 0.6464357603479315, 0.6235783444451434, 0.5907064102314137, 0.570901440249549, 0.555434650293103, 0.5604729047843389, 0.55207931565653, 0.5267964446986163, 0.5197690917385949, 0.5139336434779344, 0.5090360784972155, 0.504885270750081, 0.5013356133743568], 'train_accuracy': [0.5477941176470589, 0.6888888888888889, 0.71875, 0.7685185185185185, 0.7759259259259259, 0.7925925925925926, 0.7580357142857143, 0.7627232142857143, 0.8018518518518518, 0.8037037037037037, 0.8055555555555556, 0.8037037037037037, 0.8037037037037037, 0.8018518518518518], 'train_f1': [0.5088386042799476, 0.688417922719997, 0.7172491674779901, 0.767964759838802, 0.7751781082729889, 0.7920421407622038, 0.7566558701095748, 0.7613731912581277, 0.8012444160180034, 0.803146892918688, 0.8049749117966943, 0.8030579331188725, 0.8030579331188725, 0.8011805336887091], 'train_mae': [0.4522058823529412, 0.3111111111111111, 0.28125, 0.23148148148148148, 0.22407407407407406, 0.2074074074074074, 0.24196428571428572, 0.2372767857142857, 0.19814814814814816, 0.1962962962962963, 0.19444444444444445, 0.1962962962962963, 0.1962962962962963, 0.19814814814814816], 'val_loss': [0.7078109672195932, 0.6731397749277309, 0.6477180112726995, 0.6277777580943107, 0.6131940923903225, 0.6020914336562251, 0.5927103395561528, 0.5849609367181419, 0.5793635084649725, 0.5751576870233643, 0.571792094709681, 0.5690664575548976, 0.5668328836955578, 0.5649810108216002], 'val_accuracy': [0.4886365117855653, 0.6074008405568689, 0.6721544136271529, 0.6903532965589704, 0.6992973469923824, 0.7049809561334385, 0.7097881838905775, 0.7171035967578521, 0.7232433674809562, 0.7237687155240347, 0.7249474651956922, 0.7270488573680063, 0.7303782505910166, 0.7313731284475965], 'val_f1': [0.4708663972434376, 0.5996784984224942, 0.6643509843956341, 0.6827847203065107, 0.6917553559698977, 0.6979922021780389, 0.7025993053608722, 0.7099379992646634, 0.7166080742321758, 0.7174676849677234, 0.7187971607872521, 0.7209596619718012, 0.7242239043424014, 0.7252568390321844], 'val_mae': [0.5113634882144347, 0.39259915944313106, 0.327845586372847, 0.30964670344102974, 0.3007026530076175, 0.2950190438665616, 0.2902118161094225, 0.2828964032421479, 0.27675663251904387, 0.27623128447596534, 0.27505253480430786, 0.27295114263199366, 0.2696217494089834, 0.26862687155240345], 'jsd': [(0, 0, 0, 0, 0, 0, 0, 0, 0, 0, 0, 0, 0, 0, 0, 0, 0, 0, 0, 0, 0, 0.0034642219743328505, 0.12306145811218505, 0.0012206713952879027, 0.0003843884653275346, 0.0034642219743328505, 0, 0, 0, 0, 0, 0, 0, 0, 0, 0, 0, 0, 0, 0), (0, 0, 0, 0, 0, 0, 0, 0, 0, 0, 0, 0, 0, 0, 0, 0, 0, 0, 0, 0, 0, 0, 0, 0, 0, 0, 0, 0, 0, 0, 0, 0, 0, 0, 0, 0, 0, 0, 0, 0), (0, 0, 0, 0, 0, 0, 0, 0, 0, 0, 0, 0, 0, 0, 0, 0.0007052449150227041, 0, 0, 0, 0, 0, 0, 0, 0, 0, 0, 0, 0, 0, 0, 0, 0, 0, 0, 0, 0, 0, 0, 0, 0), (0, 0, 0, 0, 0, 0, 0, 0, 0, 0, 0, 0, 0, 0, 0, 0, 0, 0, 0, 0, 0, 0, 0, 0, 0, 0, 0, 0, 0, 0, 0, 0, 0, 0, 0, 0, 0, 0, 0, 0), (0, 0, 0, 0, 0, 0, 0, 0, 0, 0, 0, 0, 0, 0, 0, 0, 0, 0, 0, 0, 0, 0, 0, 0, 0, 0, 0, 0, 0, 0, 0, 0, 0, 0, 0, 0, 0, 0, 0, 0), (0, 0, 0, 0, 0, 0, 0, 0, 0, 0, 0, 0, 0, 0, 0, 0, 0, 0, 0, 0, 0, 0, 0, 0, 0, 0, 0, 0, 0, 0, 0, 0, 0, 0, 0, 0, 0, 0, 0, 0), (0, 0, 0, 0, 0, 0, 0, 0, 0, 0, 0, 0, 0, 0, 0, 0, 0, 0, 0, 0, 0, 0, 0, 0, 0, 0, 0, 0, 0, 0, 0, 0, 0, 0, 0, 0, 0, 0, 0, 0), (0, 0, 0, 0, 0, 0, 0, 0, 0, 0, 0, 0, 0, 0, 0, 0, 0, 0, 0, 0, 0, 0, 0, 0, 0, 0, 0, 0, 0, 0, 0, 0, 0, 0, 0, 0, 0, 0, 0, 0), (0, 0, 0, 0, 0, 0, 0, 0, 0, 0, 0, 0, 0, 0, 0, 0, 0, 0, 0, 0, 0, 0, 0, 0, 0, 0, 0, 0, 0, 0, 0, 0, 0, 0, 0, 0, 0, 0, 0, 0), (0, 0, 0, 0, 0, 0, 0, 0, 0, 0, 0, 0, 0, 0, 0, 0, 0, 0, 0, 0, 0, 0, 0, 0, 0, 0, 0, 0, 0, 0, 0, 0, 0, 0, 0, 0, 0, 0, 0, 0), (0, 0, 0, 0, 0, 0, 0, 0, 0, 0, 0, 0, 0, 0, 0, 0, 0, 0, 0, 0, 0, 0, 0, 0, 0, 0, 0, 0, 0, 0, 0, 0, 0, 0, 0, 0, 0, 0, 0, 0), (0, 0, 0, 0, 0, 0, 0, 0, 0, 0, 0, 0, 0, 0, 0, 0, 0, 0, 0, 0, 0, 0, 0, 0, 0, 0, 0, 0, 0, 0, 0, 0, 0, 0, 0, 0, 0, 0, 0, 0), (0, 0, 0, 0, 0, 0, 0, 0, 0, 0, 0, 0, 0, 0, 0, 0, 0, 0, 0, 0, 0, 0, 0, 0, 0, 0, 0, 0, 0, 0, 0, 0, 0, 0, 0, 0, 0, 0, 0, 0), (0, 0, 0, 0, 0, 0, 0, 0, 0, 0, 0, 0, 0, 0, 0, 0, 0, 0, 0, 0, 0, 0, 0, 0, 0, 0, 0, 0, 0, 0, 0, 0, 0, 0, 0, 0, 0, 0, 0, 0)]}}
AdaptationManager: Configuring next round...
{'client_registry': {'enabled': True, 'params': {}}, 'client_selector': {'enabled': True, 'params': {'selection_strategy': 'Resource-Based', 'selection_criteria': 'CPU', 'selection_value': 2}}, 'client_cluster': {'enabled': False, 'params': {}}, 'message_compressor': {'enabled': False, 'params': {}}, 'model_co-versioning_registry': {'enabled': False, 'params': {}}, 'multi-task_model_trainer': {'enabled': False, 'params': {}}, 'heterogeneous_data_handler': {'enabled': True, 'params': {'enabled_clients': []}}}
{'client_selector': {'enabled': True}, 'client_cluster': {'enabled': False}, 'message_compressor': {'enabled': False}, 'model_co-versioning_registry': {'enabled': False}, 'multi-task_model_trainer': {'enabled': False}, 'heterogeneous_data_handler': {'enabled': True, 'params': {'enabled_clients': ['Client 1', 'Client 2', 'Client 3', 'Client 4', 'Client 5', 'Client 6', 'Client 7', 'Client 8', 'Client 9', 'Client 10', 'Client 11', 'Client 12', 'Client 13', 'Client 14', 'Client 15', 'Client 16', 'Client 17', 'Client 18', 'Client 19', 'Client 20', 'Client 21', 'Client 22', 'Client 23', 'Client 24', 'Client 25', 'Client 26', 'Client 27', 'Client 28', 'Client 29', 'Client 30', 'Client 31', 'Client 32', 'Client 33', 'Client 34', 'Client 35', 'Client 36', 'Client 37', 'Client 38', 'Client 39', 'Client 40']}}, 'client_registry': {'enabled': True, 'params': {}}}
round 15, 5 high, 35 low, 0.0-iid clients, predicted best policy: client_selector de-activated ❌
Configuring client 1...
Client 1 done.
Configuring client 2...
Client 2 done.
Configuring client 3...
Client 3 done.
Configuring client 4...
Client 4 done.
Configuring client 5...
Client 5 done.
Configuring client 6...
Client 6 done.
Configuring client 7...
Client 7 done.
Configuring client 8...
Client 8 done.
Configuring client 9...
Client 9 done.
Configuring client 10...
Client 10 done.
Configuring client 11...
Client 11 done.
Configuring client 12...
Client 12 done.
Configuring client 13...
Client 13 done.
Configuring client 14...
Client 14 done.
Configuring client 15...
Client 15 done.
Configuring client 16...
Client 16 done.
Configuring client 17...
Client 17 done.
Configuring client 18...
Client 18 done.
Configuring client 19...
Client 19 done.
Configuring client 20...
Client 20 done.
Configuring client 21...
Client 21 done.
Configuring client 22...
Client 22 done.
Configuring client 23...
Client 23 done.
Configuring client 24...
Client 24 done.
Configuring client 25...
Client 25 done.
Configuring client 26...
Client 26 done.
Configuring client 27...
Client 27 done.
Configuring client 28...
Client 28 done.
Configuring client 29...
Client 29 done.
Configuring client 30...
Client 30 done.
Configuring client 31...
Client 31 done.
Configuring client 32...
Client 32 done.
Configuring client 33...
Client 33 done.
Configuring client 34...
Client 34 done.
Configuring client 35...
Client 35 done.
Configuring client 36...
Client 36 done.
Configuring client 37...
Client 37 done.
Configuring client 38...
Client 38 done.
Configuring client 39...
Client 39 done.
Configuring client 40...
Client 40 done.
heterogeneous_data_handler activated ✅ for clients: ['Client 1', 'Client 2', 'Client 3', 'Client 4', 'Client 5', 'Client 6', 'Client 7', 'Client 8', 'Client 9', 'Client 10', 'Client 11', 'Client 12', 'Client 13', 'Client 14', 'Client 15', 'Client 16', 'Client 17', 'Client 18', 'Client 19', 'Client 20', 'Client 21', 'Client 22', 'Client 23', 'Client 24', 'Client 25', 'Client 26', 'Client 27', 'Client 28', 'Client 29', 'Client 30', 'Client 31', 'Client 32', 'Client 33', 'Client 34', 'Client 35', 'Client 36', 'Client 37', 'Client 38', 'Client 39', 'Client 40']
Results Aggregated in 0.10 seconds.
{'prostate_logreg': {'train_loss': [0.6843597850597957, 0.6464357603479315, 0.6235783444451434, 0.5907064102314137, 0.570901440249549, 0.555434650293103, 0.5604729047843389, 0.55207931565653, 0.5267964446986163, 0.5197690917385949, 0.5139336434779344, 0.5090360784972155, 0.504885270750081, 0.5013356133743568, 0.5212318405508996], 'train_accuracy': [0.5477941176470589, 0.6888888888888889, 0.71875, 0.7685185185185185, 0.7759259259259259, 0.7925925925925926, 0.7580357142857143, 0.7627232142857143, 0.8018518518518518, 0.8037037037037037, 0.8055555555555556, 0.8037037037037037, 0.8037037037037037, 0.8018518518518518, 0.7674107142857143], 'train_f1': [0.5088386042799476, 0.688417922719997, 0.7172491674779901, 0.767964759838802, 0.7751781082729889, 0.7920421407622038, 0.7566558701095748, 0.7613731912581277, 0.8012444160180034, 0.803146892918688, 0.8049749117966943, 0.8030579331188725, 0.8030579331188725, 0.8011805336887091, 0.7658658312462242], 'train_mae': [0.4522058823529412, 0.3111111111111111, 0.28125, 0.23148148148148148, 0.22407407407407406, 0.2074074074074074, 0.24196428571428572, 0.2372767857142857, 0.19814814814814816, 0.1962962962962963, 0.19444444444444445, 0.1962962962962963, 0.1962962962962963, 0.19814814814814816, 0.23258928571428572], 'val_loss': [0.7078109672195932, 0.6731397749277309, 0.6477180112726995, 0.6277777580943107, 0.6131940923903225, 0.6020914336562251, 0.5927103395561528, 0.5849609367181419, 0.5793635084649725, 0.5751576870233643, 0.571792094709681, 0.5690664575548976, 0.5668328836955578, 0.5649810108216002, 0.5626910036731712], 'val_accuracy': [0.4886365117855653, 0.6074008405568689, 0.6721544136271529, 0.6903532965589704, 0.6992973469923824, 0.7049809561334385, 0.7097881838905775, 0.7171035967578521, 0.7232433674809562, 0.7237687155240347, 0.7249474651956922, 0.7270488573680063, 0.7303782505910166, 0.7313731284475965, 0.7322817724164133], 'val_f1': [0.4708663972434376, 0.5996784984224942, 0.6643509843956341, 0.6827847203065107, 0.6917553559698977, 0.6979922021780389, 0.7025993053608722, 0.7099379992646634, 0.7166080742321758, 0.7174676849677234, 0.7187971607872521, 0.7209596619718012, 0.7242239043424014, 0.7252568390321844, 0.726044881294072], 'val_mae': [0.5113634882144347, 0.39259915944313106, 0.327845586372847, 0.30964670344102974, 0.3007026530076175, 0.2950190438665616, 0.2902118161094225, 0.2828964032421479, 0.27675663251904387, 0.27623128447596534, 0.27505253480430786, 0.27295114263199366, 0.2696217494089834, 0.26862687155240345, 0.2677182275835866], 'jsd': [(0, 0, 0, 0, 0, 0, 0, 0, 0, 0, 0, 0, 0, 0, 0, 0, 0, 0, 0, 0, 0, 0.0034642219743328505, 0.12306145811218505, 0.0012206713952879027, 0.0003843884653275346, 0.0034642219743328505, 0, 0, 0, 0, 0, 0, 0, 0, 0, 0, 0, 0, 0, 0), (0, 0, 0, 0, 0, 0, 0, 0, 0, 0, 0, 0, 0, 0, 0, 0, 0, 0, 0, 0, 0, 0, 0, 0, 0, 0, 0, 0, 0, 0, 0, 0, 0, 0, 0, 0, 0, 0, 0, 0), (0, 0, 0, 0, 0, 0, 0, 0, 0, 0, 0, 0, 0, 0, 0, 0.0007052449150227041, 0, 0, 0, 0, 0, 0, 0, 0, 0, 0, 0, 0, 0, 0, 0, 0, 0, 0, 0, 0, 0, 0, 0, 0), (0, 0, 0, 0, 0, 0, 0, 0, 0, 0, 0, 0, 0, 0, 0, 0, 0, 0, 0, 0, 0, 0, 0, 0, 0, 0, 0, 0, 0, 0, 0, 0, 0, 0, 0, 0, 0, 0, 0, 0), (0, 0, 0, 0, 0, 0, 0, 0, 0, 0, 0, 0, 0, 0, 0, 0, 0, 0, 0, 0, 0, 0, 0, 0, 0, 0, 0, 0, 0, 0, 0, 0, 0, 0, 0, 0, 0, 0, 0, 0), (0, 0, 0, 0, 0, 0, 0, 0, 0, 0, 0, 0, 0, 0, 0, 0, 0, 0, 0, 0, 0, 0, 0, 0, 0, 0, 0, 0, 0, 0, 0, 0, 0, 0, 0, 0, 0, 0, 0, 0), (0, 0, 0, 0, 0, 0, 0, 0, 0, 0, 0, 0, 0, 0, 0, 0, 0, 0, 0, 0, 0, 0, 0, 0, 0, 0, 0, 0, 0, 0, 0, 0, 0, 0, 0, 0, 0, 0, 0, 0), (0, 0, 0, 0, 0, 0, 0, 0, 0, 0, 0, 0, 0, 0, 0, 0, 0, 0, 0, 0, 0, 0, 0, 0, 0, 0, 0, 0, 0, 0, 0, 0, 0, 0, 0, 0, 0, 0, 0, 0), (0, 0, 0, 0, 0, 0, 0, 0, 0, 0, 0, 0, 0, 0, 0, 0, 0, 0, 0, 0, 0, 0, 0, 0, 0, 0, 0, 0, 0, 0, 0, 0, 0, 0, 0, 0, 0, 0, 0, 0), (0, 0, 0, 0, 0, 0, 0, 0, 0, 0, 0, 0, 0, 0, 0, 0, 0, 0, 0, 0, 0, 0, 0, 0, 0, 0, 0, 0, 0, 0, 0, 0, 0, 0, 0, 0, 0, 0, 0, 0), (0, 0, 0, 0, 0, 0, 0, 0, 0, 0, 0, 0, 0, 0, 0, 0, 0, 0, 0, 0, 0, 0, 0, 0, 0, 0, 0, 0, 0, 0, 0, 0, 0, 0, 0, 0, 0, 0, 0, 0), (0, 0, 0, 0, 0, 0, 0, 0, 0, 0, 0, 0, 0, 0, 0, 0, 0, 0, 0, 0, 0, 0, 0, 0, 0, 0, 0, 0, 0, 0, 0, 0, 0, 0, 0, 0, 0, 0, 0, 0), (0, 0, 0, 0, 0, 0, 0, 0, 0, 0, 0, 0, 0, 0, 0, 0, 0, 0, 0, 0, 0, 0, 0, 0, 0, 0, 0, 0, 0, 0, 0, 0, 0, 0, 0, 0, 0, 0, 0, 0), (0, 0, 0, 0, 0, 0, 0, 0, 0, 0, 0, 0, 0, 0, 0, 0, 0, 0, 0, 0, 0, 0, 0, 0, 0, 0, 0, 0, 0, 0, 0, 0, 0, 0, 0, 0, 0, 0, 0, 0), (0, 0, 0, 0, 0, 0, 0, 0, 0, 0, 0, 0, 0, 0, 0, 0, 0, 0, 0, 0, 0, 0, 0, 0, 0, 0, 0, 0, 0, 0, 0, 0, 0, 0, 0, 0, 0, 0, 0, 0)]}}
AdaptationManager: Configuring next round...
{'client_registry': {'enabled': True, 'params': {}}, 'client_selector': {'enabled': True, 'params': {'selection_strategy': 'Resource-Based', 'selection_criteria': 'CPU', 'selection_value': 2}}, 'client_cluster': {'enabled': False, 'params': {}}, 'message_compressor': {'enabled': False, 'params': {}}, 'model_co-versioning_registry': {'enabled': False, 'params': {}}, 'multi-task_model_trainer': {'enabled': False, 'params': {}}, 'heterogeneous_data_handler': {'enabled': True, 'params': {'enabled_clients': []}}}
{'client_selector': {'enabled': False}, 'client_cluster': {'enabled': False}, 'message_compressor': {'enabled': False}, 'model_co-versioning_registry': {'enabled': False}, 'multi-task_model_trainer': {'enabled': False}, 'heterogeneous_data_handler': {'enabled': True, 'params': {'enabled_clients': ['Client 1', 'Client 2', 'Client 3', 'Client 4', 'Client 5', 'Client 6', 'Client 7', 'Client 8', 'Client 9', 'Client 10', 'Client 11', 'Client 12', 'Client 13', 'Client 14', 'Client 15', 'Client 16', 'Client 17', 'Client 18', 'Client 19', 'Client 20', 'Client 21', 'Client 22', 'Client 23', 'Client 24', 'Client 25', 'Client 26', 'Client 27', 'Client 28', 'Client 29', 'Client 30', 'Client 31', 'Client 32', 'Client 33', 'Client 34', 'Client 35', 'Client 36', 'Client 37', 'Client 38', 'Client 39', 'Client 40']}}, 'client_registry': {'enabled': True, 'params': {}}}
round 16, 5 high, 35 low, 0.0-iid clients, predicted best policy: client_selector activated ✅
Configuring client 1...
Client 1 done.
Configuring client 2...
Client 2 done.
Configuring client 3...
Client 3 done.
Configuring client 4...
Client 4 done.
Configuring client 5...
Client 5 done.
Configuring client 6...
Client 6 done.
Configuring client 7...
Client 7 done.
Configuring client 8...
Client 8 done.
Configuring client 9...
Client 9 done.
Configuring client 10...
Client 10 done.
Configuring client 11...
Client 11 done.
Configuring client 12...
Client 12 done.
Configuring client 13...
Client 13 done.
Configuring client 14...
Client 14 done.
Configuring client 15...
Client 15 done.
Configuring client 16...
Client 16 done.
Configuring client 17...
Client 17 done.
Configuring client 18...
Client 18 done.
Configuring client 19...
Client 19 done.
Configuring client 20...
Client 20 done.
Configuring client 21...
Client 21 done.
Configuring client 22...
Client 22 done.
Configuring client 23...
Client 23 done.
Configuring client 24...
Client 24 done.
Configuring client 25...
Client 25 done.
Configuring client 26...
Client 26 done.
Configuring client 27...
Client 27 done.
Configuring client 28...
Client 28 done.
Configuring client 29...
Client 29 done.
Configuring client 30...
Client 30 done.
Configuring client 31...
Client 31 done.
Configuring client 32...
Client 32 done.
Configuring client 33...
Client 33 done.
Configuring client 34...
Client 34 done.
Configuring client 35...
Client 35 done.
Configuring client 36...
Client 36 done.
Configuring client 37...
Client 37 done.
Configuring client 38...
Client 38 done.
Configuring client 39...
Client 39 done.
Configuring client 40...
Client 40 done.
heterogeneous_data_handler activated ✅ for clients: ['Client 1', 'Client 2', 'Client 3', 'Client 4', 'Client 5', 'Client 6', 'Client 7', 'Client 8', 'Client 9', 'Client 10', 'Client 11', 'Client 12', 'Client 13', 'Client 14', 'Client 15', 'Client 16', 'Client 17', 'Client 18', 'Client 19', 'Client 20', 'Client 21', 'Client 22', 'Client 23', 'Client 24', 'Client 25', 'Client 26', 'Client 27', 'Client 28', 'Client 29', 'Client 30', 'Client 31', 'Client 32', 'Client 33', 'Client 34', 'Client 35', 'Client 36', 'Client 37', 'Client 38', 'Client 39', 'Client 40']
Client Client 18 has insufficient CPU (1). Will not participate in the next FL round.
Client Client 36 has insufficient CPU (1). Will not participate in the next FL round.
Client Client 37 has insufficient CPU (1). Will not participate in the next FL round.
Client Client 32 has insufficient CPU (1). Will not participate in the next FL round.
Client Client 31 has insufficient CPU (1). Will not participate in the next FL round.
Client Client 40 has insufficient CPU (1). Will not participate in the next FL round.
Client Client 34 has insufficient CPU (1). Will not participate in the next FL round.
Client Client 22 has insufficient CPU (1). Will not participate in the next FL round.
Client Client 30 has insufficient CPU (1). Will not participate in the next FL round.
Client Client 20 has insufficient CPU (1). Will not participate in the next FL round.
Client Client 13 has insufficient CPU (1). Will not participate in the next FL round.
Client Client 19 has insufficient CPU (1). Will not participate in the next FL round.
Client Client 23 has insufficient CPU (1). Will not participate in the next FL round.
Client Client 9 has insufficient CPU (1). Will not participate in the next FL round.
Client Client 21 has insufficient CPU (1). Will not participate in the next FL round.
Client Client 2 participates in this round. (CPU: 2, RAM: 2)
Client Client 24 has insufficient CPU (1). Will not participate in the next FL round.
Client Client 28 has insufficient CPU (1). Will not participate in the next FL round.
Client Client 38 has insufficient CPU (1). Will not participate in the next FL round.
Client Client 3 participates in this round. (CPU: 2, RAM: 2)
Client Client 6 has insufficient CPU (1). Will not participate in the next FL round.
Client Client 12 has insufficient CPU (1). Will not participate in the next FL round.
Client Client 26 has insufficient CPU (1). Will not participate in the next FL round.
Client Client 11 has insufficient CPU (1). Will not participate in the next FL round.
Client Client 29 has insufficient CPU (1). Will not participate in the next FL round.
Client Client 15 has insufficient CPU (1). Will not participate in the next FL round.
Client Client 8 has insufficient CPU (1). Will not participate in the next FL round.
Client Client 16 has insufficient CPU (1). Will not participate in the next FL round.
Client Client 14 has insufficient CPU (1). Will not participate in the next FL round.
Client Client 25 has insufficient CPU (1). Will not participate in the next FL round.
Client Client 7 has insufficient CPU (1). Will not participate in the next FL round.
Client Client 17 has insufficient CPU (1). Will not participate in the next FL round.
Client Client 10 has insufficient CPU (1). Will not participate in the next FL round.
Client Client 35 has insufficient CPU (1). Will not participate in the next FL round.
Client Client 39 has insufficient CPU (1). Will not participate in the next FL round.
Client Client 5 participates in this round. (CPU: 2, RAM: 2)
Client Client 4 participates in this round. (CPU: 2, RAM: 2)
Client Client 1 participates in this round. (CPU: 2, RAM: 2)
Client Client 27 has insufficient CPU (1). Will not participate in the next FL round.
Client Client 33 has insufficient CPU (1). Will not participate in the next FL round.
Results Aggregated in 0.09 seconds.
{'prostate_logreg': {'train_loss': [0.6843597850597957, 0.6464357603479315, 0.6235783444451434, 0.5907064102314137, 0.570901440249549, 0.555434650293103, 0.5604729047843389, 0.55207931565653, 0.5267964446986163, 0.5197690917385949, 0.5139336434779344, 0.5090360784972155, 0.504885270750081, 0.5013356133743568, 0.5212318405508996, 0.4959812800089518], 'train_accuracy': [0.5477941176470589, 0.6888888888888889, 0.71875, 0.7685185185185185, 0.7759259259259259, 0.7925925925925926, 0.7580357142857143, 0.7627232142857143, 0.8018518518518518, 0.8037037037037037, 0.8055555555555556, 0.8037037037037037, 0.8037037037037037, 0.8018518518518518, 0.7674107142857143, 0.8], 'train_f1': [0.5088386042799476, 0.688417922719997, 0.7172491674779901, 0.767964759838802, 0.7751781082729889, 0.7920421407622038, 0.7566558701095748, 0.7613731912581277, 0.8012444160180034, 0.803146892918688, 0.8049749117966943, 0.8030579331188725, 0.8030579331188725, 0.8011805336887091, 0.7658658312462242, 0.7992191020353355], 'train_mae': [0.4522058823529412, 0.3111111111111111, 0.28125, 0.23148148148148148, 0.22407407407407406, 0.2074074074074074, 0.24196428571428572, 0.2372767857142857, 0.19814814814814816, 0.1962962962962963, 0.19444444444444445, 0.1962962962962963, 0.1962962962962963, 0.19814814814814816, 0.23258928571428572, 0.2], 'val_loss': [0.7078109672195932, 0.6731397749277309, 0.6477180112726995, 0.6277777580943107, 0.6131940923903225, 0.6020914336562251, 0.5927103395561528, 0.5849609367181419, 0.5793635084649725, 0.5751576870233643, 0.571792094709681, 0.5690664575548976, 0.5668328836955578, 0.5649810108216002, 0.5626910036731712, 0.5612062122225605], 'val_accuracy': [0.4886365117855653, 0.6074008405568689, 0.6721544136271529, 0.6903532965589704, 0.6992973469923824, 0.7049809561334385, 0.7097881838905775, 0.7171035967578521, 0.7232433674809562, 0.7237687155240347, 0.7249474651956922, 0.7270488573680063, 0.7303782505910166, 0.7313731284475965, 0.7322817724164133, 0.7333103493564487], 'val_f1': [0.4708663972434376, 0.5996784984224942, 0.6643509843956341, 0.6827847203065107, 0.6917553559698977, 0.6979922021780389, 0.7025993053608722, 0.7099379992646634, 0.7166080742321758, 0.7174676849677234, 0.7187971607872521, 0.7209596619718012, 0.7242239043424014, 0.7252568390321844, 0.726044881294072, 0.7270656463927095], 'val_mae': [0.5113634882144347, 0.39259915944313106, 0.327845586372847, 0.30964670344102974, 0.3007026530076175, 0.2950190438665616, 0.2902118161094225, 0.2828964032421479, 0.27675663251904387, 0.27623128447596534, 0.27505253480430786, 0.27295114263199366, 0.2696217494089834, 0.26862687155240345, 0.2677182275835866, 0.2666896506435514], 'jsd': [(0, 0, 0, 0, 0, 0, 0, 0, 0, 0, 0, 0, 0, 0, 0, 0, 0, 0, 0, 0, 0, 0.0034642219743328505, 0.12306145811218505, 0.0012206713952879027, 0.0003843884653275346, 0.0034642219743328505, 0, 0, 0, 0, 0, 0, 0, 0, 0, 0, 0, 0, 0, 0), (0, 0, 0, 0, 0, 0, 0, 0, 0, 0, 0, 0, 0, 0, 0, 0, 0, 0, 0, 0, 0, 0, 0, 0, 0, 0, 0, 0, 0, 0, 0, 0, 0, 0, 0, 0, 0, 0, 0, 0), (0, 0, 0, 0, 0, 0, 0, 0, 0, 0, 0, 0, 0, 0, 0, 0.0007052449150227041, 0, 0, 0, 0, 0, 0, 0, 0, 0, 0, 0, 0, 0, 0, 0, 0, 0, 0, 0, 0, 0, 0, 0, 0), (0, 0, 0, 0, 0, 0, 0, 0, 0, 0, 0, 0, 0, 0, 0, 0, 0, 0, 0, 0, 0, 0, 0, 0, 0, 0, 0, 0, 0, 0, 0, 0, 0, 0, 0, 0, 0, 0, 0, 0), (0, 0, 0, 0, 0, 0, 0, 0, 0, 0, 0, 0, 0, 0, 0, 0, 0, 0, 0, 0, 0, 0, 0, 0, 0, 0, 0, 0, 0, 0, 0, 0, 0, 0, 0, 0, 0, 0, 0, 0), (0, 0, 0, 0, 0, 0, 0, 0, 0, 0, 0, 0, 0, 0, 0, 0, 0, 0, 0, 0, 0, 0, 0, 0, 0, 0, 0, 0, 0, 0, 0, 0, 0, 0, 0, 0, 0, 0, 0, 0), (0, 0, 0, 0, 0, 0, 0, 0, 0, 0, 0, 0, 0, 0, 0, 0, 0, 0, 0, 0, 0, 0, 0, 0, 0, 0, 0, 0, 0, 0, 0, 0, 0, 0, 0, 0, 0, 0, 0, 0), (0, 0, 0, 0, 0, 0, 0, 0, 0, 0, 0, 0, 0, 0, 0, 0, 0, 0, 0, 0, 0, 0, 0, 0, 0, 0, 0, 0, 0, 0, 0, 0, 0, 0, 0, 0, 0, 0, 0, 0), (0, 0, 0, 0, 0, 0, 0, 0, 0, 0, 0, 0, 0, 0, 0, 0, 0, 0, 0, 0, 0, 0, 0, 0, 0, 0, 0, 0, 0, 0, 0, 0, 0, 0, 0, 0, 0, 0, 0, 0), (0, 0, 0, 0, 0, 0, 0, 0, 0, 0, 0, 0, 0, 0, 0, 0, 0, 0, 0, 0, 0, 0, 0, 0, 0, 0, 0, 0, 0, 0, 0, 0, 0, 0, 0, 0, 0, 0, 0, 0), (0, 0, 0, 0, 0, 0, 0, 0, 0, 0, 0, 0, 0, 0, 0, 0, 0, 0, 0, 0, 0, 0, 0, 0, 0, 0, 0, 0, 0, 0, 0, 0, 0, 0, 0, 0, 0, 0, 0, 0), (0, 0, 0, 0, 0, 0, 0, 0, 0, 0, 0, 0, 0, 0, 0, 0, 0, 0, 0, 0, 0, 0, 0, 0, 0, 0, 0, 0, 0, 0, 0, 0, 0, 0, 0, 0, 0, 0, 0, 0), (0, 0, 0, 0, 0, 0, 0, 0, 0, 0, 0, 0, 0, 0, 0, 0, 0, 0, 0, 0, 0, 0, 0, 0, 0, 0, 0, 0, 0, 0, 0, 0, 0, 0, 0, 0, 0, 0, 0, 0), (0, 0, 0, 0, 0, 0, 0, 0, 0, 0, 0, 0, 0, 0, 0, 0, 0, 0, 0, 0, 0, 0, 0, 0, 0, 0, 0, 0, 0, 0, 0, 0, 0, 0, 0, 0, 0, 0, 0, 0), (0, 0, 0, 0, 0, 0, 0, 0, 0, 0, 0, 0, 0, 0, 0, 0, 0, 0, 0, 0, 0, 0, 0, 0, 0, 0, 0, 0, 0, 0, 0, 0, 0, 0, 0, 0, 0, 0, 0, 0), (0, 0, 0, 0, 0, 0, 0, 0, 0, 0, 0, 0, 0, 0, 0, 0, 0, 0, 0, 0, 0, 0, 0, 0, 0, 0, 0, 0, 0, 0, 0, 0, 0, 0, 0, 0, 0, 0, 0, 0)]}}
AdaptationManager: Configuring next round...
{'client_registry': {'enabled': True, 'params': {}}, 'client_selector': {'enabled': True, 'params': {'selection_strategy': 'Resource-Based', 'selection_criteria': 'CPU', 'selection_value': 2}}, 'client_cluster': {'enabled': False, 'params': {}}, 'message_compressor': {'enabled': False, 'params': {}}, 'model_co-versioning_registry': {'enabled': False, 'params': {}}, 'multi-task_model_trainer': {'enabled': False, 'params': {}}, 'heterogeneous_data_handler': {'enabled': True, 'params': {'enabled_clients': []}}}
{'client_selector': {'enabled': True}, 'client_cluster': {'enabled': False}, 'message_compressor': {'enabled': False}, 'model_co-versioning_registry': {'enabled': False}, 'multi-task_model_trainer': {'enabled': False}, 'heterogeneous_data_handler': {'enabled': True, 'params': {'enabled_clients': ['Client 1', 'Client 2', 'Client 3', 'Client 4', 'Client 5', 'Client 6', 'Client 7', 'Client 8', 'Client 9', 'Client 10', 'Client 11', 'Client 12', 'Client 13', 'Client 14', 'Client 15', 'Client 16', 'Client 17', 'Client 18', 'Client 19', 'Client 20', 'Client 21', 'Client 22', 'Client 23', 'Client 24', 'Client 25', 'Client 26', 'Client 27', 'Client 28', 'Client 29', 'Client 30', 'Client 31', 'Client 32', 'Client 33', 'Client 34', 'Client 35', 'Client 36', 'Client 37', 'Client 38', 'Client 39', 'Client 40']}}, 'client_registry': {'enabled': True, 'params': {}}}
round 17, 5 high, 35 low, 0.0-iid clients, predicted best policy: client_selector activated ✅
Configuring client 1...
Client 1 done.
Configuring client 2...
Client 2 done.
Configuring client 3...
Client 3 done.
Configuring client 4...
Client 4 done.
Configuring client 5...
Client 5 done.
Configuring client 6...
Client 6 done.
Configuring client 7...
Client 7 done.
Configuring client 8...
Client 8 done.
Configuring client 9...
Client 9 done.
Configuring client 10...
Client 10 done.
Configuring client 11...
Client 11 done.
Configuring client 12...
Client 12 done.
Configuring client 13...
Client 13 done.
Configuring client 14...
Client 14 done.
Configuring client 15...
Client 15 done.
Configuring client 16...
Client 16 done.
Configuring client 17...
Client 17 done.
Configuring client 18...
Client 18 done.
Configuring client 19...
Client 19 done.
Configuring client 20...
Client 20 done.
Configuring client 21...
Client 21 done.
Configuring client 22...
Client 22 done.
Configuring client 23...
Client 23 done.
Configuring client 24...
Client 24 done.
Configuring client 25...
Client 25 done.
Configuring client 26...
Client 26 done.
Configuring client 27...
Client 27 done.
Configuring client 28...
Client 28 done.
Configuring client 29...
Client 29 done.
Configuring client 30...
Client 30 done.
Configuring client 31...
Client 31 done.
Configuring client 32...
Client 32 done.
Configuring client 33...
Client 33 done.
Configuring client 34...
Client 34 done.
Configuring client 35...
Client 35 done.
Configuring client 36...
Client 36 done.
Configuring client 37...
Client 37 done.
Configuring client 38...
Client 38 done.
Configuring client 39...
Client 39 done.
Configuring client 40...
Client 40 done.
heterogeneous_data_handler activated ✅ for clients: ['Client 1', 'Client 2', 'Client 3', 'Client 4', 'Client 5', 'Client 6', 'Client 7', 'Client 8', 'Client 9', 'Client 10', 'Client 11', 'Client 12', 'Client 13', 'Client 14', 'Client 15', 'Client 16', 'Client 17', 'Client 18', 'Client 19', 'Client 20', 'Client 21', 'Client 22', 'Client 23', 'Client 24', 'Client 25', 'Client 26', 'Client 27', 'Client 28', 'Client 29', 'Client 30', 'Client 31', 'Client 32', 'Client 33', 'Client 34', 'Client 35', 'Client 36', 'Client 37', 'Client 38', 'Client 39', 'Client 40']
Client Client 32 has insufficient CPU (1). Will not participate in the next FL round.
Client Client 5 participates in this round. (CPU: 2, RAM: 2)
Client Client 36 has insufficient CPU (1). Will not participate in the next FL round.
Client Client 15 has insufficient CPU (1). Will not participate in the next FL round.
Client Client 7 has insufficient CPU (1). Will not participate in the next FL round.
Client Client 9 has insufficient CPU (1). Will not participate in the next FL round.
Client Client 17 has insufficient CPU (1). Will not participate in the next FL round.
Client Client 39 has insufficient CPU (1). Will not participate in the next FL round.
Client Client 18 has insufficient CPU (1). Will not participate in the next FL round.
Client Client 24 has insufficient CPU (1). Will not participate in the next FL round.
Client Client 23 has insufficient CPU (1). Will not participate in the next FL round.
Client Client 3 participates in this round. (CPU: 2, RAM: 2)
Client Client 38 has insufficient CPU (1). Will not participate in the next FL round.
Client Client 25 has insufficient CPU (1). Will not participate in the next FL round.
Client Client 27 has insufficient CPU (1). Will not participate in the next FL round.
Client Client 12 has insufficient CPU (1). Will not participate in the next FL round.
Client Client 28 has insufficient CPU (1). Will not participate in the next FL round.
Client Client 2 participates in this round. (CPU: 2, RAM: 2)
Client Client 11 has insufficient CPU (1). Will not participate in the next FL round.
Client Client 21 has insufficient CPU (1). Will not participate in the next FL round.
Client Client 30 has insufficient CPU (1). Will not participate in the next FL round.
Client Client 16 has insufficient CPU (1). Will not participate in the next FL round.
Client Client 29 has insufficient CPU (1). Will not participate in the next FL round.
Client Client 20 has insufficient CPU (1). Will not participate in the next FL round.
Client Client 1 participates in this round. (CPU: 2, RAM: 2)
Client Client 33 has insufficient CPU (1). Will not participate in the next FL round.
Client Client 6 has insufficient CPU (1). Will not participate in the next FL round.
Client Client 4 participates in this round. (CPU: 2, RAM: 2)
Client Client 26 has insufficient CPU (1). Will not participate in the next FL round.
Client Client 19 has insufficient CPU (1). Will not participate in the next FL round.
Client Client 34 has insufficient CPU (1). Will not participate in the next FL round.
Client Client 31 has insufficient CPU (1). Will not participate in the next FL round.
Client Client 13 has insufficient CPU (1). Will not participate in the next FL round.
Client Client 40 has insufficient CPU (1). Will not participate in the next FL round.
Client Client 14 has insufficient CPU (1). Will not participate in the next FL round.
Client Client 8 has insufficient CPU (1). Will not participate in the next FL round.
Client Client 10 has insufficient CPU (1). Will not participate in the next FL round.
Client Client 37 has insufficient CPU (1). Will not participate in the next FL round.
Client Client 35 has insufficient CPU (1). Will not participate in the next FL round.
Client Client 22 has insufficient CPU (1). Will not participate in the next FL round.
Results Aggregated in 0.09 seconds.
{'prostate_logreg': {'train_loss': [0.6843597850597957, 0.6464357603479315, 0.6235783444451434, 0.5907064102314137, 0.570901440249549, 0.555434650293103, 0.5604729047843389, 0.55207931565653, 0.5267964446986163, 0.5197690917385949, 0.5139336434779344, 0.5090360784972155, 0.504885270750081, 0.5013356133743568, 0.5212318405508996, 0.4959812800089518, 0.49356658149648597], 'train_accuracy': [0.5477941176470589, 0.6888888888888889, 0.71875, 0.7685185185185185, 0.7759259259259259, 0.7925925925925926, 0.7580357142857143, 0.7627232142857143, 0.8018518518518518, 0.8037037037037037, 0.8055555555555556, 0.8037037037037037, 0.8037037037037037, 0.8018518518518518, 0.7674107142857143, 0.8, 0.7981481481481482], 'train_f1': [0.5088386042799476, 0.688417922719997, 0.7172491674779901, 0.767964759838802, 0.7751781082729889, 0.7920421407622038, 0.7566558701095748, 0.7613731912581277, 0.8012444160180034, 0.803146892918688, 0.8049749117966943, 0.8030579331188725, 0.8030579331188725, 0.8011805336887091, 0.7658658312462242, 0.7992191020353355, 0.7973118913431718], 'train_mae': [0.4522058823529412, 0.3111111111111111, 0.28125, 0.23148148148148148, 0.22407407407407406, 0.2074074074074074, 0.24196428571428572, 0.2372767857142857, 0.19814814814814816, 0.1962962962962963, 0.19444444444444445, 0.1962962962962963, 0.1962962962962963, 0.19814814814814816, 0.23258928571428572, 0.2, 0.20185185185185187], 'val_loss': [0.7078109672195932, 0.6731397749277309, 0.6477180112726995, 0.6277777580943107, 0.6131940923903225, 0.6020914336562251, 0.5927103395561528, 0.5849609367181419, 0.5793635084649725, 0.5751576870233643, 0.571792094709681, 0.5690664575548976, 0.5668328836955578, 0.5649810108216002, 0.5626910036731712, 0.5612062122225605, 0.560093838765548], 'val_accuracy': [0.4886365117855653, 0.6074008405568689, 0.6721544136271529, 0.6903532965589704, 0.6992973469923824, 0.7049809561334385, 0.7097881838905775, 0.7171035967578521, 0.7232433674809562, 0.7237687155240347, 0.7249474651956922, 0.7270488573680063, 0.7303782505910166, 0.7313731284475965, 0.7322817724164133, 0.7333103493564487, 0.7336518255844497], 'val_f1': [0.4708663972434376, 0.5996784984224942, 0.6643509843956341, 0.6827847203065107, 0.6917553559698977, 0.6979922021780389, 0.7025993053608722, 0.7099379992646634, 0.7166080742321758, 0.7174676849677234, 0.7187971607872521, 0.7209596619718012, 0.7242239043424014, 0.7252568390321844, 0.726044881294072, 0.7270656463927095, 0.7274054704136458], 'val_mae': [0.5113634882144347, 0.39259915944313106, 0.327845586372847, 0.30964670344102974, 0.3007026530076175, 0.2950190438665616, 0.2902118161094225, 0.2828964032421479, 0.27675663251904387, 0.27623128447596534, 0.27505253480430786, 0.27295114263199366, 0.2696217494089834, 0.26862687155240345, 0.2677182275835866, 0.2666896506435514, 0.2663481744155503], 'jsd': [(0, 0, 0, 0, 0, 0, 0, 0, 0, 0, 0, 0, 0, 0, 0, 0, 0, 0, 0, 0, 0, 0.0034642219743328505, 0.12306145811218505, 0.0012206713952879027, 0.0003843884653275346, 0.0034642219743328505, 0, 0, 0, 0, 0, 0, 0, 0, 0, 0, 0, 0, 0, 0), (0, 0, 0, 0, 0, 0, 0, 0, 0, 0, 0, 0, 0, 0, 0, 0, 0, 0, 0, 0, 0, 0, 0, 0, 0, 0, 0, 0, 0, 0, 0, 0, 0, 0, 0, 0, 0, 0, 0, 0), (0, 0, 0, 0, 0, 0, 0, 0, 0, 0, 0, 0, 0, 0, 0, 0.0007052449150227041, 0, 0, 0, 0, 0, 0, 0, 0, 0, 0, 0, 0, 0, 0, 0, 0, 0, 0, 0, 0, 0, 0, 0, 0), (0, 0, 0, 0, 0, 0, 0, 0, 0, 0, 0, 0, 0, 0, 0, 0, 0, 0, 0, 0, 0, 0, 0, 0, 0, 0, 0, 0, 0, 0, 0, 0, 0, 0, 0, 0, 0, 0, 0, 0), (0, 0, 0, 0, 0, 0, 0, 0, 0, 0, 0, 0, 0, 0, 0, 0, 0, 0, 0, 0, 0, 0, 0, 0, 0, 0, 0, 0, 0, 0, 0, 0, 0, 0, 0, 0, 0, 0, 0, 0), (0, 0, 0, 0, 0, 0, 0, 0, 0, 0, 0, 0, 0, 0, 0, 0, 0, 0, 0, 0, 0, 0, 0, 0, 0, 0, 0, 0, 0, 0, 0, 0, 0, 0, 0, 0, 0, 0, 0, 0), (0, 0, 0, 0, 0, 0, 0, 0, 0, 0, 0, 0, 0, 0, 0, 0, 0, 0, 0, 0, 0, 0, 0, 0, 0, 0, 0, 0, 0, 0, 0, 0, 0, 0, 0, 0, 0, 0, 0, 0), (0, 0, 0, 0, 0, 0, 0, 0, 0, 0, 0, 0, 0, 0, 0, 0, 0, 0, 0, 0, 0, 0, 0, 0, 0, 0, 0, 0, 0, 0, 0, 0, 0, 0, 0, 0, 0, 0, 0, 0), (0, 0, 0, 0, 0, 0, 0, 0, 0, 0, 0, 0, 0, 0, 0, 0, 0, 0, 0, 0, 0, 0, 0, 0, 0, 0, 0, 0, 0, 0, 0, 0, 0, 0, 0, 0, 0, 0, 0, 0), (0, 0, 0, 0, 0, 0, 0, 0, 0, 0, 0, 0, 0, 0, 0, 0, 0, 0, 0, 0, 0, 0, 0, 0, 0, 0, 0, 0, 0, 0, 0, 0, 0, 0, 0, 0, 0, 0, 0, 0), (0, 0, 0, 0, 0, 0, 0, 0, 0, 0, 0, 0, 0, 0, 0, 0, 0, 0, 0, 0, 0, 0, 0, 0, 0, 0, 0, 0, 0, 0, 0, 0, 0, 0, 0, 0, 0, 0, 0, 0), (0, 0, 0, 0, 0, 0, 0, 0, 0, 0, 0, 0, 0, 0, 0, 0, 0, 0, 0, 0, 0, 0, 0, 0, 0, 0, 0, 0, 0, 0, 0, 0, 0, 0, 0, 0, 0, 0, 0, 0), (0, 0, 0, 0, 0, 0, 0, 0, 0, 0, 0, 0, 0, 0, 0, 0, 0, 0, 0, 0, 0, 0, 0, 0, 0, 0, 0, 0, 0, 0, 0, 0, 0, 0, 0, 0, 0, 0, 0, 0), (0, 0, 0, 0, 0, 0, 0, 0, 0, 0, 0, 0, 0, 0, 0, 0, 0, 0, 0, 0, 0, 0, 0, 0, 0, 0, 0, 0, 0, 0, 0, 0, 0, 0, 0, 0, 0, 0, 0, 0), (0, 0, 0, 0, 0, 0, 0, 0, 0, 0, 0, 0, 0, 0, 0, 0, 0, 0, 0, 0, 0, 0, 0, 0, 0, 0, 0, 0, 0, 0, 0, 0, 0, 0, 0, 0, 0, 0, 0, 0), (0, 0, 0, 0, 0, 0, 0, 0, 0, 0, 0, 0, 0, 0, 0, 0, 0, 0, 0, 0, 0, 0, 0, 0, 0, 0, 0, 0, 0, 0, 0, 0, 0, 0, 0, 0, 0, 0, 0, 0), (0, 0, 0, 0, 0, 0, 0, 0, 0, 0, 0, 0, 0, 0, 0, 0, 0, 0, 0, 0, 0, 0, 0, 0, 0, 0, 0, 0, 0, 0, 0, 0, 0, 0, 0, 0, 0, 0, 0, 0)]}}
AdaptationManager: Configuring next round...
{'client_registry': {'enabled': True, 'params': {}}, 'client_selector': {'enabled': True, 'params': {'selection_strategy': 'Resource-Based', 'selection_criteria': 'CPU', 'selection_value': 2}}, 'client_cluster': {'enabled': False, 'params': {}}, 'message_compressor': {'enabled': False, 'params': {}}, 'model_co-versioning_registry': {'enabled': False, 'params': {}}, 'multi-task_model_trainer': {'enabled': False, 'params': {}}, 'heterogeneous_data_handler': {'enabled': True, 'params': {'enabled_clients': []}}}
{'client_selector': {'enabled': True}, 'client_cluster': {'enabled': False}, 'message_compressor': {'enabled': False}, 'model_co-versioning_registry': {'enabled': False}, 'multi-task_model_trainer': {'enabled': False}, 'heterogeneous_data_handler': {'enabled': True, 'params': {'enabled_clients': ['Client 1', 'Client 2', 'Client 3', 'Client 4', 'Client 5', 'Client 6', 'Client 7', 'Client 8', 'Client 9', 'Client 10', 'Client 11', 'Client 12', 'Client 13', 'Client 14', 'Client 15', 'Client 16', 'Client 17', 'Client 18', 'Client 19', 'Client 20', 'Client 21', 'Client 22', 'Client 23', 'Client 24', 'Client 25', 'Client 26', 'Client 27', 'Client 28', 'Client 29', 'Client 30', 'Client 31', 'Client 32', 'Client 33', 'Client 34', 'Client 35', 'Client 36', 'Client 37', 'Client 38', 'Client 39', 'Client 40']}}, 'client_registry': {'enabled': True, 'params': {}}}
round 18, 5 high, 35 low, 0.0-iid clients, predicted best policy: client_selector activated ✅
Configuring client 1...
Client 1 done.
Configuring client 2...
Client 2 done.
Configuring client 3...
Client 3 done.
Configuring client 4...
Client 4 done.
Configuring client 5...
Client 5 done.
Configuring client 6...
Client 6 done.
Configuring client 7...
Client 7 done.
Configuring client 8...
Client 8 done.
Configuring client 9...
Client 9 done.
Configuring client 10...
Client 10 done.
Configuring client 11...
Client 11 done.
Configuring client 12...
Client 12 done.
Configuring client 13...
Client 13 done.
Configuring client 14...
Client 14 done.
Configuring client 15...
Client 15 done.
Configuring client 16...
Client 16 done.
Configuring client 17...
Client 17 done.
Configuring client 18...
Client 18 done.
Configuring client 19...
Client 19 done.
Configuring client 20...
Client 20 done.
Configuring client 21...
Client 21 done.
Configuring client 22...
Client 22 done.
Configuring client 23...
Client 23 done.
Configuring client 24...
Client 24 done.
Configuring client 25...
Client 25 done.
Configuring client 26...
Client 26 done.
Configuring client 27...
Client 27 done.
Configuring client 28...
Client 28 done.
Configuring client 29...
Client 29 done.
Configuring client 30...
Client 30 done.
Configuring client 31...
Client 31 done.
Configuring client 32...
Client 32 done.
Configuring client 33...
Client 33 done.
Configuring client 34...
Client 34 done.
Configuring client 35...
Client 35 done.
Configuring client 36...
Client 36 done.
Configuring client 37...
Client 37 done.
Configuring client 38...
Client 38 done.
Configuring client 39...
Client 39 done.
Configuring client 40...
Client 40 done.
heterogeneous_data_handler activated ✅ for clients: ['Client 1', 'Client 2', 'Client 3', 'Client 4', 'Client 5', 'Client 6', 'Client 7', 'Client 8', 'Client 9', 'Client 10', 'Client 11', 'Client 12', 'Client 13', 'Client 14', 'Client 15', 'Client 16', 'Client 17', 'Client 18', 'Client 19', 'Client 20', 'Client 21', 'Client 22', 'Client 23', 'Client 24', 'Client 25', 'Client 26', 'Client 27', 'Client 28', 'Client 29', 'Client 30', 'Client 31', 'Client 32', 'Client 33', 'Client 34', 'Client 35', 'Client 36', 'Client 37', 'Client 38', 'Client 39', 'Client 40']
Client Client 2 participates in this round. (CPU: 2, RAM: 2)
Client Client 7 has insufficient CPU (1). Will not participate in the next FL round.
Client Client 33 has insufficient CPU (1). Will not participate in the next FL round.
Client Client 19 has insufficient CPU (1). Will not participate in the next FL round.
Client Client 40 has insufficient CPU (1). Will not participate in the next FL round.
Client Client 14 has insufficient CPU (1). Will not participate in the next FL round.
Client Client 9 has insufficient CPU (1). Will not participate in the next FL round.
Client Client 13 has insufficient CPU (1). Will not participate in the next FL round.
Client Client 18 has insufficient CPU (1). Will not participate in the next FL round.
Client Client 29 has insufficient CPU (1). Will not participate in the next FL round.
Client Client 8 has insufficient CPU (1). Will not participate in the next FL round.
Client Client 16 has insufficient CPU (1). Will not participate in the next FL round.
Client Client 24 has insufficient CPU (1). Will not participate in the next FL round.
Client Client 31 has insufficient CPU (1). Will not participate in the next FL round.
Client Client 35 has insufficient CPU (1). Will not participate in the next FL round.
Client Client 15 has insufficient CPU (1). Will not participate in the next FL round.
Client Client 36 has insufficient CPU (1). Will not participate in the next FL round.
Client Client 37 has insufficient CPU (1). Will not participate in the next FL round.
Client Client 3 participates in this round. (CPU: 2, RAM: 2)
Client Client 38 has insufficient CPU (1). Will not participate in the next FL round.
Client Client 26 has insufficient CPU (1). Will not participate in the next FL round.
Client Client 6 has insufficient CPU (1). Will not participate in the next FL round.
Client Client 27 has insufficient CPU (1). Will not participate in the next FL round.
Client Client 25 has insufficient CPU (1). Will not participate in the next FL round.
Client Client 30 has insufficient CPU (1). Will not participate in the next FL round.
Client Client 22 has insufficient CPU (1). Will not participate in the next FL round.
Client Client 20 has insufficient CPU (1). Will not participate in the next FL round.
Client Client 23 has insufficient CPU (1). Will not participate in the next FL round.
Client Client 39 has insufficient CPU (1). Will not participate in the next FL round.
Client Client 21 has insufficient CPU (1). Will not participate in the next FL round.
Client Client 32 has insufficient CPU (1). Will not participate in the next FL round.
Client Client 34 has insufficient CPU (1). Will not participate in the next FL round.
Client Client 11 has insufficient CPU (1). Will not participate in the next FL round.
Client Client 1 participates in this round. (CPU: 2, RAM: 2)
Client Client 4 participates in this round. (CPU: 2, RAM: 2)
Client Client 12 has insufficient CPU (1). Will not participate in the next FL round.
Client Client 28 has insufficient CPU (1). Will not participate in the next FL round.
Client Client 5 participates in this round. (CPU: 2, RAM: 2)
Client Client 17 has insufficient CPU (1). Will not participate in the next FL round.
Client Client 10 has insufficient CPU (1). Will not participate in the next FL round.
Results Aggregated in 0.11 seconds.
{'prostate_logreg': {'train_loss': [0.6843597850597957, 0.6464357603479315, 0.6235783444451434, 0.5907064102314137, 0.570901440249549, 0.555434650293103, 0.5604729047843389, 0.55207931565653, 0.5267964446986163, 0.5197690917385949, 0.5139336434779344, 0.5090360784972155, 0.504885270750081, 0.5013356133743568, 0.5212318405508996, 0.4959812800089518, 0.49356658149648597, 0.4914454580457122], 'train_accuracy': [0.5477941176470589, 0.6888888888888889, 0.71875, 0.7685185185185185, 0.7759259259259259, 0.7925925925925926, 0.7580357142857143, 0.7627232142857143, 0.8018518518518518, 0.8037037037037037, 0.8055555555555556, 0.8037037037037037, 0.8037037037037037, 0.8018518518518518, 0.7674107142857143, 0.8, 0.7981481481481482, 0.8], 'train_f1': [0.5088386042799476, 0.688417922719997, 0.7172491674779901, 0.767964759838802, 0.7751781082729889, 0.7920421407622038, 0.7566558701095748, 0.7613731912581277, 0.8012444160180034, 0.803146892918688, 0.8049749117966943, 0.8030579331188725, 0.8030579331188725, 0.8011805336887091, 0.7658658312462242, 0.7992191020353355, 0.7973118913431718, 0.7992228726536307], 'train_mae': [0.4522058823529412, 0.3111111111111111, 0.28125, 0.23148148148148148, 0.22407407407407406, 0.2074074074074074, 0.24196428571428572, 0.2372767857142857, 0.19814814814814816, 0.1962962962962963, 0.19444444444444445, 0.1962962962962963, 0.1962962962962963, 0.19814814814814816, 0.23258928571428572, 0.2, 0.20185185185185187, 0.2], 'val_loss': [0.7078109672195932, 0.6731397749277309, 0.6477180112726995, 0.6277777580943107, 0.6131940923903225, 0.6020914336562251, 0.5927103395561528, 0.5849609367181419, 0.5793635084649725, 0.5751576870233643, 0.571792094709681, 0.5690664575548976, 0.5668328836955578, 0.5649810108216002, 0.5626910036731712, 0.5612062122225605, 0.560093838765548, 0.5591349226519728], 'val_accuracy': [0.4886365117855653, 0.6074008405568689, 0.6721544136271529, 0.6903532965589704, 0.6992973469923824, 0.7049809561334385, 0.7097881838905775, 0.7171035967578521, 0.7232433674809562, 0.7237687155240347, 0.7249474651956922, 0.7270488573680063, 0.7303782505910166, 0.7313731284475965, 0.7322817724164133, 0.7333103493564487, 0.7336518255844497, 0.7337010769634883], 'val_f1': [0.4708663972434376, 0.5996784984224942, 0.6643509843956341, 0.6827847203065107, 0.6917553559698977, 0.6979922021780389, 0.7025993053608722, 0.7099379992646634, 0.7166080742321758, 0.7174676849677234, 0.7187971607872521, 0.7209596619718012, 0.7242239043424014, 0.7252568390321844, 0.726044881294072, 0.7270656463927095, 0.7274054704136458, 0.7276475258655357], 'val_mae': [0.5113634882144347, 0.39259915944313106, 0.327845586372847, 0.30964670344102974, 0.3007026530076175, 0.2950190438665616, 0.2902118161094225, 0.2828964032421479, 0.27675663251904387, 0.27623128447596534, 0.27505253480430786, 0.27295114263199366, 0.2696217494089834, 0.26862687155240345, 0.2677182275835866, 0.2666896506435514, 0.2663481744155503, 0.2662989230365117], 'jsd': [(0, 0, 0, 0, 0, 0, 0, 0, 0, 0, 0, 0, 0, 0, 0, 0, 0, 0, 0, 0, 0, 0.0034642219743328505, 0.12306145811218505, 0.0012206713952879027, 0.0003843884653275346, 0.0034642219743328505, 0, 0, 0, 0, 0, 0, 0, 0, 0, 0, 0, 0, 0, 0), (0, 0, 0, 0, 0, 0, 0, 0, 0, 0, 0, 0, 0, 0, 0, 0, 0, 0, 0, 0, 0, 0, 0, 0, 0, 0, 0, 0, 0, 0, 0, 0, 0, 0, 0, 0, 0, 0, 0, 0), (0, 0, 0, 0, 0, 0, 0, 0, 0, 0, 0, 0, 0, 0, 0, 0.0007052449150227041, 0, 0, 0, 0, 0, 0, 0, 0, 0, 0, 0, 0, 0, 0, 0, 0, 0, 0, 0, 0, 0, 0, 0, 0), (0, 0, 0, 0, 0, 0, 0, 0, 0, 0, 0, 0, 0, 0, 0, 0, 0, 0, 0, 0, 0, 0, 0, 0, 0, 0, 0, 0, 0, 0, 0, 0, 0, 0, 0, 0, 0, 0, 0, 0), (0, 0, 0, 0, 0, 0, 0, 0, 0, 0, 0, 0, 0, 0, 0, 0, 0, 0, 0, 0, 0, 0, 0, 0, 0, 0, 0, 0, 0, 0, 0, 0, 0, 0, 0, 0, 0, 0, 0, 0), (0, 0, 0, 0, 0, 0, 0, 0, 0, 0, 0, 0, 0, 0, 0, 0, 0, 0, 0, 0, 0, 0, 0, 0, 0, 0, 0, 0, 0, 0, 0, 0, 0, 0, 0, 0, 0, 0, 0, 0), (0, 0, 0, 0, 0, 0, 0, 0, 0, 0, 0, 0, 0, 0, 0, 0, 0, 0, 0, 0, 0, 0, 0, 0, 0, 0, 0, 0, 0, 0, 0, 0, 0, 0, 0, 0, 0, 0, 0, 0), (0, 0, 0, 0, 0, 0, 0, 0, 0, 0, 0, 0, 0, 0, 0, 0, 0, 0, 0, 0, 0, 0, 0, 0, 0, 0, 0, 0, 0, 0, 0, 0, 0, 0, 0, 0, 0, 0, 0, 0), (0, 0, 0, 0, 0, 0, 0, 0, 0, 0, 0, 0, 0, 0, 0, 0, 0, 0, 0, 0, 0, 0, 0, 0, 0, 0, 0, 0, 0, 0, 0, 0, 0, 0, 0, 0, 0, 0, 0, 0), (0, 0, 0, 0, 0, 0, 0, 0, 0, 0, 0, 0, 0, 0, 0, 0, 0, 0, 0, 0, 0, 0, 0, 0, 0, 0, 0, 0, 0, 0, 0, 0, 0, 0, 0, 0, 0, 0, 0, 0), (0, 0, 0, 0, 0, 0, 0, 0, 0, 0, 0, 0, 0, 0, 0, 0, 0, 0, 0, 0, 0, 0, 0, 0, 0, 0, 0, 0, 0, 0, 0, 0, 0, 0, 0, 0, 0, 0, 0, 0), (0, 0, 0, 0, 0, 0, 0, 0, 0, 0, 0, 0, 0, 0, 0, 0, 0, 0, 0, 0, 0, 0, 0, 0, 0, 0, 0, 0, 0, 0, 0, 0, 0, 0, 0, 0, 0, 0, 0, 0), (0, 0, 0, 0, 0, 0, 0, 0, 0, 0, 0, 0, 0, 0, 0, 0, 0, 0, 0, 0, 0, 0, 0, 0, 0, 0, 0, 0, 0, 0, 0, 0, 0, 0, 0, 0, 0, 0, 0, 0), (0, 0, 0, 0, 0, 0, 0, 0, 0, 0, 0, 0, 0, 0, 0, 0, 0, 0, 0, 0, 0, 0, 0, 0, 0, 0, 0, 0, 0, 0, 0, 0, 0, 0, 0, 0, 0, 0, 0, 0), (0, 0, 0, 0, 0, 0, 0, 0, 0, 0, 0, 0, 0, 0, 0, 0, 0, 0, 0, 0, 0, 0, 0, 0, 0, 0, 0, 0, 0, 0, 0, 0, 0, 0, 0, 0, 0, 0, 0, 0), (0, 0, 0, 0, 0, 0, 0, 0, 0, 0, 0, 0, 0, 0, 0, 0, 0, 0, 0, 0, 0, 0, 0, 0, 0, 0, 0, 0, 0, 0, 0, 0, 0, 0, 0, 0, 0, 0, 0, 0), (0, 0, 0, 0, 0, 0, 0, 0, 0, 0, 0, 0, 0, 0, 0, 0, 0, 0, 0, 0, 0, 0, 0, 0, 0, 0, 0, 0, 0, 0, 0, 0, 0, 0, 0, 0, 0, 0, 0, 0), (0, 0, 0, 0, 0, 0, 0, 0, 0, 0, 0, 0, 0, 0, 0, 0, 0, 0, 0, 0, 0, 0, 0, 0, 0, 0, 0, 0, 0, 0, 0, 0, 0, 0, 0, 0, 0, 0, 0, 0)]}}
AdaptationManager: Configuring next round...
{'client_registry': {'enabled': True, 'params': {}}, 'client_selector': {'enabled': True, 'params': {'selection_strategy': 'Resource-Based', 'selection_criteria': 'CPU', 'selection_value': 2}}, 'client_cluster': {'enabled': False, 'params': {}}, 'message_compressor': {'enabled': False, 'params': {}}, 'model_co-versioning_registry': {'enabled': False, 'params': {}}, 'multi-task_model_trainer': {'enabled': False, 'params': {}}, 'heterogeneous_data_handler': {'enabled': True, 'params': {'enabled_clients': []}}}
{'client_selector': {'enabled': True}, 'client_cluster': {'enabled': False}, 'message_compressor': {'enabled': False}, 'model_co-versioning_registry': {'enabled': False}, 'multi-task_model_trainer': {'enabled': False}, 'heterogeneous_data_handler': {'enabled': True, 'params': {'enabled_clients': ['Client 1', 'Client 2', 'Client 3', 'Client 4', 'Client 5', 'Client 6', 'Client 7', 'Client 8', 'Client 9', 'Client 10', 'Client 11', 'Client 12', 'Client 13', 'Client 14', 'Client 15', 'Client 16', 'Client 17', 'Client 18', 'Client 19', 'Client 20', 'Client 21', 'Client 22', 'Client 23', 'Client 24', 'Client 25', 'Client 26', 'Client 27', 'Client 28', 'Client 29', 'Client 30', 'Client 31', 'Client 32', 'Client 33', 'Client 34', 'Client 35', 'Client 36', 'Client 37', 'Client 38', 'Client 39', 'Client 40']}}, 'client_registry': {'enabled': True, 'params': {}}}
round 19, 5 high, 35 low, 0.0-iid clients, predicted best policy: client_selector activated ✅
Configuring client 1...
Client 1 done.
Configuring client 2...
Client 2 done.
Configuring client 3...
Client 3 done.
Configuring client 4...
Client 4 done.
Configuring client 5...
Client 5 done.
Configuring client 6...
Client 6 done.
Configuring client 7...
Client 7 done.
Configuring client 8...
Client 8 done.
Configuring client 9...
Client 9 done.
Configuring client 10...
Client 10 done.
Configuring client 11...
Client 11 done.
Configuring client 12...
Client 12 done.
Configuring client 13...
Client 13 done.
Configuring client 14...
Client 14 done.
Configuring client 15...
Client 15 done.
Configuring client 16...
Client 16 done.
Configuring client 17...
Client 17 done.
Configuring client 18...
Client 18 done.
Configuring client 19...
Client 19 done.
Configuring client 20...
Client 20 done.
Configuring client 21...
Client 21 done.
Configuring client 22...
Client 22 done.
Configuring client 23...
Client 23 done.
Configuring client 24...
Client 24 done.
Configuring client 25...
Client 25 done.
Configuring client 26...
Client 26 done.
Configuring client 27...
Client 27 done.
Configuring client 28...
Client 28 done.
Configuring client 29...
Client 29 done.
Configuring client 30...
Client 30 done.
Configuring client 31...
Client 31 done.
Configuring client 32...
Client 32 done.
Configuring client 33...
Client 33 done.
Configuring client 34...
Client 34 done.
Configuring client 35...
Client 35 done.
Configuring client 36...
Client 36 done.
Configuring client 37...
Client 37 done.
Configuring client 38...
Client 38 done.
Configuring client 39...
Client 39 done.
Configuring client 40...
Client 40 done.
heterogeneous_data_handler activated ✅ for clients: ['Client 1', 'Client 2', 'Client 3', 'Client 4', 'Client 5', 'Client 6', 'Client 7', 'Client 8', 'Client 9', 'Client 10', 'Client 11', 'Client 12', 'Client 13', 'Client 14', 'Client 15', 'Client 16', 'Client 17', 'Client 18', 'Client 19', 'Client 20', 'Client 21', 'Client 22', 'Client 23', 'Client 24', 'Client 25', 'Client 26', 'Client 27', 'Client 28', 'Client 29', 'Client 30', 'Client 31', 'Client 32', 'Client 33', 'Client 34', 'Client 35', 'Client 36', 'Client 37', 'Client 38', 'Client 39', 'Client 40']
Client Client 16 has insufficient CPU (1). Will not participate in the next FL round.
Client Client 23 has insufficient CPU (1). Will not participate in the next FL round.
Client Client 32 has insufficient CPU (1). Will not participate in the next FL round.
Client Client 37 has insufficient CPU (1). Will not participate in the next FL round.
Client Client 21 has insufficient CPU (1). Will not participate in the next FL round.
Client Client 40 has insufficient CPU (1). Will not participate in the next FL round.
Client Client 10 has insufficient CPU (1). Will not participate in the next FL round.
Client Client 35 has insufficient CPU (1). Will not participate in the next FL round.
Client Client 34 has insufficient CPU (1). Will not participate in the next FL round.
Client Client 4 participates in this round. (CPU: 2, RAM: 2)
Client Client 14 has insufficient CPU (1). Will not participate in the next FL round.
Client Client 30 has insufficient CPU (1). Will not participate in the next FL round.
Client Client 27 has insufficient CPU (1). Will not participate in the next FL round.
Client Client 18 has insufficient CPU (1). Will not participate in the next FL round.
Client Client 25 has insufficient CPU (1). Will not participate in the next FL round.
Client Client 24 has insufficient CPU (1). Will not participate in the next FL round.
Client Client 33 has insufficient CPU (1). Will not participate in the next FL round.
Client Client 29 has insufficient CPU (1). Will not participate in the next FL round.
Client Client 8 has insufficient CPU (1). Will not participate in the next FL round.
Client Client 19 has insufficient CPU (1). Will not participate in the next FL round.
Client Client 38 has insufficient CPU (1). Will not participate in the next FL round.
Client Client 36 has insufficient CPU (1). Will not participate in the next FL round.
Client Client 22 has insufficient CPU (1). Will not participate in the next FL round.
Client Client 31 has insufficient CPU (1). Will not participate in the next FL round.
Client Client 17 has insufficient CPU (1). Will not participate in the next FL round.
Client Client 2 participates in this round. (CPU: 2, RAM: 2)
Client Client 39 has insufficient CPU (1). Will not participate in the next FL round.
Client Client 7 has insufficient CPU (1). Will not participate in the next FL round.
Client Client 5 participates in this round. (CPU: 2, RAM: 2)
Client Client 1 participates in this round. (CPU: 2, RAM: 2)
Client Client 15 has insufficient CPU (1). Will not participate in the next FL round.
Client Client 20 has insufficient CPU (1). Will not participate in the next FL round.
Client Client 11 has insufficient CPU (1). Will not participate in the next FL round.
Client Client 26 has insufficient CPU (1). Will not participate in the next FL round.
Client Client 9 has insufficient CPU (1). Will not participate in the next FL round.
Client Client 6 has insufficient CPU (1). Will not participate in the next FL round.
Client Client 28 has insufficient CPU (1). Will not participate in the next FL round.
Client Client 13 has insufficient CPU (1). Will not participate in the next FL round.
Client Client 3 participates in this round. (CPU: 2, RAM: 2)
Client Client 12 has insufficient CPU (1). Will not participate in the next FL round.
Results Aggregated in 0.08 seconds.
{'prostate_logreg': {'train_loss': [0.6843597850597957, 0.6464357603479315, 0.6235783444451434, 0.5907064102314137, 0.570901440249549, 0.555434650293103, 0.5604729047843389, 0.55207931565653, 0.5267964446986163, 0.5197690917385949, 0.5139336434779344, 0.5090360784972155, 0.504885270750081, 0.5013356133743568, 0.5212318405508996, 0.4959812800089518, 0.49356658149648597, 0.4914454580457122, 0.4895703620380826], 'train_accuracy': [0.5477941176470589, 0.6888888888888889, 0.71875, 0.7685185185185185, 0.7759259259259259, 0.7925925925925926, 0.7580357142857143, 0.7627232142857143, 0.8018518518518518, 0.8037037037037037, 0.8055555555555556, 0.8037037037037037, 0.8037037037037037, 0.8018518518518518, 0.7674107142857143, 0.8, 0.7981481481481482, 0.8, 0.8], 'train_f1': [0.5088386042799476, 0.688417922719997, 0.7172491674779901, 0.767964759838802, 0.7751781082729889, 0.7920421407622038, 0.7566558701095748, 0.7613731912581277, 0.8012444160180034, 0.803146892918688, 0.8049749117966943, 0.8030579331188725, 0.8030579331188725, 0.8011805336887091, 0.7658658312462242, 0.7992191020353355, 0.7973118913431718, 0.7992228726536307, 0.7992228726536307], 'train_mae': [0.4522058823529412, 0.3111111111111111, 0.28125, 0.23148148148148148, 0.22407407407407406, 0.2074074074074074, 0.24196428571428572, 0.2372767857142857, 0.19814814814814816, 0.1962962962962963, 0.19444444444444445, 0.1962962962962963, 0.1962962962962963, 0.19814814814814816, 0.23258928571428572, 0.2, 0.20185185185185187, 0.2, 0.2], 'val_loss': [0.7078109672195932, 0.6731397749277309, 0.6477180112726995, 0.6277777580943107, 0.6131940923903225, 0.6020914336562251, 0.5927103395561528, 0.5849609367181419, 0.5793635084649725, 0.5751576870233643, 0.571792094709681, 0.5690664575548976, 0.5668328836955578, 0.5649810108216002, 0.5626910036731712, 0.5612062122225605, 0.560093838765548, 0.5591349226519728, 0.5582984840772833], 'val_accuracy': [0.4886365117855653, 0.6074008405568689, 0.6721544136271529, 0.6903532965589704, 0.6992973469923824, 0.7049809561334385, 0.7097881838905775, 0.7171035967578521, 0.7232433674809562, 0.7237687155240347, 0.7249474651956922, 0.7270488573680063, 0.7303782505910166, 0.7313731284475965, 0.7322817724164133, 0.7333103493564487, 0.7336518255844497, 0.7337010769634883, 0.7335566062516418], 'val_f1': [0.4708663972434376, 0.5996784984224942, 0.6643509843956341, 0.6827847203065107, 0.6917553559698977, 0.6979922021780389, 0.7025993053608722, 0.7099379992646634, 0.7166080742321758, 0.7174676849677234, 0.7187971607872521, 0.7209596619718012, 0.7242239043424014, 0.7252568390321844, 0.726044881294072, 0.7270656463927095, 0.7274054704136458, 0.7276475258655357, 0.7275334750131742], 'val_mae': [0.5113634882144347, 0.39259915944313106, 0.327845586372847, 0.30964670344102974, 0.3007026530076175, 0.2950190438665616, 0.2902118161094225, 0.2828964032421479, 0.27675663251904387, 0.27623128447596534, 0.27505253480430786, 0.27295114263199366, 0.2696217494089834, 0.26862687155240345, 0.2677182275835866, 0.2666896506435514, 0.2663481744155503, 0.2662989230365117, 0.26644339374835824], 'jsd': [(0, 0, 0, 0, 0, 0, 0, 0, 0, 0, 0, 0, 0, 0, 0, 0, 0, 0, 0, 0, 0, 0.0034642219743328505, 0.12306145811218505, 0.0012206713952879027, 0.0003843884653275346, 0.0034642219743328505, 0, 0, 0, 0, 0, 0, 0, 0, 0, 0, 0, 0, 0, 0), (0, 0, 0, 0, 0, 0, 0, 0, 0, 0, 0, 0, 0, 0, 0, 0, 0, 0, 0, 0, 0, 0, 0, 0, 0, 0, 0, 0, 0, 0, 0, 0, 0, 0, 0, 0, 0, 0, 0, 0), (0, 0, 0, 0, 0, 0, 0, 0, 0, 0, 0, 0, 0, 0, 0, 0.0007052449150227041, 0, 0, 0, 0, 0, 0, 0, 0, 0, 0, 0, 0, 0, 0, 0, 0, 0, 0, 0, 0, 0, 0, 0, 0), (0, 0, 0, 0, 0, 0, 0, 0, 0, 0, 0, 0, 0, 0, 0, 0, 0, 0, 0, 0, 0, 0, 0, 0, 0, 0, 0, 0, 0, 0, 0, 0, 0, 0, 0, 0, 0, 0, 0, 0), (0, 0, 0, 0, 0, 0, 0, 0, 0, 0, 0, 0, 0, 0, 0, 0, 0, 0, 0, 0, 0, 0, 0, 0, 0, 0, 0, 0, 0, 0, 0, 0, 0, 0, 0, 0, 0, 0, 0, 0), (0, 0, 0, 0, 0, 0, 0, 0, 0, 0, 0, 0, 0, 0, 0, 0, 0, 0, 0, 0, 0, 0, 0, 0, 0, 0, 0, 0, 0, 0, 0, 0, 0, 0, 0, 0, 0, 0, 0, 0), (0, 0, 0, 0, 0, 0, 0, 0, 0, 0, 0, 0, 0, 0, 0, 0, 0, 0, 0, 0, 0, 0, 0, 0, 0, 0, 0, 0, 0, 0, 0, 0, 0, 0, 0, 0, 0, 0, 0, 0), (0, 0, 0, 0, 0, 0, 0, 0, 0, 0, 0, 0, 0, 0, 0, 0, 0, 0, 0, 0, 0, 0, 0, 0, 0, 0, 0, 0, 0, 0, 0, 0, 0, 0, 0, 0, 0, 0, 0, 0), (0, 0, 0, 0, 0, 0, 0, 0, 0, 0, 0, 0, 0, 0, 0, 0, 0, 0, 0, 0, 0, 0, 0, 0, 0, 0, 0, 0, 0, 0, 0, 0, 0, 0, 0, 0, 0, 0, 0, 0), (0, 0, 0, 0, 0, 0, 0, 0, 0, 0, 0, 0, 0, 0, 0, 0, 0, 0, 0, 0, 0, 0, 0, 0, 0, 0, 0, 0, 0, 0, 0, 0, 0, 0, 0, 0, 0, 0, 0, 0), (0, 0, 0, 0, 0, 0, 0, 0, 0, 0, 0, 0, 0, 0, 0, 0, 0, 0, 0, 0, 0, 0, 0, 0, 0, 0, 0, 0, 0, 0, 0, 0, 0, 0, 0, 0, 0, 0, 0, 0), (0, 0, 0, 0, 0, 0, 0, 0, 0, 0, 0, 0, 0, 0, 0, 0, 0, 0, 0, 0, 0, 0, 0, 0, 0, 0, 0, 0, 0, 0, 0, 0, 0, 0, 0, 0, 0, 0, 0, 0), (0, 0, 0, 0, 0, 0, 0, 0, 0, 0, 0, 0, 0, 0, 0, 0, 0, 0, 0, 0, 0, 0, 0, 0, 0, 0, 0, 0, 0, 0, 0, 0, 0, 0, 0, 0, 0, 0, 0, 0), (0, 0, 0, 0, 0, 0, 0, 0, 0, 0, 0, 0, 0, 0, 0, 0, 0, 0, 0, 0, 0, 0, 0, 0, 0, 0, 0, 0, 0, 0, 0, 0, 0, 0, 0, 0, 0, 0, 0, 0), (0, 0, 0, 0, 0, 0, 0, 0, 0, 0, 0, 0, 0, 0, 0, 0, 0, 0, 0, 0, 0, 0, 0, 0, 0, 0, 0, 0, 0, 0, 0, 0, 0, 0, 0, 0, 0, 0, 0, 0), (0, 0, 0, 0, 0, 0, 0, 0, 0, 0, 0, 0, 0, 0, 0, 0, 0, 0, 0, 0, 0, 0, 0, 0, 0, 0, 0, 0, 0, 0, 0, 0, 0, 0, 0, 0, 0, 0, 0, 0), (0, 0, 0, 0, 0, 0, 0, 0, 0, 0, 0, 0, 0, 0, 0, 0, 0, 0, 0, 0, 0, 0, 0, 0, 0, 0, 0, 0, 0, 0, 0, 0, 0, 0, 0, 0, 0, 0, 0, 0), (0, 0, 0, 0, 0, 0, 0, 0, 0, 0, 0, 0, 0, 0, 0, 0, 0, 0, 0, 0, 0, 0, 0, 0, 0, 0, 0, 0, 0, 0, 0, 0, 0, 0, 0, 0, 0, 0, 0, 0), (0, 0, 0, 0, 0, 0, 0, 0, 0, 0, 0, 0, 0, 0, 0, 0, 0, 0, 0, 0, 0, 0, 0, 0, 0, 0, 0, 0, 0, 0, 0, 0, 0, 0, 0, 0, 0, 0, 0, 0)]}}
AdaptationManager: Configuring next round...
{'client_registry': {'enabled': True, 'params': {}}, 'client_selector': {'enabled': True, 'params': {'selection_strategy': 'Resource-Based', 'selection_criteria': 'CPU', 'selection_value': 2}}, 'client_cluster': {'enabled': False, 'params': {}}, 'message_compressor': {'enabled': False, 'params': {}}, 'model_co-versioning_registry': {'enabled': False, 'params': {}}, 'multi-task_model_trainer': {'enabled': False, 'params': {}}, 'heterogeneous_data_handler': {'enabled': True, 'params': {'enabled_clients': []}}}
{'client_selector': {'enabled': True}, 'client_cluster': {'enabled': False}, 'message_compressor': {'enabled': False}, 'model_co-versioning_registry': {'enabled': False}, 'multi-task_model_trainer': {'enabled': False}, 'heterogeneous_data_handler': {'enabled': True, 'params': {'enabled_clients': ['Client 1', 'Client 2', 'Client 3', 'Client 4', 'Client 5', 'Client 6', 'Client 7', 'Client 8', 'Client 9', 'Client 10', 'Client 11', 'Client 12', 'Client 13', 'Client 14', 'Client 15', 'Client 16', 'Client 17', 'Client 18', 'Client 19', 'Client 20', 'Client 21', 'Client 22', 'Client 23', 'Client 24', 'Client 25', 'Client 26', 'Client 27', 'Client 28', 'Client 29', 'Client 30', 'Client 31', 'Client 32', 'Client 33', 'Client 34', 'Client 35', 'Client 36', 'Client 37', 'Client 38', 'Client 39', 'Client 40']}}, 'client_registry': {'enabled': True, 'params': {}}}
round 20, 5 high, 35 low, 0.0-iid clients, predicted best policy: client_selector activated ✅
Configuring client 1...
Client 1 done.
Configuring client 2...
Client 2 done.
Configuring client 3...
Client 3 done.
Configuring client 4...
Client 4 done.
Configuring client 5...
Client 5 done.
Configuring client 6...
Client 6 done.
Configuring client 7...
Client 7 done.
Configuring client 8...
Client 8 done.
Configuring client 9...
Client 9 done.
Configuring client 10...
Client 10 done.
Configuring client 11...
Client 11 done.
Configuring client 12...
Client 12 done.
Configuring client 13...
Client 13 done.
Configuring client 14...
Client 14 done.
Configuring client 15...
Client 15 done.
Configuring client 16...
Client 16 done.
Configuring client 17...
Client 17 done.
Configuring client 18...
Client 18 done.
Configuring client 19...
Client 19 done.
Configuring client 20...
Client 20 done.
Configuring client 21...
Client 21 done.
Configuring client 22...
Client 22 done.
Configuring client 23...
Client 23 done.
Configuring client 24...
Client 24 done.
Configuring client 25...
Client 25 done.
Configuring client 26...
Client 26 done.
Configuring client 27...
Client 27 done.
Configuring client 28...
Client 28 done.
Configuring client 29...
Client 29 done.
Configuring client 30...
Client 30 done.
Configuring client 31...
Client 31 done.
Configuring client 32...
Client 32 done.
Configuring client 33...
Client 33 done.
Configuring client 34...
Client 34 done.
Configuring client 35...
Client 35 done.
Configuring client 36...
Client 36 done.
Configuring client 37...
Client 37 done.
Configuring client 38...
Client 38 done.
Configuring client 39...
Client 39 done.
Configuring client 40...
Client 40 done.
heterogeneous_data_handler activated ✅ for clients: ['Client 1', 'Client 2', 'Client 3', 'Client 4', 'Client 5', 'Client 6', 'Client 7', 'Client 8', 'Client 9', 'Client 10', 'Client 11', 'Client 12', 'Client 13', 'Client 14', 'Client 15', 'Client 16', 'Client 17', 'Client 18', 'Client 19', 'Client 20', 'Client 21', 'Client 22', 'Client 23', 'Client 24', 'Client 25', 'Client 26', 'Client 27', 'Client 28', 'Client 29', 'Client 30', 'Client 31', 'Client 32', 'Client 33', 'Client 34', 'Client 35', 'Client 36', 'Client 37', 'Client 38', 'Client 39', 'Client 40']
Client Client 1 participates in this round. (CPU: 2, RAM: 2)
Client Client 26 has insufficient CPU (1). Will not participate in the next FL round.
Client Client 27 has insufficient CPU (1). Will not participate in the next FL round.
Client Client 29 has insufficient CPU (1). Will not participate in the next FL round.
Client Client 2 participates in this round. (CPU: 2, RAM: 2)
Client Client 13 has insufficient CPU (1). Will not participate in the next FL round.
Client Client 22 has insufficient CPU (1). Will not participate in the next FL round.
Client Client 37 has insufficient CPU (1). Will not participate in the next FL round.
Client Client 31 has insufficient CPU (1). Will not participate in the next FL round.
Client Client 11 has insufficient CPU (1). Will not participate in the next FL round.
Client Client 24 has insufficient CPU (1). Will not participate in the next FL round.
Client Client 5 participates in this round. (CPU: 2, RAM: 2)
Client Client 20 has insufficient CPU (1). Will not participate in the next FL round.
Client Client 30 has insufficient CPU (1). Will not participate in the next FL round.
Client Client 28 has insufficient CPU (1). Will not participate in the next FL round.
Client Client 25 has insufficient CPU (1). Will not participate in the next FL round.
Client Client 10 has insufficient CPU (1). Will not participate in the next FL round.
Client Client 38 has insufficient CPU (1). Will not participate in the next FL round.
Client Client 8 has insufficient CPU (1). Will not participate in the next FL round.
Client Client 33 has insufficient CPU (1). Will not participate in the next FL round.
Client Client 14 has insufficient CPU (1). Will not participate in the next FL round.
Client Client 18 has insufficient CPU (1). Will not participate in the next FL round.
Client Client 23 has insufficient CPU (1). Will not participate in the next FL round.
Client Client 21 has insufficient CPU (1). Will not participate in the next FL round.
Client Client 12 has insufficient CPU (1). Will not participate in the next FL round.
Client Client 4 participates in this round. (CPU: 2, RAM: 2)
Client Client 36 has insufficient CPU (1). Will not participate in the next FL round.
Client Client 15 has insufficient CPU (1). Will not participate in the next FL round.
Client Client 17 has insufficient CPU (1). Will not participate in the next FL round.
Client Client 16 has insufficient CPU (1). Will not participate in the next FL round.
Client Client 34 has insufficient CPU (1). Will not participate in the next FL round.
Client Client 3 participates in this round. (CPU: 2, RAM: 2)
Client Client 35 has insufficient CPU (1). Will not participate in the next FL round.
Client Client 6 has insufficient CPU (1). Will not participate in the next FL round.
Client Client 7 has insufficient CPU (1). Will not participate in the next FL round.
Client Client 39 has insufficient CPU (1). Will not participate in the next FL round.
Client Client 32 has insufficient CPU (1). Will not participate in the next FL round.
Client Client 40 has insufficient CPU (1). Will not participate in the next FL round.
Client Client 19 has insufficient CPU (1). Will not participate in the next FL round.
Client Client 9 has insufficient CPU (1). Will not participate in the next FL round.
Results Aggregated in 0.10 seconds.
{'prostate_logreg': {'train_loss': [0.6843597850597957, 0.6464357603479315, 0.6235783444451434, 0.5907064102314137, 0.570901440249549, 0.555434650293103, 0.5604729047843389, 0.55207931565653, 0.5267964446986163, 0.5197690917385949, 0.5139336434779344, 0.5090360784972155, 0.504885270750081, 0.5013356133743568, 0.5212318405508996, 0.4959812800089518, 0.49356658149648597, 0.4914454580457122, 0.4895703620380826, 0.48790294384514843], 'train_accuracy': [0.5477941176470589, 0.6888888888888889, 0.71875, 0.7685185185185185, 0.7759259259259259, 0.7925925925925926, 0.7580357142857143, 0.7627232142857143, 0.8018518518518518, 0.8037037037037037, 0.8055555555555556, 0.8037037037037037, 0.8037037037037037, 0.8018518518518518, 0.7674107142857143, 0.8, 0.7981481481481482, 0.8, 0.8, 0.8], 'train_f1': [0.5088386042799476, 0.688417922719997, 0.7172491674779901, 0.767964759838802, 0.7751781082729889, 0.7920421407622038, 0.7566558701095748, 0.7613731912581277, 0.8012444160180034, 0.803146892918688, 0.8049749117966943, 0.8030579331188725, 0.8030579331188725, 0.8011805336887091, 0.7658658312462242, 0.7992191020353355, 0.7973118913431718, 0.7992228726536307, 0.7992228726536307, 0.7992228726536307], 'train_mae': [0.4522058823529412, 0.3111111111111111, 0.28125, 0.23148148148148148, 0.22407407407407406, 0.2074074074074074, 0.24196428571428572, 0.2372767857142857, 0.19814814814814816, 0.1962962962962963, 0.19444444444444445, 0.1962962962962963, 0.1962962962962963, 0.19814814814814816, 0.23258928571428572, 0.2, 0.20185185185185187, 0.2, 0.2, 0.2], 'val_loss': [0.7078109672195932, 0.6731397749277309, 0.6477180112726995, 0.6277777580943107, 0.6131940923903225, 0.6020914336562251, 0.5927103395561528, 0.5849609367181419, 0.5793635084649725, 0.5751576870233643, 0.571792094709681, 0.5690664575548976, 0.5668328836955578, 0.5649810108216002, 0.5626910036731712, 0.5612062122225605, 0.560093838765548, 0.5591349226519728, 0.5582984840772833, 0.5575603383887556], 'val_accuracy': [0.4886365117855653, 0.6074008405568689, 0.6721544136271529, 0.6903532965589704, 0.6992973469923824, 0.7049809561334385, 0.7097881838905775, 0.7171035967578521, 0.7232433674809562, 0.7237687155240347, 0.7249474651956922, 0.7270488573680063, 0.7303782505910166, 0.7313731284475965, 0.7322817724164133, 0.7333103493564487, 0.7336518255844497, 0.7337010769634883, 0.7335566062516418, 0.73399658523772], 'val_f1': [0.4708663972434376, 0.5996784984224942, 0.6643509843956341, 0.6827847203065107, 0.6917553559698977, 0.6979922021780389, 0.7025993053608722, 0.7099379992646634, 0.7166080742321758, 0.7174676849677234, 0.7187971607872521, 0.7209596619718012, 0.7242239043424014, 0.7252568390321844, 0.726044881294072, 0.7270656463927095, 0.7274054704136458, 0.7276475258655357, 0.7275334750131742, 0.7279988190699967], 'val_mae': [0.5113634882144347, 0.39259915944313106, 0.327845586372847, 0.30964670344102974, 0.3007026530076175, 0.2950190438665616, 0.2902118161094225, 0.2828964032421479, 0.27675663251904387, 0.27623128447596534, 0.27505253480430786, 0.27295114263199366, 0.2696217494089834, 0.26862687155240345, 0.2677182275835866, 0.2666896506435514, 0.2663481744155503, 0.2662989230365117, 0.26644339374835824, 0.26600341476228], 'jsd': [(0, 0, 0, 0, 0, 0, 0, 0, 0, 0, 0, 0, 0, 0, 0, 0, 0, 0, 0, 0, 0, 0.0034642219743328505, 0.12306145811218505, 0.0012206713952879027, 0.0003843884653275346, 0.0034642219743328505, 0, 0, 0, 0, 0, 0, 0, 0, 0, 0, 0, 0, 0, 0), (0, 0, 0, 0, 0, 0, 0, 0, 0, 0, 0, 0, 0, 0, 0, 0, 0, 0, 0, 0, 0, 0, 0, 0, 0, 0, 0, 0, 0, 0, 0, 0, 0, 0, 0, 0, 0, 0, 0, 0), (0, 0, 0, 0, 0, 0, 0, 0, 0, 0, 0, 0, 0, 0, 0, 0.0007052449150227041, 0, 0, 0, 0, 0, 0, 0, 0, 0, 0, 0, 0, 0, 0, 0, 0, 0, 0, 0, 0, 0, 0, 0, 0), (0, 0, 0, 0, 0, 0, 0, 0, 0, 0, 0, 0, 0, 0, 0, 0, 0, 0, 0, 0, 0, 0, 0, 0, 0, 0, 0, 0, 0, 0, 0, 0, 0, 0, 0, 0, 0, 0, 0, 0), (0, 0, 0, 0, 0, 0, 0, 0, 0, 0, 0, 0, 0, 0, 0, 0, 0, 0, 0, 0, 0, 0, 0, 0, 0, 0, 0, 0, 0, 0, 0, 0, 0, 0, 0, 0, 0, 0, 0, 0), (0, 0, 0, 0, 0, 0, 0, 0, 0, 0, 0, 0, 0, 0, 0, 0, 0, 0, 0, 0, 0, 0, 0, 0, 0, 0, 0, 0, 0, 0, 0, 0, 0, 0, 0, 0, 0, 0, 0, 0), (0, 0, 0, 0, 0, 0, 0, 0, 0, 0, 0, 0, 0, 0, 0, 0, 0, 0, 0, 0, 0, 0, 0, 0, 0, 0, 0, 0, 0, 0, 0, 0, 0, 0, 0, 0, 0, 0, 0, 0), (0, 0, 0, 0, 0, 0, 0, 0, 0, 0, 0, 0, 0, 0, 0, 0, 0, 0, 0, 0, 0, 0, 0, 0, 0, 0, 0, 0, 0, 0, 0, 0, 0, 0, 0, 0, 0, 0, 0, 0), (0, 0, 0, 0, 0, 0, 0, 0, 0, 0, 0, 0, 0, 0, 0, 0, 0, 0, 0, 0, 0, 0, 0, 0, 0, 0, 0, 0, 0, 0, 0, 0, 0, 0, 0, 0, 0, 0, 0, 0), (0, 0, 0, 0, 0, 0, 0, 0, 0, 0, 0, 0, 0, 0, 0, 0, 0, 0, 0, 0, 0, 0, 0, 0, 0, 0, 0, 0, 0, 0, 0, 0, 0, 0, 0, 0, 0, 0, 0, 0), (0, 0, 0, 0, 0, 0, 0, 0, 0, 0, 0, 0, 0, 0, 0, 0, 0, 0, 0, 0, 0, 0, 0, 0, 0, 0, 0, 0, 0, 0, 0, 0, 0, 0, 0, 0, 0, 0, 0, 0), (0, 0, 0, 0, 0, 0, 0, 0, 0, 0, 0, 0, 0, 0, 0, 0, 0, 0, 0, 0, 0, 0, 0, 0, 0, 0, 0, 0, 0, 0, 0, 0, 0, 0, 0, 0, 0, 0, 0, 0), (0, 0, 0, 0, 0, 0, 0, 0, 0, 0, 0, 0, 0, 0, 0, 0, 0, 0, 0, 0, 0, 0, 0, 0, 0, 0, 0, 0, 0, 0, 0, 0, 0, 0, 0, 0, 0, 0, 0, 0), (0, 0, 0, 0, 0, 0, 0, 0, 0, 0, 0, 0, 0, 0, 0, 0, 0, 0, 0, 0, 0, 0, 0, 0, 0, 0, 0, 0, 0, 0, 0, 0, 0, 0, 0, 0, 0, 0, 0, 0), (0, 0, 0, 0, 0, 0, 0, 0, 0, 0, 0, 0, 0, 0, 0, 0, 0, 0, 0, 0, 0, 0, 0, 0, 0, 0, 0, 0, 0, 0, 0, 0, 0, 0, 0, 0, 0, 0, 0, 0), (0, 0, 0, 0, 0, 0, 0, 0, 0, 0, 0, 0, 0, 0, 0, 0, 0, 0, 0, 0, 0, 0, 0, 0, 0, 0, 0, 0, 0, 0, 0, 0, 0, 0, 0, 0, 0, 0, 0, 0), (0, 0, 0, 0, 0, 0, 0, 0, 0, 0, 0, 0, 0, 0, 0, 0, 0, 0, 0, 0, 0, 0, 0, 0, 0, 0, 0, 0, 0, 0, 0, 0, 0, 0, 0, 0, 0, 0, 0, 0), (0, 0, 0, 0, 0, 0, 0, 0, 0, 0, 0, 0, 0, 0, 0, 0, 0, 0, 0, 0, 0, 0, 0, 0, 0, 0, 0, 0, 0, 0, 0, 0, 0, 0, 0, 0, 0, 0, 0, 0), (0, 0, 0, 0, 0, 0, 0, 0, 0, 0, 0, 0, 0, 0, 0, 0, 0, 0, 0, 0, 0, 0, 0, 0, 0, 0, 0, 0, 0, 0, 0, 0, 0, 0, 0, 0, 0, 0, 0, 0), (0, 0, 0, 0, 0, 0, 0, 0, 0, 0, 0, 0, 0, 0, 0, 0, 0, 0, 0, 0, 0, 0, 0, 0, 0, 0, 0, 0, 0, 0, 0, 0, 0, 0, 0, 0, 0, 0, 0, 0)]}}
AdaptationManager: Configuring next round...
{'client_registry': {'enabled': True, 'params': {}}, 'client_selector': {'enabled': True, 'params': {'selection_strategy': 'Resource-Based', 'selection_criteria': 'CPU', 'selection_value': 2}}, 'client_cluster': {'enabled': False, 'params': {}}, 'message_compressor': {'enabled': False, 'params': {}}, 'model_co-versioning_registry': {'enabled': False, 'params': {}}, 'multi-task_model_trainer': {'enabled': False, 'params': {}}, 'heterogeneous_data_handler': {'enabled': True, 'params': {'enabled_clients': []}}}
{'client_selector': {'enabled': True}, 'client_cluster': {'enabled': False}, 'message_compressor': {'enabled': False}, 'model_co-versioning_registry': {'enabled': False}, 'multi-task_model_trainer': {'enabled': False}, 'heterogeneous_data_handler': {'enabled': True, 'params': {'enabled_clients': ['Client 1', 'Client 2', 'Client 3', 'Client 4', 'Client 5', 'Client 6', 'Client 7', 'Client 8', 'Client 9', 'Client 10', 'Client 11', 'Client 12', 'Client 13', 'Client 14', 'Client 15', 'Client 16', 'Client 17', 'Client 18', 'Client 19', 'Client 20', 'Client 21', 'Client 22', 'Client 23', 'Client 24', 'Client 25', 'Client 26', 'Client 27', 'Client 28', 'Client 29', 'Client 30', 'Client 31', 'Client 32', 'Client 33', 'Client 34', 'Client 35', 'Client 36', 'Client 37', 'Client 38', 'Client 39', 'Client 40']}}, 'client_registry': {'enabled': True, 'params': {}}}
round 21, 5 high, 35 low, 0.0-iid clients, predicted best policy: client_selector activated ✅
Configuring client 1...
Client 1 done.
Configuring client 2...
Client 2 done.
Configuring client 3...
Client 3 done.
Configuring client 4...
Client 4 done.
Configuring client 5...
Client 5 done.
Configuring client 6...
Client 6 done.
Configuring client 7...
Client 7 done.
Configuring client 8...
Client 8 done.
Configuring client 9...
Client 9 done.
Configuring client 10...
Client 10 done.
Configuring client 11...
Client 11 done.
Configuring client 12...
Client 12 done.
Configuring client 13...
Client 13 done.
Configuring client 14...
Client 14 done.
Configuring client 15...
Client 15 done.
Configuring client 16...
Client 16 done.
Configuring client 17...
Client 17 done.
Configuring client 18...
Client 18 done.
Configuring client 19...
Client 19 done.
Configuring client 20...
Client 20 done.
Configuring client 21...
Client 21 done.
Configuring client 22...
Client 22 done.
Configuring client 23...
Client 23 done.
Configuring client 24...
Client 24 done.
Configuring client 25...
Client 25 done.
Configuring client 26...
Client 26 done.
Configuring client 27...
Client 27 done.
Configuring client 28...
Client 28 done.
Configuring client 29...
Client 29 done.
Configuring client 30...
Client 30 done.
Configuring client 31...
Client 31 done.
Configuring client 32...
Client 32 done.
Configuring client 33...
Client 33 done.
Configuring client 34...
Client 34 done.
Configuring client 35...
Client 35 done.
Configuring client 36...
Client 36 done.
Configuring client 37...
Client 37 done.
Configuring client 38...
Client 38 done.
Configuring client 39...
Client 39 done.
Configuring client 40...
Client 40 done.
heterogeneous_data_handler activated ✅ for clients: ['Client 1', 'Client 2', 'Client 3', 'Client 4', 'Client 5', 'Client 6', 'Client 7', 'Client 8', 'Client 9', 'Client 10', 'Client 11', 'Client 12', 'Client 13', 'Client 14', 'Client 15', 'Client 16', 'Client 17', 'Client 18', 'Client 19', 'Client 20', 'Client 21', 'Client 22', 'Client 23', 'Client 24', 'Client 25', 'Client 26', 'Client 27', 'Client 28', 'Client 29', 'Client 30', 'Client 31', 'Client 32', 'Client 33', 'Client 34', 'Client 35', 'Client 36', 'Client 37', 'Client 38', 'Client 39', 'Client 40']
