==========================================
  ___  ______  ___ ______       _ 
 / _ \ | ___ \/   ||  ___|     | |
/ /_\ \| |_/ / /| || |_ ___  __| |
|  _  ||  __/ /_| ||  _/ _ \/ _` |
| | | || |  \___  || ||  __/ (_| |
\_| |_/\_|      |_/\_| \___|\__,_| v.1.5.0

==========================================
Simulation Started!
List of the Architectural Patterns enabled:
Adaptation Enabled ✅
Random activation criterion
Random activation criterion
Client Registry ✅
Client Selector ✅
 AP Parameters: {'selection_strategy': 'Resource-Based', 'selection_criteria': 'CPU', 'selection_value': 2}
Heterogeneous Data Handler ✅
 AP Parameters: {'enabled_clients': []}
==========================================
Client Client 10 participates in this round. (CPU: 2, RAM: 2)
Client Client 3 participates in this round. (CPU: 2, RAM: 2)
Client Client 14 participates in this round. (CPU: 2, RAM: 2)
Client Client 5 participates in this round. (CPU: 2, RAM: 2)
Client Client 16 participates in this round. (CPU: 2, RAM: 2)
Client Client 4 participates in this round. (CPU: 2, RAM: 2)
Client Client 11 participates in this round. (CPU: 2, RAM: 2)
Client Client 22 participates in this round. (CPU: 2, RAM: 2)
Client Client 18 participates in this round. (CPU: 2, RAM: 2)
Client Client 15 participates in this round. (CPU: 2, RAM: 2)
Client Client 27 participates in this round. (CPU: 2, RAM: 2)
Client Client 19 participates in this round. (CPU: 2, RAM: 2)
Client Client 23 participates in this round. (CPU: 2, RAM: 2)
Client Client 25 participates in this round. (CPU: 2, RAM: 2)
Client Client 24 participates in this round. (CPU: 2, RAM: 2)
Client Client 30 participates in this round. (CPU: 2, RAM: 2)
Client Client 17 participates in this round. (CPU: 2, RAM: 2)
Client Client 20 participates in this round. (CPU: 2, RAM: 2)
Client Client 6 participates in this round. (CPU: 2, RAM: 2)
Client Client 8 participates in this round. (CPU: 2, RAM: 2)
Client Client 26 participates in this round. (CPU: 2, RAM: 2)
Client Client 2 participates in this round. (CPU: 2, RAM: 2)
Client Client 1 participates in this round. (CPU: 2, RAM: 2)
Client Client 21 participates in this round. (CPU: 2, RAM: 2)
Client Client 29 participates in this round. (CPU: 2, RAM: 2)
Client Client 35 has insufficient CPU (1). Will not participate in the next FL round.
Client Client 28 participates in this round. (CPU: 2, RAM: 2)
Client Client 9 participates in this round. (CPU: 2, RAM: 2)
Client Client 7 participates in this round. (CPU: 2, RAM: 2)
Client Client 40 has insufficient CPU (1). Will not participate in the next FL round.
Client Client 12 participates in this round. (CPU: 2, RAM: 2)
Client Client 36 has insufficient CPU (1). Will not participate in the next FL round.
Client Client 34 has insufficient CPU (1). Will not participate in the next FL round.
Client Client 13 participates in this round. (CPU: 2, RAM: 2)
Client Client 31 has insufficient CPU (1). Will not participate in the next FL round.
Client Client 39 has insufficient CPU (1). Will not participate in the next FL round.
Client Client 37 has insufficient CPU (1). Will not participate in the next FL round.
Client Client 32 has insufficient CPU (1). Will not participate in the next FL round.
Client Client 33 has insufficient CPU (1). Will not participate in the next FL round.
Client Client 38 has insufficient CPU (1). Will not participate in the next FL round.
Results Aggregated in 1.52 seconds.
{'prostate_logreg': {'train_loss': [0.5817057343903318], 'train_accuracy': [0.7140736342042755], 'train_f1': [0.6890910682240751], 'train_mae': [0.28592636579572445], 'val_loss': [0.5984699800746096], 'val_accuracy': [0.7053684237125385], 'val_f1': [0.6822798230341738], 'val_mae': [0.29463157628746145], 'jsd': [(0, 0, 0, 0, 0, 0.0034642219743328505, 0.00042941623229211627, 0.021538652516748455, 0.02272086873228655, 0.0012206713952879027, 0.0014409891346113153, 0.042666013215726564, 0.03600088831260688, 0.001452967385689341, 0.022022771157485542, 0.0012206713952879027, 0.12306145811218505, 0.021538652516748455, 0.02272086873228655, 0.0030171758098115793, 0.0007052449150227041, 0.042666013215726564, 0.045824702319694016, 0.022022771157485542, 0.04399676213315208, 0.03600088831260688, 0.0012206713952879027, 0.0012206713952879027, 0.0012206713952879027, 0.0003843884653275346, 0.0034642219743328505, 0.0012206713952879027, 0.00042941623229211627, 0.021371214021228643, 0.0030171758098115793, 0, 0, 0, 0, 0)]}}
AdaptationManager: Configuring next round...
{'client_registry': {'enabled': True, 'params': {}}, 'client_selector': {'enabled': True, 'params': {'selection_strategy': 'Resource-Based', 'selection_criteria': 'CPU', 'selection_value': 2}}, 'client_cluster': {'enabled': False, 'params': {}}, 'message_compressor': {'enabled': False, 'params': {}}, 'model_co-versioning_registry': {'enabled': False, 'params': {}}, 'multi-task_model_trainer': {'enabled': False, 'params': {}}, 'heterogeneous_data_handler': {'enabled': True, 'params': {'enabled_clients': []}}}
{'client_selector': {'enabled': True}, 'client_cluster': {'enabled': False}, 'message_compressor': {'enabled': False}, 'model_co-versioning_registry': {'enabled': False}, 'multi-task_model_trainer': {'enabled': False}, 'heterogeneous_data_handler': {'enabled': True}, 'client_registry': {'enabled': True, 'params': {}}}
client_selector activated ✅
heterogeneous_data_handler activated ✅
Client Client 33 participates in this round. (CPU: 1, RAM: 2)
Client Client 11 participates in this round. (CPU: 2, RAM: 2)
Client Client 20 participates in this round. (CPU: 2, RAM: 2)
Client Client 39 participates in this round. (CPU: 1, RAM: 2)
Client Client 1 participates in this round. (CPU: 2, RAM: 2)
Client Client 31 participates in this round. (CPU: 1, RAM: 2)
Client Client 15 participates in this round. (CPU: 2, RAM: 2)
Client Client 2 participates in this round. (CPU: 2, RAM: 2)
Client Client 19 participates in this round. (CPU: 2, RAM: 2)
Client Client 16 participates in this round. (CPU: 2, RAM: 2)
Client Client 38 participates in this round. (CPU: 1, RAM: 2)
Client Client 7 participates in this round. (CPU: 2, RAM: 2)
Client Client 28 participates in this round. (CPU: 2, RAM: 2)
Client Client 4 participates in this round. (CPU: 2, RAM: 2)
Client Client 5 participates in this round. (CPU: 2, RAM: 2)
Client Client 9 participates in this round. (CPU: 2, RAM: 2)
Client Client 10 participates in this round. (CPU: 2, RAM: 2)
Client Client 29 participates in this round. (CPU: 2, RAM: 2)
Client Client 18 participates in this round. (CPU: 2, RAM: 2)
Client Client 12 participates in this round. (CPU: 2, RAM: 2)
Client Client 21 participates in this round. (CPU: 2, RAM: 2)
Client Client 8 participates in this round. (CPU: 2, RAM: 2)
Client Client 22 participates in this round. (CPU: 2, RAM: 2)
Client Client 24 participates in this round. (CPU: 2, RAM: 2)
Client Client 3 participates in this round. (CPU: 2, RAM: 2)
Client Client 23 participates in this round. (CPU: 2, RAM: 2)
Client Client 17 participates in this round. (CPU: 2, RAM: 2)
Client Client 26 participates in this round. (CPU: 2, RAM: 2)
Client Client 30 participates in this round. (CPU: 2, RAM: 2)
Client Client 14 participates in this round. (CPU: 2, RAM: 2)
Client Client 25 participates in this round. (CPU: 2, RAM: 2)
Client Client 27 participates in this round. (CPU: 2, RAM: 2)
Client Client 6 participates in this round. (CPU: 2, RAM: 2)
Client Client 13 participates in this round. (CPU: 2, RAM: 2)
Client Client 32 participates in this round. (CPU: 1, RAM: 2)
Client Client 35 participates in this round. (CPU: 1, RAM: 2)
Client Client 40 participates in this round. (CPU: 1, RAM: 2)
Client Client 36 participates in this round. (CPU: 1, RAM: 2)
Client Client 37 participates in this round. (CPU: 1, RAM: 2)
Client Client 34 participates in this round. (CPU: 1, RAM: 2)
Results Aggregated in 0.50 seconds.
{'prostate_logreg': {'train_loss': [0.5817057343903318, 0.5700976296781218], 'train_accuracy': [0.7140736342042755, 0.7408645276292335], 'train_f1': [0.6890910682240751, 0.7284690382882116], 'train_mae': [0.28592636579572445, 0.2591354723707665], 'val_loss': [0.5984699800746096, 0.5856122555023817], 'val_accuracy': [0.7053684237125385, 0.7236408989772569], 'val_f1': [0.6822798230341738, 0.7056695508764919], 'val_mae': [0.29463157628746145, 0.2763591010227431], 'jsd': [(0, 0, 0, 0, 0, 0.0034642219743328505, 0.00042941623229211627, 0.021538652516748455, 0.02272086873228655, 0.0012206713952879027, 0.0014409891346113153, 0.042666013215726564, 0.03600088831260688, 0.001452967385689341, 0.022022771157485542, 0.0012206713952879027, 0.12306145811218505, 0.021538652516748455, 0.02272086873228655, 0.0030171758098115793, 0.0007052449150227041, 0.042666013215726564, 0.045824702319694016, 0.022022771157485542, 0.04399676213315208, 0.03600088831260688, 0.0012206713952879027, 0.0012206713952879027, 0.0012206713952879027, 0.0003843884653275346, 0.0034642219743328505, 0.0012206713952879027, 0.00042941623229211627, 0.021371214021228643, 0.0030171758098115793, 0, 0, 0, 0, 0), (0.0034642219743328505, 0, 0.021538652516748455, 0, 0, 0, 0.042666013215726564, 0.03600088831260688, 0, 0, 0.0012206713952879027, 0.12306145811218505, 0.021538652516748455, 0, 0, 0, 0, 0, 0, 0, 0.03600088831260688, 0, 0, 0, 0.0014409891346113153, 0, 0.00040919789219141973, 0, 0, 0, 0, 0.022022771157485542, 0.12306145811218505, 0.0003843884653275346, 0, 0.0034642219743328505, 0, 0.00042941623229211627, 0, 0)]}}
AdaptationManager: Configuring next round...
{'client_registry': {'enabled': True, 'params': {}}, 'client_selector': {'enabled': True, 'params': {'selection_strategy': 'Resource-Based', 'selection_criteria': 'CPU', 'selection_value': 2}}, 'client_cluster': {'enabled': False, 'params': {}}, 'message_compressor': {'enabled': False, 'params': {}}, 'model_co-versioning_registry': {'enabled': False, 'params': {}}, 'multi-task_model_trainer': {'enabled': False, 'params': {}}, 'heterogeneous_data_handler': {'enabled': True, 'params': {'enabled_clients': []}}}
{'client_selector': {'enabled': True, 'params': {'enabled_clients': ['Client 2', 'Client 3', 'Client 4', 'Client 6', 'Client 11', 'Client 13', 'Client 15', 'Client 16', 'Client 17', 'Client 19', 'Client 22', 'Client 25', 'Client 26', 'Client 28', 'Client 29', 'Client 31', 'Client 33', 'Client 34', 'Client 35', 'Client 39']}}, 'client_cluster': {'enabled': False}, 'message_compressor': {'enabled': False}, 'model_co-versioning_registry': {'enabled': False}, 'multi-task_model_trainer': {'enabled': False}, 'heterogeneous_data_handler': {'enabled': True, 'params': {'enabled_clients': ['Client 3', 'Client 6', 'Client 8', 'Client 9', 'Client 10', 'Client 12', 'Client 13', 'Client 14', 'Client 17', 'Client 18', 'Client 21', 'Client 22', 'Client 23', 'Client 24', 'Client 25', 'Client 26', 'Client 27', 'Client 29', 'Client 30', 'Client 32', 'Client 34', 'Client 35', 'Client 36', 'Client 37', 'Client 40']}}, 'client_registry': {'enabled': True, 'params': {}}}
client_selector activated ✅
heterogeneous_data_handler activated ✅
Client Client 26 participates in this round. (CPU: 2, RAM: 2)
Client Client 22 participates in this round. (CPU: 2, RAM: 2)
Client Client 13 participates in this round. (CPU: 2, RAM: 2)
Client Client 17 participates in this round. (CPU: 2, RAM: 2)
Client Client 38 participates in this round. (CPU: 1, RAM: 2)
Client Client 18 participates in this round. (CPU: 2, RAM: 2)
Client Client 4 participates in this round. (CPU: 2, RAM: 2)
Client Client 33 participates in this round. (CPU: 1, RAM: 2)
Client Client 2 participates in this round. (CPU: 2, RAM: 2)
Client Client 6 participates in this round. (CPU: 2, RAM: 2)
Client Client 23 participates in this round. (CPU: 2, RAM: 2)
Client Client 24 participates in this round. (CPU: 2, RAM: 2)
Client Client 8 participates in this round. (CPU: 2, RAM: 2)
Client Client 12 participates in this round. (CPU: 2, RAM: 2)
Client Client 25 participates in this round. (CPU: 2, RAM: 2)
Client Client 31 participates in this round. (CPU: 1, RAM: 2)
Client Client 40 participates in this round. (CPU: 1, RAM: 2)
Client Client 10 participates in this round. (CPU: 2, RAM: 2)
Client Client 37 participates in this round. (CPU: 1, RAM: 2)
Client Client 16 participates in this round. (CPU: 2, RAM: 2)
Client Client 32 participates in this round. (CPU: 1, RAM: 2)
Client Client 9 participates in this round. (CPU: 2, RAM: 2)
Client Client 14 participates in this round. (CPU: 2, RAM: 2)
Client Client 39 participates in this round. (CPU: 1, RAM: 2)
Client Client 21 participates in this round. (CPU: 2, RAM: 2)
Client Client 34 participates in this round. (CPU: 1, RAM: 2)
Client Client 30 participates in this round. (CPU: 2, RAM: 2)
Client Client 3 participates in this round. (CPU: 2, RAM: 2)
Client Client 1 participates in this round. (CPU: 2, RAM: 2)
Client Client 29 participates in this round. (CPU: 2, RAM: 2)
Client Client 36 participates in this round. (CPU: 1, RAM: 2)
Client Client 35 participates in this round. (CPU: 1, RAM: 2)
Client Client 27 participates in this round. (CPU: 2, RAM: 2)
Client Client 5 participates in this round. (CPU: 2, RAM: 2)
Client Client 11 participates in this round. (CPU: 2, RAM: 2)
Client Client 15 participates in this round. (CPU: 2, RAM: 2)
Client Client 28 participates in this round. (CPU: 2, RAM: 2)
Client Client 20 participates in this round. (CPU: 2, RAM: 2)
Client Client 7 participates in this round. (CPU: 2, RAM: 2)
Client Client 19 participates in this round. (CPU: 2, RAM: 2)
Results Aggregated in 0.24 seconds.
{'prostate_logreg': {'train_loss': [0.5817057343903318, 0.5700976296781218, 0.5590510064077749], 'train_accuracy': [0.7140736342042755, 0.7408645276292335, 0.7525083612040134], 'train_f1': [0.6890910682240751, 0.7284690382882116, 0.745088783923734], 'train_mae': [0.28592636579572445, 0.2591354723707665, 0.24749163879598662], 'val_loss': [0.5984699800746096, 0.5856122555023817, 0.5752653207910471], 'val_accuracy': [0.7053684237125385, 0.7236408989772569, 0.7314800319425666], 'val_f1': [0.6822798230341738, 0.7056695508764919, 0.7160942831306779], 'val_mae': [0.29463157628746145, 0.2763591010227431, 0.26851996805743333], 'jsd': [(0, 0, 0, 0, 0, 0.0034642219743328505, 0.00042941623229211627, 0.021538652516748455, 0.02272086873228655, 0.0012206713952879027, 0.0014409891346113153, 0.042666013215726564, 0.03600088831260688, 0.001452967385689341, 0.022022771157485542, 0.0012206713952879027, 0.12306145811218505, 0.021538652516748455, 0.02272086873228655, 0.0030171758098115793, 0.0007052449150227041, 0.042666013215726564, 0.045824702319694016, 0.022022771157485542, 0.04399676213315208, 0.03600088831260688, 0.0012206713952879027, 0.0012206713952879027, 0.0012206713952879027, 0.0003843884653275346, 0.0034642219743328505, 0.0012206713952879027, 0.00042941623229211627, 0.021371214021228643, 0.0030171758098115793, 0, 0, 0, 0, 0), (0.0034642219743328505, 0, 0.021538652516748455, 0, 0, 0, 0.042666013215726564, 0.03600088831260688, 0, 0, 0.0012206713952879027, 0.12306145811218505, 0.021538652516748455, 0, 0, 0, 0, 0, 0, 0, 0.03600088831260688, 0, 0, 0, 0.0014409891346113153, 0, 0.00040919789219141973, 0, 0, 0, 0, 0.022022771157485542, 0.12306145811218505, 0.0003843884653275346, 0, 0.0034642219743328505, 0, 0.00042941623229211627, 0, 0), (0.0034642219743328505, 0, 0, 0, 0, 0, 0, 0.03600088831260688, 0, 0, 0, 0.12306145811218505, 0, 0, 0, 0, 0, 0, 0, 0, 0, 0, 0, 0, 0.0014409891346113153, 0, 0.00040919789219141973, 0, 0, 0, 0, 0.022022771157485542, 0.12306145811218505, 0.0003843884653275346, 0, 0, 0, 0, 0, 0)]}}
AdaptationManager: Configuring next round...
{'client_registry': {'enabled': True, 'params': {}}, 'client_selector': {'enabled': True, 'params': {'selection_strategy': 'Resource-Based', 'selection_criteria': 'CPU', 'selection_value': 2}}, 'client_cluster': {'enabled': False, 'params': {}}, 'message_compressor': {'enabled': False, 'params': {}}, 'model_co-versioning_registry': {'enabled': False, 'params': {}}, 'multi-task_model_trainer': {'enabled': False, 'params': {}}, 'heterogeneous_data_handler': {'enabled': True, 'params': {'enabled_clients': []}}}
{'client_selector': {'enabled': True, 'params': {'enabled_clients': ['Client 1', 'Client 3', 'Client 4', 'Client 6', 'Client 9', 'Client 10', 'Client 13', 'Client 24', 'Client 27', 'Client 28', 'Client 29', 'Client 30', 'Client 31', 'Client 33', 'Client 35', 'Client 36', 'Client 40']}}, 'client_cluster': {'enabled': False}, 'message_compressor': {'enabled': False}, 'model_co-versioning_registry': {'enabled': False}, 'multi-task_model_trainer': {'enabled': False}, 'heterogeneous_data_handler': {'enabled': True, 'params': {'enabled_clients': ['Client 3', 'Client 5', 'Client 6', 'Client 7', 'Client 8', 'Client 9', 'Client 11', 'Client 14', 'Client 15', 'Client 19', 'Client 20', 'Client 21', 'Client 27', 'Client 28', 'Client 29', 'Client 32', 'Client 35', 'Client 37', 'Client 40']}}, 'client_registry': {'enabled': True, 'params': {}}}
client_selector activated ✅
heterogeneous_data_handler activated ✅
Client Client 21 participates in this round. (CPU: 2, RAM: 2)
Client Client 32 participates in this round. (CPU: 1, RAM: 2)
Client Client 36 participates in this round. (CPU: 1, RAM: 2)
Client Client 9 participates in this round. (CPU: 2, RAM: 2)
Client Client 25 participates in this round. (CPU: 2, RAM: 2)
Client Client 26 participates in this round. (CPU: 2, RAM: 2)
Client Client 16 participates in this round. (CPU: 2, RAM: 2)
Client Client 24 participates in this round. (CPU: 2, RAM: 2)
Client Client 14 participates in this round. (CPU: 2, RAM: 2)
Client Client 11 participates in this round. (CPU: 2, RAM: 2)
Client Client 29 participates in this round. (CPU: 2, RAM: 2)
Client Client 28 participates in this round. (CPU: 2, RAM: 2)
Client Client 20 participates in this round. (CPU: 2, RAM: 2)
Client Client 8 participates in this round. (CPU: 2, RAM: 2)
Client Client 27 participates in this round. (CPU: 2, RAM: 2)
Client Client 10 participates in this round. (CPU: 2, RAM: 2)
Client Client 19 participates in this round. (CPU: 2, RAM: 2)
Client Client 12 participates in this round. (CPU: 2, RAM: 2)
Client Client 23 participates in this round. (CPU: 2, RAM: 2)
Client Client 30 participates in this round. (CPU: 2, RAM: 2)
Client Client 40 participates in this round. (CPU: 1, RAM: 2)
Client Client 17 participates in this round. (CPU: 2, RAM: 2)
Client Client 35 participates in this round. (CPU: 1, RAM: 2)
Client Client 6 participates in this round. (CPU: 2, RAM: 2)
Client Client 4 participates in this round. (CPU: 2, RAM: 2)
Client Client 2 participates in this round. (CPU: 2, RAM: 2)
Client Client 5 participates in this round. (CPU: 2, RAM: 2)
Client Client 15 participates in this round. (CPU: 2, RAM: 2)
Client Client 13 participates in this round. (CPU: 2, RAM: 2)
Client Client 18 participates in this round. (CPU: 2, RAM: 2)
Client Client 1 participates in this round. (CPU: 2, RAM: 2)
Client Client 3 participates in this round. (CPU: 2, RAM: 2)
Client Client 34 participates in this round. (CPU: 1, RAM: 2)
Client Client 22 participates in this round. (CPU: 2, RAM: 2)
Client Client 7 participates in this round. (CPU: 2, RAM: 2)
Client Client 37 participates in this round. (CPU: 1, RAM: 2)
Client Client 33 participates in this round. (CPU: 1, RAM: 2)
Client Client 39 participates in this round. (CPU: 1, RAM: 2)
Client Client 31 participates in this round. (CPU: 1, RAM: 2)
Client Client 38 participates in this round. (CPU: 1, RAM: 2)
Results Aggregated in 0.39 seconds.
{'prostate_logreg': {'train_loss': [0.5817057343903318, 0.5700976296781218, 0.5590510064077749, 0.5501964108671172], 'train_accuracy': [0.7140736342042755, 0.7408645276292335, 0.7525083612040134, 0.756021409455843], 'train_f1': [0.6890910682240751, 0.7284690382882116, 0.745088783923734, 0.7518447138673438], 'train_mae': [0.28592636579572445, 0.2591354723707665, 0.24749163879598662, 0.243978590544157], 'val_loss': [0.5984699800746096, 0.5856122555023817, 0.5752653207910471, 0.5671247886462633], 'val_accuracy': [0.7053684237125385, 0.7236408989772569, 0.7314800319425666, 0.7333748916557531], 'val_f1': [0.6822798230341738, 0.7056695508764919, 0.7160942831306779, 0.7191842372408239], 'val_mae': [0.29463157628746145, 0.2763591010227431, 0.26851996805743333, 0.2666251083442468], 'jsd': [(0, 0, 0, 0, 0, 0.0034642219743328505, 0.00042941623229211627, 0.021538652516748455, 0.02272086873228655, 0.0012206713952879027, 0.0014409891346113153, 0.042666013215726564, 0.03600088831260688, 0.001452967385689341, 0.022022771157485542, 0.0012206713952879027, 0.12306145811218505, 0.021538652516748455, 0.02272086873228655, 0.0030171758098115793, 0.0007052449150227041, 0.042666013215726564, 0.045824702319694016, 0.022022771157485542, 0.04399676213315208, 0.03600088831260688, 0.0012206713952879027, 0.0012206713952879027, 0.0012206713952879027, 0.0003843884653275346, 0.0034642219743328505, 0.0012206713952879027, 0.00042941623229211627, 0.021371214021228643, 0.0030171758098115793, 0, 0, 0, 0, 0), (0.0034642219743328505, 0, 0.021538652516748455, 0, 0, 0, 0.042666013215726564, 0.03600088831260688, 0, 0, 0.0012206713952879027, 0.12306145811218505, 0.021538652516748455, 0, 0, 0, 0, 0, 0, 0, 0.03600088831260688, 0, 0, 0, 0.0014409891346113153, 0, 0.00040919789219141973, 0, 0, 0, 0, 0.022022771157485542, 0.12306145811218505, 0.0003843884653275346, 0, 0.0034642219743328505, 0, 0.00042941623229211627, 0, 0), (0.0034642219743328505, 0, 0, 0, 0, 0, 0, 0.03600088831260688, 0, 0, 0, 0.12306145811218505, 0, 0, 0, 0, 0, 0, 0, 0, 0, 0, 0, 0, 0.0014409891346113153, 0, 0.00040919789219141973, 0, 0, 0, 0, 0.022022771157485542, 0.12306145811218505, 0.0003843884653275346, 0, 0, 0, 0, 0, 0), (0.0034642219743328505, 0, 0, 0, 0, 0, 0, 0.03600088831260688, 0, 0, 0, 0.12306145811218505, 0, 0, 0, 0, 0, 0, 0, 0, 0, 0, 0, 0, 0, 0, 0, 0, 0, 0, 0, 0, 0, 0.0003843884653275346, 0, 0, 0, 0, 0, 0)]}}
AdaptationManager: Configuring next round...
{'client_registry': {'enabled': True, 'params': {}}, 'client_selector': {'enabled': True, 'params': {'selection_strategy': 'Resource-Based', 'selection_criteria': 'CPU', 'selection_value': 2}}, 'client_cluster': {'enabled': False, 'params': {}}, 'message_compressor': {'enabled': False, 'params': {}}, 'model_co-versioning_registry': {'enabled': False, 'params': {}}, 'multi-task_model_trainer': {'enabled': False, 'params': {}}, 'heterogeneous_data_handler': {'enabled': True, 'params': {'enabled_clients': []}}}
{'client_selector': {'enabled': True, 'params': {'enabled_clients': ['Client 2', 'Client 3', 'Client 4', 'Client 7', 'Client 9', 'Client 10', 'Client 11', 'Client 14', 'Client 15', 'Client 17', 'Client 20', 'Client 22', 'Client 24', 'Client 25', 'Client 26', 'Client 28', 'Client 30', 'Client 31', 'Client 32', 'Client 33', 'Client 36', 'Client 37', 'Client 38', 'Client 39', 'Client 40']}}, 'client_cluster': {'enabled': False}, 'message_compressor': {'enabled': False}, 'model_co-versioning_registry': {'enabled': False}, 'multi-task_model_trainer': {'enabled': False}, 'heterogeneous_data_handler': {'enabled': True, 'params': {'enabled_clients': ['Client 3', 'Client 5', 'Client 6', 'Client 7', 'Client 8', 'Client 10', 'Client 13', 'Client 17', 'Client 18', 'Client 20', 'Client 22', 'Client 31', 'Client 33', 'Client 34', 'Client 35', 'Client 37', 'Client 38', 'Client 39', 'Client 40']}}, 'client_registry': {'enabled': True, 'params': {}}}
client_selector de-activated ❌
heterogeneous_data_handler de-activated ❌
Results Aggregated in 0.10 seconds.
{'prostate_logreg': {'train_loss': [0.5817057343903318, 0.5700976296781218, 0.5590510064077749, 0.5501964108671172, 0.541942453445546], 'train_accuracy': [0.7140736342042755, 0.7408645276292335, 0.7525083612040134, 0.756021409455843, 0.7622658340767172], 'train_f1': [0.6890910682240751, 0.7284690382882116, 0.745088783923734, 0.7518447138673438, 0.7582190210593579], 'train_mae': [0.28592636579572445, 0.2591354723707665, 0.24749163879598662, 0.243978590544157, 0.23773416592328278], 'val_loss': [0.5984699800746096, 0.5856122555023817, 0.5752653207910471, 0.5671247886462633, 0.5606967034102543], 'val_accuracy': [0.7053684237125385, 0.7236408989772569, 0.7314800319425666, 0.7333748916557531, 0.7363017679883084], 'val_f1': [0.6822798230341738, 0.7056695508764919, 0.7160942831306779, 0.7191842372408239, 0.7230377204086756], 'val_mae': [0.29463157628746145, 0.2763591010227431, 0.26851996805743333, 0.2666251083442468, 0.2636982320116917], 'jsd': [(0, 0, 0, 0, 0, 0.0034642219743328505, 0.00042941623229211627, 0.021538652516748455, 0.02272086873228655, 0.0012206713952879027, 0.0014409891346113153, 0.042666013215726564, 0.03600088831260688, 0.001452967385689341, 0.022022771157485542, 0.0012206713952879027, 0.12306145811218505, 0.021538652516748455, 0.02272086873228655, 0.0030171758098115793, 0.0007052449150227041, 0.042666013215726564, 0.045824702319694016, 0.022022771157485542, 0.04399676213315208, 0.03600088831260688, 0.0012206713952879027, 0.0012206713952879027, 0.0012206713952879027, 0.0003843884653275346, 0.0034642219743328505, 0.0012206713952879027, 0.00042941623229211627, 0.021371214021228643, 0.0030171758098115793, 0, 0, 0, 0, 0), (0.0034642219743328505, 0, 0.021538652516748455, 0, 0, 0, 0.042666013215726564, 0.03600088831260688, 0, 0, 0.0012206713952879027, 0.12306145811218505, 0.021538652516748455, 0, 0, 0, 0, 0, 0, 0, 0.03600088831260688, 0, 0, 0, 0.0014409891346113153, 0, 0.00040919789219141973, 0, 0, 0, 0, 0.022022771157485542, 0.12306145811218505, 0.0003843884653275346, 0, 0.0034642219743328505, 0, 0.00042941623229211627, 0, 0), (0.0034642219743328505, 0, 0, 0, 0, 0, 0, 0.03600088831260688, 0, 0, 0, 0.12306145811218505, 0, 0, 0, 0, 0, 0, 0, 0, 0, 0, 0, 0, 0.0014409891346113153, 0, 0.00040919789219141973, 0, 0, 0, 0, 0.022022771157485542, 0.12306145811218505, 0.0003843884653275346, 0, 0, 0, 0, 0, 0), (0.0034642219743328505, 0, 0, 0, 0, 0, 0, 0.03600088831260688, 0, 0, 0, 0.12306145811218505, 0, 0, 0, 0, 0, 0, 0, 0, 0, 0, 0, 0, 0, 0, 0, 0, 0, 0, 0, 0, 0, 0.0003843884653275346, 0, 0, 0, 0, 0, 0), (0.0034642219743328505, 0, 0, 0, 0, 0, 0, 0.03600088831260688, 0, 0, 0, 0.12306145811218505, 0, 0, 0, 0, 0, 0, 0, 0, 0, 0, 0, 0, 0, 0, 0, 0, 0, 0, 0, 0, 0, 0.0003843884653275346, 0, 0, 0, 0, 0, 0)]}}
AdaptationManager: Configuring next round...
{'client_registry': {'enabled': True, 'params': {}}, 'client_selector': {'enabled': True, 'params': {'selection_strategy': 'Resource-Based', 'selection_criteria': 'CPU', 'selection_value': 2}}, 'client_cluster': {'enabled': False, 'params': {}}, 'message_compressor': {'enabled': False, 'params': {}}, 'model_co-versioning_registry': {'enabled': False, 'params': {}}, 'multi-task_model_trainer': {'enabled': False, 'params': {}}, 'heterogeneous_data_handler': {'enabled': True, 'params': {'enabled_clients': []}}}
{'client_selector': {'enabled': False, 'params': {'enabled_clients': ['Client 2', 'Client 3', 'Client 4', 'Client 7', 'Client 9', 'Client 10', 'Client 11', 'Client 14', 'Client 15', 'Client 17', 'Client 20', 'Client 22', 'Client 24', 'Client 25', 'Client 26', 'Client 28', 'Client 30', 'Client 31', 'Client 32', 'Client 33', 'Client 36', 'Client 37', 'Client 38', 'Client 39', 'Client 40']}}, 'client_cluster': {'enabled': False}, 'message_compressor': {'enabled': False}, 'model_co-versioning_registry': {'enabled': False}, 'multi-task_model_trainer': {'enabled': False}, 'heterogeneous_data_handler': {'enabled': False, 'params': {'enabled_clients': ['Client 3', 'Client 5', 'Client 6', 'Client 7', 'Client 8', 'Client 10', 'Client 13', 'Client 17', 'Client 18', 'Client 20', 'Client 22', 'Client 31', 'Client 33', 'Client 34', 'Client 35', 'Client 37', 'Client 38', 'Client 39', 'Client 40']}}, 'client_registry': {'enabled': True, 'params': {}}}
client_selector activated ✅
heterogeneous_data_handler de-activated ❌
Client Client 37 participates in this round. (CPU: 1, RAM: 2)
Client Client 17 participates in this round. (CPU: 2, RAM: 2)
Client Client 28 participates in this round. (CPU: 2, RAM: 2)
Client Client 13 participates in this round. (CPU: 2, RAM: 2)
Client Client 8 participates in this round. (CPU: 2, RAM: 2)
Client Client 27 participates in this round. (CPU: 2, RAM: 2)
Client Client 6 participates in this round. (CPU: 2, RAM: 2)
Client Client 25 participates in this round. (CPU: 2, RAM: 2)
Client Client 22 participates in this round. (CPU: 2, RAM: 2)
Client Client 30 participates in this round. (CPU: 2, RAM: 2)
Client Client 24 participates in this round. (CPU: 2, RAM: 2)
Client Client 36 participates in this round. (CPU: 1, RAM: 2)
Client Client 9 participates in this round. (CPU: 2, RAM: 2)
Client Client 20 participates in this round. (CPU: 2, RAM: 2)
Client Client 34 participates in this round. (CPU: 1, RAM: 2)
Client Client 40 participates in this round. (CPU: 1, RAM: 2)
Client Client 39 participates in this round. (CPU: 1, RAM: 2)
Client Client 32 participates in this round. (CPU: 1, RAM: 2)
Client Client 26 participates in this round. (CPU: 2, RAM: 2)
Client Client 11 participates in this round. (CPU: 2, RAM: 2)
Client Client 23 participates in this round. (CPU: 2, RAM: 2)
Client Client 21 participates in this round. (CPU: 2, RAM: 2)
Client Client 33 participates in this round. (CPU: 1, RAM: 2)
Client Client 1 participates in this round. (CPU: 2, RAM: 2)
Client Client 15 participates in this round. (CPU: 2, RAM: 2)
Client Client 7 participates in this round. (CPU: 2, RAM: 2)
Client Client 16 participates in this round. (CPU: 2, RAM: 2)
Client Client 14 participates in this round. (CPU: 2, RAM: 2)
Client Client 3 participates in this round. (CPU: 2, RAM: 2)
Client Client 5 participates in this round. (CPU: 2, RAM: 2)
Client Client 38 participates in this round. (CPU: 1, RAM: 2)
Client Client 19 participates in this round. (CPU: 2, RAM: 2)
Client Client 10 participates in this round. (CPU: 2, RAM: 2)
Client Client 18 participates in this round. (CPU: 2, RAM: 2)
Client Client 4 participates in this round. (CPU: 2, RAM: 2)
Client Client 29 participates in this round. (CPU: 2, RAM: 2)
Client Client 2 participates in this round. (CPU: 2, RAM: 2)
Client Client 31 participates in this round. (CPU: 1, RAM: 2)
Client Client 12 participates in this round. (CPU: 2, RAM: 2)
Client Client 35 participates in this round. (CPU: 1, RAM: 2)
Results Aggregated in 0.09 seconds.
{'prostate_logreg': {'train_loss': [0.5817057343903318, 0.5700976296781218, 0.5590510064077749, 0.5501964108671172, 0.541942453445546, 0.5352755992687461], 'train_accuracy': [0.7140736342042755, 0.7408645276292335, 0.7525083612040134, 0.756021409455843, 0.7622658340767172, 0.7644959857270295], 'train_f1': [0.6890910682240751, 0.7284690382882116, 0.745088783923734, 0.7518447138673438, 0.7582190210593579, 0.7605634735758483], 'train_mae': [0.28592636579572445, 0.2591354723707665, 0.24749163879598662, 0.243978590544157, 0.23773416592328278, 0.23550401427297057], 'val_loss': [0.5984699800746096, 0.5856122555023817, 0.5752653207910471, 0.5671247886462633, 0.5606967034102543, 0.5557478035624437], 'val_accuracy': [0.7053684237125385, 0.7236408989772569, 0.7314800319425666, 0.7333748916557531, 0.7363017679883084, 0.739374553178836], 'val_f1': [0.6822798230341738, 0.7056695508764919, 0.7160942831306779, 0.7191842372408239, 0.7230377204086756, 0.7268494853832729], 'val_mae': [0.29463157628746145, 0.2763591010227431, 0.26851996805743333, 0.2666251083442468, 0.2636982320116917, 0.26062544682116395], 'jsd': [(0, 0, 0, 0, 0, 0.0034642219743328505, 0.00042941623229211627, 0.021538652516748455, 0.02272086873228655, 0.0012206713952879027, 0.0014409891346113153, 0.042666013215726564, 0.03600088831260688, 0.001452967385689341, 0.022022771157485542, 0.0012206713952879027, 0.12306145811218505, 0.021538652516748455, 0.02272086873228655, 0.0030171758098115793, 0.0007052449150227041, 0.042666013215726564, 0.045824702319694016, 0.022022771157485542, 0.04399676213315208, 0.03600088831260688, 0.0012206713952879027, 0.0012206713952879027, 0.0012206713952879027, 0.0003843884653275346, 0.0034642219743328505, 0.0012206713952879027, 0.00042941623229211627, 0.021371214021228643, 0.0030171758098115793, 0, 0, 0, 0, 0), (0.0034642219743328505, 0, 0.021538652516748455, 0, 0, 0, 0.042666013215726564, 0.03600088831260688, 0, 0, 0.0012206713952879027, 0.12306145811218505, 0.021538652516748455, 0, 0, 0, 0, 0, 0, 0, 0.03600088831260688, 0, 0, 0, 0.0014409891346113153, 0, 0.00040919789219141973, 0, 0, 0, 0, 0.022022771157485542, 0.12306145811218505, 0.0003843884653275346, 0, 0.0034642219743328505, 0, 0.00042941623229211627, 0, 0), (0.0034642219743328505, 0, 0, 0, 0, 0, 0, 0.03600088831260688, 0, 0, 0, 0.12306145811218505, 0, 0, 0, 0, 0, 0, 0, 0, 0, 0, 0, 0, 0.0014409891346113153, 0, 0.00040919789219141973, 0, 0, 0, 0, 0.022022771157485542, 0.12306145811218505, 0.0003843884653275346, 0, 0, 0, 0, 0, 0), (0.0034642219743328505, 0, 0, 0, 0, 0, 0, 0.03600088831260688, 0, 0, 0, 0.12306145811218505, 0, 0, 0, 0, 0, 0, 0, 0, 0, 0, 0, 0, 0, 0, 0, 0, 0, 0, 0, 0, 0, 0.0003843884653275346, 0, 0, 0, 0, 0, 0), (0.0034642219743328505, 0, 0, 0, 0, 0, 0, 0.03600088831260688, 0, 0, 0, 0.12306145811218505, 0, 0, 0, 0, 0, 0, 0, 0, 0, 0, 0, 0, 0, 0, 0, 0, 0, 0, 0, 0, 0, 0.0003843884653275346, 0, 0, 0, 0, 0, 0), (0.0034642219743328505, 0, 0, 0, 0, 0, 0, 0.03600088831260688, 0, 0, 0, 0.12306145811218505, 0, 0, 0, 0, 0, 0, 0, 0, 0, 0, 0, 0, 0, 0, 0, 0, 0, 0, 0, 0, 0, 0.0003843884653275346, 0, 0, 0, 0, 0, 0)]}}
AdaptationManager: Configuring next round...
{'client_registry': {'enabled': True, 'params': {}}, 'client_selector': {'enabled': True, 'params': {'selection_strategy': 'Resource-Based', 'selection_criteria': 'CPU', 'selection_value': 2}}, 'client_cluster': {'enabled': False, 'params': {}}, 'message_compressor': {'enabled': False, 'params': {}}, 'model_co-versioning_registry': {'enabled': False, 'params': {}}, 'multi-task_model_trainer': {'enabled': False, 'params': {}}, 'heterogeneous_data_handler': {'enabled': True, 'params': {'enabled_clients': []}}}
{'client_selector': {'enabled': True, 'params': {'enabled_clients': ['Client 3', 'Client 4', 'Client 6', 'Client 7', 'Client 8', 'Client 9', 'Client 10', 'Client 13', 'Client 14', 'Client 16', 'Client 18', 'Client 19', 'Client 20', 'Client 27', 'Client 28', 'Client 29', 'Client 32', 'Client 34', 'Client 36', 'Client 39']}}, 'client_cluster': {'enabled': False}, 'message_compressor': {'enabled': False}, 'model_co-versioning_registry': {'enabled': False}, 'multi-task_model_trainer': {'enabled': False}, 'heterogeneous_data_handler': {'enabled': False, 'params': {'enabled_clients': ['Client 3', 'Client 5', 'Client 6', 'Client 7', 'Client 8', 'Client 10', 'Client 13', 'Client 17', 'Client 18', 'Client 20', 'Client 22', 'Client 31', 'Client 33', 'Client 34', 'Client 35', 'Client 37', 'Client 38', 'Client 39', 'Client 40']}}, 'client_registry': {'enabled': True, 'params': {}}}
client_selector de-activated ❌
heterogeneous_data_handler de-activated ❌
Results Aggregated in 0.10 seconds.
{'prostate_logreg': {'train_loss': [0.5817057343903318, 0.5700976296781218, 0.5590510064077749, 0.5501964108671172, 0.541942453445546, 0.5352755992687461, 0.5298104937006383], 'train_accuracy': [0.7140736342042755, 0.7408645276292335, 0.7525083612040134, 0.756021409455843, 0.7622658340767172, 0.7644959857270295, 0.7647190008920607], 'train_f1': [0.6890910682240751, 0.7284690382882116, 0.745088783923734, 0.7518447138673438, 0.7582190210593579, 0.7605634735758483, 0.7607744414782027], 'train_mae': [0.28592636579572445, 0.2591354723707665, 0.24749163879598662, 0.243978590544157, 0.23773416592328278, 0.23550401427297057, 0.23528099910793934], 'val_loss': [0.5984699800746096, 0.5856122555023817, 0.5752653207910471, 0.5671247886462633, 0.5606967034102543, 0.5557478035624437, 0.5519964246067789], 'val_accuracy': [0.7053684237125385, 0.7236408989772569, 0.7314800319425666, 0.7333748916557531, 0.7363017679883084, 0.739374553178836, 0.7415677333434559], 'val_f1': [0.6822798230341738, 0.7056695508764919, 0.7160942831306779, 0.7191842372408239, 0.7230377204086756, 0.7268494853832729, 0.7297053847079161], 'val_mae': [0.29463157628746145, 0.2763591010227431, 0.26851996805743333, 0.2666251083442468, 0.2636982320116917, 0.26062544682116395, 0.25843226665654395], 'jsd': [(0, 0, 0, 0, 0, 0.0034642219743328505, 0.00042941623229211627, 0.021538652516748455, 0.02272086873228655, 0.0012206713952879027, 0.0014409891346113153, 0.042666013215726564, 0.03600088831260688, 0.001452967385689341, 0.022022771157485542, 0.0012206713952879027, 0.12306145811218505, 0.021538652516748455, 0.02272086873228655, 0.0030171758098115793, 0.0007052449150227041, 0.042666013215726564, 0.045824702319694016, 0.022022771157485542, 0.04399676213315208, 0.03600088831260688, 0.0012206713952879027, 0.0012206713952879027, 0.0012206713952879027, 0.0003843884653275346, 0.0034642219743328505, 0.0012206713952879027, 0.00042941623229211627, 0.021371214021228643, 0.0030171758098115793, 0, 0, 0, 0, 0), (0.0034642219743328505, 0, 0.021538652516748455, 0, 0, 0, 0.042666013215726564, 0.03600088831260688, 0, 0, 0.0012206713952879027, 0.12306145811218505, 0.021538652516748455, 0, 0, 0, 0, 0, 0, 0, 0.03600088831260688, 0, 0, 0, 0.0014409891346113153, 0, 0.00040919789219141973, 0, 0, 0, 0, 0.022022771157485542, 0.12306145811218505, 0.0003843884653275346, 0, 0.0034642219743328505, 0, 0.00042941623229211627, 0, 0), (0.0034642219743328505, 0, 0, 0, 0, 0, 0, 0.03600088831260688, 0, 0, 0, 0.12306145811218505, 0, 0, 0, 0, 0, 0, 0, 0, 0, 0, 0, 0, 0.0014409891346113153, 0, 0.00040919789219141973, 0, 0, 0, 0, 0.022022771157485542, 0.12306145811218505, 0.0003843884653275346, 0, 0, 0, 0, 0, 0), (0.0034642219743328505, 0, 0, 0, 0, 0, 0, 0.03600088831260688, 0, 0, 0, 0.12306145811218505, 0, 0, 0, 0, 0, 0, 0, 0, 0, 0, 0, 0, 0, 0, 0, 0, 0, 0, 0, 0, 0, 0.0003843884653275346, 0, 0, 0, 0, 0, 0), (0.0034642219743328505, 0, 0, 0, 0, 0, 0, 0.03600088831260688, 0, 0, 0, 0.12306145811218505, 0, 0, 0, 0, 0, 0, 0, 0, 0, 0, 0, 0, 0, 0, 0, 0, 0, 0, 0, 0, 0, 0.0003843884653275346, 0, 0, 0, 0, 0, 0), (0.0034642219743328505, 0, 0, 0, 0, 0, 0, 0.03600088831260688, 0, 0, 0, 0.12306145811218505, 0, 0, 0, 0, 0, 0, 0, 0, 0, 0, 0, 0, 0, 0, 0, 0, 0, 0, 0, 0, 0, 0.0003843884653275346, 0, 0, 0, 0, 0, 0), (0.0034642219743328505, 0, 0, 0, 0, 0, 0, 0.03600088831260688, 0, 0, 0, 0.12306145811218505, 0, 0, 0, 0, 0, 0, 0, 0, 0, 0, 0, 0, 0, 0, 0, 0, 0, 0, 0, 0, 0, 0.0003843884653275346, 0, 0, 0, 0, 0, 0)]}}
AdaptationManager: Configuring next round...
{'client_registry': {'enabled': True, 'params': {}}, 'client_selector': {'enabled': True, 'params': {'selection_strategy': 'Resource-Based', 'selection_criteria': 'CPU', 'selection_value': 2}}, 'client_cluster': {'enabled': False, 'params': {}}, 'message_compressor': {'enabled': False, 'params': {}}, 'model_co-versioning_registry': {'enabled': False, 'params': {}}, 'multi-task_model_trainer': {'enabled': False, 'params': {}}, 'heterogeneous_data_handler': {'enabled': True, 'params': {'enabled_clients': []}}}
{'client_selector': {'enabled': False, 'params': {'enabled_clients': ['Client 3', 'Client 4', 'Client 6', 'Client 7', 'Client 8', 'Client 9', 'Client 10', 'Client 13', 'Client 14', 'Client 16', 'Client 18', 'Client 19', 'Client 20', 'Client 27', 'Client 28', 'Client 29', 'Client 32', 'Client 34', 'Client 36', 'Client 39']}}, 'client_cluster': {'enabled': False}, 'message_compressor': {'enabled': False}, 'model_co-versioning_registry': {'enabled': False}, 'multi-task_model_trainer': {'enabled': False}, 'heterogeneous_data_handler': {'enabled': False, 'params': {'enabled_clients': ['Client 3', 'Client 5', 'Client 6', 'Client 7', 'Client 8', 'Client 10', 'Client 13', 'Client 17', 'Client 18', 'Client 20', 'Client 22', 'Client 31', 'Client 33', 'Client 34', 'Client 35', 'Client 37', 'Client 38', 'Client 39', 'Client 40']}}, 'client_registry': {'enabled': True, 'params': {}}}
client_selector de-activated ❌
heterogeneous_data_handler activated ✅
Results Aggregated in 0.26 seconds.
{'prostate_logreg': {'train_loss': [0.5817057343903318, 0.5700976296781218, 0.5590510064077749, 0.5501964108671172, 0.541942453445546, 0.5352755992687461, 0.5298104937006383, 0.5256232502190783], 'train_accuracy': [0.7140736342042755, 0.7408645276292335, 0.7525083612040134, 0.756021409455843, 0.7622658340767172, 0.7644959857270295, 0.7647190008920607, 0.7690763052208835], 'train_f1': [0.6890910682240751, 0.7284690382882116, 0.745088783923734, 0.7518447138673438, 0.7582190210593579, 0.7605634735758483, 0.7607744414782027, 0.765369182355649], 'train_mae': [0.28592636579572445, 0.2591354723707665, 0.24749163879598662, 0.243978590544157, 0.23773416592328278, 0.23550401427297057, 0.23528099910793934, 0.23092369477911648], 'val_loss': [0.5984699800746096, 0.5856122555023817, 0.5752653207910471, 0.5671247886462633, 0.5606967034102543, 0.5557478035624437, 0.5519964246067789, 0.5491082502662419], 'val_accuracy': [0.7053684237125385, 0.7236408989772569, 0.7314800319425666, 0.7333748916557531, 0.7363017679883084, 0.739374553178836, 0.7415677333434559, 0.7429056256547071], 'val_f1': [0.6822798230341738, 0.7056695508764919, 0.7160942831306779, 0.7191842372408239, 0.7230377204086756, 0.7268494853832729, 0.7297053847079161, 0.7314856550462706], 'val_mae': [0.29463157628746145, 0.2763591010227431, 0.26851996805743333, 0.2666251083442468, 0.2636982320116917, 0.26062544682116395, 0.25843226665654395, 0.2570943743452929], 'jsd': [(0, 0, 0, 0, 0, 0.0034642219743328505, 0.00042941623229211627, 0.021538652516748455, 0.02272086873228655, 0.0012206713952879027, 0.0014409891346113153, 0.042666013215726564, 0.03600088831260688, 0.001452967385689341, 0.022022771157485542, 0.0012206713952879027, 0.12306145811218505, 0.021538652516748455, 0.02272086873228655, 0.0030171758098115793, 0.0007052449150227041, 0.042666013215726564, 0.045824702319694016, 0.022022771157485542, 0.04399676213315208, 0.03600088831260688, 0.0012206713952879027, 0.0012206713952879027, 0.0012206713952879027, 0.0003843884653275346, 0.0034642219743328505, 0.0012206713952879027, 0.00042941623229211627, 0.021371214021228643, 0.0030171758098115793, 0, 0, 0, 0, 0), (0.0034642219743328505, 0, 0.021538652516748455, 0, 0, 0, 0.042666013215726564, 0.03600088831260688, 0, 0, 0.0012206713952879027, 0.12306145811218505, 0.021538652516748455, 0, 0, 0, 0, 0, 0, 0, 0.03600088831260688, 0, 0, 0, 0.0014409891346113153, 0, 0.00040919789219141973, 0, 0, 0, 0, 0.022022771157485542, 0.12306145811218505, 0.0003843884653275346, 0, 0.0034642219743328505, 0, 0.00042941623229211627, 0, 0), (0.0034642219743328505, 0, 0, 0, 0, 0, 0, 0.03600088831260688, 0, 0, 0, 0.12306145811218505, 0, 0, 0, 0, 0, 0, 0, 0, 0, 0, 0, 0, 0.0014409891346113153, 0, 0.00040919789219141973, 0, 0, 0, 0, 0.022022771157485542, 0.12306145811218505, 0.0003843884653275346, 0, 0, 0, 0, 0, 0), (0.0034642219743328505, 0, 0, 0, 0, 0, 0, 0.03600088831260688, 0, 0, 0, 0.12306145811218505, 0, 0, 0, 0, 0, 0, 0, 0, 0, 0, 0, 0, 0, 0, 0, 0, 0, 0, 0, 0, 0, 0.0003843884653275346, 0, 0, 0, 0, 0, 0), (0.0034642219743328505, 0, 0, 0, 0, 0, 0, 0.03600088831260688, 0, 0, 0, 0.12306145811218505, 0, 0, 0, 0, 0, 0, 0, 0, 0, 0, 0, 0, 0, 0, 0, 0, 0, 0, 0, 0, 0, 0.0003843884653275346, 0, 0, 0, 0, 0, 0), (0.0034642219743328505, 0, 0, 0, 0, 0, 0, 0.03600088831260688, 0, 0, 0, 0.12306145811218505, 0, 0, 0, 0, 0, 0, 0, 0, 0, 0, 0, 0, 0, 0, 0, 0, 0, 0, 0, 0, 0, 0.0003843884653275346, 0, 0, 0, 0, 0, 0), (0.0034642219743328505, 0, 0, 0, 0, 0, 0, 0.03600088831260688, 0, 0, 0, 0.12306145811218505, 0, 0, 0, 0, 0, 0, 0, 0, 0, 0, 0, 0, 0, 0, 0, 0, 0, 0, 0, 0, 0, 0.0003843884653275346, 0, 0, 0, 0, 0, 0), (0.0034642219743328505, 0, 0, 0, 0, 0, 0, 0, 0, 0, 0, 0.12306145811218505, 0, 0, 0, 0, 0, 0, 0, 0, 0, 0, 0, 0, 0, 0, 0, 0, 0, 0, 0, 0, 0, 0, 0, 0, 0, 0, 0, 0)]}}
AdaptationManager: Configuring next round...
{'client_registry': {'enabled': True, 'params': {}}, 'client_selector': {'enabled': True, 'params': {'selection_strategy': 'Resource-Based', 'selection_criteria': 'CPU', 'selection_value': 2}}, 'client_cluster': {'enabled': False, 'params': {}}, 'message_compressor': {'enabled': False, 'params': {}}, 'model_co-versioning_registry': {'enabled': False, 'params': {}}, 'multi-task_model_trainer': {'enabled': False, 'params': {}}, 'heterogeneous_data_handler': {'enabled': True, 'params': {'enabled_clients': []}}}
{'client_selector': {'enabled': False, 'params': {'enabled_clients': ['Client 3', 'Client 4', 'Client 6', 'Client 7', 'Client 8', 'Client 9', 'Client 10', 'Client 13', 'Client 14', 'Client 16', 'Client 18', 'Client 19', 'Client 20', 'Client 27', 'Client 28', 'Client 29', 'Client 32', 'Client 34', 'Client 36', 'Client 39']}}, 'client_cluster': {'enabled': False}, 'message_compressor': {'enabled': False}, 'model_co-versioning_registry': {'enabled': False}, 'multi-task_model_trainer': {'enabled': False}, 'heterogeneous_data_handler': {'enabled': True, 'params': {'enabled_clients': ['Client 3', 'Client 4', 'Client 5', 'Client 8', 'Client 9', 'Client 10', 'Client 11', 'Client 12', 'Client 15', 'Client 16', 'Client 17', 'Client 18', 'Client 20', 'Client 21', 'Client 23', 'Client 25', 'Client 26', 'Client 28', 'Client 29', 'Client 33', 'Client 34', 'Client 35', 'Client 37']}}, 'client_registry': {'enabled': True, 'params': {}}}
client_selector de-activated ❌
heterogeneous_data_handler de-activated ❌
Results Aggregated in 0.10 seconds.
{'prostate_logreg': {'train_loss': [0.5817057343903318, 0.5700976296781218, 0.5590510064077749, 0.5501964108671172, 0.541942453445546, 0.5352755992687461, 0.5298104937006383, 0.5256232502190783, 0.5216829293091241], 'train_accuracy': [0.7140736342042755, 0.7408645276292335, 0.7525083612040134, 0.756021409455843, 0.7622658340767172, 0.7644959857270295, 0.7647190008920607, 0.7690763052208835, 0.7728692547969657], 'train_f1': [0.6890910682240751, 0.7284690382882116, 0.745088783923734, 0.7518447138673438, 0.7582190210593579, 0.7605634735758483, 0.7607744414782027, 0.765369182355649, 0.7691542658084578], 'train_mae': [0.28592636579572445, 0.2591354723707665, 0.24749163879598662, 0.243978590544157, 0.23773416592328278, 0.23550401427297057, 0.23528099910793934, 0.23092369477911648, 0.22713074520303436], 'val_loss': [0.5984699800746096, 0.5856122555023817, 0.5752653207910471, 0.5671247886462633, 0.5606967034102543, 0.5557478035624437, 0.5519964246067789, 0.5491082502662419, 0.5467930717817174], 'val_accuracy': [0.7053684237125385, 0.7236408989772569, 0.7314800319425666, 0.7333748916557531, 0.7363017679883084, 0.739374553178836, 0.7415677333434559, 0.7429056256547071, 0.7434574784559831], 'val_f1': [0.6822798230341738, 0.7056695508764919, 0.7160942831306779, 0.7191842372408239, 0.7230377204086756, 0.7268494853832729, 0.7297053847079161, 0.7314856550462706, 0.7323766160237122], 'val_mae': [0.29463157628746145, 0.2763591010227431, 0.26851996805743333, 0.2666251083442468, 0.2636982320116917, 0.26062544682116395, 0.25843226665654395, 0.2570943743452929, 0.25654252154401685], 'jsd': [(0, 0, 0, 0, 0, 0.0034642219743328505, 0.00042941623229211627, 0.021538652516748455, 0.02272086873228655, 0.0012206713952879027, 0.0014409891346113153, 0.042666013215726564, 0.03600088831260688, 0.001452967385689341, 0.022022771157485542, 0.0012206713952879027, 0.12306145811218505, 0.021538652516748455, 0.02272086873228655, 0.0030171758098115793, 0.0007052449150227041, 0.042666013215726564, 0.045824702319694016, 0.022022771157485542, 0.04399676213315208, 0.03600088831260688, 0.0012206713952879027, 0.0012206713952879027, 0.0012206713952879027, 0.0003843884653275346, 0.0034642219743328505, 0.0012206713952879027, 0.00042941623229211627, 0.021371214021228643, 0.0030171758098115793, 0, 0, 0, 0, 0), (0.0034642219743328505, 0, 0.021538652516748455, 0, 0, 0, 0.042666013215726564, 0.03600088831260688, 0, 0, 0.0012206713952879027, 0.12306145811218505, 0.021538652516748455, 0, 0, 0, 0, 0, 0, 0, 0.03600088831260688, 0, 0, 0, 0.0014409891346113153, 0, 0.00040919789219141973, 0, 0, 0, 0, 0.022022771157485542, 0.12306145811218505, 0.0003843884653275346, 0, 0.0034642219743328505, 0, 0.00042941623229211627, 0, 0), (0.0034642219743328505, 0, 0, 0, 0, 0, 0, 0.03600088831260688, 0, 0, 0, 0.12306145811218505, 0, 0, 0, 0, 0, 0, 0, 0, 0, 0, 0, 0, 0.0014409891346113153, 0, 0.00040919789219141973, 0, 0, 0, 0, 0.022022771157485542, 0.12306145811218505, 0.0003843884653275346, 0, 0, 0, 0, 0, 0), (0.0034642219743328505, 0, 0, 0, 0, 0, 0, 0.03600088831260688, 0, 0, 0, 0.12306145811218505, 0, 0, 0, 0, 0, 0, 0, 0, 0, 0, 0, 0, 0, 0, 0, 0, 0, 0, 0, 0, 0, 0.0003843884653275346, 0, 0, 0, 0, 0, 0), (0.0034642219743328505, 0, 0, 0, 0, 0, 0, 0.03600088831260688, 0, 0, 0, 0.12306145811218505, 0, 0, 0, 0, 0, 0, 0, 0, 0, 0, 0, 0, 0, 0, 0, 0, 0, 0, 0, 0, 0, 0.0003843884653275346, 0, 0, 0, 0, 0, 0), (0.0034642219743328505, 0, 0, 0, 0, 0, 0, 0.03600088831260688, 0, 0, 0, 0.12306145811218505, 0, 0, 0, 0, 0, 0, 0, 0, 0, 0, 0, 0, 0, 0, 0, 0, 0, 0, 0, 0, 0, 0.0003843884653275346, 0, 0, 0, 0, 0, 0), (0.0034642219743328505, 0, 0, 0, 0, 0, 0, 0.03600088831260688, 0, 0, 0, 0.12306145811218505, 0, 0, 0, 0, 0, 0, 0, 0, 0, 0, 0, 0, 0, 0, 0, 0, 0, 0, 0, 0, 0, 0.0003843884653275346, 0, 0, 0, 0, 0, 0), (0.0034642219743328505, 0, 0, 0, 0, 0, 0, 0, 0, 0, 0, 0.12306145811218505, 0, 0, 0, 0, 0, 0, 0, 0, 0, 0, 0, 0, 0, 0, 0, 0, 0, 0, 0, 0, 0, 0, 0, 0, 0, 0, 0, 0), (0.0034642219743328505, 0, 0, 0, 0, 0, 0, 0, 0, 0, 0, 0.12306145811218505, 0, 0, 0, 0, 0, 0, 0, 0, 0, 0, 0, 0, 0, 0, 0, 0, 0, 0, 0, 0, 0, 0, 0, 0, 0, 0, 0, 0)]}}
AdaptationManager: Configuring next round...
{'client_registry': {'enabled': True, 'params': {}}, 'client_selector': {'enabled': True, 'params': {'selection_strategy': 'Resource-Based', 'selection_criteria': 'CPU', 'selection_value': 2}}, 'client_cluster': {'enabled': False, 'params': {}}, 'message_compressor': {'enabled': False, 'params': {}}, 'model_co-versioning_registry': {'enabled': False, 'params': {}}, 'multi-task_model_trainer': {'enabled': False, 'params': {}}, 'heterogeneous_data_handler': {'enabled': True, 'params': {'enabled_clients': []}}}
{'client_selector': {'enabled': False, 'params': {'enabled_clients': ['Client 3', 'Client 4', 'Client 6', 'Client 7', 'Client 8', 'Client 9', 'Client 10', 'Client 13', 'Client 14', 'Client 16', 'Client 18', 'Client 19', 'Client 20', 'Client 27', 'Client 28', 'Client 29', 'Client 32', 'Client 34', 'Client 36', 'Client 39']}}, 'client_cluster': {'enabled': False}, 'message_compressor': {'enabled': False}, 'model_co-versioning_registry': {'enabled': False}, 'multi-task_model_trainer': {'enabled': False}, 'heterogeneous_data_handler': {'enabled': False, 'params': {'enabled_clients': ['Client 3', 'Client 4', 'Client 5', 'Client 8', 'Client 9', 'Client 10', 'Client 11', 'Client 12', 'Client 15', 'Client 16', 'Client 17', 'Client 18', 'Client 20', 'Client 21', 'Client 23', 'Client 25', 'Client 26', 'Client 28', 'Client 29', 'Client 33', 'Client 34', 'Client 35', 'Client 37']}}, 'client_registry': {'enabled': True, 'params': {}}}
client_selector de-activated ❌
heterogeneous_data_handler activated ✅
Results Aggregated in 0.28 seconds.
{'prostate_logreg': {'train_loss': [0.5817057343903318, 0.5700976296781218, 0.5590510064077749, 0.5501964108671172, 0.541942453445546, 0.5352755992687461, 0.5298104937006383, 0.5256232502190783, 0.5216829293091241, 0.5194756115520639], 'train_accuracy': [0.7140736342042755, 0.7408645276292335, 0.7525083612040134, 0.756021409455843, 0.7622658340767172, 0.7644959857270295, 0.7647190008920607, 0.7690763052208835, 0.7728692547969657, 0.7747767857142858], 'train_f1': [0.6890910682240751, 0.7284690382882116, 0.745088783923734, 0.7518447138673438, 0.7582190210593579, 0.7605634735758483, 0.7607744414782027, 0.765369182355649, 0.7691542658084578, 0.7740488498888068], 'train_mae': [0.28592636579572445, 0.2591354723707665, 0.24749163879598662, 0.243978590544157, 0.23773416592328278, 0.23550401427297057, 0.23528099910793934, 0.23092369477911648, 0.22713074520303436, 0.2252232142857143], 'val_loss': [0.5984699800746096, 0.5856122555023817, 0.5752653207910471, 0.5671247886462633, 0.5606967034102543, 0.5557478035624437, 0.5519964246067789, 0.5491082502662419, 0.5467930717817174, 0.5450193084332914], 'val_accuracy': [0.7053684237125385, 0.7236408989772569, 0.7314800319425666, 0.7333748916557531, 0.7363017679883084, 0.739374553178836, 0.7415677333434559, 0.7429056256547071, 0.7434574784559831, 0.7448276817375886], 'val_f1': [0.6822798230341738, 0.7056695508764919, 0.7160942831306779, 0.7191842372408239, 0.7230377204086756, 0.7268494853832729, 0.7297053847079161, 0.7314856550462706, 0.7323766160237122, 0.7342687817847615], 'val_mae': [0.29463157628746145, 0.2763591010227431, 0.26851996805743333, 0.2666251083442468, 0.2636982320116917, 0.26062544682116395, 0.25843226665654395, 0.2570943743452929, 0.25654252154401685, 0.2551723182624113], 'jsd': [(0, 0, 0, 0, 0, 0.0034642219743328505, 0.00042941623229211627, 0.021538652516748455, 0.02272086873228655, 0.0012206713952879027, 0.0014409891346113153, 0.042666013215726564, 0.03600088831260688, 0.001452967385689341, 0.022022771157485542, 0.0012206713952879027, 0.12306145811218505, 0.021538652516748455, 0.02272086873228655, 0.0030171758098115793, 0.0007052449150227041, 0.042666013215726564, 0.045824702319694016, 0.022022771157485542, 0.04399676213315208, 0.03600088831260688, 0.0012206713952879027, 0.0012206713952879027, 0.0012206713952879027, 0.0003843884653275346, 0.0034642219743328505, 0.0012206713952879027, 0.00042941623229211627, 0.021371214021228643, 0.0030171758098115793, 0, 0, 0, 0, 0), (0.0034642219743328505, 0, 0.021538652516748455, 0, 0, 0, 0.042666013215726564, 0.03600088831260688, 0, 0, 0.0012206713952879027, 0.12306145811218505, 0.021538652516748455, 0, 0, 0, 0, 0, 0, 0, 0.03600088831260688, 0, 0, 0, 0.0014409891346113153, 0, 0.00040919789219141973, 0, 0, 0, 0, 0.022022771157485542, 0.12306145811218505, 0.0003843884653275346, 0, 0.0034642219743328505, 0, 0.00042941623229211627, 0, 0), (0.0034642219743328505, 0, 0, 0, 0, 0, 0, 0.03600088831260688, 0, 0, 0, 0.12306145811218505, 0, 0, 0, 0, 0, 0, 0, 0, 0, 0, 0, 0, 0.0014409891346113153, 0, 0.00040919789219141973, 0, 0, 0, 0, 0.022022771157485542, 0.12306145811218505, 0.0003843884653275346, 0, 0, 0, 0, 0, 0), (0.0034642219743328505, 0, 0, 0, 0, 0, 0, 0.03600088831260688, 0, 0, 0, 0.12306145811218505, 0, 0, 0, 0, 0, 0, 0, 0, 0, 0, 0, 0, 0, 0, 0, 0, 0, 0, 0, 0, 0, 0.0003843884653275346, 0, 0, 0, 0, 0, 0), (0.0034642219743328505, 0, 0, 0, 0, 0, 0, 0.03600088831260688, 0, 0, 0, 0.12306145811218505, 0, 0, 0, 0, 0, 0, 0, 0, 0, 0, 0, 0, 0, 0, 0, 0, 0, 0, 0, 0, 0, 0.0003843884653275346, 0, 0, 0, 0, 0, 0), (0.0034642219743328505, 0, 0, 0, 0, 0, 0, 0.03600088831260688, 0, 0, 0, 0.12306145811218505, 0, 0, 0, 0, 0, 0, 0, 0, 0, 0, 0, 0, 0, 0, 0, 0, 0, 0, 0, 0, 0, 0.0003843884653275346, 0, 0, 0, 0, 0, 0), (0.0034642219743328505, 0, 0, 0, 0, 0, 0, 0.03600088831260688, 0, 0, 0, 0.12306145811218505, 0, 0, 0, 0, 0, 0, 0, 0, 0, 0, 0, 0, 0, 0, 0, 0, 0, 0, 0, 0, 0, 0.0003843884653275346, 0, 0, 0, 0, 0, 0), (0.0034642219743328505, 0, 0, 0, 0, 0, 0, 0, 0, 0, 0, 0.12306145811218505, 0, 0, 0, 0, 0, 0, 0, 0, 0, 0, 0, 0, 0, 0, 0, 0, 0, 0, 0, 0, 0, 0, 0, 0, 0, 0, 0, 0), (0.0034642219743328505, 0, 0, 0, 0, 0, 0, 0, 0, 0, 0, 0.12306145811218505, 0, 0, 0, 0, 0, 0, 0, 0, 0, 0, 0, 0, 0, 0, 0, 0, 0, 0, 0, 0, 0, 0, 0, 0, 0, 0, 0, 0), (0, 0, 0, 0, 0, 0, 0, 0, 0, 0, 0, 0, 0, 0, 0, 0, 0, 0, 0, 0, 0, 0, 0, 0, 0, 0, 0, 0, 0, 0, 0, 0, 0, 0, 0, 0, 0, 0, 0, 0)]}}
AdaptationManager: Configuring next round...
{'client_registry': {'enabled': True, 'params': {}}, 'client_selector': {'enabled': True, 'params': {'selection_strategy': 'Resource-Based', 'selection_criteria': 'CPU', 'selection_value': 2}}, 'client_cluster': {'enabled': False, 'params': {}}, 'message_compressor': {'enabled': False, 'params': {}}, 'model_co-versioning_registry': {'enabled': False, 'params': {}}, 'multi-task_model_trainer': {'enabled': False, 'params': {}}, 'heterogeneous_data_handler': {'enabled': True, 'params': {'enabled_clients': []}}}
{'client_selector': {'enabled': False, 'params': {'enabled_clients': ['Client 3', 'Client 4', 'Client 6', 'Client 7', 'Client 8', 'Client 9', 'Client 10', 'Client 13', 'Client 14', 'Client 16', 'Client 18', 'Client 19', 'Client 20', 'Client 27', 'Client 28', 'Client 29', 'Client 32', 'Client 34', 'Client 36', 'Client 39']}}, 'client_cluster': {'enabled': False}, 'message_compressor': {'enabled': False}, 'model_co-versioning_registry': {'enabled': False}, 'multi-task_model_trainer': {'enabled': False}, 'heterogeneous_data_handler': {'enabled': True, 'params': {'enabled_clients': ['Client 1', 'Client 2', 'Client 3', 'Client 4', 'Client 5', 'Client 6', 'Client 7', 'Client 8', 'Client 9', 'Client 10', 'Client 11', 'Client 12', 'Client 14', 'Client 15', 'Client 17', 'Client 19', 'Client 22', 'Client 23', 'Client 24', 'Client 25', 'Client 26', 'Client 27', 'Client 30', 'Client 31', 'Client 34', 'Client 38', 'Client 40']}}, 'client_registry': {'enabled': True, 'params': {}}}
client_selector de-activated ❌
heterogeneous_data_handler activated ✅
Results Aggregated in 0.15 seconds.
{'prostate_logreg': {'train_loss': [0.5817057343903318, 0.5700976296781218, 0.5590510064077749, 0.5501964108671172, 0.541942453445546, 0.5352755992687461, 0.5298104937006383, 0.5256232502190783, 0.5216829293091241, 0.5194756115520639, 0.5164255449282271], 'train_accuracy': [0.7140736342042755, 0.7408645276292335, 0.7525083612040134, 0.756021409455843, 0.7622658340767172, 0.7644959857270295, 0.7647190008920607, 0.7690763052208835, 0.7728692547969657, 0.7747767857142858, 0.7745535714285714], 'train_f1': [0.6890910682240751, 0.7284690382882116, 0.745088783923734, 0.7518447138673438, 0.7582190210593579, 0.7605634735758483, 0.7607744414782027, 0.765369182355649, 0.7691542658084578, 0.7740488498888068, 0.7737984998849607], 'train_mae': [0.28592636579572445, 0.2591354723707665, 0.24749163879598662, 0.243978590544157, 0.23773416592328278, 0.23550401427297057, 0.23528099910793934, 0.23092369477911648, 0.22713074520303436, 0.2252232142857143, 0.22544642857142858], 'val_loss': [0.5984699800746096, 0.5856122555023817, 0.5752653207910471, 0.5671247886462633, 0.5606967034102543, 0.5557478035624437, 0.5519964246067789, 0.5491082502662419, 0.5467930717817174, 0.5450193084332914, 0.5435556109607779], 'val_accuracy': [0.7053684237125385, 0.7236408989772569, 0.7314800319425666, 0.7333748916557531, 0.7363017679883084, 0.739374553178836, 0.7415677333434559, 0.7429056256547071, 0.7434574784559831, 0.7448276817375886, 0.7452198898176292], 'val_f1': [0.6822798230341738, 0.7056695508764919, 0.7160942831306779, 0.7191842372408239, 0.7230377204086756, 0.7268494853832729, 0.7297053847079161, 0.7314856550462706, 0.7323766160237122, 0.7342687817847615, 0.7350667071310693], 'val_mae': [0.29463157628746145, 0.2763591010227431, 0.26851996805743333, 0.2666251083442468, 0.2636982320116917, 0.26062544682116395, 0.25843226665654395, 0.2570943743452929, 0.25654252154401685, 0.2551723182624113, 0.25478011018237084], 'jsd': [(0, 0, 0, 0, 0, 0.0034642219743328505, 0.00042941623229211627, 0.021538652516748455, 0.02272086873228655, 0.0012206713952879027, 0.0014409891346113153, 0.042666013215726564, 0.03600088831260688, 0.001452967385689341, 0.022022771157485542, 0.0012206713952879027, 0.12306145811218505, 0.021538652516748455, 0.02272086873228655, 0.0030171758098115793, 0.0007052449150227041, 0.042666013215726564, 0.045824702319694016, 0.022022771157485542, 0.04399676213315208, 0.03600088831260688, 0.0012206713952879027, 0.0012206713952879027, 0.0012206713952879027, 0.0003843884653275346, 0.0034642219743328505, 0.0012206713952879027, 0.00042941623229211627, 0.021371214021228643, 0.0030171758098115793, 0, 0, 0, 0, 0), (0.0034642219743328505, 0, 0.021538652516748455, 0, 0, 0, 0.042666013215726564, 0.03600088831260688, 0, 0, 0.0012206713952879027, 0.12306145811218505, 0.021538652516748455, 0, 0, 0, 0, 0, 0, 0, 0.03600088831260688, 0, 0, 0, 0.0014409891346113153, 0, 0.00040919789219141973, 0, 0, 0, 0, 0.022022771157485542, 0.12306145811218505, 0.0003843884653275346, 0, 0.0034642219743328505, 0, 0.00042941623229211627, 0, 0), (0.0034642219743328505, 0, 0, 0, 0, 0, 0, 0.03600088831260688, 0, 0, 0, 0.12306145811218505, 0, 0, 0, 0, 0, 0, 0, 0, 0, 0, 0, 0, 0.0014409891346113153, 0, 0.00040919789219141973, 0, 0, 0, 0, 0.022022771157485542, 0.12306145811218505, 0.0003843884653275346, 0, 0, 0, 0, 0, 0), (0.0034642219743328505, 0, 0, 0, 0, 0, 0, 0.03600088831260688, 0, 0, 0, 0.12306145811218505, 0, 0, 0, 0, 0, 0, 0, 0, 0, 0, 0, 0, 0, 0, 0, 0, 0, 0, 0, 0, 0, 0.0003843884653275346, 0, 0, 0, 0, 0, 0), (0.0034642219743328505, 0, 0, 0, 0, 0, 0, 0.03600088831260688, 0, 0, 0, 0.12306145811218505, 0, 0, 0, 0, 0, 0, 0, 0, 0, 0, 0, 0, 0, 0, 0, 0, 0, 0, 0, 0, 0, 0.0003843884653275346, 0, 0, 0, 0, 0, 0), (0.0034642219743328505, 0, 0, 0, 0, 0, 0, 0.03600088831260688, 0, 0, 0, 0.12306145811218505, 0, 0, 0, 0, 0, 0, 0, 0, 0, 0, 0, 0, 0, 0, 0, 0, 0, 0, 0, 0, 0, 0.0003843884653275346, 0, 0, 0, 0, 0, 0), (0.0034642219743328505, 0, 0, 0, 0, 0, 0, 0.03600088831260688, 0, 0, 0, 0.12306145811218505, 0, 0, 0, 0, 0, 0, 0, 0, 0, 0, 0, 0, 0, 0, 0, 0, 0, 0, 0, 0, 0, 0.0003843884653275346, 0, 0, 0, 0, 0, 0), (0.0034642219743328505, 0, 0, 0, 0, 0, 0, 0, 0, 0, 0, 0.12306145811218505, 0, 0, 0, 0, 0, 0, 0, 0, 0, 0, 0, 0, 0, 0, 0, 0, 0, 0, 0, 0, 0, 0, 0, 0, 0, 0, 0, 0), (0.0034642219743328505, 0, 0, 0, 0, 0, 0, 0, 0, 0, 0, 0.12306145811218505, 0, 0, 0, 0, 0, 0, 0, 0, 0, 0, 0, 0, 0, 0, 0, 0, 0, 0, 0, 0, 0, 0, 0, 0, 0, 0, 0, 0), (0, 0, 0, 0, 0, 0, 0, 0, 0, 0, 0, 0, 0, 0, 0, 0, 0, 0, 0, 0, 0, 0, 0, 0, 0, 0, 0, 0, 0, 0, 0, 0, 0, 0, 0, 0, 0, 0, 0, 0), (0, 0, 0, 0, 0, 0, 0, 0, 0, 0, 0, 0, 0, 0, 0, 0, 0, 0, 0, 0, 0, 0, 0, 0, 0, 0, 0, 0, 0, 0, 0, 0, 0, 0, 0, 0, 0, 0, 0, 0)]}}
AdaptationManager: Configuring next round...
{'client_registry': {'enabled': True, 'params': {}}, 'client_selector': {'enabled': True, 'params': {'selection_strategy': 'Resource-Based', 'selection_criteria': 'CPU', 'selection_value': 2}}, 'client_cluster': {'enabled': False, 'params': {}}, 'message_compressor': {'enabled': False, 'params': {}}, 'model_co-versioning_registry': {'enabled': False, 'params': {}}, 'multi-task_model_trainer': {'enabled': False, 'params': {}}, 'heterogeneous_data_handler': {'enabled': True, 'params': {'enabled_clients': []}}}
{'client_selector': {'enabled': False, 'params': {'enabled_clients': ['Client 3', 'Client 4', 'Client 6', 'Client 7', 'Client 8', 'Client 9', 'Client 10', 'Client 13', 'Client 14', 'Client 16', 'Client 18', 'Client 19', 'Client 20', 'Client 27', 'Client 28', 'Client 29', 'Client 32', 'Client 34', 'Client 36', 'Client 39']}}, 'client_cluster': {'enabled': False}, 'message_compressor': {'enabled': False}, 'model_co-versioning_registry': {'enabled': False}, 'multi-task_model_trainer': {'enabled': False}, 'heterogeneous_data_handler': {'enabled': True, 'params': {'enabled_clients': ['Client 3', 'Client 6', 'Client 12', 'Client 14', 'Client 15', 'Client 17', 'Client 19', 'Client 22', 'Client 23', 'Client 26', 'Client 30', 'Client 32', 'Client 35', 'Client 36', 'Client 37', 'Client 38']}}, 'client_registry': {'enabled': True, 'params': {}}}
client_selector activated ✅
heterogeneous_data_handler de-activated ❌
Client Client 35 participates in this round. (CPU: 1, RAM: 2)
Client Client 4 participates in this round. (CPU: 2, RAM: 2)
Client Client 37 participates in this round. (CPU: 1, RAM: 2)
Client Client 6 participates in this round. (CPU: 2, RAM: 2)
Client Client 23 participates in this round. (CPU: 2, RAM: 2)
Client Client 15 participates in this round. (CPU: 2, RAM: 2)
Client Client 16 participates in this round. (CPU: 2, RAM: 2)
Client Client 2 participates in this round. (CPU: 2, RAM: 2)
Client Client 21 participates in this round. (CPU: 2, RAM: 2)
Client Client 26 participates in this round. (CPU: 2, RAM: 2)
Client Client 30 participates in this round. (CPU: 2, RAM: 2)
Client Client 34 participates in this round. (CPU: 1, RAM: 2)
Client Client 29 participates in this round. (CPU: 2, RAM: 2)
Client Client 32 participates in this round. (CPU: 1, RAM: 2)
Client Client 1 participates in this round. (CPU: 2, RAM: 2)
Client Client 14 participates in this round. (CPU: 2, RAM: 2)
Client Client 28 participates in this round. (CPU: 2, RAM: 2)
Client Client 8 participates in this round. (CPU: 2, RAM: 2)
Client Client 36 participates in this round. (CPU: 1, RAM: 2)
Client Client 39 participates in this round. (CPU: 1, RAM: 2)
Client Client 9 participates in this round. (CPU: 2, RAM: 2)
Client Client 7 participates in this round. (CPU: 2, RAM: 2)
Client Client 33 participates in this round. (CPU: 1, RAM: 2)
Client Client 25 participates in this round. (CPU: 2, RAM: 2)
Client Client 31 participates in this round. (CPU: 1, RAM: 2)
Client Client 17 participates in this round. (CPU: 2, RAM: 2)
Client Client 13 participates in this round. (CPU: 2, RAM: 2)
Client Client 27 participates in this round. (CPU: 2, RAM: 2)
Client Client 12 participates in this round. (CPU: 2, RAM: 2)
Client Client 40 participates in this round. (CPU: 1, RAM: 2)
Client Client 38 participates in this round. (CPU: 1, RAM: 2)
Client Client 11 participates in this round. (CPU: 2, RAM: 2)
Client Client 10 participates in this round. (CPU: 2, RAM: 2)
Client Client 19 participates in this round. (CPU: 2, RAM: 2)
Client Client 18 participates in this round. (CPU: 2, RAM: 2)
Client Client 3 participates in this round. (CPU: 2, RAM: 2)
Client Client 24 participates in this round. (CPU: 2, RAM: 2)
Client Client 5 participates in this round. (CPU: 2, RAM: 2)
Client Client 20 participates in this round. (CPU: 2, RAM: 2)
Client Client 22 participates in this round. (CPU: 2, RAM: 2)
Results Aggregated in 0.10 seconds.
{'prostate_logreg': {'train_loss': [0.5817057343903318, 0.5700976296781218, 0.5590510064077749, 0.5501964108671172, 0.541942453445546, 0.5352755992687461, 0.5298104937006383, 0.5256232502190783, 0.5216829293091241, 0.5194756115520639, 0.5164255449282271, 0.5137592950037547], 'train_accuracy': [0.7140736342042755, 0.7408645276292335, 0.7525083612040134, 0.756021409455843, 0.7622658340767172, 0.7644959857270295, 0.7647190008920607, 0.7690763052208835, 0.7728692547969657, 0.7747767857142858, 0.7745535714285714, 0.7743303571428571], 'train_f1': [0.6890910682240751, 0.7284690382882116, 0.745088783923734, 0.7518447138673438, 0.7582190210593579, 0.7605634735758483, 0.7607744414782027, 0.765369182355649, 0.7691542658084578, 0.7740488498888068, 0.7737984998849607, 0.7735597490331297], 'train_mae': [0.28592636579572445, 0.2591354723707665, 0.24749163879598662, 0.243978590544157, 0.23773416592328278, 0.23550401427297057, 0.23528099910793934, 0.23092369477911648, 0.22713074520303436, 0.2252232142857143, 0.22544642857142858, 0.22566964285714286], 'val_loss': [0.5984699800746096, 0.5856122555023817, 0.5752653207910471, 0.5671247886462633, 0.5606967034102543, 0.5557478035624437, 0.5519964246067789, 0.5491082502662419, 0.5467930717817174, 0.5450193084332914, 0.5435556109607779, 0.5423210574308337], 'val_accuracy': [0.7053684237125385, 0.7236408989772569, 0.7314800319425666, 0.7333748916557531, 0.7363017679883084, 0.739374553178836, 0.7415677333434559, 0.7429056256547071, 0.7434574784559831, 0.7448276817375886, 0.7452198898176292, 0.7455072188449848], 'val_f1': [0.6822798230341738, 0.7056695508764919, 0.7160942831306779, 0.7191842372408239, 0.7230377204086756, 0.7268494853832729, 0.7297053847079161, 0.7314856550462706, 0.7323766160237122, 0.7342687817847615, 0.7350667071310693, 0.7356980425110382], 'val_mae': [0.29463157628746145, 0.2763591010227431, 0.26851996805743333, 0.2666251083442468, 0.2636982320116917, 0.26062544682116395, 0.25843226665654395, 0.2570943743452929, 0.25654252154401685, 0.2551723182624113, 0.25478011018237084, 0.25449278115501517], 'jsd': [(0, 0, 0, 0, 0, 0.0034642219743328505, 0.00042941623229211627, 0.021538652516748455, 0.02272086873228655, 0.0012206713952879027, 0.0014409891346113153, 0.042666013215726564, 0.03600088831260688, 0.001452967385689341, 0.022022771157485542, 0.0012206713952879027, 0.12306145811218505, 0.021538652516748455, 0.02272086873228655, 0.0030171758098115793, 0.0007052449150227041, 0.042666013215726564, 0.045824702319694016, 0.022022771157485542, 0.04399676213315208, 0.03600088831260688, 0.0012206713952879027, 0.0012206713952879027, 0.0012206713952879027, 0.0003843884653275346, 0.0034642219743328505, 0.0012206713952879027, 0.00042941623229211627, 0.021371214021228643, 0.0030171758098115793, 0, 0, 0, 0, 0), (0.0034642219743328505, 0, 0.021538652516748455, 0, 0, 0, 0.042666013215726564, 0.03600088831260688, 0, 0, 0.0012206713952879027, 0.12306145811218505, 0.021538652516748455, 0, 0, 0, 0, 0, 0, 0, 0.03600088831260688, 0, 0, 0, 0.0014409891346113153, 0, 0.00040919789219141973, 0, 0, 0, 0, 0.022022771157485542, 0.12306145811218505, 0.0003843884653275346, 0, 0.0034642219743328505, 0, 0.00042941623229211627, 0, 0), (0.0034642219743328505, 0, 0, 0, 0, 0, 0, 0.03600088831260688, 0, 0, 0, 0.12306145811218505, 0, 0, 0, 0, 0, 0, 0, 0, 0, 0, 0, 0, 0.0014409891346113153, 0, 0.00040919789219141973, 0, 0, 0, 0, 0.022022771157485542, 0.12306145811218505, 0.0003843884653275346, 0, 0, 0, 0, 0, 0), (0.0034642219743328505, 0, 0, 0, 0, 0, 0, 0.03600088831260688, 0, 0, 0, 0.12306145811218505, 0, 0, 0, 0, 0, 0, 0, 0, 0, 0, 0, 0, 0, 0, 0, 0, 0, 0, 0, 0, 0, 0.0003843884653275346, 0, 0, 0, 0, 0, 0), (0.0034642219743328505, 0, 0, 0, 0, 0, 0, 0.03600088831260688, 0, 0, 0, 0.12306145811218505, 0, 0, 0, 0, 0, 0, 0, 0, 0, 0, 0, 0, 0, 0, 0, 0, 0, 0, 0, 0, 0, 0.0003843884653275346, 0, 0, 0, 0, 0, 0), (0.0034642219743328505, 0, 0, 0, 0, 0, 0, 0.03600088831260688, 0, 0, 0, 0.12306145811218505, 0, 0, 0, 0, 0, 0, 0, 0, 0, 0, 0, 0, 0, 0, 0, 0, 0, 0, 0, 0, 0, 0.0003843884653275346, 0, 0, 0, 0, 0, 0), (0.0034642219743328505, 0, 0, 0, 0, 0, 0, 0.03600088831260688, 0, 0, 0, 0.12306145811218505, 0, 0, 0, 0, 0, 0, 0, 0, 0, 0, 0, 0, 0, 0, 0, 0, 0, 0, 0, 0, 0, 0.0003843884653275346, 0, 0, 0, 0, 0, 0), (0.0034642219743328505, 0, 0, 0, 0, 0, 0, 0, 0, 0, 0, 0.12306145811218505, 0, 0, 0, 0, 0, 0, 0, 0, 0, 0, 0, 0, 0, 0, 0, 0, 0, 0, 0, 0, 0, 0, 0, 0, 0, 0, 0, 0), (0.0034642219743328505, 0, 0, 0, 0, 0, 0, 0, 0, 0, 0, 0.12306145811218505, 0, 0, 0, 0, 0, 0, 0, 0, 0, 0, 0, 0, 0, 0, 0, 0, 0, 0, 0, 0, 0, 0, 0, 0, 0, 0, 0, 0), (0, 0, 0, 0, 0, 0, 0, 0, 0, 0, 0, 0, 0, 0, 0, 0, 0, 0, 0, 0, 0, 0, 0, 0, 0, 0, 0, 0, 0, 0, 0, 0, 0, 0, 0, 0, 0, 0, 0, 0), (0, 0, 0, 0, 0, 0, 0, 0, 0, 0, 0, 0, 0, 0, 0, 0, 0, 0, 0, 0, 0, 0, 0, 0, 0, 0, 0, 0, 0, 0, 0, 0, 0, 0, 0, 0, 0, 0, 0, 0), (0, 0, 0, 0, 0, 0, 0, 0, 0, 0, 0, 0, 0, 0, 0, 0, 0, 0, 0, 0, 0, 0, 0, 0, 0, 0, 0, 0, 0, 0, 0, 0, 0, 0, 0, 0, 0, 0, 0, 0)]}}
AdaptationManager: Configuring next round...
{'client_registry': {'enabled': True, 'params': {}}, 'client_selector': {'enabled': True, 'params': {'selection_strategy': 'Resource-Based', 'selection_criteria': 'CPU', 'selection_value': 2}}, 'client_cluster': {'enabled': False, 'params': {}}, 'message_compressor': {'enabled': False, 'params': {}}, 'model_co-versioning_registry': {'enabled': False, 'params': {}}, 'multi-task_model_trainer': {'enabled': False, 'params': {}}, 'heterogeneous_data_handler': {'enabled': True, 'params': {'enabled_clients': []}}}
{'client_selector': {'enabled': True, 'params': {'enabled_clients': ['Client 1', 'Client 3', 'Client 4', 'Client 6', 'Client 8', 'Client 9', 'Client 10', 'Client 11', 'Client 13', 'Client 16', 'Client 17', 'Client 20', 'Client 24', 'Client 25', 'Client 28', 'Client 29', 'Client 30', 'Client 31', 'Client 32', 'Client 36', 'Client 37']}}, 'client_cluster': {'enabled': False}, 'message_compressor': {'enabled': False}, 'model_co-versioning_registry': {'enabled': False}, 'multi-task_model_trainer': {'enabled': False}, 'heterogeneous_data_handler': {'enabled': False, 'params': {'enabled_clients': ['Client 3', 'Client 6', 'Client 12', 'Client 14', 'Client 15', 'Client 17', 'Client 19', 'Client 22', 'Client 23', 'Client 26', 'Client 30', 'Client 32', 'Client 35', 'Client 36', 'Client 37', 'Client 38']}}, 'client_registry': {'enabled': True, 'params': {}}}
client_selector de-activated ❌
heterogeneous_data_handler activated ✅
Results Aggregated in 0.09 seconds.
{'prostate_logreg': {'train_loss': [0.5817057343903318, 0.5700976296781218, 0.5590510064077749, 0.5501964108671172, 0.541942453445546, 0.5352755992687461, 0.5298104937006383, 0.5256232502190783, 0.5216829293091241, 0.5194756115520639, 0.5164255449282271, 0.5137592950037547, 0.5114091546939952], 'train_accuracy': [0.7140736342042755, 0.7408645276292335, 0.7525083612040134, 0.756021409455843, 0.7622658340767172, 0.7644959857270295, 0.7647190008920607, 0.7690763052208835, 0.7728692547969657, 0.7747767857142858, 0.7745535714285714, 0.7743303571428571, 0.7758928571428572], 'train_f1': [0.6890910682240751, 0.7284690382882116, 0.745088783923734, 0.7518447138673438, 0.7582190210593579, 0.7605634735758483, 0.7607744414782027, 0.765369182355649, 0.7691542658084578, 0.7740488498888068, 0.7737984998849607, 0.7735597490331297, 0.7751036479647195], 'train_mae': [0.28592636579572445, 0.2591354723707665, 0.24749163879598662, 0.243978590544157, 0.23773416592328278, 0.23550401427297057, 0.23528099910793934, 0.23092369477911648, 0.22713074520303436, 0.2252232142857143, 0.22544642857142858, 0.22566964285714286, 0.22410714285714287], 'val_loss': [0.5984699800746096, 0.5856122555023817, 0.5752653207910471, 0.5671247886462633, 0.5606967034102543, 0.5557478035624437, 0.5519964246067789, 0.5491082502662419, 0.5467930717817174, 0.5450193084332914, 0.5435556109607779, 0.5423210574308337, 0.5412653753673611], 'val_accuracy': [0.7053684237125385, 0.7236408989772569, 0.7314800319425666, 0.7333748916557531, 0.7363017679883084, 0.739374553178836, 0.7415677333434559, 0.7429056256547071, 0.7434574784559831, 0.7448276817375886, 0.7452198898176292, 0.7455072188449848, 0.7457735720618034], 'val_f1': [0.6822798230341738, 0.7056695508764919, 0.7160942831306779, 0.7191842372408239, 0.7230377204086756, 0.7268494853832729, 0.7297053847079161, 0.7314856550462706, 0.7323766160237122, 0.7342687817847615, 0.7350667071310693, 0.7356980425110382, 0.7362200904328343], 'val_mae': [0.29463157628746145, 0.2763591010227431, 0.26851996805743333, 0.2666251083442468, 0.2636982320116917, 0.26062544682116395, 0.25843226665654395, 0.2570943743452929, 0.25654252154401685, 0.2551723182624113, 0.25478011018237084, 0.25449278115501517, 0.25422642793819655], 'jsd': [(0, 0, 0, 0, 0, 0.0034642219743328505, 0.00042941623229211627, 0.021538652516748455, 0.02272086873228655, 0.0012206713952879027, 0.0014409891346113153, 0.042666013215726564, 0.03600088831260688, 0.001452967385689341, 0.022022771157485542, 0.0012206713952879027, 0.12306145811218505, 0.021538652516748455, 0.02272086873228655, 0.0030171758098115793, 0.0007052449150227041, 0.042666013215726564, 0.045824702319694016, 0.022022771157485542, 0.04399676213315208, 0.03600088831260688, 0.0012206713952879027, 0.0012206713952879027, 0.0012206713952879027, 0.0003843884653275346, 0.0034642219743328505, 0.0012206713952879027, 0.00042941623229211627, 0.021371214021228643, 0.0030171758098115793, 0, 0, 0, 0, 0), (0.0034642219743328505, 0, 0.021538652516748455, 0, 0, 0, 0.042666013215726564, 0.03600088831260688, 0, 0, 0.0012206713952879027, 0.12306145811218505, 0.021538652516748455, 0, 0, 0, 0, 0, 0, 0, 0.03600088831260688, 0, 0, 0, 0.0014409891346113153, 0, 0.00040919789219141973, 0, 0, 0, 0, 0.022022771157485542, 0.12306145811218505, 0.0003843884653275346, 0, 0.0034642219743328505, 0, 0.00042941623229211627, 0, 0), (0.0034642219743328505, 0, 0, 0, 0, 0, 0, 0.03600088831260688, 0, 0, 0, 0.12306145811218505, 0, 0, 0, 0, 0, 0, 0, 0, 0, 0, 0, 0, 0.0014409891346113153, 0, 0.00040919789219141973, 0, 0, 0, 0, 0.022022771157485542, 0.12306145811218505, 0.0003843884653275346, 0, 0, 0, 0, 0, 0), (0.0034642219743328505, 0, 0, 0, 0, 0, 0, 0.03600088831260688, 0, 0, 0, 0.12306145811218505, 0, 0, 0, 0, 0, 0, 0, 0, 0, 0, 0, 0, 0, 0, 0, 0, 0, 0, 0, 0, 0, 0.0003843884653275346, 0, 0, 0, 0, 0, 0), (0.0034642219743328505, 0, 0, 0, 0, 0, 0, 0.03600088831260688, 0, 0, 0, 0.12306145811218505, 0, 0, 0, 0, 0, 0, 0, 0, 0, 0, 0, 0, 0, 0, 0, 0, 0, 0, 0, 0, 0, 0.0003843884653275346, 0, 0, 0, 0, 0, 0), (0.0034642219743328505, 0, 0, 0, 0, 0, 0, 0.03600088831260688, 0, 0, 0, 0.12306145811218505, 0, 0, 0, 0, 0, 0, 0, 0, 0, 0, 0, 0, 0, 0, 0, 0, 0, 0, 0, 0, 0, 0.0003843884653275346, 0, 0, 0, 0, 0, 0), (0.0034642219743328505, 0, 0, 0, 0, 0, 0, 0.03600088831260688, 0, 0, 0, 0.12306145811218505, 0, 0, 0, 0, 0, 0, 0, 0, 0, 0, 0, 0, 0, 0, 0, 0, 0, 0, 0, 0, 0, 0.0003843884653275346, 0, 0, 0, 0, 0, 0), (0.0034642219743328505, 0, 0, 0, 0, 0, 0, 0, 0, 0, 0, 0.12306145811218505, 0, 0, 0, 0, 0, 0, 0, 0, 0, 0, 0, 0, 0, 0, 0, 0, 0, 0, 0, 0, 0, 0, 0, 0, 0, 0, 0, 0), (0.0034642219743328505, 0, 0, 0, 0, 0, 0, 0, 0, 0, 0, 0.12306145811218505, 0, 0, 0, 0, 0, 0, 0, 0, 0, 0, 0, 0, 0, 0, 0, 0, 0, 0, 0, 0, 0, 0, 0, 0, 0, 0, 0, 0), (0, 0, 0, 0, 0, 0, 0, 0, 0, 0, 0, 0, 0, 0, 0, 0, 0, 0, 0, 0, 0, 0, 0, 0, 0, 0, 0, 0, 0, 0, 0, 0, 0, 0, 0, 0, 0, 0, 0, 0), (0, 0, 0, 0, 0, 0, 0, 0, 0, 0, 0, 0, 0, 0, 0, 0, 0, 0, 0, 0, 0, 0, 0, 0, 0, 0, 0, 0, 0, 0, 0, 0, 0, 0, 0, 0, 0, 0, 0, 0), (0, 0, 0, 0, 0, 0, 0, 0, 0, 0, 0, 0, 0, 0, 0, 0, 0, 0, 0, 0, 0, 0, 0, 0, 0, 0, 0, 0, 0, 0, 0, 0, 0, 0, 0, 0, 0, 0, 0, 0), (0, 0, 0, 0, 0, 0, 0, 0, 0, 0, 0, 0, 0, 0, 0, 0, 0, 0, 0, 0, 0, 0, 0, 0, 0, 0, 0, 0, 0, 0, 0, 0, 0, 0, 0, 0, 0, 0, 0, 0)]}}
AdaptationManager: Configuring next round...
{'client_registry': {'enabled': True, 'params': {}}, 'client_selector': {'enabled': True, 'params': {'selection_strategy': 'Resource-Based', 'selection_criteria': 'CPU', 'selection_value': 2}}, 'client_cluster': {'enabled': False, 'params': {}}, 'message_compressor': {'enabled': False, 'params': {}}, 'model_co-versioning_registry': {'enabled': False, 'params': {}}, 'multi-task_model_trainer': {'enabled': False, 'params': {}}, 'heterogeneous_data_handler': {'enabled': True, 'params': {'enabled_clients': []}}}
{'client_selector': {'enabled': False, 'params': {'enabled_clients': ['Client 1', 'Client 3', 'Client 4', 'Client 6', 'Client 8', 'Client 9', 'Client 10', 'Client 11', 'Client 13', 'Client 16', 'Client 17', 'Client 20', 'Client 24', 'Client 25', 'Client 28', 'Client 29', 'Client 30', 'Client 31', 'Client 32', 'Client 36', 'Client 37']}}, 'client_cluster': {'enabled': False}, 'message_compressor': {'enabled': False}, 'model_co-versioning_registry': {'enabled': False}, 'multi-task_model_trainer': {'enabled': False}, 'heterogeneous_data_handler': {'enabled': True, 'params': {'enabled_clients': ['Client 2', 'Client 4', 'Client 7', 'Client 9', 'Client 10', 'Client 12', 'Client 13', 'Client 15', 'Client 16', 'Client 19', 'Client 20', 'Client 22', 'Client 27', 'Client 30', 'Client 31', 'Client 34']}}, 'client_registry': {'enabled': True, 'params': {}}}
client_selector activated ✅
heterogeneous_data_handler activated ✅
Client Client 12 participates in this round. (CPU: 2, RAM: 2)
Client Client 5 participates in this round. (CPU: 2, RAM: 2)
Client Client 9 participates in this round. (CPU: 2, RAM: 2)
Client Client 15 participates in this round. (CPU: 2, RAM: 2)
Client Client 3 participates in this round. (CPU: 2, RAM: 2)
Client Client 16 participates in this round. (CPU: 2, RAM: 2)
Client Client 35 participates in this round. (CPU: 1, RAM: 2)
Client Client 20 participates in this round. (CPU: 2, RAM: 2)
Client Client 40 participates in this round. (CPU: 1, RAM: 2)
Client Client 36 participates in this round. (CPU: 1, RAM: 2)
Client Client 23 participates in this round. (CPU: 2, RAM: 2)
Client Client 6 participates in this round. (CPU: 2, RAM: 2)
Client Client 31 participates in this round. (CPU: 1, RAM: 2)
Client Client 37 participates in this round. (CPU: 1, RAM: 2)
Client Client 2 participates in this round. (CPU: 2, RAM: 2)
Client Client 19 participates in this round. (CPU: 2, RAM: 2)
Client Client 39 participates in this round. (CPU: 1, RAM: 2)
Client Client 8 participates in this round. (CPU: 2, RAM: 2)
Client Client 4 participates in this round. (CPU: 2, RAM: 2)
Client Client 29 participates in this round. (CPU: 2, RAM: 2)
Client Client 13 participates in this round. (CPU: 2, RAM: 2)
Client Client 14 participates in this round. (CPU: 2, RAM: 2)
Client Client 11 participates in this round. (CPU: 2, RAM: 2)
Client Client 34 participates in this round. (CPU: 1, RAM: 2)
Client Client 7 participates in this round. (CPU: 2, RAM: 2)
Client Client 32 participates in this round. (CPU: 1, RAM: 2)
Client Client 22 participates in this round. (CPU: 2, RAM: 2)
Client Client 24 participates in this round. (CPU: 2, RAM: 2)
Client Client 1 participates in this round. (CPU: 2, RAM: 2)
Client Client 21 participates in this round. (CPU: 2, RAM: 2)
Client Client 27 participates in this round. (CPU: 2, RAM: 2)
Client Client 10 participates in this round. (CPU: 2, RAM: 2)
Client Client 30 participates in this round. (CPU: 2, RAM: 2)
Client Client 26 participates in this round. (CPU: 2, RAM: 2)
Client Client 18 participates in this round. (CPU: 2, RAM: 2)
Client Client 28 participates in this round. (CPU: 2, RAM: 2)
Client Client 38 participates in this round. (CPU: 1, RAM: 2)
Client Client 33 participates in this round. (CPU: 1, RAM: 2)
Client Client 17 participates in this round. (CPU: 2, RAM: 2)
Client Client 25 participates in this round. (CPU: 2, RAM: 2)
Results Aggregated in 0.11 seconds.
{'prostate_logreg': {'train_loss': [0.5817057343903318, 0.5700976296781218, 0.5590510064077749, 0.5501964108671172, 0.541942453445546, 0.5352755992687461, 0.5298104937006383, 0.5256232502190783, 0.5216829293091241, 0.5194756115520639, 0.5164255449282271, 0.5137592950037547, 0.5114091546939952, 0.5093220179368343], 'train_accuracy': [0.7140736342042755, 0.7408645276292335, 0.7525083612040134, 0.756021409455843, 0.7622658340767172, 0.7644959857270295, 0.7647190008920607, 0.7690763052208835, 0.7728692547969657, 0.7747767857142858, 0.7745535714285714, 0.7743303571428571, 0.7758928571428572, 0.7756696428571429], 'train_f1': [0.6890910682240751, 0.7284690382882116, 0.745088783923734, 0.7518447138673438, 0.7582190210593579, 0.7605634735758483, 0.7607744414782027, 0.765369182355649, 0.7691542658084578, 0.7740488498888068, 0.7737984998849607, 0.7735597490331297, 0.7751036479647195, 0.7748380853006938], 'train_mae': [0.28592636579572445, 0.2591354723707665, 0.24749163879598662, 0.243978590544157, 0.23773416592328278, 0.23550401427297057, 0.23528099910793934, 0.23092369477911648, 0.22713074520303436, 0.2252232142857143, 0.22544642857142858, 0.22566964285714286, 0.22410714285714287, 0.22433035714285715], 'val_loss': [0.5984699800746096, 0.5856122555023817, 0.5752653207910471, 0.5671247886462633, 0.5606967034102543, 0.5557478035624437, 0.5519964246067789, 0.5491082502662419, 0.5467930717817174, 0.5450193084332914, 0.5435556109607779, 0.5423210574308337, 0.5412653753673611, 0.5403509758025967], 'val_accuracy': [0.7053684237125385, 0.7236408989772569, 0.7314800319425666, 0.7333748916557531, 0.7363017679883084, 0.739374553178836, 0.7415677333434559, 0.7429056256547071, 0.7434574784559831, 0.7448276817375886, 0.7452198898176292, 0.7455072188449848, 0.7457735720618034, 0.7454965330547113], 'val_f1': [0.6822798230341738, 0.7056695508764919, 0.7160942831306779, 0.7191842372408239, 0.7230377204086756, 0.7268494853832729, 0.7297053847079161, 0.7314856550462706, 0.7323766160237122, 0.7342687817847615, 0.7350667071310693, 0.7356980425110382, 0.7362200904328343, 0.7361255453895307], 'val_mae': [0.29463157628746145, 0.2763591010227431, 0.26851996805743333, 0.2666251083442468, 0.2636982320116917, 0.26062544682116395, 0.25843226665654395, 0.2570943743452929, 0.25654252154401685, 0.2551723182624113, 0.25478011018237084, 0.25449278115501517, 0.25422642793819655, 0.25450346694528875], 'jsd': [(0, 0, 0, 0, 0, 0.0034642219743328505, 0.00042941623229211627, 0.021538652516748455, 0.02272086873228655, 0.0012206713952879027, 0.0014409891346113153, 0.042666013215726564, 0.03600088831260688, 0.001452967385689341, 0.022022771157485542, 0.0012206713952879027, 0.12306145811218505, 0.021538652516748455, 0.02272086873228655, 0.0030171758098115793, 0.0007052449150227041, 0.042666013215726564, 0.045824702319694016, 0.022022771157485542, 0.04399676213315208, 0.03600088831260688, 0.0012206713952879027, 0.0012206713952879027, 0.0012206713952879027, 0.0003843884653275346, 0.0034642219743328505, 0.0012206713952879027, 0.00042941623229211627, 0.021371214021228643, 0.0030171758098115793, 0, 0, 0, 0, 0), (0.0034642219743328505, 0, 0.021538652516748455, 0, 0, 0, 0.042666013215726564, 0.03600088831260688, 0, 0, 0.0012206713952879027, 0.12306145811218505, 0.021538652516748455, 0, 0, 0, 0, 0, 0, 0, 0.03600088831260688, 0, 0, 0, 0.0014409891346113153, 0, 0.00040919789219141973, 0, 0, 0, 0, 0.022022771157485542, 0.12306145811218505, 0.0003843884653275346, 0, 0.0034642219743328505, 0, 0.00042941623229211627, 0, 0), (0.0034642219743328505, 0, 0, 0, 0, 0, 0, 0.03600088831260688, 0, 0, 0, 0.12306145811218505, 0, 0, 0, 0, 0, 0, 0, 0, 0, 0, 0, 0, 0.0014409891346113153, 0, 0.00040919789219141973, 0, 0, 0, 0, 0.022022771157485542, 0.12306145811218505, 0.0003843884653275346, 0, 0, 0, 0, 0, 0), (0.0034642219743328505, 0, 0, 0, 0, 0, 0, 0.03600088831260688, 0, 0, 0, 0.12306145811218505, 0, 0, 0, 0, 0, 0, 0, 0, 0, 0, 0, 0, 0, 0, 0, 0, 0, 0, 0, 0, 0, 0.0003843884653275346, 0, 0, 0, 0, 0, 0), (0.0034642219743328505, 0, 0, 0, 0, 0, 0, 0.03600088831260688, 0, 0, 0, 0.12306145811218505, 0, 0, 0, 0, 0, 0, 0, 0, 0, 0, 0, 0, 0, 0, 0, 0, 0, 0, 0, 0, 0, 0.0003843884653275346, 0, 0, 0, 0, 0, 0), (0.0034642219743328505, 0, 0, 0, 0, 0, 0, 0.03600088831260688, 0, 0, 0, 0.12306145811218505, 0, 0, 0, 0, 0, 0, 0, 0, 0, 0, 0, 0, 0, 0, 0, 0, 0, 0, 0, 0, 0, 0.0003843884653275346, 0, 0, 0, 0, 0, 0), (0.0034642219743328505, 0, 0, 0, 0, 0, 0, 0.03600088831260688, 0, 0, 0, 0.12306145811218505, 0, 0, 0, 0, 0, 0, 0, 0, 0, 0, 0, 0, 0, 0, 0, 0, 0, 0, 0, 0, 0, 0.0003843884653275346, 0, 0, 0, 0, 0, 0), (0.0034642219743328505, 0, 0, 0, 0, 0, 0, 0, 0, 0, 0, 0.12306145811218505, 0, 0, 0, 0, 0, 0, 0, 0, 0, 0, 0, 0, 0, 0, 0, 0, 0, 0, 0, 0, 0, 0, 0, 0, 0, 0, 0, 0), (0.0034642219743328505, 0, 0, 0, 0, 0, 0, 0, 0, 0, 0, 0.12306145811218505, 0, 0, 0, 0, 0, 0, 0, 0, 0, 0, 0, 0, 0, 0, 0, 0, 0, 0, 0, 0, 0, 0, 0, 0, 0, 0, 0, 0), (0, 0, 0, 0, 0, 0, 0, 0, 0, 0, 0, 0, 0, 0, 0, 0, 0, 0, 0, 0, 0, 0, 0, 0, 0, 0, 0, 0, 0, 0, 0, 0, 0, 0, 0, 0, 0, 0, 0, 0), (0, 0, 0, 0, 0, 0, 0, 0, 0, 0, 0, 0, 0, 0, 0, 0, 0, 0, 0, 0, 0, 0, 0, 0, 0, 0, 0, 0, 0, 0, 0, 0, 0, 0, 0, 0, 0, 0, 0, 0), (0, 0, 0, 0, 0, 0, 0, 0, 0, 0, 0, 0, 0, 0, 0, 0, 0, 0, 0, 0, 0, 0, 0, 0, 0, 0, 0, 0, 0, 0, 0, 0, 0, 0, 0, 0, 0, 0, 0, 0), (0, 0, 0, 0, 0, 0, 0, 0, 0, 0, 0, 0, 0, 0, 0, 0, 0, 0, 0, 0, 0, 0, 0, 0, 0, 0, 0, 0, 0, 0, 0, 0, 0, 0, 0, 0, 0, 0, 0, 0), (0, 0, 0, 0, 0, 0, 0, 0, 0, 0, 0, 0, 0, 0, 0, 0, 0, 0, 0, 0, 0, 0, 0, 0, 0, 0, 0, 0, 0, 0, 0, 0, 0, 0, 0, 0, 0, 0, 0, 0)]}}
AdaptationManager: Configuring next round...
{'client_registry': {'enabled': True, 'params': {}}, 'client_selector': {'enabled': True, 'params': {'selection_strategy': 'Resource-Based', 'selection_criteria': 'CPU', 'selection_value': 2}}, 'client_cluster': {'enabled': False, 'params': {}}, 'message_compressor': {'enabled': False, 'params': {}}, 'model_co-versioning_registry': {'enabled': False, 'params': {}}, 'multi-task_model_trainer': {'enabled': False, 'params': {}}, 'heterogeneous_data_handler': {'enabled': True, 'params': {'enabled_clients': []}}}
{'client_selector': {'enabled': True, 'params': {'enabled_clients': ['Client 3', 'Client 4', 'Client 5', 'Client 8', 'Client 11', 'Client 12', 'Client 13', 'Client 14', 'Client 20', 'Client 21', 'Client 23', 'Client 25', 'Client 26', 'Client 27', 'Client 28', 'Client 29', 'Client 34', 'Client 35', 'Client 36', 'Client 38', 'Client 40']}}, 'client_cluster': {'enabled': False}, 'message_compressor': {'enabled': False}, 'model_co-versioning_registry': {'enabled': False}, 'multi-task_model_trainer': {'enabled': False}, 'heterogeneous_data_handler': {'enabled': True, 'params': {'enabled_clients': ['Client 1', 'Client 2', 'Client 4', 'Client 6', 'Client 8', 'Client 10', 'Client 13', 'Client 14', 'Client 17', 'Client 18', 'Client 19', 'Client 21', 'Client 24', 'Client 25', 'Client 26', 'Client 27', 'Client 28', 'Client 29', 'Client 30', 'Client 32', 'Client 33', 'Client 37', 'Client 38', 'Client 39']}}, 'client_registry': {'enabled': True, 'params': {}}}
client_selector de-activated ❌
heterogeneous_data_handler activated ✅
Results Aggregated in 0.10 seconds.
{'prostate_logreg': {'train_loss': [0.5817057343903318, 0.5700976296781218, 0.5590510064077749, 0.5501964108671172, 0.541942453445546, 0.5352755992687461, 0.5298104937006383, 0.5256232502190783, 0.5216829293091241, 0.5194756115520639, 0.5164255449282271, 0.5137592950037547, 0.5114091546939952, 0.5093220179368343, 0.5074557035230101], 'train_accuracy': [0.7140736342042755, 0.7408645276292335, 0.7525083612040134, 0.756021409455843, 0.7622658340767172, 0.7644959857270295, 0.7647190008920607, 0.7690763052208835, 0.7728692547969657, 0.7747767857142858, 0.7745535714285714, 0.7743303571428571, 0.7758928571428572, 0.7756696428571429, 0.7763392857142857], 'train_f1': [0.6890910682240751, 0.7284690382882116, 0.745088783923734, 0.7518447138673438, 0.7582190210593579, 0.7605634735758483, 0.7607744414782027, 0.765369182355649, 0.7691542658084578, 0.7740488498888068, 0.7737984998849607, 0.7735597490331297, 0.7751036479647195, 0.7748380853006938, 0.7754546196959291], 'train_mae': [0.28592636579572445, 0.2591354723707665, 0.24749163879598662, 0.243978590544157, 0.23773416592328278, 0.23550401427297057, 0.23528099910793934, 0.23092369477911648, 0.22713074520303436, 0.2252232142857143, 0.22544642857142858, 0.22566964285714286, 0.22410714285714287, 0.22433035714285715, 0.2236607142857143], 'val_loss': [0.5984699800746096, 0.5856122555023817, 0.5752653207910471, 0.5671247886462633, 0.5606967034102543, 0.5557478035624437, 0.5519964246067789, 0.5491082502662419, 0.5467930717817174, 0.5450193084332914, 0.5435556109607779, 0.5423210574308337, 0.5412653753673611, 0.5403509758025967, 0.5395492599365559], 'val_accuracy': [0.7053684237125385, 0.7236408989772569, 0.7314800319425666, 0.7333748916557531, 0.7363017679883084, 0.739374553178836, 0.7415677333434559, 0.7429056256547071, 0.7434574784559831, 0.7448276817375886, 0.7452198898176292, 0.7455072188449848, 0.7457735720618034, 0.7454965330547113, 0.7458638076241134], 'val_f1': [0.6822798230341738, 0.7056695508764919, 0.7160942831306779, 0.7191842372408239, 0.7230377204086756, 0.7268494853832729, 0.7297053847079161, 0.7314856550462706, 0.7323766160237122, 0.7342687817847615, 0.7350667071310693, 0.7356980425110382, 0.7362200904328343, 0.7361255453895307, 0.7366560220170653], 'val_mae': [0.29463157628746145, 0.2763591010227431, 0.26851996805743333, 0.2666251083442468, 0.2636982320116917, 0.26062544682116395, 0.25843226665654395, 0.2570943743452929, 0.25654252154401685, 0.2551723182624113, 0.25478011018237084, 0.25449278115501517, 0.25422642793819655, 0.25450346694528875, 0.2541361923758865], 'jsd': [(0, 0, 0, 0, 0, 0.0034642219743328505, 0.00042941623229211627, 0.021538652516748455, 0.02272086873228655, 0.0012206713952879027, 0.0014409891346113153, 0.042666013215726564, 0.03600088831260688, 0.001452967385689341, 0.022022771157485542, 0.0012206713952879027, 0.12306145811218505, 0.021538652516748455, 0.02272086873228655, 0.0030171758098115793, 0.0007052449150227041, 0.042666013215726564, 0.045824702319694016, 0.022022771157485542, 0.04399676213315208, 0.03600088831260688, 0.0012206713952879027, 0.0012206713952879027, 0.0012206713952879027, 0.0003843884653275346, 0.0034642219743328505, 0.0012206713952879027, 0.00042941623229211627, 0.021371214021228643, 0.0030171758098115793, 0, 0, 0, 0, 0), (0.0034642219743328505, 0, 0.021538652516748455, 0, 0, 0, 0.042666013215726564, 0.03600088831260688, 0, 0, 0.0012206713952879027, 0.12306145811218505, 0.021538652516748455, 0, 0, 0, 0, 0, 0, 0, 0.03600088831260688, 0, 0, 0, 0.0014409891346113153, 0, 0.00040919789219141973, 0, 0, 0, 0, 0.022022771157485542, 0.12306145811218505, 0.0003843884653275346, 0, 0.0034642219743328505, 0, 0.00042941623229211627, 0, 0), (0.0034642219743328505, 0, 0, 0, 0, 0, 0, 0.03600088831260688, 0, 0, 0, 0.12306145811218505, 0, 0, 0, 0, 0, 0, 0, 0, 0, 0, 0, 0, 0.0014409891346113153, 0, 0.00040919789219141973, 0, 0, 0, 0, 0.022022771157485542, 0.12306145811218505, 0.0003843884653275346, 0, 0, 0, 0, 0, 0), (0.0034642219743328505, 0, 0, 0, 0, 0, 0, 0.03600088831260688, 0, 0, 0, 0.12306145811218505, 0, 0, 0, 0, 0, 0, 0, 0, 0, 0, 0, 0, 0, 0, 0, 0, 0, 0, 0, 0, 0, 0.0003843884653275346, 0, 0, 0, 0, 0, 0), (0.0034642219743328505, 0, 0, 0, 0, 0, 0, 0.03600088831260688, 0, 0, 0, 0.12306145811218505, 0, 0, 0, 0, 0, 0, 0, 0, 0, 0, 0, 0, 0, 0, 0, 0, 0, 0, 0, 0, 0, 0.0003843884653275346, 0, 0, 0, 0, 0, 0), (0.0034642219743328505, 0, 0, 0, 0, 0, 0, 0.03600088831260688, 0, 0, 0, 0.12306145811218505, 0, 0, 0, 0, 0, 0, 0, 0, 0, 0, 0, 0, 0, 0, 0, 0, 0, 0, 0, 0, 0, 0.0003843884653275346, 0, 0, 0, 0, 0, 0), (0.0034642219743328505, 0, 0, 0, 0, 0, 0, 0.03600088831260688, 0, 0, 0, 0.12306145811218505, 0, 0, 0, 0, 0, 0, 0, 0, 0, 0, 0, 0, 0, 0, 0, 0, 0, 0, 0, 0, 0, 0.0003843884653275346, 0, 0, 0, 0, 0, 0), (0.0034642219743328505, 0, 0, 0, 0, 0, 0, 0, 0, 0, 0, 0.12306145811218505, 0, 0, 0, 0, 0, 0, 0, 0, 0, 0, 0, 0, 0, 0, 0, 0, 0, 0, 0, 0, 0, 0, 0, 0, 0, 0, 0, 0), (0.0034642219743328505, 0, 0, 0, 0, 0, 0, 0, 0, 0, 0, 0.12306145811218505, 0, 0, 0, 0, 0, 0, 0, 0, 0, 0, 0, 0, 0, 0, 0, 0, 0, 0, 0, 0, 0, 0, 0, 0, 0, 0, 0, 0), (0, 0, 0, 0, 0, 0, 0, 0, 0, 0, 0, 0, 0, 0, 0, 0, 0, 0, 0, 0, 0, 0, 0, 0, 0, 0, 0, 0, 0, 0, 0, 0, 0, 0, 0, 0, 0, 0, 0, 0), (0, 0, 0, 0, 0, 0, 0, 0, 0, 0, 0, 0, 0, 0, 0, 0, 0, 0, 0, 0, 0, 0, 0, 0, 0, 0, 0, 0, 0, 0, 0, 0, 0, 0, 0, 0, 0, 0, 0, 0), (0, 0, 0, 0, 0, 0, 0, 0, 0, 0, 0, 0, 0, 0, 0, 0, 0, 0, 0, 0, 0, 0, 0, 0, 0, 0, 0, 0, 0, 0, 0, 0, 0, 0, 0, 0, 0, 0, 0, 0), (0, 0, 0, 0, 0, 0, 0, 0, 0, 0, 0, 0, 0, 0, 0, 0, 0, 0, 0, 0, 0, 0, 0, 0, 0, 0, 0, 0, 0, 0, 0, 0, 0, 0, 0, 0, 0, 0, 0, 0), (0, 0, 0, 0, 0, 0, 0, 0, 0, 0, 0, 0, 0, 0, 0, 0, 0, 0, 0, 0, 0, 0, 0, 0, 0, 0, 0, 0, 0, 0, 0, 0, 0, 0, 0, 0, 0, 0, 0, 0), (0, 0, 0, 0, 0, 0, 0, 0, 0, 0, 0, 0, 0, 0, 0, 0, 0, 0, 0, 0, 0, 0, 0, 0, 0, 0, 0, 0, 0, 0, 0, 0, 0, 0, 0, 0, 0, 0, 0, 0)]}}
AdaptationManager: Configuring next round...
{'client_registry': {'enabled': True, 'params': {}}, 'client_selector': {'enabled': True, 'params': {'selection_strategy': 'Resource-Based', 'selection_criteria': 'CPU', 'selection_value': 2}}, 'client_cluster': {'enabled': False, 'params': {}}, 'message_compressor': {'enabled': False, 'params': {}}, 'model_co-versioning_registry': {'enabled': False, 'params': {}}, 'multi-task_model_trainer': {'enabled': False, 'params': {}}, 'heterogeneous_data_handler': {'enabled': True, 'params': {'enabled_clients': []}}}
{'client_selector': {'enabled': False, 'params': {'enabled_clients': ['Client 3', 'Client 4', 'Client 5', 'Client 8', 'Client 11', 'Client 12', 'Client 13', 'Client 14', 'Client 20', 'Client 21', 'Client 23', 'Client 25', 'Client 26', 'Client 27', 'Client 28', 'Client 29', 'Client 34', 'Client 35', 'Client 36', 'Client 38', 'Client 40']}}, 'client_cluster': {'enabled': False}, 'message_compressor': {'enabled': False}, 'model_co-versioning_registry': {'enabled': False}, 'multi-task_model_trainer': {'enabled': False}, 'heterogeneous_data_handler': {'enabled': True, 'params': {'enabled_clients': ['Client 1', 'Client 4', 'Client 5', 'Client 9', 'Client 11', 'Client 15', 'Client 18', 'Client 20', 'Client 21', 'Client 24', 'Client 25', 'Client 27', 'Client 28', 'Client 29', 'Client 30', 'Client 31', 'Client 38', 'Client 39', 'Client 40']}}, 'client_registry': {'enabled': True, 'params': {}}}
client_selector de-activated ❌
heterogeneous_data_handler activated ✅
Results Aggregated in 0.10 seconds.
{'prostate_logreg': {'train_loss': [0.5817057343903318, 0.5700976296781218, 0.5590510064077749, 0.5501964108671172, 0.541942453445546, 0.5352755992687461, 0.5298104937006383, 0.5256232502190783, 0.5216829293091241, 0.5194756115520639, 0.5164255449282271, 0.5137592950037547, 0.5114091546939952, 0.5093220179368343, 0.5074557035230101, 0.5057763099803456], 'train_accuracy': [0.7140736342042755, 0.7408645276292335, 0.7525083612040134, 0.756021409455843, 0.7622658340767172, 0.7644959857270295, 0.7647190008920607, 0.7690763052208835, 0.7728692547969657, 0.7747767857142858, 0.7745535714285714, 0.7743303571428571, 0.7758928571428572, 0.7756696428571429, 0.7763392857142857, 0.7756696428571429], 'train_f1': [0.6890910682240751, 0.7284690382882116, 0.745088783923734, 0.7518447138673438, 0.7582190210593579, 0.7605634735758483, 0.7607744414782027, 0.765369182355649, 0.7691542658084578, 0.7740488498888068, 0.7737984998849607, 0.7735597490331297, 0.7751036479647195, 0.7748380853006938, 0.7754546196959291, 0.7747774123040354], 'train_mae': [0.28592636579572445, 0.2591354723707665, 0.24749163879598662, 0.243978590544157, 0.23773416592328278, 0.23550401427297057, 0.23528099910793934, 0.23092369477911648, 0.22713074520303436, 0.2252232142857143, 0.22544642857142858, 0.22566964285714286, 0.22410714285714287, 0.22433035714285715, 0.2236607142857143, 0.22433035714285715], 'val_loss': [0.5984699800746096, 0.5856122555023817, 0.5752653207910471, 0.5671247886462633, 0.5606967034102543, 0.5557478035624437, 0.5519964246067789, 0.5491082502662419, 0.5467930717817174, 0.5450193084332914, 0.5435556109607779, 0.5423210574308337, 0.5412653753673611, 0.5403509758025967, 0.5395492599365559, 0.5388381676684231], 'val_accuracy': [0.7053684237125385, 0.7236408989772569, 0.7314800319425666, 0.7333748916557531, 0.7363017679883084, 0.739374553178836, 0.7415677333434559, 0.7429056256547071, 0.7434574784559831, 0.7448276817375886, 0.7452198898176292, 0.7455072188449848, 0.7457735720618034, 0.7454965330547113, 0.7458638076241134, 0.7459204027355623], 'val_f1': [0.6822798230341738, 0.7056695508764919, 0.7160942831306779, 0.7191842372408239, 0.7230377204086756, 0.7268494853832729, 0.7297053847079161, 0.7314856550462706, 0.7323766160237122, 0.7342687817847615, 0.7350667071310693, 0.7356980425110382, 0.7362200904328343, 0.7361255453895307, 0.7366560220170653, 0.736906859563098], 'val_mae': [0.29463157628746145, 0.2763591010227431, 0.26851996805743333, 0.2666251083442468, 0.2636982320116917, 0.26062544682116395, 0.25843226665654395, 0.2570943743452929, 0.25654252154401685, 0.2551723182624113, 0.25478011018237084, 0.25449278115501517, 0.25422642793819655, 0.25450346694528875, 0.2541361923758865, 0.2540795972644377], 'jsd': [(0, 0, 0, 0, 0, 0.0034642219743328505, 0.00042941623229211627, 0.021538652516748455, 0.02272086873228655, 0.0012206713952879027, 0.0014409891346113153, 0.042666013215726564, 0.03600088831260688, 0.001452967385689341, 0.022022771157485542, 0.0012206713952879027, 0.12306145811218505, 0.021538652516748455, 0.02272086873228655, 0.0030171758098115793, 0.0007052449150227041, 0.042666013215726564, 0.045824702319694016, 0.022022771157485542, 0.04399676213315208, 0.03600088831260688, 0.0012206713952879027, 0.0012206713952879027, 0.0012206713952879027, 0.0003843884653275346, 0.0034642219743328505, 0.0012206713952879027, 0.00042941623229211627, 0.021371214021228643, 0.0030171758098115793, 0, 0, 0, 0, 0), (0.0034642219743328505, 0, 0.021538652516748455, 0, 0, 0, 0.042666013215726564, 0.03600088831260688, 0, 0, 0.0012206713952879027, 0.12306145811218505, 0.021538652516748455, 0, 0, 0, 0, 0, 0, 0, 0.03600088831260688, 0, 0, 0, 0.0014409891346113153, 0, 0.00040919789219141973, 0, 0, 0, 0, 0.022022771157485542, 0.12306145811218505, 0.0003843884653275346, 0, 0.0034642219743328505, 0, 0.00042941623229211627, 0, 0), (0.0034642219743328505, 0, 0, 0, 0, 0, 0, 0.03600088831260688, 0, 0, 0, 0.12306145811218505, 0, 0, 0, 0, 0, 0, 0, 0, 0, 0, 0, 0, 0.0014409891346113153, 0, 0.00040919789219141973, 0, 0, 0, 0, 0.022022771157485542, 0.12306145811218505, 0.0003843884653275346, 0, 0, 0, 0, 0, 0), (0.0034642219743328505, 0, 0, 0, 0, 0, 0, 0.03600088831260688, 0, 0, 0, 0.12306145811218505, 0, 0, 0, 0, 0, 0, 0, 0, 0, 0, 0, 0, 0, 0, 0, 0, 0, 0, 0, 0, 0, 0.0003843884653275346, 0, 0, 0, 0, 0, 0), (0.0034642219743328505, 0, 0, 0, 0, 0, 0, 0.03600088831260688, 0, 0, 0, 0.12306145811218505, 0, 0, 0, 0, 0, 0, 0, 0, 0, 0, 0, 0, 0, 0, 0, 0, 0, 0, 0, 0, 0, 0.0003843884653275346, 0, 0, 0, 0, 0, 0), (0.0034642219743328505, 0, 0, 0, 0, 0, 0, 0.03600088831260688, 0, 0, 0, 0.12306145811218505, 0, 0, 0, 0, 0, 0, 0, 0, 0, 0, 0, 0, 0, 0, 0, 0, 0, 0, 0, 0, 0, 0.0003843884653275346, 0, 0, 0, 0, 0, 0), (0.0034642219743328505, 0, 0, 0, 0, 0, 0, 0.03600088831260688, 0, 0, 0, 0.12306145811218505, 0, 0, 0, 0, 0, 0, 0, 0, 0, 0, 0, 0, 0, 0, 0, 0, 0, 0, 0, 0, 0, 0.0003843884653275346, 0, 0, 0, 0, 0, 0), (0.0034642219743328505, 0, 0, 0, 0, 0, 0, 0, 0, 0, 0, 0.12306145811218505, 0, 0, 0, 0, 0, 0, 0, 0, 0, 0, 0, 0, 0, 0, 0, 0, 0, 0, 0, 0, 0, 0, 0, 0, 0, 0, 0, 0), (0.0034642219743328505, 0, 0, 0, 0, 0, 0, 0, 0, 0, 0, 0.12306145811218505, 0, 0, 0, 0, 0, 0, 0, 0, 0, 0, 0, 0, 0, 0, 0, 0, 0, 0, 0, 0, 0, 0, 0, 0, 0, 0, 0, 0), (0, 0, 0, 0, 0, 0, 0, 0, 0, 0, 0, 0, 0, 0, 0, 0, 0, 0, 0, 0, 0, 0, 0, 0, 0, 0, 0, 0, 0, 0, 0, 0, 0, 0, 0, 0, 0, 0, 0, 0), (0, 0, 0, 0, 0, 0, 0, 0, 0, 0, 0, 0, 0, 0, 0, 0, 0, 0, 0, 0, 0, 0, 0, 0, 0, 0, 0, 0, 0, 0, 0, 0, 0, 0, 0, 0, 0, 0, 0, 0), (0, 0, 0, 0, 0, 0, 0, 0, 0, 0, 0, 0, 0, 0, 0, 0, 0, 0, 0, 0, 0, 0, 0, 0, 0, 0, 0, 0, 0, 0, 0, 0, 0, 0, 0, 0, 0, 0, 0, 0), (0, 0, 0, 0, 0, 0, 0, 0, 0, 0, 0, 0, 0, 0, 0, 0, 0, 0, 0, 0, 0, 0, 0, 0, 0, 0, 0, 0, 0, 0, 0, 0, 0, 0, 0, 0, 0, 0, 0, 0), (0, 0, 0, 0, 0, 0, 0, 0, 0, 0, 0, 0, 0, 0, 0, 0, 0, 0, 0, 0, 0, 0, 0, 0, 0, 0, 0, 0, 0, 0, 0, 0, 0, 0, 0, 0, 0, 0, 0, 0), (0, 0, 0, 0, 0, 0, 0, 0, 0, 0, 0, 0, 0, 0, 0, 0, 0, 0, 0, 0, 0, 0, 0, 0, 0, 0, 0, 0, 0, 0, 0, 0, 0, 0, 0, 0, 0, 0, 0, 0), (0, 0, 0, 0, 0, 0, 0, 0, 0, 0, 0, 0, 0, 0, 0, 0, 0, 0, 0, 0, 0, 0, 0, 0, 0, 0, 0, 0, 0, 0, 0, 0, 0, 0, 0, 0, 0, 0, 0, 0)]}}
AdaptationManager: Configuring next round...
{'client_registry': {'enabled': True, 'params': {}}, 'client_selector': {'enabled': True, 'params': {'selection_strategy': 'Resource-Based', 'selection_criteria': 'CPU', 'selection_value': 2}}, 'client_cluster': {'enabled': False, 'params': {}}, 'message_compressor': {'enabled': False, 'params': {}}, 'model_co-versioning_registry': {'enabled': False, 'params': {}}, 'multi-task_model_trainer': {'enabled': False, 'params': {}}, 'heterogeneous_data_handler': {'enabled': True, 'params': {'enabled_clients': []}}}
{'client_selector': {'enabled': False, 'params': {'enabled_clients': ['Client 3', 'Client 4', 'Client 5', 'Client 8', 'Client 11', 'Client 12', 'Client 13', 'Client 14', 'Client 20', 'Client 21', 'Client 23', 'Client 25', 'Client 26', 'Client 27', 'Client 28', 'Client 29', 'Client 34', 'Client 35', 'Client 36', 'Client 38', 'Client 40']}}, 'client_cluster': {'enabled': False}, 'message_compressor': {'enabled': False}, 'model_co-versioning_registry': {'enabled': False}, 'multi-task_model_trainer': {'enabled': False}, 'heterogeneous_data_handler': {'enabled': True, 'params': {'enabled_clients': ['Client 2', 'Client 3', 'Client 4', 'Client 5', 'Client 6', 'Client 8', 'Client 9', 'Client 10', 'Client 11', 'Client 13', 'Client 16', 'Client 19', 'Client 20', 'Client 21', 'Client 22', 'Client 23', 'Client 24', 'Client 25', 'Client 29']}}, 'client_registry': {'enabled': True, 'params': {}}}
client_selector de-activated ❌
heterogeneous_data_handler activated ✅
Results Aggregated in 0.10 seconds.
{'prostate_logreg': {'train_loss': [0.5817057343903318, 0.5700976296781218, 0.5590510064077749, 0.5501964108671172, 0.541942453445546, 0.5352755992687461, 0.5298104937006383, 0.5256232502190783, 0.5216829293091241, 0.5194756115520639, 0.5164255449282271, 0.5137592950037547, 0.5114091546939952, 0.5093220179368343, 0.5074557035230101, 0.5057763099803456, 0.5042563680293305], 'train_accuracy': [0.7140736342042755, 0.7408645276292335, 0.7525083612040134, 0.756021409455843, 0.7622658340767172, 0.7644959857270295, 0.7647190008920607, 0.7690763052208835, 0.7728692547969657, 0.7747767857142858, 0.7745535714285714, 0.7743303571428571, 0.7758928571428572, 0.7756696428571429, 0.7763392857142857, 0.7756696428571429, 0.7763392857142857], 'train_f1': [0.6890910682240751, 0.7284690382882116, 0.745088783923734, 0.7518447138673438, 0.7582190210593579, 0.7605634735758483, 0.7607744414782027, 0.765369182355649, 0.7691542658084578, 0.7740488498888068, 0.7737984998849607, 0.7735597490331297, 0.7751036479647195, 0.7748380853006938, 0.7754546196959291, 0.7747774123040354, 0.7754533842814205], 'train_mae': [0.28592636579572445, 0.2591354723707665, 0.24749163879598662, 0.243978590544157, 0.23773416592328278, 0.23550401427297057, 0.23528099910793934, 0.23092369477911648, 0.22713074520303436, 0.2252232142857143, 0.22544642857142858, 0.22566964285714286, 0.22410714285714287, 0.22433035714285715, 0.2236607142857143, 0.22433035714285715, 0.2236607142857143], 'val_loss': [0.5984699800746096, 0.5856122555023817, 0.5752653207910471, 0.5671247886462633, 0.5606967034102543, 0.5557478035624437, 0.5519964246067789, 0.5491082502662419, 0.5467930717817174, 0.5450193084332914, 0.5435556109607779, 0.5423210574308337, 0.5412653753673611, 0.5403509758025967, 0.5395492599365559, 0.5388381676684231, 0.5382005412006994], 'val_accuracy': [0.7053684237125385, 0.7236408989772569, 0.7314800319425666, 0.7333748916557531, 0.7363017679883084, 0.739374553178836, 0.7415677333434559, 0.7429056256547071, 0.7434574784559831, 0.7448276817375886, 0.7452198898176292, 0.7455072188449848, 0.7457735720618034, 0.7454965330547113, 0.7458638076241134, 0.7459204027355623, 0.74609375], 'val_f1': [0.6822798230341738, 0.7056695508764919, 0.7160942831306779, 0.7191842372408239, 0.7230377204086756, 0.7268494853832729, 0.7297053847079161, 0.7314856550462706, 0.7323766160237122, 0.7342687817847615, 0.7350667071310693, 0.7356980425110382, 0.7362200904328343, 0.7361255453895307, 0.7366560220170653, 0.736906859563098, 0.7372246503429868], 'val_mae': [0.29463157628746145, 0.2763591010227431, 0.26851996805743333, 0.2666251083442468, 0.2636982320116917, 0.26062544682116395, 0.25843226665654395, 0.2570943743452929, 0.25654252154401685, 0.2551723182624113, 0.25478011018237084, 0.25449278115501517, 0.25422642793819655, 0.25450346694528875, 0.2541361923758865, 0.2540795972644377, 0.25390625], 'jsd': [(0, 0, 0, 0, 0, 0.0034642219743328505, 0.00042941623229211627, 0.021538652516748455, 0.02272086873228655, 0.0012206713952879027, 0.0014409891346113153, 0.042666013215726564, 0.03600088831260688, 0.001452967385689341, 0.022022771157485542, 0.0012206713952879027, 0.12306145811218505, 0.021538652516748455, 0.02272086873228655, 0.0030171758098115793, 0.0007052449150227041, 0.042666013215726564, 0.045824702319694016, 0.022022771157485542, 0.04399676213315208, 0.03600088831260688, 0.0012206713952879027, 0.0012206713952879027, 0.0012206713952879027, 0.0003843884653275346, 0.0034642219743328505, 0.0012206713952879027, 0.00042941623229211627, 0.021371214021228643, 0.0030171758098115793, 0, 0, 0, 0, 0), (0.0034642219743328505, 0, 0.021538652516748455, 0, 0, 0, 0.042666013215726564, 0.03600088831260688, 0, 0, 0.0012206713952879027, 0.12306145811218505, 0.021538652516748455, 0, 0, 0, 0, 0, 0, 0, 0.03600088831260688, 0, 0, 0, 0.0014409891346113153, 0, 0.00040919789219141973, 0, 0, 0, 0, 0.022022771157485542, 0.12306145811218505, 0.0003843884653275346, 0, 0.0034642219743328505, 0, 0.00042941623229211627, 0, 0), (0.0034642219743328505, 0, 0, 0, 0, 0, 0, 0.03600088831260688, 0, 0, 0, 0.12306145811218505, 0, 0, 0, 0, 0, 0, 0, 0, 0, 0, 0, 0, 0.0014409891346113153, 0, 0.00040919789219141973, 0, 0, 0, 0, 0.022022771157485542, 0.12306145811218505, 0.0003843884653275346, 0, 0, 0, 0, 0, 0), (0.0034642219743328505, 0, 0, 0, 0, 0, 0, 0.03600088831260688, 0, 0, 0, 0.12306145811218505, 0, 0, 0, 0, 0, 0, 0, 0, 0, 0, 0, 0, 0, 0, 0, 0, 0, 0, 0, 0, 0, 0.0003843884653275346, 0, 0, 0, 0, 0, 0), (0.0034642219743328505, 0, 0, 0, 0, 0, 0, 0.03600088831260688, 0, 0, 0, 0.12306145811218505, 0, 0, 0, 0, 0, 0, 0, 0, 0, 0, 0, 0, 0, 0, 0, 0, 0, 0, 0, 0, 0, 0.0003843884653275346, 0, 0, 0, 0, 0, 0), (0.0034642219743328505, 0, 0, 0, 0, 0, 0, 0.03600088831260688, 0, 0, 0, 0.12306145811218505, 0, 0, 0, 0, 0, 0, 0, 0, 0, 0, 0, 0, 0, 0, 0, 0, 0, 0, 0, 0, 0, 0.0003843884653275346, 0, 0, 0, 0, 0, 0), (0.0034642219743328505, 0, 0, 0, 0, 0, 0, 0.03600088831260688, 0, 0, 0, 0.12306145811218505, 0, 0, 0, 0, 0, 0, 0, 0, 0, 0, 0, 0, 0, 0, 0, 0, 0, 0, 0, 0, 0, 0.0003843884653275346, 0, 0, 0, 0, 0, 0), (0.0034642219743328505, 0, 0, 0, 0, 0, 0, 0, 0, 0, 0, 0.12306145811218505, 0, 0, 0, 0, 0, 0, 0, 0, 0, 0, 0, 0, 0, 0, 0, 0, 0, 0, 0, 0, 0, 0, 0, 0, 0, 0, 0, 0), (0.0034642219743328505, 0, 0, 0, 0, 0, 0, 0, 0, 0, 0, 0.12306145811218505, 0, 0, 0, 0, 0, 0, 0, 0, 0, 0, 0, 0, 0, 0, 0, 0, 0, 0, 0, 0, 0, 0, 0, 0, 0, 0, 0, 0), (0, 0, 0, 0, 0, 0, 0, 0, 0, 0, 0, 0, 0, 0, 0, 0, 0, 0, 0, 0, 0, 0, 0, 0, 0, 0, 0, 0, 0, 0, 0, 0, 0, 0, 0, 0, 0, 0, 0, 0), (0, 0, 0, 0, 0, 0, 0, 0, 0, 0, 0, 0, 0, 0, 0, 0, 0, 0, 0, 0, 0, 0, 0, 0, 0, 0, 0, 0, 0, 0, 0, 0, 0, 0, 0, 0, 0, 0, 0, 0), (0, 0, 0, 0, 0, 0, 0, 0, 0, 0, 0, 0, 0, 0, 0, 0, 0, 0, 0, 0, 0, 0, 0, 0, 0, 0, 0, 0, 0, 0, 0, 0, 0, 0, 0, 0, 0, 0, 0, 0), (0, 0, 0, 0, 0, 0, 0, 0, 0, 0, 0, 0, 0, 0, 0, 0, 0, 0, 0, 0, 0, 0, 0, 0, 0, 0, 0, 0, 0, 0, 0, 0, 0, 0, 0, 0, 0, 0, 0, 0), (0, 0, 0, 0, 0, 0, 0, 0, 0, 0, 0, 0, 0, 0, 0, 0, 0, 0, 0, 0, 0, 0, 0, 0, 0, 0, 0, 0, 0, 0, 0, 0, 0, 0, 0, 0, 0, 0, 0, 0), (0, 0, 0, 0, 0, 0, 0, 0, 0, 0, 0, 0, 0, 0, 0, 0, 0, 0, 0, 0, 0, 0, 0, 0, 0, 0, 0, 0, 0, 0, 0, 0, 0, 0, 0, 0, 0, 0, 0, 0), (0, 0, 0, 0, 0, 0, 0, 0, 0, 0, 0, 0, 0, 0, 0, 0, 0, 0, 0, 0, 0, 0, 0, 0, 0, 0, 0, 0, 0, 0, 0, 0, 0, 0, 0, 0, 0, 0, 0, 0), (0, 0, 0, 0, 0, 0, 0, 0, 0, 0, 0, 0, 0, 0, 0, 0, 0, 0, 0, 0, 0, 0, 0, 0, 0, 0, 0, 0, 0, 0, 0, 0, 0, 0, 0, 0, 0, 0, 0, 0)]}}
AdaptationManager: Configuring next round...
{'client_registry': {'enabled': True, 'params': {}}, 'client_selector': {'enabled': True, 'params': {'selection_strategy': 'Resource-Based', 'selection_criteria': 'CPU', 'selection_value': 2}}, 'client_cluster': {'enabled': False, 'params': {}}, 'message_compressor': {'enabled': False, 'params': {}}, 'model_co-versioning_registry': {'enabled': False, 'params': {}}, 'multi-task_model_trainer': {'enabled': False, 'params': {}}, 'heterogeneous_data_handler': {'enabled': True, 'params': {'enabled_clients': []}}}
{'client_selector': {'enabled': False, 'params': {'enabled_clients': ['Client 3', 'Client 4', 'Client 5', 'Client 8', 'Client 11', 'Client 12', 'Client 13', 'Client 14', 'Client 20', 'Client 21', 'Client 23', 'Client 25', 'Client 26', 'Client 27', 'Client 28', 'Client 29', 'Client 34', 'Client 35', 'Client 36', 'Client 38', 'Client 40']}}, 'client_cluster': {'enabled': False}, 'message_compressor': {'enabled': False}, 'model_co-versioning_registry': {'enabled': False}, 'multi-task_model_trainer': {'enabled': False}, 'heterogeneous_data_handler': {'enabled': True, 'params': {'enabled_clients': ['Client 1', 'Client 2', 'Client 3', 'Client 4', 'Client 7', 'Client 8', 'Client 9', 'Client 11', 'Client 12', 'Client 14', 'Client 16', 'Client 17', 'Client 18', 'Client 19', 'Client 22', 'Client 23', 'Client 27', 'Client 28', 'Client 30', 'Client 32', 'Client 33', 'Client 35', 'Client 37', 'Client 39']}}, 'client_registry': {'enabled': True, 'params': {}}}
client_selector de-activated ❌
heterogeneous_data_handler de-activated ❌
Results Aggregated in 0.16 seconds.
{'prostate_logreg': {'train_loss': [0.5817057343903318, 0.5700976296781218, 0.5590510064077749, 0.5501964108671172, 0.541942453445546, 0.5352755992687461, 0.5298104937006383, 0.5256232502190783, 0.5216829293091241, 0.5194756115520639, 0.5164255449282271, 0.5137592950037547, 0.5114091546939952, 0.5093220179368343, 0.5074557035230101, 0.5057763099803456, 0.5042563680293305, 0.5028733927756548], 'train_accuracy': [0.7140736342042755, 0.7408645276292335, 0.7525083612040134, 0.756021409455843, 0.7622658340767172, 0.7644959857270295, 0.7647190008920607, 0.7690763052208835, 0.7728692547969657, 0.7747767857142858, 0.7745535714285714, 0.7743303571428571, 0.7758928571428572, 0.7756696428571429, 0.7763392857142857, 0.7756696428571429, 0.7763392857142857, 0.7765625], 'train_f1': [0.6890910682240751, 0.7284690382882116, 0.745088783923734, 0.7518447138673438, 0.7582190210593579, 0.7605634735758483, 0.7607744414782027, 0.765369182355649, 0.7691542658084578, 0.7740488498888068, 0.7737984998849607, 0.7735597490331297, 0.7751036479647195, 0.7748380853006938, 0.7754546196959291, 0.7747774123040354, 0.7754533842814205, 0.7756471920194167], 'train_mae': [0.28592636579572445, 0.2591354723707665, 0.24749163879598662, 0.243978590544157, 0.23773416592328278, 0.23550401427297057, 0.23528099910793934, 0.23092369477911648, 0.22713074520303436, 0.2252232142857143, 0.22544642857142858, 0.22566964285714286, 0.22410714285714287, 0.22433035714285715, 0.2236607142857143, 0.22433035714285715, 0.2236607142857143, 0.2234375], 'val_loss': [0.5984699800746096, 0.5856122555023817, 0.5752653207910471, 0.5671247886462633, 0.5606967034102543, 0.5557478035624437, 0.5519964246067789, 0.5491082502662419, 0.5467930717817174, 0.5450193084332914, 0.5435556109607779, 0.5423210574308337, 0.5412653753673611, 0.5403509758025967, 0.5395492599365559, 0.5388381676684231, 0.5382005412006994, 0.5376229240682652], 'val_accuracy': [0.7053684237125385, 0.7236408989772569, 0.7314800319425666, 0.7333748916557531, 0.7363017679883084, 0.739374553178836, 0.7415677333434559, 0.7429056256547071, 0.7434574784559831, 0.7448276817375886, 0.7452198898176292, 0.7455072188449848, 0.7457735720618034, 0.7454965330547113, 0.7458638076241134, 0.7459204027355623, 0.74609375, 0.7463901817375886], 'val_f1': [0.6822798230341738, 0.7056695508764919, 0.7160942831306779, 0.7191842372408239, 0.7230377204086756, 0.7268494853832729, 0.7297053847079161, 0.7314856550462706, 0.7323766160237122, 0.7342687817847615, 0.7350667071310693, 0.7356980425110382, 0.7362200904328343, 0.7361255453895307, 0.7366560220170653, 0.736906859563098, 0.7372246503429868, 0.737633768773957], 'val_mae': [0.29463157628746145, 0.2763591010227431, 0.26851996805743333, 0.2666251083442468, 0.2636982320116917, 0.26062544682116395, 0.25843226665654395, 0.2570943743452929, 0.25654252154401685, 0.2551723182624113, 0.25478011018237084, 0.25449278115501517, 0.25422642793819655, 0.25450346694528875, 0.2541361923758865, 0.2540795972644377, 0.25390625, 0.2536098182624113], 'jsd': [(0, 0, 0, 0, 0, 0.0034642219743328505, 0.00042941623229211627, 0.021538652516748455, 0.02272086873228655, 0.0012206713952879027, 0.0014409891346113153, 0.042666013215726564, 0.03600088831260688, 0.001452967385689341, 0.022022771157485542, 0.0012206713952879027, 0.12306145811218505, 0.021538652516748455, 0.02272086873228655, 0.0030171758098115793, 0.0007052449150227041, 0.042666013215726564, 0.045824702319694016, 0.022022771157485542, 0.04399676213315208, 0.03600088831260688, 0.0012206713952879027, 0.0012206713952879027, 0.0012206713952879027, 0.0003843884653275346, 0.0034642219743328505, 0.0012206713952879027, 0.00042941623229211627, 0.021371214021228643, 0.0030171758098115793, 0, 0, 0, 0, 0), (0.0034642219743328505, 0, 0.021538652516748455, 0, 0, 0, 0.042666013215726564, 0.03600088831260688, 0, 0, 0.0012206713952879027, 0.12306145811218505, 0.021538652516748455, 0, 0, 0, 0, 0, 0, 0, 0.03600088831260688, 0, 0, 0, 0.0014409891346113153, 0, 0.00040919789219141973, 0, 0, 0, 0, 0.022022771157485542, 0.12306145811218505, 0.0003843884653275346, 0, 0.0034642219743328505, 0, 0.00042941623229211627, 0, 0), (0.0034642219743328505, 0, 0, 0, 0, 0, 0, 0.03600088831260688, 0, 0, 0, 0.12306145811218505, 0, 0, 0, 0, 0, 0, 0, 0, 0, 0, 0, 0, 0.0014409891346113153, 0, 0.00040919789219141973, 0, 0, 0, 0, 0.022022771157485542, 0.12306145811218505, 0.0003843884653275346, 0, 0, 0, 0, 0, 0), (0.0034642219743328505, 0, 0, 0, 0, 0, 0, 0.03600088831260688, 0, 0, 0, 0.12306145811218505, 0, 0, 0, 0, 0, 0, 0, 0, 0, 0, 0, 0, 0, 0, 0, 0, 0, 0, 0, 0, 0, 0.0003843884653275346, 0, 0, 0, 0, 0, 0), (0.0034642219743328505, 0, 0, 0, 0, 0, 0, 0.03600088831260688, 0, 0, 0, 0.12306145811218505, 0, 0, 0, 0, 0, 0, 0, 0, 0, 0, 0, 0, 0, 0, 0, 0, 0, 0, 0, 0, 0, 0.0003843884653275346, 0, 0, 0, 0, 0, 0), (0.0034642219743328505, 0, 0, 0, 0, 0, 0, 0.03600088831260688, 0, 0, 0, 0.12306145811218505, 0, 0, 0, 0, 0, 0, 0, 0, 0, 0, 0, 0, 0, 0, 0, 0, 0, 0, 0, 0, 0, 0.0003843884653275346, 0, 0, 0, 0, 0, 0), (0.0034642219743328505, 0, 0, 0, 0, 0, 0, 0.03600088831260688, 0, 0, 0, 0.12306145811218505, 0, 0, 0, 0, 0, 0, 0, 0, 0, 0, 0, 0, 0, 0, 0, 0, 0, 0, 0, 0, 0, 0.0003843884653275346, 0, 0, 0, 0, 0, 0), (0.0034642219743328505, 0, 0, 0, 0, 0, 0, 0, 0, 0, 0, 0.12306145811218505, 0, 0, 0, 0, 0, 0, 0, 0, 0, 0, 0, 0, 0, 0, 0, 0, 0, 0, 0, 0, 0, 0, 0, 0, 0, 0, 0, 0), (0.0034642219743328505, 0, 0, 0, 0, 0, 0, 0, 0, 0, 0, 0.12306145811218505, 0, 0, 0, 0, 0, 0, 0, 0, 0, 0, 0, 0, 0, 0, 0, 0, 0, 0, 0, 0, 0, 0, 0, 0, 0, 0, 0, 0), (0, 0, 0, 0, 0, 0, 0, 0, 0, 0, 0, 0, 0, 0, 0, 0, 0, 0, 0, 0, 0, 0, 0, 0, 0, 0, 0, 0, 0, 0, 0, 0, 0, 0, 0, 0, 0, 0, 0, 0), (0, 0, 0, 0, 0, 0, 0, 0, 0, 0, 0, 0, 0, 0, 0, 0, 0, 0, 0, 0, 0, 0, 0, 0, 0, 0, 0, 0, 0, 0, 0, 0, 0, 0, 0, 0, 0, 0, 0, 0), (0, 0, 0, 0, 0, 0, 0, 0, 0, 0, 0, 0, 0, 0, 0, 0, 0, 0, 0, 0, 0, 0, 0, 0, 0, 0, 0, 0, 0, 0, 0, 0, 0, 0, 0, 0, 0, 0, 0, 0), (0, 0, 0, 0, 0, 0, 0, 0, 0, 0, 0, 0, 0, 0, 0, 0, 0, 0, 0, 0, 0, 0, 0, 0, 0, 0, 0, 0, 0, 0, 0, 0, 0, 0, 0, 0, 0, 0, 0, 0), (0, 0, 0, 0, 0, 0, 0, 0, 0, 0, 0, 0, 0, 0, 0, 0, 0, 0, 0, 0, 0, 0, 0, 0, 0, 0, 0, 0, 0, 0, 0, 0, 0, 0, 0, 0, 0, 0, 0, 0), (0, 0, 0, 0, 0, 0, 0, 0, 0, 0, 0, 0, 0, 0, 0, 0, 0, 0, 0, 0, 0, 0, 0, 0, 0, 0, 0, 0, 0, 0, 0, 0, 0, 0, 0, 0, 0, 0, 0, 0), (0, 0, 0, 0, 0, 0, 0, 0, 0, 0, 0, 0, 0, 0, 0, 0, 0, 0, 0, 0, 0, 0, 0, 0, 0, 0, 0, 0, 0, 0, 0, 0, 0, 0, 0, 0, 0, 0, 0, 0), (0, 0, 0, 0, 0, 0, 0, 0, 0, 0, 0, 0, 0, 0, 0, 0, 0, 0, 0, 0, 0, 0, 0, 0, 0, 0, 0, 0, 0, 0, 0, 0, 0, 0, 0, 0, 0, 0, 0, 0), (0, 0, 0, 0, 0, 0, 0, 0, 0, 0, 0, 0, 0, 0, 0, 0, 0, 0, 0, 0, 0, 0, 0, 0, 0, 0, 0, 0, 0, 0, 0, 0, 0, 0, 0, 0, 0, 0, 0, 0)]}}
AdaptationManager: Configuring next round...
{'client_registry': {'enabled': True, 'params': {}}, 'client_selector': {'enabled': True, 'params': {'selection_strategy': 'Resource-Based', 'selection_criteria': 'CPU', 'selection_value': 2}}, 'client_cluster': {'enabled': False, 'params': {}}, 'message_compressor': {'enabled': False, 'params': {}}, 'model_co-versioning_registry': {'enabled': False, 'params': {}}, 'multi-task_model_trainer': {'enabled': False, 'params': {}}, 'heterogeneous_data_handler': {'enabled': True, 'params': {'enabled_clients': []}}}
{'client_selector': {'enabled': False, 'params': {'enabled_clients': ['Client 3', 'Client 4', 'Client 5', 'Client 8', 'Client 11', 'Client 12', 'Client 13', 'Client 14', 'Client 20', 'Client 21', 'Client 23', 'Client 25', 'Client 26', 'Client 27', 'Client 28', 'Client 29', 'Client 34', 'Client 35', 'Client 36', 'Client 38', 'Client 40']}}, 'client_cluster': {'enabled': False}, 'message_compressor': {'enabled': False}, 'model_co-versioning_registry': {'enabled': False}, 'multi-task_model_trainer': {'enabled': False}, 'heterogeneous_data_handler': {'enabled': False, 'params': {'enabled_clients': ['Client 1', 'Client 2', 'Client 3', 'Client 4', 'Client 7', 'Client 8', 'Client 9', 'Client 11', 'Client 12', 'Client 14', 'Client 16', 'Client 17', 'Client 18', 'Client 19', 'Client 22', 'Client 23', 'Client 27', 'Client 28', 'Client 30', 'Client 32', 'Client 33', 'Client 35', 'Client 37', 'Client 39']}}, 'client_registry': {'enabled': True, 'params': {}}}
client_selector activated ✅
heterogeneous_data_handler de-activated ❌
Client Client 15 participates in this round. (CPU: 2, RAM: 2)
Client Client 38 participates in this round. (CPU: 1, RAM: 2)
Client Client 30 participates in this round. (CPU: 2, RAM: 2)
Client Client 28 participates in this round. (CPU: 2, RAM: 2)
Client Client 25 participates in this round. (CPU: 2, RAM: 2)
Client Client 8 participates in this round. (CPU: 2, RAM: 2)
Client Client 27 participates in this round. (CPU: 2, RAM: 2)
Client Client 7 participates in this round. (CPU: 2, RAM: 2)
Client Client 36 participates in this round. (CPU: 1, RAM: 2)
Client Client 40 participates in this round. (CPU: 1, RAM: 2)
Client Client 13 participates in this round. (CPU: 2, RAM: 2)
Client Client 3 participates in this round. (CPU: 2, RAM: 2)
Client Client 29 participates in this round. (CPU: 2, RAM: 2)
Client Client 26 participates in this round. (CPU: 2, RAM: 2)
Client Client 4 participates in this round. (CPU: 2, RAM: 2)
Client Client 11 participates in this round. (CPU: 2, RAM: 2)
Client Client 32 participates in this round. (CPU: 1, RAM: 2)
Client Client 39 participates in this round. (CPU: 1, RAM: 2)
Client Client 6 participates in this round. (CPU: 2, RAM: 2)
Client Client 14 participates in this round. (CPU: 2, RAM: 2)
Client Client 33 participates in this round. (CPU: 1, RAM: 2)
Client Client 19 participates in this round. (CPU: 2, RAM: 2)
Client Client 18 participates in this round. (CPU: 2, RAM: 2)
Client Client 21 participates in this round. (CPU: 2, RAM: 2)
Client Client 9 participates in this round. (CPU: 2, RAM: 2)
Client Client 37 participates in this round. (CPU: 1, RAM: 2)
Client Client 17 participates in this round. (CPU: 2, RAM: 2)
Client Client 12 participates in this round. (CPU: 2, RAM: 2)
Client Client 35 participates in this round. (CPU: 1, RAM: 2)
Client Client 16 participates in this round. (CPU: 2, RAM: 2)
Client Client 5 participates in this round. (CPU: 2, RAM: 2)
Client Client 22 participates in this round. (CPU: 2, RAM: 2)
Client Client 1 participates in this round. (CPU: 2, RAM: 2)
Client Client 2 participates in this round. (CPU: 2, RAM: 2)
Client Client 10 participates in this round. (CPU: 2, RAM: 2)
Client Client 34 participates in this round. (CPU: 1, RAM: 2)
Client Client 24 participates in this round. (CPU: 2, RAM: 2)
Client Client 20 participates in this round. (CPU: 2, RAM: 2)
Client Client 23 participates in this round. (CPU: 2, RAM: 2)
Client Client 31 participates in this round. (CPU: 1, RAM: 2)
Results Aggregated in 0.10 seconds.
{'prostate_logreg': {'train_loss': [0.5817057343903318, 0.5700976296781218, 0.5590510064077749, 0.5501964108671172, 0.541942453445546, 0.5352755992687461, 0.5298104937006383, 0.5256232502190783, 0.5216829293091241, 0.5194756115520639, 0.5164255449282271, 0.5137592950037547, 0.5114091546939952, 0.5093220179368343, 0.5074557035230101, 0.5057763099803456, 0.5042563680293305, 0.5028733927756548, 0.5016088485717773], 'train_accuracy': [0.7140736342042755, 0.7408645276292335, 0.7525083612040134, 0.756021409455843, 0.7622658340767172, 0.7644959857270295, 0.7647190008920607, 0.7690763052208835, 0.7728692547969657, 0.7747767857142858, 0.7745535714285714, 0.7743303571428571, 0.7758928571428572, 0.7756696428571429, 0.7763392857142857, 0.7756696428571429, 0.7763392857142857, 0.7765625, 0.7765625], 'train_f1': [0.6890910682240751, 0.7284690382882116, 0.745088783923734, 0.7518447138673438, 0.7582190210593579, 0.7605634735758483, 0.7607744414782027, 0.765369182355649, 0.7691542658084578, 0.7740488498888068, 0.7737984998849607, 0.7735597490331297, 0.7751036479647195, 0.7748380853006938, 0.7754546196959291, 0.7747774123040354, 0.7754533842814205, 0.7756471920194167, 0.775645494898378], 'train_mae': [0.28592636579572445, 0.2591354723707665, 0.24749163879598662, 0.243978590544157, 0.23773416592328278, 0.23550401427297057, 0.23528099910793934, 0.23092369477911648, 0.22713074520303436, 0.2252232142857143, 0.22544642857142858, 0.22566964285714286, 0.22410714285714287, 0.22433035714285715, 0.2236607142857143, 0.22433035714285715, 0.2236607142857143, 0.2234375, 0.2234375], 'val_loss': [0.5984699800746096, 0.5856122555023817, 0.5752653207910471, 0.5671247886462633, 0.5606967034102543, 0.5557478035624437, 0.5519964246067789, 0.5491082502662419, 0.5467930717817174, 0.5450193084332914, 0.5435556109607779, 0.5423210574308337, 0.5412653753673611, 0.5403509758025967, 0.5395492599365559, 0.5388381676684231, 0.5382005412006994, 0.5376229240682652, 0.5370946777610839], 'val_accuracy': [0.7053684237125385, 0.7236408989772569, 0.7314800319425666, 0.7333748916557531, 0.7363017679883084, 0.739374553178836, 0.7415677333434559, 0.7429056256547071, 0.7434574784559831, 0.7448276817375886, 0.7452198898176292, 0.7455072188449848, 0.7457735720618034, 0.7454965330547113, 0.7458638076241134, 0.7459204027355623, 0.74609375, 0.7463901817375886, 0.7466699911347517], 'val_f1': [0.6822798230341738, 0.7056695508764919, 0.7160942831306779, 0.7191842372408239, 0.7230377204086756, 0.7268494853832729, 0.7297053847079161, 0.7314856550462706, 0.7323766160237122, 0.7342687817847615, 0.7350667071310693, 0.7356980425110382, 0.7362200904328343, 0.7361255453895307, 0.7366560220170653, 0.736906859563098, 0.7372246503429868, 0.737633768773957, 0.7380679702385605], 'val_mae': [0.29463157628746145, 0.2763591010227431, 0.26851996805743333, 0.2666251083442468, 0.2636982320116917, 0.26062544682116395, 0.25843226665654395, 0.2570943743452929, 0.25654252154401685, 0.2551723182624113, 0.25478011018237084, 0.25449278115501517, 0.25422642793819655, 0.25450346694528875, 0.2541361923758865, 0.2540795972644377, 0.25390625, 0.2536098182624113, 0.25333000886524826], 'jsd': [(0, 0, 0, 0, 0, 0.0034642219743328505, 0.00042941623229211627, 0.021538652516748455, 0.02272086873228655, 0.0012206713952879027, 0.0014409891346113153, 0.042666013215726564, 0.03600088831260688, 0.001452967385689341, 0.022022771157485542, 0.0012206713952879027, 0.12306145811218505, 0.021538652516748455, 0.02272086873228655, 0.0030171758098115793, 0.0007052449150227041, 0.042666013215726564, 0.045824702319694016, 0.022022771157485542, 0.04399676213315208, 0.03600088831260688, 0.0012206713952879027, 0.0012206713952879027, 0.0012206713952879027, 0.0003843884653275346, 0.0034642219743328505, 0.0012206713952879027, 0.00042941623229211627, 0.021371214021228643, 0.0030171758098115793, 0, 0, 0, 0, 0), (0.0034642219743328505, 0, 0.021538652516748455, 0, 0, 0, 0.042666013215726564, 0.03600088831260688, 0, 0, 0.0012206713952879027, 0.12306145811218505, 0.021538652516748455, 0, 0, 0, 0, 0, 0, 0, 0.03600088831260688, 0, 0, 0, 0.0014409891346113153, 0, 0.00040919789219141973, 0, 0, 0, 0, 0.022022771157485542, 0.12306145811218505, 0.0003843884653275346, 0, 0.0034642219743328505, 0, 0.00042941623229211627, 0, 0), (0.0034642219743328505, 0, 0, 0, 0, 0, 0, 0.03600088831260688, 0, 0, 0, 0.12306145811218505, 0, 0, 0, 0, 0, 0, 0, 0, 0, 0, 0, 0, 0.0014409891346113153, 0, 0.00040919789219141973, 0, 0, 0, 0, 0.022022771157485542, 0.12306145811218505, 0.0003843884653275346, 0, 0, 0, 0, 0, 0), (0.0034642219743328505, 0, 0, 0, 0, 0, 0, 0.03600088831260688, 0, 0, 0, 0.12306145811218505, 0, 0, 0, 0, 0, 0, 0, 0, 0, 0, 0, 0, 0, 0, 0, 0, 0, 0, 0, 0, 0, 0.0003843884653275346, 0, 0, 0, 0, 0, 0), (0.0034642219743328505, 0, 0, 0, 0, 0, 0, 0.03600088831260688, 0, 0, 0, 0.12306145811218505, 0, 0, 0, 0, 0, 0, 0, 0, 0, 0, 0, 0, 0, 0, 0, 0, 0, 0, 0, 0, 0, 0.0003843884653275346, 0, 0, 0, 0, 0, 0), (0.0034642219743328505, 0, 0, 0, 0, 0, 0, 0.03600088831260688, 0, 0, 0, 0.12306145811218505, 0, 0, 0, 0, 0, 0, 0, 0, 0, 0, 0, 0, 0, 0, 0, 0, 0, 0, 0, 0, 0, 0.0003843884653275346, 0, 0, 0, 0, 0, 0), (0.0034642219743328505, 0, 0, 0, 0, 0, 0, 0.03600088831260688, 0, 0, 0, 0.12306145811218505, 0, 0, 0, 0, 0, 0, 0, 0, 0, 0, 0, 0, 0, 0, 0, 0, 0, 0, 0, 0, 0, 0.0003843884653275346, 0, 0, 0, 0, 0, 0), (0.0034642219743328505, 0, 0, 0, 0, 0, 0, 0, 0, 0, 0, 0.12306145811218505, 0, 0, 0, 0, 0, 0, 0, 0, 0, 0, 0, 0, 0, 0, 0, 0, 0, 0, 0, 0, 0, 0, 0, 0, 0, 0, 0, 0), (0.0034642219743328505, 0, 0, 0, 0, 0, 0, 0, 0, 0, 0, 0.12306145811218505, 0, 0, 0, 0, 0, 0, 0, 0, 0, 0, 0, 0, 0, 0, 0, 0, 0, 0, 0, 0, 0, 0, 0, 0, 0, 0, 0, 0), (0, 0, 0, 0, 0, 0, 0, 0, 0, 0, 0, 0, 0, 0, 0, 0, 0, 0, 0, 0, 0, 0, 0, 0, 0, 0, 0, 0, 0, 0, 0, 0, 0, 0, 0, 0, 0, 0, 0, 0), (0, 0, 0, 0, 0, 0, 0, 0, 0, 0, 0, 0, 0, 0, 0, 0, 0, 0, 0, 0, 0, 0, 0, 0, 0, 0, 0, 0, 0, 0, 0, 0, 0, 0, 0, 0, 0, 0, 0, 0), (0, 0, 0, 0, 0, 0, 0, 0, 0, 0, 0, 0, 0, 0, 0, 0, 0, 0, 0, 0, 0, 0, 0, 0, 0, 0, 0, 0, 0, 0, 0, 0, 0, 0, 0, 0, 0, 0, 0, 0), (0, 0, 0, 0, 0, 0, 0, 0, 0, 0, 0, 0, 0, 0, 0, 0, 0, 0, 0, 0, 0, 0, 0, 0, 0, 0, 0, 0, 0, 0, 0, 0, 0, 0, 0, 0, 0, 0, 0, 0), (0, 0, 0, 0, 0, 0, 0, 0, 0, 0, 0, 0, 0, 0, 0, 0, 0, 0, 0, 0, 0, 0, 0, 0, 0, 0, 0, 0, 0, 0, 0, 0, 0, 0, 0, 0, 0, 0, 0, 0), (0, 0, 0, 0, 0, 0, 0, 0, 0, 0, 0, 0, 0, 0, 0, 0, 0, 0, 0, 0, 0, 0, 0, 0, 0, 0, 0, 0, 0, 0, 0, 0, 0, 0, 0, 0, 0, 0, 0, 0), (0, 0, 0, 0, 0, 0, 0, 0, 0, 0, 0, 0, 0, 0, 0, 0, 0, 0, 0, 0, 0, 0, 0, 0, 0, 0, 0, 0, 0, 0, 0, 0, 0, 0, 0, 0, 0, 0, 0, 0), (0, 0, 0, 0, 0, 0, 0, 0, 0, 0, 0, 0, 0, 0, 0, 0, 0, 0, 0, 0, 0, 0, 0, 0, 0, 0, 0, 0, 0, 0, 0, 0, 0, 0, 0, 0, 0, 0, 0, 0), (0, 0, 0, 0, 0, 0, 0, 0, 0, 0, 0, 0, 0, 0, 0, 0, 0, 0, 0, 0, 0, 0, 0, 0, 0, 0, 0, 0, 0, 0, 0, 0, 0, 0, 0, 0, 0, 0, 0, 0), (0, 0, 0, 0, 0, 0, 0, 0, 0, 0, 0, 0, 0, 0, 0, 0, 0, 0, 0, 0, 0, 0, 0, 0, 0, 0, 0, 0, 0, 0, 0, 0, 0, 0, 0, 0, 0, 0, 0, 0)]}}
AdaptationManager: Configuring next round...
{'client_registry': {'enabled': True, 'params': {}}, 'client_selector': {'enabled': True, 'params': {'selection_strategy': 'Resource-Based', 'selection_criteria': 'CPU', 'selection_value': 2}}, 'client_cluster': {'enabled': False, 'params': {}}, 'message_compressor': {'enabled': False, 'params': {}}, 'model_co-versioning_registry': {'enabled': False, 'params': {}}, 'multi-task_model_trainer': {'enabled': False, 'params': {}}, 'heterogeneous_data_handler': {'enabled': True, 'params': {'enabled_clients': []}}}
{'client_selector': {'enabled': True, 'params': {'enabled_clients': ['Client 1', 'Client 2', 'Client 6', 'Client 7', 'Client 8', 'Client 17', 'Client 19', 'Client 21', 'Client 25', 'Client 26', 'Client 27', 'Client 29', 'Client 31', 'Client 38', 'Client 39', 'Client 40']}}, 'client_cluster': {'enabled': False}, 'message_compressor': {'enabled': False}, 'model_co-versioning_registry': {'enabled': False}, 'multi-task_model_trainer': {'enabled': False}, 'heterogeneous_data_handler': {'enabled': False, 'params': {'enabled_clients': ['Client 1', 'Client 2', 'Client 3', 'Client 4', 'Client 7', 'Client 8', 'Client 9', 'Client 11', 'Client 12', 'Client 14', 'Client 16', 'Client 17', 'Client 18', 'Client 19', 'Client 22', 'Client 23', 'Client 27', 'Client 28', 'Client 30', 'Client 32', 'Client 33', 'Client 35', 'Client 37', 'Client 39']}}, 'client_registry': {'enabled': True, 'params': {}}}
client_selector de-activated ❌
heterogeneous_data_handler activated ✅
Results Aggregated in 0.11 seconds.
{'prostate_logreg': {'train_loss': [0.5817057343903318, 0.5700976296781218, 0.5590510064077749, 0.5501964108671172, 0.541942453445546, 0.5352755992687461, 0.5298104937006383, 0.5256232502190783, 0.5216829293091241, 0.5194756115520639, 0.5164255449282271, 0.5137592950037547, 0.5114091546939952, 0.5093220179368343, 0.5074557035230101, 0.5057763099803456, 0.5042563680293305, 0.5028733927756548, 0.5016088485717773, 0.500447343462812], 'train_accuracy': [0.7140736342042755, 0.7408645276292335, 0.7525083612040134, 0.756021409455843, 0.7622658340767172, 0.7644959857270295, 0.7647190008920607, 0.7690763052208835, 0.7728692547969657, 0.7747767857142858, 0.7745535714285714, 0.7743303571428571, 0.7758928571428572, 0.7756696428571429, 0.7763392857142857, 0.7756696428571429, 0.7763392857142857, 0.7765625, 0.7765625, 0.7772321428571428], 'train_f1': [0.6890910682240751, 0.7284690382882116, 0.745088783923734, 0.7518447138673438, 0.7582190210593579, 0.7605634735758483, 0.7607744414782027, 0.765369182355649, 0.7691542658084578, 0.7740488498888068, 0.7737984998849607, 0.7735597490331297, 0.7751036479647195, 0.7748380853006938, 0.7754546196959291, 0.7747774123040354, 0.7754533842814205, 0.7756471920194167, 0.775645494898378, 0.7763219031337505], 'train_mae': [0.28592636579572445, 0.2591354723707665, 0.24749163879598662, 0.243978590544157, 0.23773416592328278, 0.23550401427297057, 0.23528099910793934, 0.23092369477911648, 0.22713074520303436, 0.2252232142857143, 0.22544642857142858, 0.22566964285714286, 0.22410714285714287, 0.22433035714285715, 0.2236607142857143, 0.22433035714285715, 0.2236607142857143, 0.2234375, 0.2234375, 0.22276785714285716], 'val_loss': [0.5984699800746096, 0.5856122555023817, 0.5752653207910471, 0.5671247886462633, 0.5606967034102543, 0.5557478035624437, 0.5519964246067789, 0.5491082502662419, 0.5467930717817174, 0.5450193084332914, 0.5435556109607779, 0.5423210574308337, 0.5412653753673611, 0.5403509758025967, 0.5395492599365559, 0.5388381676684231, 0.5382005412006994, 0.5376229240682652, 0.5370946777610839, 0.5366073712938689], 'val_accuracy': [0.7053684237125385, 0.7236408989772569, 0.7314800319425666, 0.7333748916557531, 0.7363017679883084, 0.739374553178836, 0.7415677333434559, 0.7429056256547071, 0.7434574784559831, 0.7448276817375886, 0.7452198898176292, 0.7455072188449848, 0.7457735720618034, 0.7454965330547113, 0.7458638076241134, 0.7459204027355623, 0.74609375, 0.7463901817375886, 0.7466699911347517, 0.7470285587639311], 'val_f1': [0.6822798230341738, 0.7056695508764919, 0.7160942831306779, 0.7191842372408239, 0.7230377204086756, 0.7268494853832729, 0.7297053847079161, 0.7314856550462706, 0.7323766160237122, 0.7342687817847615, 0.7350667071310693, 0.7356980425110382, 0.7362200904328343, 0.7361255453895307, 0.7366560220170653, 0.736906859563098, 0.7372246503429868, 0.737633768773957, 0.7380679702385605, 0.7385902861795328], 'val_mae': [0.29463157628746145, 0.2763591010227431, 0.26851996805743333, 0.2666251083442468, 0.2636982320116917, 0.26062544682116395, 0.25843226665654395, 0.2570943743452929, 0.25654252154401685, 0.2551723182624113, 0.25478011018237084, 0.25449278115501517, 0.25422642793819655, 0.25450346694528875, 0.2541361923758865, 0.2540795972644377, 0.25390625, 0.2536098182624113, 0.25333000886524826, 0.2529714412360689], 'jsd': [(0, 0, 0, 0, 0, 0.0034642219743328505, 0.00042941623229211627, 0.021538652516748455, 0.02272086873228655, 0.0012206713952879027, 0.0014409891346113153, 0.042666013215726564, 0.03600088831260688, 0.001452967385689341, 0.022022771157485542, 0.0012206713952879027, 0.12306145811218505, 0.021538652516748455, 0.02272086873228655, 0.0030171758098115793, 0.0007052449150227041, 0.042666013215726564, 0.045824702319694016, 0.022022771157485542, 0.04399676213315208, 0.03600088831260688, 0.0012206713952879027, 0.0012206713952879027, 0.0012206713952879027, 0.0003843884653275346, 0.0034642219743328505, 0.0012206713952879027, 0.00042941623229211627, 0.021371214021228643, 0.0030171758098115793, 0, 0, 0, 0, 0), (0.0034642219743328505, 0, 0.021538652516748455, 0, 0, 0, 0.042666013215726564, 0.03600088831260688, 0, 0, 0.0012206713952879027, 0.12306145811218505, 0.021538652516748455, 0, 0, 0, 0, 0, 0, 0, 0.03600088831260688, 0, 0, 0, 0.0014409891346113153, 0, 0.00040919789219141973, 0, 0, 0, 0, 0.022022771157485542, 0.12306145811218505, 0.0003843884653275346, 0, 0.0034642219743328505, 0, 0.00042941623229211627, 0, 0), (0.0034642219743328505, 0, 0, 0, 0, 0, 0, 0.03600088831260688, 0, 0, 0, 0.12306145811218505, 0, 0, 0, 0, 0, 0, 0, 0, 0, 0, 0, 0, 0.0014409891346113153, 0, 0.00040919789219141973, 0, 0, 0, 0, 0.022022771157485542, 0.12306145811218505, 0.0003843884653275346, 0, 0, 0, 0, 0, 0), (0.0034642219743328505, 0, 0, 0, 0, 0, 0, 0.03600088831260688, 0, 0, 0, 0.12306145811218505, 0, 0, 0, 0, 0, 0, 0, 0, 0, 0, 0, 0, 0, 0, 0, 0, 0, 0, 0, 0, 0, 0.0003843884653275346, 0, 0, 0, 0, 0, 0), (0.0034642219743328505, 0, 0, 0, 0, 0, 0, 0.03600088831260688, 0, 0, 0, 0.12306145811218505, 0, 0, 0, 0, 0, 0, 0, 0, 0, 0, 0, 0, 0, 0, 0, 0, 0, 0, 0, 0, 0, 0.0003843884653275346, 0, 0, 0, 0, 0, 0), (0.0034642219743328505, 0, 0, 0, 0, 0, 0, 0.03600088831260688, 0, 0, 0, 0.12306145811218505, 0, 0, 0, 0, 0, 0, 0, 0, 0, 0, 0, 0, 0, 0, 0, 0, 0, 0, 0, 0, 0, 0.0003843884653275346, 0, 0, 0, 0, 0, 0), (0.0034642219743328505, 0, 0, 0, 0, 0, 0, 0.03600088831260688, 0, 0, 0, 0.12306145811218505, 0, 0, 0, 0, 0, 0, 0, 0, 0, 0, 0, 0, 0, 0, 0, 0, 0, 0, 0, 0, 0, 0.0003843884653275346, 0, 0, 0, 0, 0, 0), (0.0034642219743328505, 0, 0, 0, 0, 0, 0, 0, 0, 0, 0, 0.12306145811218505, 0, 0, 0, 0, 0, 0, 0, 0, 0, 0, 0, 0, 0, 0, 0, 0, 0, 0, 0, 0, 0, 0, 0, 0, 0, 0, 0, 0), (0.0034642219743328505, 0, 0, 0, 0, 0, 0, 0, 0, 0, 0, 0.12306145811218505, 0, 0, 0, 0, 0, 0, 0, 0, 0, 0, 0, 0, 0, 0, 0, 0, 0, 0, 0, 0, 0, 0, 0, 0, 0, 0, 0, 0), (0, 0, 0, 0, 0, 0, 0, 0, 0, 0, 0, 0, 0, 0, 0, 0, 0, 0, 0, 0, 0, 0, 0, 0, 0, 0, 0, 0, 0, 0, 0, 0, 0, 0, 0, 0, 0, 0, 0, 0), (0, 0, 0, 0, 0, 0, 0, 0, 0, 0, 0, 0, 0, 0, 0, 0, 0, 0, 0, 0, 0, 0, 0, 0, 0, 0, 0, 0, 0, 0, 0, 0, 0, 0, 0, 0, 0, 0, 0, 0), (0, 0, 0, 0, 0, 0, 0, 0, 0, 0, 0, 0, 0, 0, 0, 0, 0, 0, 0, 0, 0, 0, 0, 0, 0, 0, 0, 0, 0, 0, 0, 0, 0, 0, 0, 0, 0, 0, 0, 0), (0, 0, 0, 0, 0, 0, 0, 0, 0, 0, 0, 0, 0, 0, 0, 0, 0, 0, 0, 0, 0, 0, 0, 0, 0, 0, 0, 0, 0, 0, 0, 0, 0, 0, 0, 0, 0, 0, 0, 0), (0, 0, 0, 0, 0, 0, 0, 0, 0, 0, 0, 0, 0, 0, 0, 0, 0, 0, 0, 0, 0, 0, 0, 0, 0, 0, 0, 0, 0, 0, 0, 0, 0, 0, 0, 0, 0, 0, 0, 0), (0, 0, 0, 0, 0, 0, 0, 0, 0, 0, 0, 0, 0, 0, 0, 0, 0, 0, 0, 0, 0, 0, 0, 0, 0, 0, 0, 0, 0, 0, 0, 0, 0, 0, 0, 0, 0, 0, 0, 0), (0, 0, 0, 0, 0, 0, 0, 0, 0, 0, 0, 0, 0, 0, 0, 0, 0, 0, 0, 0, 0, 0, 0, 0, 0, 0, 0, 0, 0, 0, 0, 0, 0, 0, 0, 0, 0, 0, 0, 0), (0, 0, 0, 0, 0, 0, 0, 0, 0, 0, 0, 0, 0, 0, 0, 0, 0, 0, 0, 0, 0, 0, 0, 0, 0, 0, 0, 0, 0, 0, 0, 0, 0, 0, 0, 0, 0, 0, 0, 0), (0, 0, 0, 0, 0, 0, 0, 0, 0, 0, 0, 0, 0, 0, 0, 0, 0, 0, 0, 0, 0, 0, 0, 0, 0, 0, 0, 0, 0, 0, 0, 0, 0, 0, 0, 0, 0, 0, 0, 0), (0, 0, 0, 0, 0, 0, 0, 0, 0, 0, 0, 0, 0, 0, 0, 0, 0, 0, 0, 0, 0, 0, 0, 0, 0, 0, 0, 0, 0, 0, 0, 0, 0, 0, 0, 0, 0, 0, 0, 0), (0, 0, 0, 0, 0, 0, 0, 0, 0, 0, 0, 0, 0, 0, 0, 0, 0, 0, 0, 0, 0, 0, 0, 0, 0, 0, 0, 0, 0, 0, 0, 0, 0, 0, 0, 0, 0, 0, 0, 0)]}}
AdaptationManager: Configuring next round...
{'client_registry': {'enabled': True, 'params': {}}, 'client_selector': {'enabled': True, 'params': {'selection_strategy': 'Resource-Based', 'selection_criteria': 'CPU', 'selection_value': 2}}, 'client_cluster': {'enabled': False, 'params': {}}, 'message_compressor': {'enabled': False, 'params': {}}, 'model_co-versioning_registry': {'enabled': False, 'params': {}}, 'multi-task_model_trainer': {'enabled': False, 'params': {}}, 'heterogeneous_data_handler': {'enabled': True, 'params': {'enabled_clients': []}}}
{'client_selector': {'enabled': False, 'params': {'enabled_clients': ['Client 1', 'Client 2', 'Client 6', 'Client 7', 'Client 8', 'Client 17', 'Client 19', 'Client 21', 'Client 25', 'Client 26', 'Client 27', 'Client 29', 'Client 31', 'Client 38', 'Client 39', 'Client 40']}}, 'client_cluster': {'enabled': False}, 'message_compressor': {'enabled': False}, 'model_co-versioning_registry': {'enabled': False}, 'multi-task_model_trainer': {'enabled': False}, 'heterogeneous_data_handler': {'enabled': True, 'params': {'enabled_clients': ['Client 1', 'Client 6', 'Client 7', 'Client 9', 'Client 12', 'Client 13', 'Client 15', 'Client 19', 'Client 21', 'Client 25', 'Client 27', 'Client 29', 'Client 30', 'Client 32', 'Client 38', 'Client 40']}}, 'client_registry': {'enabled': True, 'params': {}}}
client_selector de-activated ❌
heterogeneous_data_handler activated ✅
