==========================================
  ___  ______  ___ ______       _ 
 / _ \ | ___ \/   ||  ___|     | |
/ /_\ \| |_/ / /| || |_ ___  __| |
|  _  ||  __/ /_| ||  _/ _ \/ _` |
| | | || |  \___  || ||  __/ (_| |
\_| |_/\_|      |_/\_| \___|\__,_| v.1.5.0

==========================================
Simulation Started!
List of the Architectural Patterns enabled:
Adaptation Enabled ✅
Metric: val_f1, online learning with alpha 0.1
Client Registry ✅
Client Selector ✅
 AP Parameters: {'selection_strategy': 'Resource-Based', 'selection_criteria': 'CPU', 'selection_value': 2}
==========================================
Client Client 13 participates in this round. (CPU: 2, RAM: 2)
Client Client 14 participates in this round. (CPU: 2, RAM: 2)
Client Client 29 has insufficient CPU (1). Will not participate in the next FL round.
Client Client 26 has insufficient CPU (1). Will not participate in the next FL round.
Client Client 35 has insufficient CPU (1). Will not participate in the next FL round.
Client Client 23 has insufficient CPU (1). Will not participate in the next FL round.
Client Client 1 participates in this round. (CPU: 2, RAM: 2)
Client Client 10 participates in this round. (CPU: 2, RAM: 2)
Client Client 9 participates in this round. (CPU: 2, RAM: 2)
Client Client 5 participates in this round. (CPU: 2, RAM: 2)
Client Client 12 participates in this round. (CPU: 2, RAM: 2)
Client Client 16 participates in this round. (CPU: 2, RAM: 2)
Client Client 4 participates in this round. (CPU: 2, RAM: 2)
Client Client 8 participates in this round. (CPU: 2, RAM: 2)
Client Client 11 participates in this round. (CPU: 2, RAM: 2)
Client Client 18 participates in this round. (CPU: 2, RAM: 2)
Client Client 2 participates in this round. (CPU: 2, RAM: 2)
Client Client 20 participates in this round. (CPU: 2, RAM: 2)
Client Client 22 has insufficient CPU (1). Will not participate in the next FL round.
Client Client 6 participates in this round. (CPU: 2, RAM: 2)
Client Client 7 participates in this round. (CPU: 2, RAM: 2)
Client Client 17 participates in this round. (CPU: 2, RAM: 2)
Client Client 15 participates in this round. (CPU: 2, RAM: 2)
Client Client 28 has insufficient CPU (1). Will not participate in the next FL round.
Client Client 40 has insufficient CPU (1). Will not participate in the next FL round.
Client Client 30 has insufficient CPU (1). Will not participate in the next FL round.
Client Client 25 has insufficient CPU (1). Will not participate in the next FL round.
Client Client 24 has insufficient CPU (1). Will not participate in the next FL round.
Client Client 27 has insufficient CPU (1). Will not participate in the next FL round.
Client Client 3 participates in this round. (CPU: 2, RAM: 2)
Client Client 31 has insufficient CPU (1). Will not participate in the next FL round.
Client Client 39 has insufficient CPU (1). Will not participate in the next FL round.
Client Client 19 participates in this round. (CPU: 2, RAM: 2)
Client Client 37 has insufficient CPU (1). Will not participate in the next FL round.
Client Client 38 has insufficient CPU (1). Will not participate in the next FL round.
Client Client 36 has insufficient CPU (1). Will not participate in the next FL round.
Client Client 34 has insufficient CPU (1). Will not participate in the next FL round.
Client Client 33 has insufficient CPU (1). Will not participate in the next FL round.
Client Client 32 has insufficient CPU (1). Will not participate in the next FL round.
Client Client 21 has insufficient CPU (1). Will not participate in the next FL round.
Results Aggregated in 1.53 seconds.
{'prostate_logreg': {'train_loss': [0.5600399249624983], 'train_accuracy': [0.7289719626168224], 'train_f1': [0.6071188935674917], 'train_mae': [0.27102803738317754], 'val_loss': [0.745396485142674], 'val_accuracy': [0.5016487704646384], 'val_f1': [0.4908001951953568], 'val_mae': [0.49835122953536154], 'jsd': [(0, 0, 0, 0, 0, 0, 0, 0, 0, 0, 0, 0.0207208396239082, 0.31127812445913283, 0.31127812445913283, 0.31127812445913283, 0.11009182675183558, 0.31127812445913283, 0.31127812445913283, 0.31127812445913283, 0.0037024515418363386, 0.31127812445913283, 0.31127812445913283, 0.31127812445913283, 0.31127812445913283, 0.0037024515418363386, 0.31127812445913283, 0.31127812445913283, 0.0350583482647871, 0.31127812445913283, 0.31127812445913283, 0.31127812445913283, 0, 0, 0, 0, 0, 0, 0, 0, 0)]}}
AdaptationManager: Configuring next round...
{'client_registry': {'enabled': True, 'params': {}}, 'client_selector': {'enabled': True, 'params': {'selection_strategy': 'Resource-Based', 'selection_criteria': 'CPU', 'selection_value': 2}}, 'client_cluster': {'enabled': False, 'params': {}}, 'message_compressor': {'enabled': False, 'params': {}}, 'model_co-versioning_registry': {'enabled': False, 'params': {}}, 'multi-task_model_trainer': {'enabled': False, 'params': {}}, 'heterogeneous_data_handler': {'enabled': False, 'params': {}}}
{'client_selector': {'enabled': True}, 'client_cluster': {'enabled': False}, 'message_compressor': {'enabled': False}, 'model_co-versioning_registry': {'enabled': False}, 'multi-task_model_trainer': {'enabled': False}, 'heterogeneous_data_handler': {'enabled': False}, 'client_registry': {'enabled': True, 'params': {}}}
{'model_type': 'prostate_logreg', 'metrics': {'prostate_logreg': {'train_loss': [0.5600399249624983], 'train_accuracy': [0.7289719626168224], 'train_f1': [0.6071188935674917], 'train_mae': [0.27102803738317754], 'val_loss': [0.745396485142674], 'val_accuracy': [0.5016487704646384], 'val_f1': [0.4908001951953568], 'val_mae': [0.49835122953536154], 'jsd': [(0, 0, 0, 0, 0, 0, 0, 0, 0, 0, 0, 0.0207208396239082, 0.31127812445913283, 0.31127812445913283, 0.31127812445913283, 0.11009182675183558, 0.31127812445913283, 0.31127812445913283, 0.31127812445913283, 0.0037024515418363386, 0.31127812445913283, 0.31127812445913283, 0.31127812445913283, 0.31127812445913283, 0.0037024515418363386, 0.31127812445913283, 0.31127812445913283, 0.0350583482647871, 0.31127812445913283, 0.31127812445913283, 0.31127812445913283, 0, 0, 0, 0, 0, 0, 0, 0, 0)]}}, 'time': 1.5252430438995361, 'communication_time': 1.0991134643554688}
client_selector activated ✅
Client Client 11 participates in this round. (CPU: 2, RAM: 2)
Client Client 7 participates in this round. (CPU: 2, RAM: 2)
Client Client 19 participates in this round. (CPU: 2, RAM: 2)
Client Client 14 participates in this round. (CPU: 2, RAM: 2)
Client Client 5 participates in this round. (CPU: 2, RAM: 2)
Client Client 8 participates in this round. (CPU: 2, RAM: 2)
Client Client 1 participates in this round. (CPU: 2, RAM: 2)
Client Client 12 participates in this round. (CPU: 2, RAM: 2)
Client Client 15 participates in this round. (CPU: 2, RAM: 2)
Client Client 6 participates in this round. (CPU: 2, RAM: 2)
Client Client 31 has insufficient CPU (1). Will not participate in the next FL round.
Client Client 30 has insufficient CPU (1). Will not participate in the next FL round.
Client Client 39 has insufficient CPU (1). Will not participate in the next FL round.
Client Client 28 has insufficient CPU (1). Will not participate in the next FL round.
Client Client 10 participates in this round. (CPU: 2, RAM: 2)
Client Client 4 participates in this round. (CPU: 2, RAM: 2)
Client Client 18 participates in this round. (CPU: 2, RAM: 2)
Client Client 3 participates in this round. (CPU: 2, RAM: 2)
Client Client 2 participates in this round. (CPU: 2, RAM: 2)
Client Client 9 participates in this round. (CPU: 2, RAM: 2)
Client Client 21 has insufficient CPU (1). Will not participate in the next FL round.
Client Client 34 has insufficient CPU (1). Will not participate in the next FL round.
Client Client 27 has insufficient CPU (1). Will not participate in the next FL round.
Client Client 16 participates in this round. (CPU: 2, RAM: 2)
Client Client 20 participates in this round. (CPU: 2, RAM: 2)
Client Client 38 has insufficient CPU (1). Will not participate in the next FL round.
Client Client 37 has insufficient CPU (1). Will not participate in the next FL round.
Client Client 17 participates in this round. (CPU: 2, RAM: 2)
Client Client 13 participates in this round. (CPU: 2, RAM: 2)
Client Client 40 has insufficient CPU (1). Will not participate in the next FL round.
Client Client 25 has insufficient CPU (1). Will not participate in the next FL round.
Client Client 36 has insufficient CPU (1). Will not participate in the next FL round.
Client Client 24 has insufficient CPU (1). Will not participate in the next FL round.
Client Client 32 has insufficient CPU (1). Will not participate in the next FL round.
Client Client 33 has insufficient CPU (1). Will not participate in the next FL round.
Client Client 35 has insufficient CPU (1). Will not participate in the next FL round.
Client Client 26 has insufficient CPU (1). Will not participate in the next FL round.
Client Client 29 has insufficient CPU (1). Will not participate in the next FL round.
Client Client 23 has insufficient CPU (1). Will not participate in the next FL round.
Client Client 22 has insufficient CPU (1). Will not participate in the next FL round.
Results Aggregated in 1.25 seconds.
{'prostate_logreg': {'train_loss': [0.5600399249624983, 0.6016468952779901], 'train_accuracy': [0.7289719626168224, 0.684931506849315], 'train_f1': [0.6071188935674917, 0.5550489044874709], 'train_mae': [0.27102803738317754, 0.3150684931506849], 'val_loss': [0.745396485142674, 0.7093681143820256], 'val_accuracy': [0.5016487704646384, 0.5448970173904596], 'val_f1': [0.4908001951953568, 0.5414632940875049], 'val_mae': [0.49835122953536154, 0.45510298260954046], 'jsd': [(0, 0, 0, 0, 0, 0, 0, 0, 0, 0, 0, 0.0207208396239082, 0.31127812445913283, 0.31127812445913283, 0.31127812445913283, 0.11009182675183558, 0.31127812445913283, 0.31127812445913283, 0.31127812445913283, 0.0037024515418363386, 0.31127812445913283, 0.31127812445913283, 0.31127812445913283, 0.31127812445913283, 0.0037024515418363386, 0.31127812445913283, 0.31127812445913283, 0.0350583482647871, 0.31127812445913283, 0.31127812445913283, 0.31127812445913283, 0, 0, 0, 0, 0, 0, 0, 0, 0), (0, 0, 0, 0, 0, 0, 0, 0, 0, 0, 0, 0.0207208396239082, 0.31127812445913283, 0.31127812445913283, 0.31127812445913283, 0.06548833004089114, 0.0014939931791539789, 0.31127812445913283, 0.07310400793180982, 0, 0.1711038312803313, 0.31127812445913283, 0, 0.007299156760473963, 0.015085156698935967, 0.0207208396239082, 0.16395604408354778, 0.0350583482647871, 0.31127812445913283, 0.31127812445913283, 0.16395604408354778, 0, 0, 0, 0, 0, 0, 0, 0, 0)]}}
AdaptationManager: Configuring next round...
{'client_registry': {'enabled': True, 'params': {}}, 'client_selector': {'enabled': True, 'params': {'selection_strategy': 'Resource-Based', 'selection_criteria': 'CPU', 'selection_value': 2}}, 'client_cluster': {'enabled': False, 'params': {}}, 'message_compressor': {'enabled': False, 'params': {}}, 'model_co-versioning_registry': {'enabled': False, 'params': {}}, 'multi-task_model_trainer': {'enabled': False, 'params': {}}, 'heterogeneous_data_handler': {'enabled': False, 'params': {}}}
{'client_selector': {'enabled': True}, 'client_cluster': {'enabled': False}, 'message_compressor': {'enabled': False}, 'model_co-versioning_registry': {'enabled': False}, 'multi-task_model_trainer': {'enabled': False}, 'heterogeneous_data_handler': {'enabled': False}, 'client_registry': {'enabled': True, 'params': {}}}
{'model_type': 'prostate_logreg', 'metrics': {'prostate_logreg': {'train_loss': [0.5600399249624983, 0.6016468952779901], 'train_accuracy': [0.7289719626168224, 0.684931506849315], 'train_f1': [0.6071188935674917, 0.5550489044874709], 'train_mae': [0.27102803738317754, 0.3150684931506849], 'val_loss': [0.745396485142674, 0.7093681143820256], 'val_accuracy': [0.5016487704646384, 0.5448970173904596], 'val_f1': [0.4908001951953568, 0.5414632940875049], 'val_mae': [0.49835122953536154, 0.45510298260954046], 'jsd': [(0, 0, 0, 0, 0, 0, 0, 0, 0, 0, 0, 0.0207208396239082, 0.31127812445913283, 0.31127812445913283, 0.31127812445913283, 0.11009182675183558, 0.31127812445913283, 0.31127812445913283, 0.31127812445913283, 0.0037024515418363386, 0.31127812445913283, 0.31127812445913283, 0.31127812445913283, 0.31127812445913283, 0.0037024515418363386, 0.31127812445913283, 0.31127812445913283, 0.0350583482647871, 0.31127812445913283, 0.31127812445913283, 0.31127812445913283, 0, 0, 0, 0, 0, 0, 0, 0, 0), (0, 0, 0, 0, 0, 0, 0, 0, 0, 0, 0, 0.0207208396239082, 0.31127812445913283, 0.31127812445913283, 0.31127812445913283, 0.06548833004089114, 0.0014939931791539789, 0.31127812445913283, 0.07310400793180982, 0, 0.1711038312803313, 0.31127812445913283, 0, 0.007299156760473963, 0.015085156698935967, 0.0207208396239082, 0.16395604408354778, 0.0350583482647871, 0.31127812445913283, 0.31127812445913283, 0.16395604408354778, 0, 0, 0, 0, 0, 0, 0, 0, 0)]}}, 'time': 1.2515807151794434, 'communication_time': 0.3383677005767822}
-0.12679115388895904
client_selector de-activated ❌
Results Aggregated in 0.51 seconds.
{'prostate_logreg': {'train_loss': [0.5600399249624983, 0.6016468952779901, 0.5702010186527062], 'train_accuracy': [0.7289719626168224, 0.684931506849315, 0.7129629629629629], 'train_f1': [0.6071188935674917, 0.5550489044874709, 0.5931256310806835], 'train_mae': [0.27102803738317754, 0.3150684931506849, 0.28703703703703703], 'val_loss': [0.745396485142674, 0.7093681143820256, 0.6801357139171047], 'val_accuracy': [0.5016487704646384, 0.5448970173904596, 0.5789438041765169], 'val_f1': [0.4908001951953568, 0.5414632940875049, 0.5768866894468682], 'val_mae': [0.49835122953536154, 0.45510298260954046, 0.4210561958234831], 'jsd': [(0, 0, 0, 0, 0, 0, 0, 0, 0, 0, 0, 0.0207208396239082, 0.31127812445913283, 0.31127812445913283, 0.31127812445913283, 0.11009182675183558, 0.31127812445913283, 0.31127812445913283, 0.31127812445913283, 0.0037024515418363386, 0.31127812445913283, 0.31127812445913283, 0.31127812445913283, 0.31127812445913283, 0.0037024515418363386, 0.31127812445913283, 0.31127812445913283, 0.0350583482647871, 0.31127812445913283, 0.31127812445913283, 0.31127812445913283, 0, 0, 0, 0, 0, 0, 0, 0, 0), (0, 0, 0, 0, 0, 0, 0, 0, 0, 0, 0, 0.0207208396239082, 0.31127812445913283, 0.31127812445913283, 0.31127812445913283, 0.06548833004089114, 0.0014939931791539789, 0.31127812445913283, 0.07310400793180982, 0, 0.1711038312803313, 0.31127812445913283, 0, 0.007299156760473963, 0.015085156698935967, 0.0207208396239082, 0.16395604408354778, 0.0350583482647871, 0.31127812445913283, 0.31127812445913283, 0.16395604408354778, 0, 0, 0, 0, 0, 0, 0, 0, 0), (0.0207208396239082, 0.16395604408354778, 0.31127812445913283, 0.09922267539827352, 0.11009182675183558, 0.18850340411986471, 0.09328462323031235, 0.11009182675183558, 0.010396593705431272, 0.10481597017296576, 0.05400884513974839, 0.1711038312803313, 0.042041899344894246, 0.31127812445913283, 0.31127812445913283, 0.31127812445913283, 0.31127812445913283, 0.07310400793180982, 0.31127812445913283, 0.07310400793180982, 0.31127812445913283, 0.31127812445913283, 0.00040919789219141973, 0.31127812445913283, 0.31127812445913283, 0.31127812445913283, 0, 0.31127812445913283, 0.11009182675183558, 0.31127812445913283, 0.07310400793180982, 0.31127812445913283, 0.0487949406953985, 0.06149937804507184, 0.31127812445913283, 0, 0.00040919789219141973, 0.09328462323031235, 0.31127812445913283, 0.09328462323031235)]}}
AdaptationManager: Configuring next round...
{'client_registry': {'enabled': True, 'params': {}}, 'client_selector': {'enabled': True, 'params': {'selection_strategy': 'Resource-Based', 'selection_criteria': 'CPU', 'selection_value': 2}}, 'client_cluster': {'enabled': False, 'params': {}}, 'message_compressor': {'enabled': False, 'params': {}}, 'model_co-versioning_registry': {'enabled': False, 'params': {}}, 'multi-task_model_trainer': {'enabled': False, 'params': {}}, 'heterogeneous_data_handler': {'enabled': False, 'params': {}}}
{'client_selector': {'enabled': False}, 'client_cluster': {'enabled': False}, 'message_compressor': {'enabled': False}, 'model_co-versioning_registry': {'enabled': False}, 'multi-task_model_trainer': {'enabled': False}, 'heterogeneous_data_handler': {'enabled': False}, 'client_registry': {'enabled': True, 'params': {}}}
{'model_type': 'prostate_logreg', 'metrics': {'prostate_logreg': {'train_loss': [0.5600399249624983, 0.6016468952779901, 0.5702010186527062], 'train_accuracy': [0.7289719626168224, 0.684931506849315, 0.7129629629629629], 'train_f1': [0.6071188935674917, 0.5550489044874709, 0.5931256310806835], 'train_mae': [0.27102803738317754, 0.3150684931506849, 0.28703703703703703], 'val_loss': [0.745396485142674, 0.7093681143820256, 0.6801357139171047], 'val_accuracy': [0.5016487704646384, 0.5448970173904596, 0.5789438041765169], 'val_f1': [0.4908001951953568, 0.5414632940875049, 0.5768866894468682], 'val_mae': [0.49835122953536154, 0.45510298260954046, 0.4210561958234831], 'jsd': [(0, 0, 0, 0, 0, 0, 0, 0, 0, 0, 0, 0.0207208396239082, 0.31127812445913283, 0.31127812445913283, 0.31127812445913283, 0.11009182675183558, 0.31127812445913283, 0.31127812445913283, 0.31127812445913283, 0.0037024515418363386, 0.31127812445913283, 0.31127812445913283, 0.31127812445913283, 0.31127812445913283, 0.0037024515418363386, 0.31127812445913283, 0.31127812445913283, 0.0350583482647871, 0.31127812445913283, 0.31127812445913283, 0.31127812445913283, 0, 0, 0, 0, 0, 0, 0, 0, 0), (0, 0, 0, 0, 0, 0, 0, 0, 0, 0, 0, 0.0207208396239082, 0.31127812445913283, 0.31127812445913283, 0.31127812445913283, 0.06548833004089114, 0.0014939931791539789, 0.31127812445913283, 0.07310400793180982, 0, 0.1711038312803313, 0.31127812445913283, 0, 0.007299156760473963, 0.015085156698935967, 0.0207208396239082, 0.16395604408354778, 0.0350583482647871, 0.31127812445913283, 0.31127812445913283, 0.16395604408354778, 0, 0, 0, 0, 0, 0, 0, 0, 0), (0.0207208396239082, 0.16395604408354778, 0.31127812445913283, 0.09922267539827352, 0.11009182675183558, 0.18850340411986471, 0.09328462323031235, 0.11009182675183558, 0.010396593705431272, 0.10481597017296576, 0.05400884513974839, 0.1711038312803313, 0.042041899344894246, 0.31127812445913283, 0.31127812445913283, 0.31127812445913283, 0.31127812445913283, 0.07310400793180982, 0.31127812445913283, 0.07310400793180982, 0.31127812445913283, 0.31127812445913283, 0.00040919789219141973, 0.31127812445913283, 0.31127812445913283, 0.31127812445913283, 0, 0.31127812445913283, 0.11009182675183558, 0.31127812445913283, 0.07310400793180982, 0.31127812445913283, 0.0487949406953985, 0.06149937804507184, 0.31127812445913283, 0, 0.00040919789219141973, 0.09328462323031235, 0.31127812445913283, 0.09328462323031235)]}}, 'time': 0.5118567943572998, 'communication_time': 0.48157262802124023}
-0.01957790742464177
client_selector de-activated ❌
Results Aggregated in 0.61 seconds.
{'prostate_logreg': {'train_loss': [0.5600399249624983, 0.6016468952779901, 0.5702010186527062, 0.5704594100966598], 'train_accuracy': [0.7289719626168224, 0.684931506849315, 0.7129629629629629, 0.706060606060606], 'train_f1': [0.6071188935674917, 0.5550489044874709, 0.5931256310806835, 0.5947146097264723], 'train_mae': [0.27102803738317754, 0.3150684931506849, 0.28703703703703703, 0.29393939393939394], 'val_loss': [0.745396485142674, 0.7093681143820256, 0.6801357139171047, 0.6569241923829086], 'val_accuracy': [0.5016487704646384, 0.5448970173904596, 0.5789438041765169, 0.6042405437352246], 'val_f1': [0.4908001951953568, 0.5414632940875049, 0.5768866894468682, 0.6025278893925679], 'val_mae': [0.49835122953536154, 0.45510298260954046, 0.4210561958234831, 0.39575945626477543], 'jsd': [(0, 0, 0, 0, 0, 0, 0, 0, 0, 0, 0, 0.0207208396239082, 0.31127812445913283, 0.31127812445913283, 0.31127812445913283, 0.11009182675183558, 0.31127812445913283, 0.31127812445913283, 0.31127812445913283, 0.0037024515418363386, 0.31127812445913283, 0.31127812445913283, 0.31127812445913283, 0.31127812445913283, 0.0037024515418363386, 0.31127812445913283, 0.31127812445913283, 0.0350583482647871, 0.31127812445913283, 0.31127812445913283, 0.31127812445913283, 0, 0, 0, 0, 0, 0, 0, 0, 0), (0, 0, 0, 0, 0, 0, 0, 0, 0, 0, 0, 0.0207208396239082, 0.31127812445913283, 0.31127812445913283, 0.31127812445913283, 0.06548833004089114, 0.0014939931791539789, 0.31127812445913283, 0.07310400793180982, 0, 0.1711038312803313, 0.31127812445913283, 0, 0.007299156760473963, 0.015085156698935967, 0.0207208396239082, 0.16395604408354778, 0.0350583482647871, 0.31127812445913283, 0.31127812445913283, 0.16395604408354778, 0, 0, 0, 0, 0, 0, 0, 0, 0), (0.0207208396239082, 0.16395604408354778, 0.31127812445913283, 0.09922267539827352, 0.11009182675183558, 0.18850340411986471, 0.09328462323031235, 0.11009182675183558, 0.010396593705431272, 0.10481597017296576, 0.05400884513974839, 0.1711038312803313, 0.042041899344894246, 0.31127812445913283, 0.31127812445913283, 0.31127812445913283, 0.31127812445913283, 0.07310400793180982, 0.31127812445913283, 0.07310400793180982, 0.31127812445913283, 0.31127812445913283, 0.00040919789219141973, 0.31127812445913283, 0.31127812445913283, 0.31127812445913283, 0, 0.31127812445913283, 0.11009182675183558, 0.31127812445913283, 0.07310400793180982, 0.31127812445913283, 0.0487949406953985, 0.06149937804507184, 0.31127812445913283, 0, 0.00040919789219141973, 0.09328462323031235, 0.31127812445913283, 0.09328462323031235), (0.09328462323031235, 0.31127812445913283, 0.2087803925185126, 0.009756534087137225, 0.11385563424028564, 0.013714477705244553, 0.08025594233229469, 0.07310400793180982, 0.03857581598654605, 0.13251817521576753, 0.05253690168806249, 0.19326958066820893, 0.0350583482647871, 0.009756534087137225, 0.31127812445913283, 0.31127812445913283, 0.31127812445913283, 0, 0.31127812445913283, 0.07310400793180982, 0.007299156760473963, 0.0037024515418363386, 0.0002145058924891757, 0.31127812445913283, 0.31127812445913283, 0.11009182675183558, 0.12425601093475921, 0.31127812445913283, 0.17750440524619315, 0.07310400793180982, 0.07310400793180982, 0.31127812445913283, 0.31127812445913283, 0.05738732460549023, 0.011482406826014972, 0.001254883843183478, 0.0002145058924891757, 0.0487949406953985, 0.2227619806994962, 0.0487949406953985)]}}
AdaptationManager: Configuring next round...
{'client_registry': {'enabled': True, 'params': {}}, 'client_selector': {'enabled': True, 'params': {'selection_strategy': 'Resource-Based', 'selection_criteria': 'CPU', 'selection_value': 2}}, 'client_cluster': {'enabled': False, 'params': {}}, 'message_compressor': {'enabled': False, 'params': {}}, 'model_co-versioning_registry': {'enabled': False, 'params': {}}, 'multi-task_model_trainer': {'enabled': False, 'params': {}}, 'heterogeneous_data_handler': {'enabled': False, 'params': {}}}
{'client_selector': {'enabled': False}, 'client_cluster': {'enabled': False}, 'message_compressor': {'enabled': False}, 'model_co-versioning_registry': {'enabled': False}, 'multi-task_model_trainer': {'enabled': False}, 'heterogeneous_data_handler': {'enabled': False}, 'client_registry': {'enabled': True, 'params': {}}}
{'model_type': 'prostate_logreg', 'metrics': {'prostate_logreg': {'train_loss': [0.5600399249624983, 0.6016468952779901, 0.5702010186527062, 0.5704594100966598], 'train_accuracy': [0.7289719626168224, 0.684931506849315, 0.7129629629629629, 0.706060606060606], 'train_f1': [0.6071188935674917, 0.5550489044874709, 0.5931256310806835, 0.5947146097264723], 'train_mae': [0.27102803738317754, 0.3150684931506849, 0.28703703703703703, 0.29393939393939394], 'val_loss': [0.745396485142674, 0.7093681143820256, 0.6801357139171047, 0.6569241923829086], 'val_accuracy': [0.5016487704646384, 0.5448970173904596, 0.5789438041765169, 0.6042405437352246], 'val_f1': [0.4908001951953568, 0.5414632940875049, 0.5768866894468682, 0.6025278893925679], 'val_mae': [0.49835122953536154, 0.45510298260954046, 0.4210561958234831, 0.39575945626477543], 'jsd': [(0, 0, 0, 0, 0, 0, 0, 0, 0, 0, 0, 0.0207208396239082, 0.31127812445913283, 0.31127812445913283, 0.31127812445913283, 0.11009182675183558, 0.31127812445913283, 0.31127812445913283, 0.31127812445913283, 0.0037024515418363386, 0.31127812445913283, 0.31127812445913283, 0.31127812445913283, 0.31127812445913283, 0.0037024515418363386, 0.31127812445913283, 0.31127812445913283, 0.0350583482647871, 0.31127812445913283, 0.31127812445913283, 0.31127812445913283, 0, 0, 0, 0, 0, 0, 0, 0, 0), (0, 0, 0, 0, 0, 0, 0, 0, 0, 0, 0, 0.0207208396239082, 0.31127812445913283, 0.31127812445913283, 0.31127812445913283, 0.06548833004089114, 0.0014939931791539789, 0.31127812445913283, 0.07310400793180982, 0, 0.1711038312803313, 0.31127812445913283, 0, 0.007299156760473963, 0.015085156698935967, 0.0207208396239082, 0.16395604408354778, 0.0350583482647871, 0.31127812445913283, 0.31127812445913283, 0.16395604408354778, 0, 0, 0, 0, 0, 0, 0, 0, 0), (0.0207208396239082, 0.16395604408354778, 0.31127812445913283, 0.09922267539827352, 0.11009182675183558, 0.18850340411986471, 0.09328462323031235, 0.11009182675183558, 0.010396593705431272, 0.10481597017296576, 0.05400884513974839, 0.1711038312803313, 0.042041899344894246, 0.31127812445913283, 0.31127812445913283, 0.31127812445913283, 0.31127812445913283, 0.07310400793180982, 0.31127812445913283, 0.07310400793180982, 0.31127812445913283, 0.31127812445913283, 0.00040919789219141973, 0.31127812445913283, 0.31127812445913283, 0.31127812445913283, 0, 0.31127812445913283, 0.11009182675183558, 0.31127812445913283, 0.07310400793180982, 0.31127812445913283, 0.0487949406953985, 0.06149937804507184, 0.31127812445913283, 0, 0.00040919789219141973, 0.09328462323031235, 0.31127812445913283, 0.09328462323031235), (0.09328462323031235, 0.31127812445913283, 0.2087803925185126, 0.009756534087137225, 0.11385563424028564, 0.013714477705244553, 0.08025594233229469, 0.07310400793180982, 0.03857581598654605, 0.13251817521576753, 0.05253690168806249, 0.19326958066820893, 0.0350583482647871, 0.009756534087137225, 0.31127812445913283, 0.31127812445913283, 0.31127812445913283, 0, 0.31127812445913283, 0.07310400793180982, 0.007299156760473963, 0.0037024515418363386, 0.0002145058924891757, 0.31127812445913283, 0.31127812445913283, 0.11009182675183558, 0.12425601093475921, 0.31127812445913283, 0.17750440524619315, 0.07310400793180982, 0.07310400793180982, 0.31127812445913283, 0.31127812445913283, 0.05738732460549023, 0.011482406826014972, 0.001254883843183478, 0.0002145058924891757, 0.0487949406953985, 0.2227619806994962, 0.0487949406953985)]}}, 'time': 0.6076688766479492, 'communication_time': 0.599205732345581}
-0.020776768885722774
client_selector activated ✅
Client Client 9 participates in this round. (CPU: 2, RAM: 2)
Client Client 15 participates in this round. (CPU: 2, RAM: 2)
Client Client 17 participates in this round. (CPU: 2, RAM: 2)
Client Client 14 participates in this round. (CPU: 2, RAM: 2)
Client Client 8 participates in this round. (CPU: 2, RAM: 2)
Client Client 12 participates in this round. (CPU: 2, RAM: 2)
Client Client 27 has insufficient CPU (1). Will not participate in the next FL round.
Client Client 3 participates in this round. (CPU: 2, RAM: 2)
Client Client 31 has insufficient CPU (1). Will not participate in the next FL round.
Client Client 39 has insufficient CPU (1). Will not participate in the next FL round.
Client Client 30 has insufficient CPU (1). Will not participate in the next FL round.
Client Client 25 has insufficient CPU (1). Will not participate in the next FL round.
Client Client 28 has insufficient CPU (1). Will not participate in the next FL round.
Client Client 37 has insufficient CPU (1). Will not participate in the next FL round.
Client Client 16 participates in this round. (CPU: 2, RAM: 2)
Client Client 6 participates in this round. (CPU: 2, RAM: 2)
Client Client 13 participates in this round. (CPU: 2, RAM: 2)
Client Client 40 has insufficient CPU (1). Will not participate in the next FL round.
Client Client 29 has insufficient CPU (1). Will not participate in the next FL round.
Client Client 20 participates in this round. (CPU: 2, RAM: 2)
Client Client 2 participates in this round. (CPU: 2, RAM: 2)
Client Client 10 participates in this round. (CPU: 2, RAM: 2)
Client Client 7 participates in this round. (CPU: 2, RAM: 2)
Client Client 1 participates in this round. (CPU: 2, RAM: 2)
Client Client 26 has insufficient CPU (1). Will not participate in the next FL round.
Client Client 11 participates in this round. (CPU: 2, RAM: 2)
Client Client 22 has insufficient CPU (1). Will not participate in the next FL round.
Client Client 18 participates in this round. (CPU: 2, RAM: 2)
Client Client 5 participates in this round. (CPU: 2, RAM: 2)
Client Client 24 has insufficient CPU (1). Will not participate in the next FL round.
Client Client 4 participates in this round. (CPU: 2, RAM: 2)
Client Client 36 has insufficient CPU (1). Will not participate in the next FL round.
Client Client 19 participates in this round. (CPU: 2, RAM: 2)
Client Client 34 has insufficient CPU (1). Will not participate in the next FL round.
Client Client 32 has insufficient CPU (1). Will not participate in the next FL round.
Client Client 21 has insufficient CPU (1). Will not participate in the next FL round.
Client Client 35 has insufficient CPU (1). Will not participate in the next FL round.
Client Client 38 has insufficient CPU (1). Will not participate in the next FL round.
Client Client 33 has insufficient CPU (1). Will not participate in the next FL round.
Client Client 23 has insufficient CPU (1). Will not participate in the next FL round.
Results Aggregated in 0.46 seconds.
{'prostate_logreg': {'train_loss': [0.5600399249624983, 0.6016468952779901, 0.5702010186527062, 0.5704594100966598, 0.5863104959683759], 'train_accuracy': [0.7289719626168224, 0.684931506849315, 0.7129629629629629, 0.706060606060606, 0.6839285714285714], 'train_f1': [0.6071188935674917, 0.5550489044874709, 0.5931256310806835, 0.5947146097264723, 0.63425070583722], 'train_mae': [0.27102803738317754, 0.3150684931506849, 0.28703703703703703, 0.29393939393939394, 0.31607142857142856], 'val_loss': [0.745396485142674, 0.7093681143820256, 0.6801357139171047, 0.6569241923829086, 0.6357613248514671], 'val_accuracy': [0.5016487704646384, 0.5448970173904596, 0.5789438041765169, 0.6042405437352246, 0.6274141970618035], 'val_f1': [0.4908001951953568, 0.5414632940875049, 0.5768866894468682, 0.6025278893925679, 0.625291373858977], 'val_mae': [0.49835122953536154, 0.45510298260954046, 0.4210561958234831, 0.39575945626477543, 0.37258580293819654], 'jsd': [(0, 0, 0, 0, 0, 0, 0, 0, 0, 0, 0, 0.0207208396239082, 0.31127812445913283, 0.31127812445913283, 0.31127812445913283, 0.11009182675183558, 0.31127812445913283, 0.31127812445913283, 0.31127812445913283, 0.0037024515418363386, 0.31127812445913283, 0.31127812445913283, 0.31127812445913283, 0.31127812445913283, 0.0037024515418363386, 0.31127812445913283, 0.31127812445913283, 0.0350583482647871, 0.31127812445913283, 0.31127812445913283, 0.31127812445913283, 0, 0, 0, 0, 0, 0, 0, 0, 0), (0, 0, 0, 0, 0, 0, 0, 0, 0, 0, 0, 0.0207208396239082, 0.31127812445913283, 0.31127812445913283, 0.31127812445913283, 0.06548833004089114, 0.0014939931791539789, 0.31127812445913283, 0.07310400793180982, 0, 0.1711038312803313, 0.31127812445913283, 0, 0.007299156760473963, 0.015085156698935967, 0.0207208396239082, 0.16395604408354778, 0.0350583482647871, 0.31127812445913283, 0.31127812445913283, 0.16395604408354778, 0, 0, 0, 0, 0, 0, 0, 0, 0), (0.0207208396239082, 0.16395604408354778, 0.31127812445913283, 0.09922267539827352, 0.11009182675183558, 0.18850340411986471, 0.09328462323031235, 0.11009182675183558, 0.010396593705431272, 0.10481597017296576, 0.05400884513974839, 0.1711038312803313, 0.042041899344894246, 0.31127812445913283, 0.31127812445913283, 0.31127812445913283, 0.31127812445913283, 0.07310400793180982, 0.31127812445913283, 0.07310400793180982, 0.31127812445913283, 0.31127812445913283, 0.00040919789219141973, 0.31127812445913283, 0.31127812445913283, 0.31127812445913283, 0, 0.31127812445913283, 0.11009182675183558, 0.31127812445913283, 0.07310400793180982, 0.31127812445913283, 0.0487949406953985, 0.06149937804507184, 0.31127812445913283, 0, 0.00040919789219141973, 0.09328462323031235, 0.31127812445913283, 0.09328462323031235), (0.09328462323031235, 0.31127812445913283, 0.2087803925185126, 0.009756534087137225, 0.11385563424028564, 0.013714477705244553, 0.08025594233229469, 0.07310400793180982, 0.03857581598654605, 0.13251817521576753, 0.05253690168806249, 0.19326958066820893, 0.0350583482647871, 0.009756534087137225, 0.31127812445913283, 0.31127812445913283, 0.31127812445913283, 0, 0.31127812445913283, 0.07310400793180982, 0.007299156760473963, 0.0037024515418363386, 0.0002145058924891757, 0.31127812445913283, 0.31127812445913283, 0.11009182675183558, 0.12425601093475921, 0.31127812445913283, 0.17750440524619315, 0.07310400793180982, 0.07310400793180982, 0.31127812445913283, 0.31127812445913283, 0.05738732460549023, 0.011482406826014972, 0.001254883843183478, 0.0002145058924891757, 0.0487949406953985, 0.2227619806994962, 0.0487949406953985), (0, 0, 0, 0, 0, 0, 0, 0, 0, 0, 0, 0.07310400793180982, 0.0018086520489059392, 0.2227619806994962, 0.00822299722902229, 0.07622434155290266, 0.015085156698935967, 0.07310400793180982, 0.05738732460549023, 0.01423921619075233, 0.06660561007005729, 0.0487949406953985, 0.11009182675183558, 0.04105726891831728, 0.07622434155290266, 0.12425601093475921, 0.0207208396239082, 0.0005570970453080571, 0.07310400793180982, 0.004167970681504568, 0.0001877124226694997, 0, 0, 0, 0, 0, 0, 0, 0, 0)]}}
AdaptationManager: Configuring next round...
{'client_registry': {'enabled': True, 'params': {}}, 'client_selector': {'enabled': True, 'params': {'selection_strategy': 'Resource-Based', 'selection_criteria': 'CPU', 'selection_value': 2}}, 'client_cluster': {'enabled': False, 'params': {}}, 'message_compressor': {'enabled': False, 'params': {}}, 'model_co-versioning_registry': {'enabled': False, 'params': {}}, 'multi-task_model_trainer': {'enabled': False, 'params': {}}, 'heterogeneous_data_handler': {'enabled': False, 'params': {}}}
{'client_selector': {'enabled': True}, 'client_cluster': {'enabled': False}, 'message_compressor': {'enabled': False}, 'model_co-versioning_registry': {'enabled': False}, 'multi-task_model_trainer': {'enabled': False}, 'heterogeneous_data_handler': {'enabled': False}, 'client_registry': {'enabled': True, 'params': {}}}
{'model_type': 'prostate_logreg', 'metrics': {'prostate_logreg': {'train_loss': [0.5600399249624983, 0.6016468952779901, 0.5702010186527062, 0.5704594100966598, 0.5863104959683759], 'train_accuracy': [0.7289719626168224, 0.684931506849315, 0.7129629629629629, 0.706060606060606, 0.6839285714285714], 'train_f1': [0.6071188935674917, 0.5550489044874709, 0.5931256310806835, 0.5947146097264723, 0.63425070583722], 'train_mae': [0.27102803738317754, 0.3150684931506849, 0.28703703703703703, 0.29393939393939394, 0.31607142857142856], 'val_loss': [0.745396485142674, 0.7093681143820256, 0.6801357139171047, 0.6569241923829086, 0.6357613248514671], 'val_accuracy': [0.5016487704646384, 0.5448970173904596, 0.5789438041765169, 0.6042405437352246, 0.6274141970618035], 'val_f1': [0.4908001951953568, 0.5414632940875049, 0.5768866894468682, 0.6025278893925679, 0.625291373858977], 'val_mae': [0.49835122953536154, 0.45510298260954046, 0.4210561958234831, 0.39575945626477543, 0.37258580293819654], 'jsd': [(0, 0, 0, 0, 0, 0, 0, 0, 0, 0, 0, 0.0207208396239082, 0.31127812445913283, 0.31127812445913283, 0.31127812445913283, 0.11009182675183558, 0.31127812445913283, 0.31127812445913283, 0.31127812445913283, 0.0037024515418363386, 0.31127812445913283, 0.31127812445913283, 0.31127812445913283, 0.31127812445913283, 0.0037024515418363386, 0.31127812445913283, 0.31127812445913283, 0.0350583482647871, 0.31127812445913283, 0.31127812445913283, 0.31127812445913283, 0, 0, 0, 0, 0, 0, 0, 0, 0), (0, 0, 0, 0, 0, 0, 0, 0, 0, 0, 0, 0.0207208396239082, 0.31127812445913283, 0.31127812445913283, 0.31127812445913283, 0.06548833004089114, 0.0014939931791539789, 0.31127812445913283, 0.07310400793180982, 0, 0.1711038312803313, 0.31127812445913283, 0, 0.007299156760473963, 0.015085156698935967, 0.0207208396239082, 0.16395604408354778, 0.0350583482647871, 0.31127812445913283, 0.31127812445913283, 0.16395604408354778, 0, 0, 0, 0, 0, 0, 0, 0, 0), (0.0207208396239082, 0.16395604408354778, 0.31127812445913283, 0.09922267539827352, 0.11009182675183558, 0.18850340411986471, 0.09328462323031235, 0.11009182675183558, 0.010396593705431272, 0.10481597017296576, 0.05400884513974839, 0.1711038312803313, 0.042041899344894246, 0.31127812445913283, 0.31127812445913283, 0.31127812445913283, 0.31127812445913283, 0.07310400793180982, 0.31127812445913283, 0.07310400793180982, 0.31127812445913283, 0.31127812445913283, 0.00040919789219141973, 0.31127812445913283, 0.31127812445913283, 0.31127812445913283, 0, 0.31127812445913283, 0.11009182675183558, 0.31127812445913283, 0.07310400793180982, 0.31127812445913283, 0.0487949406953985, 0.06149937804507184, 0.31127812445913283, 0, 0.00040919789219141973, 0.09328462323031235, 0.31127812445913283, 0.09328462323031235), (0.09328462323031235, 0.31127812445913283, 0.2087803925185126, 0.009756534087137225, 0.11385563424028564, 0.013714477705244553, 0.08025594233229469, 0.07310400793180982, 0.03857581598654605, 0.13251817521576753, 0.05253690168806249, 0.19326958066820893, 0.0350583482647871, 0.009756534087137225, 0.31127812445913283, 0.31127812445913283, 0.31127812445913283, 0, 0.31127812445913283, 0.07310400793180982, 0.007299156760473963, 0.0037024515418363386, 0.0002145058924891757, 0.31127812445913283, 0.31127812445913283, 0.11009182675183558, 0.12425601093475921, 0.31127812445913283, 0.17750440524619315, 0.07310400793180982, 0.07310400793180982, 0.31127812445913283, 0.31127812445913283, 0.05738732460549023, 0.011482406826014972, 0.001254883843183478, 0.0002145058924891757, 0.0487949406953985, 0.2227619806994962, 0.0487949406953985), (0, 0, 0, 0, 0, 0, 0, 0, 0, 0, 0, 0.07310400793180982, 0.0018086520489059392, 0.2227619806994962, 0.00822299722902229, 0.07622434155290266, 0.015085156698935967, 0.07310400793180982, 0.05738732460549023, 0.01423921619075233, 0.06660561007005729, 0.0487949406953985, 0.11009182675183558, 0.04105726891831728, 0.07622434155290266, 0.12425601093475921, 0.0207208396239082, 0.0005570970453080571, 0.07310400793180982, 0.004167970681504568, 0.0001877124226694997, 0, 0, 0, 0, 0, 0, 0, 0, 0)]}}, 'time': 0.4645967483520508, 'communication_time': 0.3680751323699951}
-0.011254743132059652
client_selector de-activated ❌
Results Aggregated in 0.51 seconds.
{'prostate_logreg': {'train_loss': [0.5600399249624983, 0.6016468952779901, 0.5702010186527062, 0.5704594100966598, 0.5863104959683759, 0.5727163798580266], 'train_accuracy': [0.7289719626168224, 0.684931506849315, 0.7129629629629629, 0.706060606060606, 0.6839285714285714, 0.7080808080808081], 'train_f1': [0.6071188935674917, 0.5550489044874709, 0.5931256310806835, 0.5947146097264723, 0.63425070583722, 0.6470768878614769], 'train_mae': [0.27102803738317754, 0.3150684931506849, 0.28703703703703703, 0.29393939393939394, 0.31607142857142856, 0.2919191919191919], 'val_loss': [0.745396485142674, 0.7093681143820256, 0.6801357139171047, 0.6569241923829086, 0.6357613248514671, 0.6202145967739549], 'val_accuracy': [0.5016487704646384, 0.5448970173904596, 0.5789438041765169, 0.6042405437352246, 0.6274141970618035, 0.6443369868901784], 'val_f1': [0.4908001951953568, 0.5414632940875049, 0.5768866894468682, 0.6025278893925679, 0.625291373858977, 0.6410375578692014], 'val_mae': [0.49835122953536154, 0.45510298260954046, 0.4210561958234831, 0.39575945626477543, 0.37258580293819654, 0.3556630131098216], 'jsd': [(0, 0, 0, 0, 0, 0, 0, 0, 0, 0, 0, 0.0207208396239082, 0.31127812445913283, 0.31127812445913283, 0.31127812445913283, 0.11009182675183558, 0.31127812445913283, 0.31127812445913283, 0.31127812445913283, 0.0037024515418363386, 0.31127812445913283, 0.31127812445913283, 0.31127812445913283, 0.31127812445913283, 0.0037024515418363386, 0.31127812445913283, 0.31127812445913283, 0.0350583482647871, 0.31127812445913283, 0.31127812445913283, 0.31127812445913283, 0, 0, 0, 0, 0, 0, 0, 0, 0), (0, 0, 0, 0, 0, 0, 0, 0, 0, 0, 0, 0.0207208396239082, 0.31127812445913283, 0.31127812445913283, 0.31127812445913283, 0.06548833004089114, 0.0014939931791539789, 0.31127812445913283, 0.07310400793180982, 0, 0.1711038312803313, 0.31127812445913283, 0, 0.007299156760473963, 0.015085156698935967, 0.0207208396239082, 0.16395604408354778, 0.0350583482647871, 0.31127812445913283, 0.31127812445913283, 0.16395604408354778, 0, 0, 0, 0, 0, 0, 0, 0, 0), (0.0207208396239082, 0.16395604408354778, 0.31127812445913283, 0.09922267539827352, 0.11009182675183558, 0.18850340411986471, 0.09328462323031235, 0.11009182675183558, 0.010396593705431272, 0.10481597017296576, 0.05400884513974839, 0.1711038312803313, 0.042041899344894246, 0.31127812445913283, 0.31127812445913283, 0.31127812445913283, 0.31127812445913283, 0.07310400793180982, 0.31127812445913283, 0.07310400793180982, 0.31127812445913283, 0.31127812445913283, 0.00040919789219141973, 0.31127812445913283, 0.31127812445913283, 0.31127812445913283, 0, 0.31127812445913283, 0.11009182675183558, 0.31127812445913283, 0.07310400793180982, 0.31127812445913283, 0.0487949406953985, 0.06149937804507184, 0.31127812445913283, 0, 0.00040919789219141973, 0.09328462323031235, 0.31127812445913283, 0.09328462323031235), (0.09328462323031235, 0.31127812445913283, 0.2087803925185126, 0.009756534087137225, 0.11385563424028564, 0.013714477705244553, 0.08025594233229469, 0.07310400793180982, 0.03857581598654605, 0.13251817521576753, 0.05253690168806249, 0.19326958066820893, 0.0350583482647871, 0.009756534087137225, 0.31127812445913283, 0.31127812445913283, 0.31127812445913283, 0, 0.31127812445913283, 0.07310400793180982, 0.007299156760473963, 0.0037024515418363386, 0.0002145058924891757, 0.31127812445913283, 0.31127812445913283, 0.11009182675183558, 0.12425601093475921, 0.31127812445913283, 0.17750440524619315, 0.07310400793180982, 0.07310400793180982, 0.31127812445913283, 0.31127812445913283, 0.05738732460549023, 0.011482406826014972, 0.001254883843183478, 0.0002145058924891757, 0.0487949406953985, 0.2227619806994962, 0.0487949406953985), (0, 0, 0, 0, 0, 0, 0, 0, 0, 0, 0, 0.07310400793180982, 0.0018086520489059392, 0.2227619806994962, 0.00822299722902229, 0.07622434155290266, 0.015085156698935967, 0.07310400793180982, 0.05738732460549023, 0.01423921619075233, 0.06660561007005729, 0.0487949406953985, 0.11009182675183558, 0.04105726891831728, 0.07622434155290266, 0.12425601093475921, 0.0207208396239082, 0.0005570970453080571, 0.07310400793180982, 0.004167970681504568, 0.0001877124226694997, 0, 0, 0, 0, 0, 0, 0, 0, 0), (0.009036677434107646, 0.005050449860393488, 0.23305878051279882, 0.014691469621310085, 0.016941071056623243, 0.00822299722902229, 0.06859186091507882, 0.042041899344894246, 0.05655009359654585, 0.03889315594457522, 0.0463685414106319, 0.10206066129537185, 0.02359015854559616, 0.0004999522456092496, 0, 0.31127812445913283, 0.0207208396239082, 0.0008025382728216734, 0.07310400793180982, 0.011482406826014972, 0.31127812445913283, 0.010396593705431272, 0.08111870596083268, 0.31127812445913283, 0.31127812445913283, 0.0207208396239082, 0.0487949406953985, 0.0022344421708708415, 0.2087803925185126, 0.07310400793180982, 0.042041899344894246, 0.20534969973663775, 0.05738732460549023, 0.01274900060462203, 0.16395604408354778, 0.028564156811275485, 0.0008790379110077892, 0.011482406826014972, 0.0207208396239082, 0.006523190206172563)]}}
AdaptationManager: Configuring next round...
{'client_registry': {'enabled': True, 'params': {}}, 'client_selector': {'enabled': True, 'params': {'selection_strategy': 'Resource-Based', 'selection_criteria': 'CPU', 'selection_value': 2}}, 'client_cluster': {'enabled': False, 'params': {}}, 'message_compressor': {'enabled': False, 'params': {}}, 'model_co-versioning_registry': {'enabled': False, 'params': {}}, 'multi-task_model_trainer': {'enabled': False, 'params': {}}, 'heterogeneous_data_handler': {'enabled': False, 'params': {}}}
{'client_selector': {'enabled': False}, 'client_cluster': {'enabled': False}, 'message_compressor': {'enabled': False}, 'model_co-versioning_registry': {'enabled': False}, 'multi-task_model_trainer': {'enabled': False}, 'heterogeneous_data_handler': {'enabled': False}, 'client_registry': {'enabled': True, 'params': {}}}
{'model_type': 'prostate_logreg', 'metrics': {'prostate_logreg': {'train_loss': [0.5600399249624983, 0.6016468952779901, 0.5702010186527062, 0.5704594100966598, 0.5863104959683759, 0.5727163798580266], 'train_accuracy': [0.7289719626168224, 0.684931506849315, 0.7129629629629629, 0.706060606060606, 0.6839285714285714, 0.7080808080808081], 'train_f1': [0.6071188935674917, 0.5550489044874709, 0.5931256310806835, 0.5947146097264723, 0.63425070583722, 0.6470768878614769], 'train_mae': [0.27102803738317754, 0.3150684931506849, 0.28703703703703703, 0.29393939393939394, 0.31607142857142856, 0.2919191919191919], 'val_loss': [0.745396485142674, 0.7093681143820256, 0.6801357139171047, 0.6569241923829086, 0.6357613248514671, 0.6202145967739549], 'val_accuracy': [0.5016487704646384, 0.5448970173904596, 0.5789438041765169, 0.6042405437352246, 0.6274141970618035, 0.6443369868901784], 'val_f1': [0.4908001951953568, 0.5414632940875049, 0.5768866894468682, 0.6025278893925679, 0.625291373858977, 0.6410375578692014], 'val_mae': [0.49835122953536154, 0.45510298260954046, 0.4210561958234831, 0.39575945626477543, 0.37258580293819654, 0.3556630131098216], 'jsd': [(0, 0, 0, 0, 0, 0, 0, 0, 0, 0, 0, 0.0207208396239082, 0.31127812445913283, 0.31127812445913283, 0.31127812445913283, 0.11009182675183558, 0.31127812445913283, 0.31127812445913283, 0.31127812445913283, 0.0037024515418363386, 0.31127812445913283, 0.31127812445913283, 0.31127812445913283, 0.31127812445913283, 0.0037024515418363386, 0.31127812445913283, 0.31127812445913283, 0.0350583482647871, 0.31127812445913283, 0.31127812445913283, 0.31127812445913283, 0, 0, 0, 0, 0, 0, 0, 0, 0), (0, 0, 0, 0, 0, 0, 0, 0, 0, 0, 0, 0.0207208396239082, 0.31127812445913283, 0.31127812445913283, 0.31127812445913283, 0.06548833004089114, 0.0014939931791539789, 0.31127812445913283, 0.07310400793180982, 0, 0.1711038312803313, 0.31127812445913283, 0, 0.007299156760473963, 0.015085156698935967, 0.0207208396239082, 0.16395604408354778, 0.0350583482647871, 0.31127812445913283, 0.31127812445913283, 0.16395604408354778, 0, 0, 0, 0, 0, 0, 0, 0, 0), (0.0207208396239082, 0.16395604408354778, 0.31127812445913283, 0.09922267539827352, 0.11009182675183558, 0.18850340411986471, 0.09328462323031235, 0.11009182675183558, 0.010396593705431272, 0.10481597017296576, 0.05400884513974839, 0.1711038312803313, 0.042041899344894246, 0.31127812445913283, 0.31127812445913283, 0.31127812445913283, 0.31127812445913283, 0.07310400793180982, 0.31127812445913283, 0.07310400793180982, 0.31127812445913283, 0.31127812445913283, 0.00040919789219141973, 0.31127812445913283, 0.31127812445913283, 0.31127812445913283, 0, 0.31127812445913283, 0.11009182675183558, 0.31127812445913283, 0.07310400793180982, 0.31127812445913283, 0.0487949406953985, 0.06149937804507184, 0.31127812445913283, 0, 0.00040919789219141973, 0.09328462323031235, 0.31127812445913283, 0.09328462323031235), (0.09328462323031235, 0.31127812445913283, 0.2087803925185126, 0.009756534087137225, 0.11385563424028564, 0.013714477705244553, 0.08025594233229469, 0.07310400793180982, 0.03857581598654605, 0.13251817521576753, 0.05253690168806249, 0.19326958066820893, 0.0350583482647871, 0.009756534087137225, 0.31127812445913283, 0.31127812445913283, 0.31127812445913283, 0, 0.31127812445913283, 0.07310400793180982, 0.007299156760473963, 0.0037024515418363386, 0.0002145058924891757, 0.31127812445913283, 0.31127812445913283, 0.11009182675183558, 0.12425601093475921, 0.31127812445913283, 0.17750440524619315, 0.07310400793180982, 0.07310400793180982, 0.31127812445913283, 0.31127812445913283, 0.05738732460549023, 0.011482406826014972, 0.001254883843183478, 0.0002145058924891757, 0.0487949406953985, 0.2227619806994962, 0.0487949406953985), (0, 0, 0, 0, 0, 0, 0, 0, 0, 0, 0, 0.07310400793180982, 0.0018086520489059392, 0.2227619806994962, 0.00822299722902229, 0.07622434155290266, 0.015085156698935967, 0.07310400793180982, 0.05738732460549023, 0.01423921619075233, 0.06660561007005729, 0.0487949406953985, 0.11009182675183558, 0.04105726891831728, 0.07622434155290266, 0.12425601093475921, 0.0207208396239082, 0.0005570970453080571, 0.07310400793180982, 0.004167970681504568, 0.0001877124226694997, 0, 0, 0, 0, 0, 0, 0, 0, 0), (0.009036677434107646, 0.005050449860393488, 0.23305878051279882, 0.014691469621310085, 0.016941071056623243, 0.00822299722902229, 0.06859186091507882, 0.042041899344894246, 0.05655009359654585, 0.03889315594457522, 0.0463685414106319, 0.10206066129537185, 0.02359015854559616, 0.0004999522456092496, 0, 0.31127812445913283, 0.0207208396239082, 0.0008025382728216734, 0.07310400793180982, 0.011482406826014972, 0.31127812445913283, 0.010396593705431272, 0.08111870596083268, 0.31127812445913283, 0.31127812445913283, 0.0207208396239082, 0.0487949406953985, 0.0022344421708708415, 0.2087803925185126, 0.07310400793180982, 0.042041899344894246, 0.20534969973663775, 0.05738732460549023, 0.01274900060462203, 0.16395604408354778, 0.028564156811275485, 0.0008790379110077892, 0.011482406826014972, 0.0207208396239082, 0.006523190206172563)]}}, 'time': 0.513986349105835, 'communication_time': 0.5055885314941406}
-0.011887632751042848
client_selector activated ✅
Client Client 7 participates in this round. (CPU: 2, RAM: 2)
Client Client 3 participates in this round. (CPU: 2, RAM: 2)
Client Client 10 participates in this round. (CPU: 2, RAM: 2)
Client Client 8 participates in this round. (CPU: 2, RAM: 2)
Client Client 13 participates in this round. (CPU: 2, RAM: 2)
Client Client 12 participates in this round. (CPU: 2, RAM: 2)
Client Client 14 participates in this round. (CPU: 2, RAM: 2)
Client Client 16 participates in this round. (CPU: 2, RAM: 2)
Client Client 2 participates in this round. (CPU: 2, RAM: 2)
Client Client 15 participates in this round. (CPU: 2, RAM: 2)
Client Client 18 participates in this round. (CPU: 2, RAM: 2)
Client Client 19 participates in this round. (CPU: 2, RAM: 2)
Client Client 11 participates in this round. (CPU: 2, RAM: 2)
Client Client 4 participates in this round. (CPU: 2, RAM: 2)
Client Client 5 participates in this round. (CPU: 2, RAM: 2)
Client Client 6 participates in this round. (CPU: 2, RAM: 2)
Client Client 27 has insufficient CPU (1). Will not participate in the next FL round.
Client Client 29 has insufficient CPU (1). Will not participate in the next FL round.
Client Client 24 has insufficient CPU (1). Will not participate in the next FL round.
Client Client 9 participates in this round. (CPU: 2, RAM: 2)
Client Client 31 has insufficient CPU (1). Will not participate in the next FL round.
Client Client 39 has insufficient CPU (1). Will not participate in the next FL round.
Client Client 28 has insufficient CPU (1). Will not participate in the next FL round.
Client Client 25 has insufficient CPU (1). Will not participate in the next FL round.
Client Client 35 has insufficient CPU (1). Will not participate in the next FL round.
Client Client 26 has insufficient CPU (1). Will not participate in the next FL round.
Client Client 38 has insufficient CPU (1). Will not participate in the next FL round.
Client Client 22 has insufficient CPU (1). Will not participate in the next FL round.
Client Client 1 participates in this round. (CPU: 2, RAM: 2)
Client Client 33 has insufficient CPU (1). Will not participate in the next FL round.
Client Client 40 has insufficient CPU (1). Will not participate in the next FL round.
Client Client 17 participates in this round. (CPU: 2, RAM: 2)
Client Client 20 participates in this round. (CPU: 2, RAM: 2)
Client Client 36 has insufficient CPU (1). Will not participate in the next FL round.
Client Client 21 has insufficient CPU (1). Will not participate in the next FL round.
Client Client 32 has insufficient CPU (1). Will not participate in the next FL round.
Client Client 37 has insufficient CPU (1). Will not participate in the next FL round.
Client Client 30 has insufficient CPU (1). Will not participate in the next FL round.
Client Client 23 has insufficient CPU (1). Will not participate in the next FL round.
Client Client 34 has insufficient CPU (1). Will not participate in the next FL round.
Results Aggregated in 0.47 seconds.
{'prostate_logreg': {'train_loss': [0.5600399249624983, 0.6016468952779901, 0.5702010186527062, 0.5704594100966598, 0.5863104959683759, 0.5727163798580266, 0.5686826973738024], 'train_accuracy': [0.7289719626168224, 0.684931506849315, 0.7129629629629629, 0.706060606060606, 0.6839285714285714, 0.7080808080808081, 0.7122940430925222], 'train_f1': [0.6071188935674917, 0.5550489044874709, 0.5931256310806835, 0.5947146097264723, 0.63425070583722, 0.6470768878614769, 0.6640849669944442], 'train_mae': [0.27102803738317754, 0.3150684931506849, 0.28703703703703703, 0.29393939393939394, 0.31607142857142856, 0.2919191919191919, 0.2877059569074778], 'val_loss': [0.745396485142674, 0.7093681143820256, 0.6801357139171047, 0.6569241923829086, 0.6357613248514671, 0.6202145967739549, 0.6059309661638604], 'val_accuracy': [0.5016487704646384, 0.5448970173904596, 0.5789438041765169, 0.6042405437352246, 0.6274141970618035, 0.6443369868901784, 0.6657059838740124], 'val_f1': [0.4908001951953568, 0.5414632940875049, 0.5768866894468682, 0.6025278893925679, 0.625291373858977, 0.6410375578692014, 0.6607917906386664], 'val_mae': [0.49835122953536154, 0.45510298260954046, 0.4210561958234831, 0.39575945626477543, 0.37258580293819654, 0.3556630131098216, 0.3342940161259876], 'jsd': [(0, 0, 0, 0, 0, 0, 0, 0, 0, 0, 0, 0.0207208396239082, 0.31127812445913283, 0.31127812445913283, 0.31127812445913283, 0.11009182675183558, 0.31127812445913283, 0.31127812445913283, 0.31127812445913283, 0.0037024515418363386, 0.31127812445913283, 0.31127812445913283, 0.31127812445913283, 0.31127812445913283, 0.0037024515418363386, 0.31127812445913283, 0.31127812445913283, 0.0350583482647871, 0.31127812445913283, 0.31127812445913283, 0.31127812445913283, 0, 0, 0, 0, 0, 0, 0, 0, 0), (0, 0, 0, 0, 0, 0, 0, 0, 0, 0, 0, 0.0207208396239082, 0.31127812445913283, 0.31127812445913283, 0.31127812445913283, 0.06548833004089114, 0.0014939931791539789, 0.31127812445913283, 0.07310400793180982, 0, 0.1711038312803313, 0.31127812445913283, 0, 0.007299156760473963, 0.015085156698935967, 0.0207208396239082, 0.16395604408354778, 0.0350583482647871, 0.31127812445913283, 0.31127812445913283, 0.16395604408354778, 0, 0, 0, 0, 0, 0, 0, 0, 0), (0.0207208396239082, 0.16395604408354778, 0.31127812445913283, 0.09922267539827352, 0.11009182675183558, 0.18850340411986471, 0.09328462323031235, 0.11009182675183558, 0.010396593705431272, 0.10481597017296576, 0.05400884513974839, 0.1711038312803313, 0.042041899344894246, 0.31127812445913283, 0.31127812445913283, 0.31127812445913283, 0.31127812445913283, 0.07310400793180982, 0.31127812445913283, 0.07310400793180982, 0.31127812445913283, 0.31127812445913283, 0.00040919789219141973, 0.31127812445913283, 0.31127812445913283, 0.31127812445913283, 0, 0.31127812445913283, 0.11009182675183558, 0.31127812445913283, 0.07310400793180982, 0.31127812445913283, 0.0487949406953985, 0.06149937804507184, 0.31127812445913283, 0, 0.00040919789219141973, 0.09328462323031235, 0.31127812445913283, 0.09328462323031235), (0.09328462323031235, 0.31127812445913283, 0.2087803925185126, 0.009756534087137225, 0.11385563424028564, 0.013714477705244553, 0.08025594233229469, 0.07310400793180982, 0.03857581598654605, 0.13251817521576753, 0.05253690168806249, 0.19326958066820893, 0.0350583482647871, 0.009756534087137225, 0.31127812445913283, 0.31127812445913283, 0.31127812445913283, 0, 0.31127812445913283, 0.07310400793180982, 0.007299156760473963, 0.0037024515418363386, 0.0002145058924891757, 0.31127812445913283, 0.31127812445913283, 0.11009182675183558, 0.12425601093475921, 0.31127812445913283, 0.17750440524619315, 0.07310400793180982, 0.07310400793180982, 0.31127812445913283, 0.31127812445913283, 0.05738732460549023, 0.011482406826014972, 0.001254883843183478, 0.0002145058924891757, 0.0487949406953985, 0.2227619806994962, 0.0487949406953985), (0, 0, 0, 0, 0, 0, 0, 0, 0, 0, 0, 0.07310400793180982, 0.0018086520489059392, 0.2227619806994962, 0.00822299722902229, 0.07622434155290266, 0.015085156698935967, 0.07310400793180982, 0.05738732460549023, 0.01423921619075233, 0.06660561007005729, 0.0487949406953985, 0.11009182675183558, 0.04105726891831728, 0.07622434155290266, 0.12425601093475921, 0.0207208396239082, 0.0005570970453080571, 0.07310400793180982, 0.004167970681504568, 0.0001877124226694997, 0, 0, 0, 0, 0, 0, 0, 0, 0), (0.009036677434107646, 0.005050449860393488, 0.23305878051279882, 0.014691469621310085, 0.016941071056623243, 0.00822299722902229, 0.06859186091507882, 0.042041899344894246, 0.05655009359654585, 0.03889315594457522, 0.0463685414106319, 0.10206066129537185, 0.02359015854559616, 0.0004999522456092496, 0, 0.31127812445913283, 0.0207208396239082, 0.0008025382728216734, 0.07310400793180982, 0.011482406826014972, 0.31127812445913283, 0.010396593705431272, 0.08111870596083268, 0.31127812445913283, 0.31127812445913283, 0.0207208396239082, 0.0487949406953985, 0.0022344421708708415, 0.2087803925185126, 0.07310400793180982, 0.042041899344894246, 0.20534969973663775, 0.05738732460549023, 0.01274900060462203, 0.16395604408354778, 0.028564156811275485, 0.0008790379110077892, 0.011482406826014972, 0.0207208396239082, 0.006523190206172563), (0, 0, 0, 0, 0, 0, 0, 0, 0, 0, 0, 0.012033410127123681, 0.0037024515418363386, 0.24237412989240623, 0.01717496977609681, 0.016009512159686483, 0.0010689285835955437, 0.11385563424028564, 0.0022344421708708415, 0.07310400793180982, 0.04432065423178154, 0.04674406725931858, 0.09328462323031235, 0.0231107894081813, 0.07529706740701966, 0.039737267151773975, 0.008003048984193635, 0.0017382218522886302, 0.0009214584011009545, 0.036145614849311655, 0.09587355378511578, 0, 0, 0, 0, 0, 0, 0, 0, 0)]}}
AdaptationManager: Configuring next round...
{'client_registry': {'enabled': True, 'params': {}}, 'client_selector': {'enabled': True, 'params': {'selection_strategy': 'Resource-Based', 'selection_criteria': 'CPU', 'selection_value': 2}}, 'client_cluster': {'enabled': False, 'params': {}}, 'message_compressor': {'enabled': False, 'params': {}}, 'model_co-versioning_registry': {'enabled': False, 'params': {}}, 'multi-task_model_trainer': {'enabled': False, 'params': {}}, 'heterogeneous_data_handler': {'enabled': False, 'params': {}}}
{'client_selector': {'enabled': True}, 'client_cluster': {'enabled': False}, 'message_compressor': {'enabled': False}, 'model_co-versioning_registry': {'enabled': False}, 'multi-task_model_trainer': {'enabled': False}, 'heterogeneous_data_handler': {'enabled': False}, 'client_registry': {'enabled': True, 'params': {}}}
{'model_type': 'prostate_logreg', 'metrics': {'prostate_logreg': {'train_loss': [0.5600399249624983, 0.6016468952779901, 0.5702010186527062, 0.5704594100966598, 0.5863104959683759, 0.5727163798580266, 0.5686826973738024], 'train_accuracy': [0.7289719626168224, 0.684931506849315, 0.7129629629629629, 0.706060606060606, 0.6839285714285714, 0.7080808080808081, 0.7122940430925222], 'train_f1': [0.6071188935674917, 0.5550489044874709, 0.5931256310806835, 0.5947146097264723, 0.63425070583722, 0.6470768878614769, 0.6640849669944442], 'train_mae': [0.27102803738317754, 0.3150684931506849, 0.28703703703703703, 0.29393939393939394, 0.31607142857142856, 0.2919191919191919, 0.2877059569074778], 'val_loss': [0.745396485142674, 0.7093681143820256, 0.6801357139171047, 0.6569241923829086, 0.6357613248514671, 0.6202145967739549, 0.6059309661638604], 'val_accuracy': [0.5016487704646384, 0.5448970173904596, 0.5789438041765169, 0.6042405437352246, 0.6274141970618035, 0.6443369868901784, 0.6657059838740124], 'val_f1': [0.4908001951953568, 0.5414632940875049, 0.5768866894468682, 0.6025278893925679, 0.625291373858977, 0.6410375578692014, 0.6607917906386664], 'val_mae': [0.49835122953536154, 0.45510298260954046, 0.4210561958234831, 0.39575945626477543, 0.37258580293819654, 0.3556630131098216, 0.3342940161259876], 'jsd': [(0, 0, 0, 0, 0, 0, 0, 0, 0, 0, 0, 0.0207208396239082, 0.31127812445913283, 0.31127812445913283, 0.31127812445913283, 0.11009182675183558, 0.31127812445913283, 0.31127812445913283, 0.31127812445913283, 0.0037024515418363386, 0.31127812445913283, 0.31127812445913283, 0.31127812445913283, 0.31127812445913283, 0.0037024515418363386, 0.31127812445913283, 0.31127812445913283, 0.0350583482647871, 0.31127812445913283, 0.31127812445913283, 0.31127812445913283, 0, 0, 0, 0, 0, 0, 0, 0, 0), (0, 0, 0, 0, 0, 0, 0, 0, 0, 0, 0, 0.0207208396239082, 0.31127812445913283, 0.31127812445913283, 0.31127812445913283, 0.06548833004089114, 0.0014939931791539789, 0.31127812445913283, 0.07310400793180982, 0, 0.1711038312803313, 0.31127812445913283, 0, 0.007299156760473963, 0.015085156698935967, 0.0207208396239082, 0.16395604408354778, 0.0350583482647871, 0.31127812445913283, 0.31127812445913283, 0.16395604408354778, 0, 0, 0, 0, 0, 0, 0, 0, 0), (0.0207208396239082, 0.16395604408354778, 0.31127812445913283, 0.09922267539827352, 0.11009182675183558, 0.18850340411986471, 0.09328462323031235, 0.11009182675183558, 0.010396593705431272, 0.10481597017296576, 0.05400884513974839, 0.1711038312803313, 0.042041899344894246, 0.31127812445913283, 0.31127812445913283, 0.31127812445913283, 0.31127812445913283, 0.07310400793180982, 0.31127812445913283, 0.07310400793180982, 0.31127812445913283, 0.31127812445913283, 0.00040919789219141973, 0.31127812445913283, 0.31127812445913283, 0.31127812445913283, 0, 0.31127812445913283, 0.11009182675183558, 0.31127812445913283, 0.07310400793180982, 0.31127812445913283, 0.0487949406953985, 0.06149937804507184, 0.31127812445913283, 0, 0.00040919789219141973, 0.09328462323031235, 0.31127812445913283, 0.09328462323031235), (0.09328462323031235, 0.31127812445913283, 0.2087803925185126, 0.009756534087137225, 0.11385563424028564, 0.013714477705244553, 0.08025594233229469, 0.07310400793180982, 0.03857581598654605, 0.13251817521576753, 0.05253690168806249, 0.19326958066820893, 0.0350583482647871, 0.009756534087137225, 0.31127812445913283, 0.31127812445913283, 0.31127812445913283, 0, 0.31127812445913283, 0.07310400793180982, 0.007299156760473963, 0.0037024515418363386, 0.0002145058924891757, 0.31127812445913283, 0.31127812445913283, 0.11009182675183558, 0.12425601093475921, 0.31127812445913283, 0.17750440524619315, 0.07310400793180982, 0.07310400793180982, 0.31127812445913283, 0.31127812445913283, 0.05738732460549023, 0.011482406826014972, 0.001254883843183478, 0.0002145058924891757, 0.0487949406953985, 0.2227619806994962, 0.0487949406953985), (0, 0, 0, 0, 0, 0, 0, 0, 0, 0, 0, 0.07310400793180982, 0.0018086520489059392, 0.2227619806994962, 0.00822299722902229, 0.07622434155290266, 0.015085156698935967, 0.07310400793180982, 0.05738732460549023, 0.01423921619075233, 0.06660561007005729, 0.0487949406953985, 0.11009182675183558, 0.04105726891831728, 0.07622434155290266, 0.12425601093475921, 0.0207208396239082, 0.0005570970453080571, 0.07310400793180982, 0.004167970681504568, 0.0001877124226694997, 0, 0, 0, 0, 0, 0, 0, 0, 0), (0.009036677434107646, 0.005050449860393488, 0.23305878051279882, 0.014691469621310085, 0.016941071056623243, 0.00822299722902229, 0.06859186091507882, 0.042041899344894246, 0.05655009359654585, 0.03889315594457522, 0.0463685414106319, 0.10206066129537185, 0.02359015854559616, 0.0004999522456092496, 0, 0.31127812445913283, 0.0207208396239082, 0.0008025382728216734, 0.07310400793180982, 0.011482406826014972, 0.31127812445913283, 0.010396593705431272, 0.08111870596083268, 0.31127812445913283, 0.31127812445913283, 0.0207208396239082, 0.0487949406953985, 0.0022344421708708415, 0.2087803925185126, 0.07310400793180982, 0.042041899344894246, 0.20534969973663775, 0.05738732460549023, 0.01274900060462203, 0.16395604408354778, 0.028564156811275485, 0.0008790379110077892, 0.011482406826014972, 0.0207208396239082, 0.006523190206172563), (0, 0, 0, 0, 0, 0, 0, 0, 0, 0, 0, 0.012033410127123681, 0.0037024515418363386, 0.24237412989240623, 0.01717496977609681, 0.016009512159686483, 0.0010689285835955437, 0.11385563424028564, 0.0022344421708708415, 0.07310400793180982, 0.04432065423178154, 0.04674406725931858, 0.09328462323031235, 0.0231107894081813, 0.07529706740701966, 0.039737267151773975, 0.008003048984193635, 0.0017382218522886302, 0.0009214584011009545, 0.036145614849311655, 0.09587355378511578, 0, 0, 0, 0, 0, 0, 0, 0, 0)]}}, 'time': 0.4713006019592285, 'communication_time': 0.37088775634765625}
-0.007897194490386839
client_selector de-activated ❌
Results Aggregated in 0.49 seconds.
{'prostate_logreg': {'train_loss': [0.5600399249624983, 0.6016468952779901, 0.5702010186527062, 0.5704594100966598, 0.5863104959683759, 0.5727163798580266, 0.5686826973738024, 0.5507147053149358], 'train_accuracy': [0.7289719626168224, 0.684931506849315, 0.7129629629629629, 0.706060606060606, 0.6839285714285714, 0.7080808080808081, 0.7122940430925222, 0.7322363500373972], 'train_f1': [0.6071188935674917, 0.5550489044874709, 0.5931256310806835, 0.5947146097264723, 0.63425070583722, 0.6470768878614769, 0.6640849669944442, 0.6793253677134566], 'train_mae': [0.27102803738317754, 0.3150684931506849, 0.28703703703703703, 0.29393939393939394, 0.31607142857142856, 0.2919191919191919, 0.2877059569074778, 0.2677636499626028], 'val_loss': [0.745396485142674, 0.7093681143820256, 0.6801357139171047, 0.6569241923829086, 0.6357613248514671, 0.6202145967739549, 0.6059309661638604, 0.5952095496597409], 'val_accuracy': [0.5016487704646384, 0.5448970173904596, 0.5789438041765169, 0.6042405437352246, 0.6274141970618035, 0.6443369868901784, 0.6657059838740124, 0.681717696547261], 'val_f1': [0.4908001951953568, 0.5414632940875049, 0.5768866894468682, 0.6025278893925679, 0.625291373858977, 0.6410375578692014, 0.6607917906386664, 0.67494937826867], 'val_mae': [0.49835122953536154, 0.45510298260954046, 0.4210561958234831, 0.39575945626477543, 0.37258580293819654, 0.3556630131098216, 0.3342940161259876, 0.31828230345273906], 'jsd': [(0, 0, 0, 0, 0, 0, 0, 0, 0, 0, 0, 0.0207208396239082, 0.31127812445913283, 0.31127812445913283, 0.31127812445913283, 0.11009182675183558, 0.31127812445913283, 0.31127812445913283, 0.31127812445913283, 0.0037024515418363386, 0.31127812445913283, 0.31127812445913283, 0.31127812445913283, 0.31127812445913283, 0.0037024515418363386, 0.31127812445913283, 0.31127812445913283, 0.0350583482647871, 0.31127812445913283, 0.31127812445913283, 0.31127812445913283, 0, 0, 0, 0, 0, 0, 0, 0, 0), (0, 0, 0, 0, 0, 0, 0, 0, 0, 0, 0, 0.0207208396239082, 0.31127812445913283, 0.31127812445913283, 0.31127812445913283, 0.06548833004089114, 0.0014939931791539789, 0.31127812445913283, 0.07310400793180982, 0, 0.1711038312803313, 0.31127812445913283, 0, 0.007299156760473963, 0.015085156698935967, 0.0207208396239082, 0.16395604408354778, 0.0350583482647871, 0.31127812445913283, 0.31127812445913283, 0.16395604408354778, 0, 0, 0, 0, 0, 0, 0, 0, 0), (0.0207208396239082, 0.16395604408354778, 0.31127812445913283, 0.09922267539827352, 0.11009182675183558, 0.18850340411986471, 0.09328462323031235, 0.11009182675183558, 0.010396593705431272, 0.10481597017296576, 0.05400884513974839, 0.1711038312803313, 0.042041899344894246, 0.31127812445913283, 0.31127812445913283, 0.31127812445913283, 0.31127812445913283, 0.07310400793180982, 0.31127812445913283, 0.07310400793180982, 0.31127812445913283, 0.31127812445913283, 0.00040919789219141973, 0.31127812445913283, 0.31127812445913283, 0.31127812445913283, 0, 0.31127812445913283, 0.11009182675183558, 0.31127812445913283, 0.07310400793180982, 0.31127812445913283, 0.0487949406953985, 0.06149937804507184, 0.31127812445913283, 0, 0.00040919789219141973, 0.09328462323031235, 0.31127812445913283, 0.09328462323031235), (0.09328462323031235, 0.31127812445913283, 0.2087803925185126, 0.009756534087137225, 0.11385563424028564, 0.013714477705244553, 0.08025594233229469, 0.07310400793180982, 0.03857581598654605, 0.13251817521576753, 0.05253690168806249, 0.19326958066820893, 0.0350583482647871, 0.009756534087137225, 0.31127812445913283, 0.31127812445913283, 0.31127812445913283, 0, 0.31127812445913283, 0.07310400793180982, 0.007299156760473963, 0.0037024515418363386, 0.0002145058924891757, 0.31127812445913283, 0.31127812445913283, 0.11009182675183558, 0.12425601093475921, 0.31127812445913283, 0.17750440524619315, 0.07310400793180982, 0.07310400793180982, 0.31127812445913283, 0.31127812445913283, 0.05738732460549023, 0.011482406826014972, 0.001254883843183478, 0.0002145058924891757, 0.0487949406953985, 0.2227619806994962, 0.0487949406953985), (0, 0, 0, 0, 0, 0, 0, 0, 0, 0, 0, 0.07310400793180982, 0.0018086520489059392, 0.2227619806994962, 0.00822299722902229, 0.07622434155290266, 0.015085156698935967, 0.07310400793180982, 0.05738732460549023, 0.01423921619075233, 0.06660561007005729, 0.0487949406953985, 0.11009182675183558, 0.04105726891831728, 0.07622434155290266, 0.12425601093475921, 0.0207208396239082, 0.0005570970453080571, 0.07310400793180982, 0.004167970681504568, 0.0001877124226694997, 0, 0, 0, 0, 0, 0, 0, 0, 0), (0.009036677434107646, 0.005050449860393488, 0.23305878051279882, 0.014691469621310085, 0.016941071056623243, 0.00822299722902229, 0.06859186091507882, 0.042041899344894246, 0.05655009359654585, 0.03889315594457522, 0.0463685414106319, 0.10206066129537185, 0.02359015854559616, 0.0004999522456092496, 0, 0.31127812445913283, 0.0207208396239082, 0.0008025382728216734, 0.07310400793180982, 0.011482406826014972, 0.31127812445913283, 0.010396593705431272, 0.08111870596083268, 0.31127812445913283, 0.31127812445913283, 0.0207208396239082, 0.0487949406953985, 0.0022344421708708415, 0.2087803925185126, 0.07310400793180982, 0.042041899344894246, 0.20534969973663775, 0.05738732460549023, 0.01274900060462203, 0.16395604408354778, 0.028564156811275485, 0.0008790379110077892, 0.011482406826014972, 0.0207208396239082, 0.006523190206172563), (0, 0, 0, 0, 0, 0, 0, 0, 0, 0, 0, 0.012033410127123681, 0.0037024515418363386, 0.24237412989240623, 0.01717496977609681, 0.016009512159686483, 0.0010689285835955437, 0.11385563424028564, 0.0022344421708708415, 0.07310400793180982, 0.04432065423178154, 0.04674406725931858, 0.09328462323031235, 0.0231107894081813, 0.07529706740701966, 0.039737267151773975, 0.008003048984193635, 0.0017382218522886302, 0.0009214584011009545, 0.036145614849311655, 0.09587355378511578, 0, 0, 0, 0, 0, 0, 0, 0, 0), (0.0061446088533262735, 0.002830694750015385, 0.24844401300050659, 0.04105726891831728, 0.014038937565777093, 0.0014939931791539789, 0.10372355040574062, 0.0037024515418363386, 0.07898885115561567, 0.0031619139529965624, 0.02711041372683346, 0.08697257500448134, 0.010396593705431272, 0.00429810722857266, 0.005050449860393488, 0.0207208396239082, 0.0487949406953985, 0.07850994353170956, 0.05738732460549023, 0.05400884513974839, 0.007299156760473963, 0.005407888490294582, 0.0019359358092692971, 0.2292798117148899, 0.15591489886228305, 0.05253690168806249, 0.011482406826014972, 0.00028867375520897666, 0.03857581598654605, 0.05400884513974839, 0.05400884513974839, 0.2227619806994962, 0.03221357089614439, 0.05738732460549023, 0.002830694750015385, 0.0350583482647871, 0.0008589183281813573, 0.018135571823116266, 0.03600088831260688, 0.11009182675183558)]}}
AdaptationManager: Configuring next round...
{'client_registry': {'enabled': True, 'params': {}}, 'client_selector': {'enabled': True, 'params': {'selection_strategy': 'Resource-Based', 'selection_criteria': 'CPU', 'selection_value': 2}}, 'client_cluster': {'enabled': False, 'params': {}}, 'message_compressor': {'enabled': False, 'params': {}}, 'model_co-versioning_registry': {'enabled': False, 'params': {}}, 'multi-task_model_trainer': {'enabled': False, 'params': {}}, 'heterogeneous_data_handler': {'enabled': False, 'params': {}}}
{'client_selector': {'enabled': False}, 'client_cluster': {'enabled': False}, 'message_compressor': {'enabled': False}, 'model_co-versioning_registry': {'enabled': False}, 'multi-task_model_trainer': {'enabled': False}, 'heterogeneous_data_handler': {'enabled': False}, 'client_registry': {'enabled': True, 'params': {}}}
{'model_type': 'prostate_logreg', 'metrics': {'prostate_logreg': {'train_loss': [0.5600399249624983, 0.6016468952779901, 0.5702010186527062, 0.5704594100966598, 0.5863104959683759, 0.5727163798580266, 0.5686826973738024, 0.5507147053149358], 'train_accuracy': [0.7289719626168224, 0.684931506849315, 0.7129629629629629, 0.706060606060606, 0.6839285714285714, 0.7080808080808081, 0.7122940430925222, 0.7322363500373972], 'train_f1': [0.6071188935674917, 0.5550489044874709, 0.5931256310806835, 0.5947146097264723, 0.63425070583722, 0.6470768878614769, 0.6640849669944442, 0.6793253677134566], 'train_mae': [0.27102803738317754, 0.3150684931506849, 0.28703703703703703, 0.29393939393939394, 0.31607142857142856, 0.2919191919191919, 0.2877059569074778, 0.2677636499626028], 'val_loss': [0.745396485142674, 0.7093681143820256, 0.6801357139171047, 0.6569241923829086, 0.6357613248514671, 0.6202145967739549, 0.6059309661638604, 0.5952095496597409], 'val_accuracy': [0.5016487704646384, 0.5448970173904596, 0.5789438041765169, 0.6042405437352246, 0.6274141970618035, 0.6443369868901784, 0.6657059838740124, 0.681717696547261], 'val_f1': [0.4908001951953568, 0.5414632940875049, 0.5768866894468682, 0.6025278893925679, 0.625291373858977, 0.6410375578692014, 0.6607917906386664, 0.67494937826867], 'val_mae': [0.49835122953536154, 0.45510298260954046, 0.4210561958234831, 0.39575945626477543, 0.37258580293819654, 0.3556630131098216, 0.3342940161259876, 0.31828230345273906], 'jsd': [(0, 0, 0, 0, 0, 0, 0, 0, 0, 0, 0, 0.0207208396239082, 0.31127812445913283, 0.31127812445913283, 0.31127812445913283, 0.11009182675183558, 0.31127812445913283, 0.31127812445913283, 0.31127812445913283, 0.0037024515418363386, 0.31127812445913283, 0.31127812445913283, 0.31127812445913283, 0.31127812445913283, 0.0037024515418363386, 0.31127812445913283, 0.31127812445913283, 0.0350583482647871, 0.31127812445913283, 0.31127812445913283, 0.31127812445913283, 0, 0, 0, 0, 0, 0, 0, 0, 0), (0, 0, 0, 0, 0, 0, 0, 0, 0, 0, 0, 0.0207208396239082, 0.31127812445913283, 0.31127812445913283, 0.31127812445913283, 0.06548833004089114, 0.0014939931791539789, 0.31127812445913283, 0.07310400793180982, 0, 0.1711038312803313, 0.31127812445913283, 0, 0.007299156760473963, 0.015085156698935967, 0.0207208396239082, 0.16395604408354778, 0.0350583482647871, 0.31127812445913283, 0.31127812445913283, 0.16395604408354778, 0, 0, 0, 0, 0, 0, 0, 0, 0), (0.0207208396239082, 0.16395604408354778, 0.31127812445913283, 0.09922267539827352, 0.11009182675183558, 0.18850340411986471, 0.09328462323031235, 0.11009182675183558, 0.010396593705431272, 0.10481597017296576, 0.05400884513974839, 0.1711038312803313, 0.042041899344894246, 0.31127812445913283, 0.31127812445913283, 0.31127812445913283, 0.31127812445913283, 0.07310400793180982, 0.31127812445913283, 0.07310400793180982, 0.31127812445913283, 0.31127812445913283, 0.00040919789219141973, 0.31127812445913283, 0.31127812445913283, 0.31127812445913283, 0, 0.31127812445913283, 0.11009182675183558, 0.31127812445913283, 0.07310400793180982, 0.31127812445913283, 0.0487949406953985, 0.06149937804507184, 0.31127812445913283, 0, 0.00040919789219141973, 0.09328462323031235, 0.31127812445913283, 0.09328462323031235), (0.09328462323031235, 0.31127812445913283, 0.2087803925185126, 0.009756534087137225, 0.11385563424028564, 0.013714477705244553, 0.08025594233229469, 0.07310400793180982, 0.03857581598654605, 0.13251817521576753, 0.05253690168806249, 0.19326958066820893, 0.0350583482647871, 0.009756534087137225, 0.31127812445913283, 0.31127812445913283, 0.31127812445913283, 0, 0.31127812445913283, 0.07310400793180982, 0.007299156760473963, 0.0037024515418363386, 0.0002145058924891757, 0.31127812445913283, 0.31127812445913283, 0.11009182675183558, 0.12425601093475921, 0.31127812445913283, 0.17750440524619315, 0.07310400793180982, 0.07310400793180982, 0.31127812445913283, 0.31127812445913283, 0.05738732460549023, 0.011482406826014972, 0.001254883843183478, 0.0002145058924891757, 0.0487949406953985, 0.2227619806994962, 0.0487949406953985), (0, 0, 0, 0, 0, 0, 0, 0, 0, 0, 0, 0.07310400793180982, 0.0018086520489059392, 0.2227619806994962, 0.00822299722902229, 0.07622434155290266, 0.015085156698935967, 0.07310400793180982, 0.05738732460549023, 0.01423921619075233, 0.06660561007005729, 0.0487949406953985, 0.11009182675183558, 0.04105726891831728, 0.07622434155290266, 0.12425601093475921, 0.0207208396239082, 0.0005570970453080571, 0.07310400793180982, 0.004167970681504568, 0.0001877124226694997, 0, 0, 0, 0, 0, 0, 0, 0, 0), (0.009036677434107646, 0.005050449860393488, 0.23305878051279882, 0.014691469621310085, 0.016941071056623243, 0.00822299722902229, 0.06859186091507882, 0.042041899344894246, 0.05655009359654585, 0.03889315594457522, 0.0463685414106319, 0.10206066129537185, 0.02359015854559616, 0.0004999522456092496, 0, 0.31127812445913283, 0.0207208396239082, 0.0008025382728216734, 0.07310400793180982, 0.011482406826014972, 0.31127812445913283, 0.010396593705431272, 0.08111870596083268, 0.31127812445913283, 0.31127812445913283, 0.0207208396239082, 0.0487949406953985, 0.0022344421708708415, 0.2087803925185126, 0.07310400793180982, 0.042041899344894246, 0.20534969973663775, 0.05738732460549023, 0.01274900060462203, 0.16395604408354778, 0.028564156811275485, 0.0008790379110077892, 0.011482406826014972, 0.0207208396239082, 0.006523190206172563), (0, 0, 0, 0, 0, 0, 0, 0, 0, 0, 0, 0.012033410127123681, 0.0037024515418363386, 0.24237412989240623, 0.01717496977609681, 0.016009512159686483, 0.0010689285835955437, 0.11385563424028564, 0.0022344421708708415, 0.07310400793180982, 0.04432065423178154, 0.04674406725931858, 0.09328462323031235, 0.0231107894081813, 0.07529706740701966, 0.039737267151773975, 0.008003048984193635, 0.0017382218522886302, 0.0009214584011009545, 0.036145614849311655, 0.09587355378511578, 0, 0, 0, 0, 0, 0, 0, 0, 0), (0.0061446088533262735, 0.002830694750015385, 0.24844401300050659, 0.04105726891831728, 0.014038937565777093, 0.0014939931791539789, 0.10372355040574062, 0.0037024515418363386, 0.07898885115561567, 0.0031619139529965624, 0.02711041372683346, 0.08697257500448134, 0.010396593705431272, 0.00429810722857266, 0.005050449860393488, 0.0207208396239082, 0.0487949406953985, 0.07850994353170956, 0.05738732460549023, 0.05400884513974839, 0.007299156760473963, 0.005407888490294582, 0.0019359358092692971, 0.2292798117148899, 0.15591489886228305, 0.05253690168806249, 0.011482406826014972, 0.00028867375520897666, 0.03857581598654605, 0.05400884513974839, 0.05400884513974839, 0.2227619806994962, 0.03221357089614439, 0.05738732460549023, 0.002830694750015385, 0.0350583482647871, 0.0008589183281813573, 0.018135571823116266, 0.03600088831260688, 0.11009182675183558)]}}, 'time': 0.4899404048919678, 'communication_time': 0.48157358169555664}
-0.007950210125999058
client_selector activated ✅
Client Client 10 participates in this round. (CPU: 2, RAM: 2)
Client Client 16 participates in this round. (CPU: 2, RAM: 2)
Client Client 8 participates in this round. (CPU: 2, RAM: 2)
Client Client 1 participates in this round. (CPU: 2, RAM: 2)
Client Client 2 participates in this round. (CPU: 2, RAM: 2)
Client Client 26 has insufficient CPU (1). Will not participate in the next FL round.
Client Client 4 participates in this round. (CPU: 2, RAM: 2)
Client Client 18 participates in this round. (CPU: 2, RAM: 2)
Client Client 12 participates in this round. (CPU: 2, RAM: 2)
Client Client 19 participates in this round. (CPU: 2, RAM: 2)
Client Client 5 participates in this round. (CPU: 2, RAM: 2)
Client Client 3 participates in this round. (CPU: 2, RAM: 2)
Client Client 15 participates in this round. (CPU: 2, RAM: 2)
Client Client 11 participates in this round. (CPU: 2, RAM: 2)
Client Client 6 participates in this round. (CPU: 2, RAM: 2)
Client Client 29 has insufficient CPU (1). Will not participate in the next FL round.
Client Client 9 participates in this round. (CPU: 2, RAM: 2)
Client Client 20 participates in this round. (CPU: 2, RAM: 2)
Client Client 36 has insufficient CPU (1). Will not participate in the next FL round.
Client Client 31 has insufficient CPU (1). Will not participate in the next FL round.
Client Client 32 has insufficient CPU (1). Will not participate in the next FL round.
Client Client 14 participates in this round. (CPU: 2, RAM: 2)
Client Client 39 has insufficient CPU (1). Will not participate in the next FL round.
Client Client 28 has insufficient CPU (1). Will not participate in the next FL round.
Client Client 35 has insufficient CPU (1). Will not participate in the next FL round.
Client Client 24 has insufficient CPU (1). Will not participate in the next FL round.
Client Client 7 participates in this round. (CPU: 2, RAM: 2)
Client Client 33 has insufficient CPU (1). Will not participate in the next FL round.
Client Client 37 has insufficient CPU (1). Will not participate in the next FL round.
Client Client 27 has insufficient CPU (1). Will not participate in the next FL round.
Client Client 22 has insufficient CPU (1). Will not participate in the next FL round.
Client Client 13 participates in this round. (CPU: 2, RAM: 2)
Client Client 21 has insufficient CPU (1). Will not participate in the next FL round.
Client Client 23 has insufficient CPU (1). Will not participate in the next FL round.
Client Client 17 participates in this round. (CPU: 2, RAM: 2)
Client Client 30 has insufficient CPU (1). Will not participate in the next FL round.
Client Client 25 has insufficient CPU (1). Will not participate in the next FL round.
Client Client 34 has insufficient CPU (1). Will not participate in the next FL round.
Client Client 38 has insufficient CPU (1). Will not participate in the next FL round.
Client Client 40 has insufficient CPU (1). Will not participate in the next FL round.
Results Aggregated in 0.42 seconds.
{'prostate_logreg': {'train_loss': [0.5600399249624983, 0.6016468952779901, 0.5702010186527062, 0.5704594100966598, 0.5863104959683759, 0.5727163798580266, 0.5686826973738024, 0.5507147053149358, 0.5532411841064574], 'train_accuracy': [0.7289719626168224, 0.684931506849315, 0.7129629629629629, 0.706060606060606, 0.6839285714285714, 0.7080808080808081, 0.7122940430925222, 0.7322363500373972, 0.7282608695652174], 'train_f1': [0.6071188935674917, 0.5550489044874709, 0.5931256310806835, 0.5947146097264723, 0.63425070583722, 0.6470768878614769, 0.6640849669944442, 0.6793253677134566, 0.6985580628803326], 'train_mae': [0.27102803738317754, 0.3150684931506849, 0.28703703703703703, 0.29393939393939394, 0.31607142857142856, 0.2919191919191919, 0.2877059569074778, 0.2677636499626028, 0.2717391304347826], 'val_loss': [0.745396485142674, 0.7093681143820256, 0.6801357139171047, 0.6569241923829086, 0.6357613248514671, 0.6202145967739549, 0.6059309661638604, 0.5952095496597409, 0.5860859932212884], 'val_accuracy': [0.5016487704646384, 0.5448970173904596, 0.5789438041765169, 0.6042405437352246, 0.6274141970618035, 0.6443369868901784, 0.6657059838740124, 0.681717696547261, 0.6981724623664957], 'val_f1': [0.4908001951953568, 0.5414632940875049, 0.5768866894468682, 0.6025278893925679, 0.625291373858977, 0.6410375578692014, 0.6607917906386664, 0.67494937826867, 0.6899060828525356], 'val_mae': [0.49835122953536154, 0.45510298260954046, 0.4210561958234831, 0.39575945626477543, 0.37258580293819654, 0.3556630131098216, 0.3342940161259876, 0.31828230345273906, 0.30182753763350434], 'jsd': [(0, 0, 0, 0, 0, 0, 0, 0, 0, 0, 0, 0.0207208396239082, 0.31127812445913283, 0.31127812445913283, 0.31127812445913283, 0.11009182675183558, 0.31127812445913283, 0.31127812445913283, 0.31127812445913283, 0.0037024515418363386, 0.31127812445913283, 0.31127812445913283, 0.31127812445913283, 0.31127812445913283, 0.0037024515418363386, 0.31127812445913283, 0.31127812445913283, 0.0350583482647871, 0.31127812445913283, 0.31127812445913283, 0.31127812445913283, 0, 0, 0, 0, 0, 0, 0, 0, 0), (0, 0, 0, 0, 0, 0, 0, 0, 0, 0, 0, 0.0207208396239082, 0.31127812445913283, 0.31127812445913283, 0.31127812445913283, 0.06548833004089114, 0.0014939931791539789, 0.31127812445913283, 0.07310400793180982, 0, 0.1711038312803313, 0.31127812445913283, 0, 0.007299156760473963, 0.015085156698935967, 0.0207208396239082, 0.16395604408354778, 0.0350583482647871, 0.31127812445913283, 0.31127812445913283, 0.16395604408354778, 0, 0, 0, 0, 0, 0, 0, 0, 0), (0.0207208396239082, 0.16395604408354778, 0.31127812445913283, 0.09922267539827352, 0.11009182675183558, 0.18850340411986471, 0.09328462323031235, 0.11009182675183558, 0.010396593705431272, 0.10481597017296576, 0.05400884513974839, 0.1711038312803313, 0.042041899344894246, 0.31127812445913283, 0.31127812445913283, 0.31127812445913283, 0.31127812445913283, 0.07310400793180982, 0.31127812445913283, 0.07310400793180982, 0.31127812445913283, 0.31127812445913283, 0.00040919789219141973, 0.31127812445913283, 0.31127812445913283, 0.31127812445913283, 0, 0.31127812445913283, 0.11009182675183558, 0.31127812445913283, 0.07310400793180982, 0.31127812445913283, 0.0487949406953985, 0.06149937804507184, 0.31127812445913283, 0, 0.00040919789219141973, 0.09328462323031235, 0.31127812445913283, 0.09328462323031235), (0.09328462323031235, 0.31127812445913283, 0.2087803925185126, 0.009756534087137225, 0.11385563424028564, 0.013714477705244553, 0.08025594233229469, 0.07310400793180982, 0.03857581598654605, 0.13251817521576753, 0.05253690168806249, 0.19326958066820893, 0.0350583482647871, 0.009756534087137225, 0.31127812445913283, 0.31127812445913283, 0.31127812445913283, 0, 0.31127812445913283, 0.07310400793180982, 0.007299156760473963, 0.0037024515418363386, 0.0002145058924891757, 0.31127812445913283, 0.31127812445913283, 0.11009182675183558, 0.12425601093475921, 0.31127812445913283, 0.17750440524619315, 0.07310400793180982, 0.07310400793180982, 0.31127812445913283, 0.31127812445913283, 0.05738732460549023, 0.011482406826014972, 0.001254883843183478, 0.0002145058924891757, 0.0487949406953985, 0.2227619806994962, 0.0487949406953985), (0, 0, 0, 0, 0, 0, 0, 0, 0, 0, 0, 0.07310400793180982, 0.0018086520489059392, 0.2227619806994962, 0.00822299722902229, 0.07622434155290266, 0.015085156698935967, 0.07310400793180982, 0.05738732460549023, 0.01423921619075233, 0.06660561007005729, 0.0487949406953985, 0.11009182675183558, 0.04105726891831728, 0.07622434155290266, 0.12425601093475921, 0.0207208396239082, 0.0005570970453080571, 0.07310400793180982, 0.004167970681504568, 0.0001877124226694997, 0, 0, 0, 0, 0, 0, 0, 0, 0), (0.009036677434107646, 0.005050449860393488, 0.23305878051279882, 0.014691469621310085, 0.016941071056623243, 0.00822299722902229, 0.06859186091507882, 0.042041899344894246, 0.05655009359654585, 0.03889315594457522, 0.0463685414106319, 0.10206066129537185, 0.02359015854559616, 0.0004999522456092496, 0, 0.31127812445913283, 0.0207208396239082, 0.0008025382728216734, 0.07310400793180982, 0.011482406826014972, 0.31127812445913283, 0.010396593705431272, 0.08111870596083268, 0.31127812445913283, 0.31127812445913283, 0.0207208396239082, 0.0487949406953985, 0.0022344421708708415, 0.2087803925185126, 0.07310400793180982, 0.042041899344894246, 0.20534969973663775, 0.05738732460549023, 0.01274900060462203, 0.16395604408354778, 0.028564156811275485, 0.0008790379110077892, 0.011482406826014972, 0.0207208396239082, 0.006523190206172563), (0, 0, 0, 0, 0, 0, 0, 0, 0, 0, 0, 0.012033410127123681, 0.0037024515418363386, 0.24237412989240623, 0.01717496977609681, 0.016009512159686483, 0.0010689285835955437, 0.11385563424028564, 0.0022344421708708415, 0.07310400793180982, 0.04432065423178154, 0.04674406725931858, 0.09328462323031235, 0.0231107894081813, 0.07529706740701966, 0.039737267151773975, 0.008003048984193635, 0.0017382218522886302, 0.0009214584011009545, 0.036145614849311655, 0.09587355378511578, 0, 0, 0, 0, 0, 0, 0, 0, 0), (0.0061446088533262735, 0.002830694750015385, 0.24844401300050659, 0.04105726891831728, 0.014038937565777093, 0.0014939931791539789, 0.10372355040574062, 0.0037024515418363386, 0.07898885115561567, 0.0031619139529965624, 0.02711041372683346, 0.08697257500448134, 0.010396593705431272, 0.00429810722857266, 0.005050449860393488, 0.0207208396239082, 0.0487949406953985, 0.07850994353170956, 0.05738732460549023, 0.05400884513974839, 0.007299156760473963, 0.005407888490294582, 0.0019359358092692971, 0.2292798117148899, 0.15591489886228305, 0.05253690168806249, 0.011482406826014972, 0.00028867375520897666, 0.03857581598654605, 0.05400884513974839, 0.05400884513974839, 0.2227619806994962, 0.03221357089614439, 0.05738732460549023, 0.002830694750015385, 0.0350583482647871, 0.0008589183281813573, 0.018135571823116266, 0.03600088831260688, 0.11009182675183558), (0, 0, 0, 0, 0, 0, 0, 0, 0, 0, 0, 0.004867022157993568, 0.0022344421708708415, 0.06627146564409989, 0.04031575601199518, 0.007299156760473963, 0, 0.11603915012591684, 0.0003410895898538083, 0.07310400793180982, 0.005050449860393488, 0.02345316312919523, 0.10206066129537185, 0.00402636741089939, 0.01258931793513713, 0.03857581598654605, 0.03328315226577441, 0.003476844487206702, 0.028564156811275485, 0.019295237025311954, 0.03328315226577441, 0, 0, 0, 0, 0, 0, 0, 0, 0)]}}
AdaptationManager: Configuring next round...
{'client_registry': {'enabled': True, 'params': {}}, 'client_selector': {'enabled': True, 'params': {'selection_strategy': 'Resource-Based', 'selection_criteria': 'CPU', 'selection_value': 2}}, 'client_cluster': {'enabled': False, 'params': {}}, 'message_compressor': {'enabled': False, 'params': {}}, 'model_co-versioning_registry': {'enabled': False, 'params': {}}, 'multi-task_model_trainer': {'enabled': False, 'params': {}}, 'heterogeneous_data_handler': {'enabled': False, 'params': {}}}
{'client_selector': {'enabled': True}, 'client_cluster': {'enabled': False}, 'message_compressor': {'enabled': False}, 'model_co-versioning_registry': {'enabled': False}, 'multi-task_model_trainer': {'enabled': False}, 'heterogeneous_data_handler': {'enabled': False}, 'client_registry': {'enabled': True, 'params': {}}}
{'model_type': 'prostate_logreg', 'metrics': {'prostate_logreg': {'train_loss': [0.5600399249624983, 0.6016468952779901, 0.5702010186527062, 0.5704594100966598, 0.5863104959683759, 0.5727163798580266, 0.5686826973738024, 0.5507147053149358, 0.5532411841064574], 'train_accuracy': [0.7289719626168224, 0.684931506849315, 0.7129629629629629, 0.706060606060606, 0.6839285714285714, 0.7080808080808081, 0.7122940430925222, 0.7322363500373972, 0.7282608695652174], 'train_f1': [0.6071188935674917, 0.5550489044874709, 0.5931256310806835, 0.5947146097264723, 0.63425070583722, 0.6470768878614769, 0.6640849669944442, 0.6793253677134566, 0.6985580628803326], 'train_mae': [0.27102803738317754, 0.3150684931506849, 0.28703703703703703, 0.29393939393939394, 0.31607142857142856, 0.2919191919191919, 0.2877059569074778, 0.2677636499626028, 0.2717391304347826], 'val_loss': [0.745396485142674, 0.7093681143820256, 0.6801357139171047, 0.6569241923829086, 0.6357613248514671, 0.6202145967739549, 0.6059309661638604, 0.5952095496597409, 0.5860859932212884], 'val_accuracy': [0.5016487704646384, 0.5448970173904596, 0.5789438041765169, 0.6042405437352246, 0.6274141970618035, 0.6443369868901784, 0.6657059838740124, 0.681717696547261, 0.6981724623664957], 'val_f1': [0.4908001951953568, 0.5414632940875049, 0.5768866894468682, 0.6025278893925679, 0.625291373858977, 0.6410375578692014, 0.6607917906386664, 0.67494937826867, 0.6899060828525356], 'val_mae': [0.49835122953536154, 0.45510298260954046, 0.4210561958234831, 0.39575945626477543, 0.37258580293819654, 0.3556630131098216, 0.3342940161259876, 0.31828230345273906, 0.30182753763350434], 'jsd': [(0, 0, 0, 0, 0, 0, 0, 0, 0, 0, 0, 0.0207208396239082, 0.31127812445913283, 0.31127812445913283, 0.31127812445913283, 0.11009182675183558, 0.31127812445913283, 0.31127812445913283, 0.31127812445913283, 0.0037024515418363386, 0.31127812445913283, 0.31127812445913283, 0.31127812445913283, 0.31127812445913283, 0.0037024515418363386, 0.31127812445913283, 0.31127812445913283, 0.0350583482647871, 0.31127812445913283, 0.31127812445913283, 0.31127812445913283, 0, 0, 0, 0, 0, 0, 0, 0, 0), (0, 0, 0, 0, 0, 0, 0, 0, 0, 0, 0, 0.0207208396239082, 0.31127812445913283, 0.31127812445913283, 0.31127812445913283, 0.06548833004089114, 0.0014939931791539789, 0.31127812445913283, 0.07310400793180982, 0, 0.1711038312803313, 0.31127812445913283, 0, 0.007299156760473963, 0.015085156698935967, 0.0207208396239082, 0.16395604408354778, 0.0350583482647871, 0.31127812445913283, 0.31127812445913283, 0.16395604408354778, 0, 0, 0, 0, 0, 0, 0, 0, 0), (0.0207208396239082, 0.16395604408354778, 0.31127812445913283, 0.09922267539827352, 0.11009182675183558, 0.18850340411986471, 0.09328462323031235, 0.11009182675183558, 0.010396593705431272, 0.10481597017296576, 0.05400884513974839, 0.1711038312803313, 0.042041899344894246, 0.31127812445913283, 0.31127812445913283, 0.31127812445913283, 0.31127812445913283, 0.07310400793180982, 0.31127812445913283, 0.07310400793180982, 0.31127812445913283, 0.31127812445913283, 0.00040919789219141973, 0.31127812445913283, 0.31127812445913283, 0.31127812445913283, 0, 0.31127812445913283, 0.11009182675183558, 0.31127812445913283, 0.07310400793180982, 0.31127812445913283, 0.0487949406953985, 0.06149937804507184, 0.31127812445913283, 0, 0.00040919789219141973, 0.09328462323031235, 0.31127812445913283, 0.09328462323031235), (0.09328462323031235, 0.31127812445913283, 0.2087803925185126, 0.009756534087137225, 0.11385563424028564, 0.013714477705244553, 0.08025594233229469, 0.07310400793180982, 0.03857581598654605, 0.13251817521576753, 0.05253690168806249, 0.19326958066820893, 0.0350583482647871, 0.009756534087137225, 0.31127812445913283, 0.31127812445913283, 0.31127812445913283, 0, 0.31127812445913283, 0.07310400793180982, 0.007299156760473963, 0.0037024515418363386, 0.0002145058924891757, 0.31127812445913283, 0.31127812445913283, 0.11009182675183558, 0.12425601093475921, 0.31127812445913283, 0.17750440524619315, 0.07310400793180982, 0.07310400793180982, 0.31127812445913283, 0.31127812445913283, 0.05738732460549023, 0.011482406826014972, 0.001254883843183478, 0.0002145058924891757, 0.0487949406953985, 0.2227619806994962, 0.0487949406953985), (0, 0, 0, 0, 0, 0, 0, 0, 0, 0, 0, 0.07310400793180982, 0.0018086520489059392, 0.2227619806994962, 0.00822299722902229, 0.07622434155290266, 0.015085156698935967, 0.07310400793180982, 0.05738732460549023, 0.01423921619075233, 0.06660561007005729, 0.0487949406953985, 0.11009182675183558, 0.04105726891831728, 0.07622434155290266, 0.12425601093475921, 0.0207208396239082, 0.0005570970453080571, 0.07310400793180982, 0.004167970681504568, 0.0001877124226694997, 0, 0, 0, 0, 0, 0, 0, 0, 0), (0.009036677434107646, 0.005050449860393488, 0.23305878051279882, 0.014691469621310085, 0.016941071056623243, 0.00822299722902229, 0.06859186091507882, 0.042041899344894246, 0.05655009359654585, 0.03889315594457522, 0.0463685414106319, 0.10206066129537185, 0.02359015854559616, 0.0004999522456092496, 0, 0.31127812445913283, 0.0207208396239082, 0.0008025382728216734, 0.07310400793180982, 0.011482406826014972, 0.31127812445913283, 0.010396593705431272, 0.08111870596083268, 0.31127812445913283, 0.31127812445913283, 0.0207208396239082, 0.0487949406953985, 0.0022344421708708415, 0.2087803925185126, 0.07310400793180982, 0.042041899344894246, 0.20534969973663775, 0.05738732460549023, 0.01274900060462203, 0.16395604408354778, 0.028564156811275485, 0.0008790379110077892, 0.011482406826014972, 0.0207208396239082, 0.006523190206172563), (0, 0, 0, 0, 0, 0, 0, 0, 0, 0, 0, 0.012033410127123681, 0.0037024515418363386, 0.24237412989240623, 0.01717496977609681, 0.016009512159686483, 0.0010689285835955437, 0.11385563424028564, 0.0022344421708708415, 0.07310400793180982, 0.04432065423178154, 0.04674406725931858, 0.09328462323031235, 0.0231107894081813, 0.07529706740701966, 0.039737267151773975, 0.008003048984193635, 0.0017382218522886302, 0.0009214584011009545, 0.036145614849311655, 0.09587355378511578, 0, 0, 0, 0, 0, 0, 0, 0, 0), (0.0061446088533262735, 0.002830694750015385, 0.24844401300050659, 0.04105726891831728, 0.014038937565777093, 0.0014939931791539789, 0.10372355040574062, 0.0037024515418363386, 0.07898885115561567, 0.0031619139529965624, 0.02711041372683346, 0.08697257500448134, 0.010396593705431272, 0.00429810722857266, 0.005050449860393488, 0.0207208396239082, 0.0487949406953985, 0.07850994353170956, 0.05738732460549023, 0.05400884513974839, 0.007299156760473963, 0.005407888490294582, 0.0019359358092692971, 0.2292798117148899, 0.15591489886228305, 0.05253690168806249, 0.011482406826014972, 0.00028867375520897666, 0.03857581598654605, 0.05400884513974839, 0.05400884513974839, 0.2227619806994962, 0.03221357089614439, 0.05738732460549023, 0.002830694750015385, 0.0350583482647871, 0.0008589183281813573, 0.018135571823116266, 0.03600088831260688, 0.11009182675183558), (0, 0, 0, 0, 0, 0, 0, 0, 0, 0, 0, 0.004867022157993568, 0.0022344421708708415, 0.06627146564409989, 0.04031575601199518, 0.007299156760473963, 0, 0.11603915012591684, 0.0003410895898538083, 0.07310400793180982, 0.005050449860393488, 0.02345316312919523, 0.10206066129537185, 0.00402636741089939, 0.01258931793513713, 0.03857581598654605, 0.03328315226577441, 0.003476844487206702, 0.028564156811275485, 0.019295237025311954, 0.03328315226577441, 0, 0, 0, 0, 0, 0, 0, 0, 0)]}}, 'time': 0.41942548751831055, 'communication_time': 0.3720242977142334}
-0.005363124926219043
client_selector activated ✅
Client Client 9 participates in this round. (CPU: 2, RAM: 2)
Client Client 1 participates in this round. (CPU: 2, RAM: 2)
Client Client 5 participates in this round. (CPU: 2, RAM: 2)
Client Client 12 participates in this round. (CPU: 2, RAM: 2)
Client Client 8 participates in this round. (CPU: 2, RAM: 2)
Client Client 6 participates in this round. (CPU: 2, RAM: 2)
Client Client 19 participates in this round. (CPU: 2, RAM: 2)
Client Client 28 has insufficient CPU (1). Will not participate in the next FL round.
Client Client 37 has insufficient CPU (1). Will not participate in the next FL round.
Client Client 33 has insufficient CPU (1). Will not participate in the next FL round.
Client Client 13 participates in this round. (CPU: 2, RAM: 2)
Client Client 7 participates in this round. (CPU: 2, RAM: 2)
Client Client 18 participates in this round. (CPU: 2, RAM: 2)
Client Client 2 participates in this round. (CPU: 2, RAM: 2)
Client Client 20 participates in this round. (CPU: 2, RAM: 2)
Client Client 4 participates in this round. (CPU: 2, RAM: 2)
Client Client 10 participates in this round. (CPU: 2, RAM: 2)
Client Client 36 has insufficient CPU (1). Will not participate in the next FL round.
Client Client 21 has insufficient CPU (1). Will not participate in the next FL round.
Client Client 30 has insufficient CPU (1). Will not participate in the next FL round.
Client Client 25 has insufficient CPU (1). Will not participate in the next FL round.
Client Client 38 has insufficient CPU (1). Will not participate in the next FL round.
Client Client 34 has insufficient CPU (1). Will not participate in the next FL round.
Client Client 3 participates in this round. (CPU: 2, RAM: 2)
Client Client 40 has insufficient CPU (1). Will not participate in the next FL round.
Client Client 11 participates in this round. (CPU: 2, RAM: 2)
Client Client 24 has insufficient CPU (1). Will not participate in the next FL round.
Client Client 29 has insufficient CPU (1). Will not participate in the next FL round.
Client Client 17 participates in this round. (CPU: 2, RAM: 2)
Client Client 14 participates in this round. (CPU: 2, RAM: 2)
Client Client 15 participates in this round. (CPU: 2, RAM: 2)
Client Client 16 participates in this round. (CPU: 2, RAM: 2)
Client Client 31 has insufficient CPU (1). Will not participate in the next FL round.
Client Client 32 has insufficient CPU (1). Will not participate in the next FL round.
Client Client 39 has insufficient CPU (1). Will not participate in the next FL round.
Client Client 26 has insufficient CPU (1). Will not participate in the next FL round.
Client Client 27 has insufficient CPU (1). Will not participate in the next FL round.
Client Client 22 has insufficient CPU (1). Will not participate in the next FL round.
Client Client 23 has insufficient CPU (1). Will not participate in the next FL round.
Client Client 35 has insufficient CPU (1). Will not participate in the next FL round.
Results Aggregated in 0.46 seconds.
{'prostate_logreg': {'train_loss': [0.5600399249624983, 0.6016468952779901, 0.5702010186527062, 0.5704594100966598, 0.5863104959683759, 0.5727163798580266, 0.5686826973738024, 0.5507147053149358, 0.5532411841064574, 0.5546856875558501], 'train_accuracy': [0.7289719626168224, 0.684931506849315, 0.7129629629629629, 0.706060606060606, 0.6839285714285714, 0.7080808080808081, 0.7122940430925222, 0.7322363500373972, 0.7282608695652174, 0.7263901147396293], 'train_f1': [0.6071188935674917, 0.5550489044874709, 0.5931256310806835, 0.5947146097264723, 0.63425070583722, 0.6470768878614769, 0.6640849669944442, 0.6793253677134566, 0.6985580628803326, 0.699539882748501], 'train_mae': [0.27102803738317754, 0.3150684931506849, 0.28703703703703703, 0.29393939393939394, 0.31607142857142856, 0.2919191919191919, 0.2877059569074778, 0.2677636499626028, 0.2717391304347826, 0.2736098852603707], 'val_loss': [0.745396485142674, 0.7093681143820256, 0.6801357139171047, 0.6569241923829086, 0.6357613248514671, 0.6202145967739549, 0.6059309661638604, 0.5952095496597409, 0.5860859932212884, 0.5786630734232774], 'val_accuracy': [0.5016487704646384, 0.5448970173904596, 0.5789438041765169, 0.6042405437352246, 0.6274141970618035, 0.6443369868901784, 0.6657059838740124, 0.681717696547261, 0.6981724623664957, 0.7101979305552947], 'val_f1': [0.4908001951953568, 0.5414632940875049, 0.5768866894468682, 0.6025278893925679, 0.625291373858977, 0.6410375578692014, 0.6607917906386664, 0.67494937826867, 0.6899060828525356, 0.7003970226081128], 'val_mae': [0.49835122953536154, 0.45510298260954046, 0.4210561958234831, 0.39575945626477543, 0.37258580293819654, 0.3556630131098216, 0.3342940161259876, 0.31828230345273906, 0.30182753763350434, 0.28980206944470527], 'jsd': [(0, 0, 0, 0, 0, 0, 0, 0, 0, 0, 0, 0.0207208396239082, 0.31127812445913283, 0.31127812445913283, 0.31127812445913283, 0.11009182675183558, 0.31127812445913283, 0.31127812445913283, 0.31127812445913283, 0.0037024515418363386, 0.31127812445913283, 0.31127812445913283, 0.31127812445913283, 0.31127812445913283, 0.0037024515418363386, 0.31127812445913283, 0.31127812445913283, 0.0350583482647871, 0.31127812445913283, 0.31127812445913283, 0.31127812445913283, 0, 0, 0, 0, 0, 0, 0, 0, 0), (0, 0, 0, 0, 0, 0, 0, 0, 0, 0, 0, 0.0207208396239082, 0.31127812445913283, 0.31127812445913283, 0.31127812445913283, 0.06548833004089114, 0.0014939931791539789, 0.31127812445913283, 0.07310400793180982, 0, 0.1711038312803313, 0.31127812445913283, 0, 0.007299156760473963, 0.015085156698935967, 0.0207208396239082, 0.16395604408354778, 0.0350583482647871, 0.31127812445913283, 0.31127812445913283, 0.16395604408354778, 0, 0, 0, 0, 0, 0, 0, 0, 0), (0.0207208396239082, 0.16395604408354778, 0.31127812445913283, 0.09922267539827352, 0.11009182675183558, 0.18850340411986471, 0.09328462323031235, 0.11009182675183558, 0.010396593705431272, 0.10481597017296576, 0.05400884513974839, 0.1711038312803313, 0.042041899344894246, 0.31127812445913283, 0.31127812445913283, 0.31127812445913283, 0.31127812445913283, 0.07310400793180982, 0.31127812445913283, 0.07310400793180982, 0.31127812445913283, 0.31127812445913283, 0.00040919789219141973, 0.31127812445913283, 0.31127812445913283, 0.31127812445913283, 0, 0.31127812445913283, 0.11009182675183558, 0.31127812445913283, 0.07310400793180982, 0.31127812445913283, 0.0487949406953985, 0.06149937804507184, 0.31127812445913283, 0, 0.00040919789219141973, 0.09328462323031235, 0.31127812445913283, 0.09328462323031235), (0.09328462323031235, 0.31127812445913283, 0.2087803925185126, 0.009756534087137225, 0.11385563424028564, 0.013714477705244553, 0.08025594233229469, 0.07310400793180982, 0.03857581598654605, 0.13251817521576753, 0.05253690168806249, 0.19326958066820893, 0.0350583482647871, 0.009756534087137225, 0.31127812445913283, 0.31127812445913283, 0.31127812445913283, 0, 0.31127812445913283, 0.07310400793180982, 0.007299156760473963, 0.0037024515418363386, 0.0002145058924891757, 0.31127812445913283, 0.31127812445913283, 0.11009182675183558, 0.12425601093475921, 0.31127812445913283, 0.17750440524619315, 0.07310400793180982, 0.07310400793180982, 0.31127812445913283, 0.31127812445913283, 0.05738732460549023, 0.011482406826014972, 0.001254883843183478, 0.0002145058924891757, 0.0487949406953985, 0.2227619806994962, 0.0487949406953985), (0, 0, 0, 0, 0, 0, 0, 0, 0, 0, 0, 0.07310400793180982, 0.0018086520489059392, 0.2227619806994962, 0.00822299722902229, 0.07622434155290266, 0.015085156698935967, 0.07310400793180982, 0.05738732460549023, 0.01423921619075233, 0.06660561007005729, 0.0487949406953985, 0.11009182675183558, 0.04105726891831728, 0.07622434155290266, 0.12425601093475921, 0.0207208396239082, 0.0005570970453080571, 0.07310400793180982, 0.004167970681504568, 0.0001877124226694997, 0, 0, 0, 0, 0, 0, 0, 0, 0), (0.009036677434107646, 0.005050449860393488, 0.23305878051279882, 0.014691469621310085, 0.016941071056623243, 0.00822299722902229, 0.06859186091507882, 0.042041899344894246, 0.05655009359654585, 0.03889315594457522, 0.0463685414106319, 0.10206066129537185, 0.02359015854559616, 0.0004999522456092496, 0, 0.31127812445913283, 0.0207208396239082, 0.0008025382728216734, 0.07310400793180982, 0.011482406826014972, 0.31127812445913283, 0.010396593705431272, 0.08111870596083268, 0.31127812445913283, 0.31127812445913283, 0.0207208396239082, 0.0487949406953985, 0.0022344421708708415, 0.2087803925185126, 0.07310400793180982, 0.042041899344894246, 0.20534969973663775, 0.05738732460549023, 0.01274900060462203, 0.16395604408354778, 0.028564156811275485, 0.0008790379110077892, 0.011482406826014972, 0.0207208396239082, 0.006523190206172563), (0, 0, 0, 0, 0, 0, 0, 0, 0, 0, 0, 0.012033410127123681, 0.0037024515418363386, 0.24237412989240623, 0.01717496977609681, 0.016009512159686483, 0.0010689285835955437, 0.11385563424028564, 0.0022344421708708415, 0.07310400793180982, 0.04432065423178154, 0.04674406725931858, 0.09328462323031235, 0.0231107894081813, 0.07529706740701966, 0.039737267151773975, 0.008003048984193635, 0.0017382218522886302, 0.0009214584011009545, 0.036145614849311655, 0.09587355378511578, 0, 0, 0, 0, 0, 0, 0, 0, 0), (0.0061446088533262735, 0.002830694750015385, 0.24844401300050659, 0.04105726891831728, 0.014038937565777093, 0.0014939931791539789, 0.10372355040574062, 0.0037024515418363386, 0.07898885115561567, 0.0031619139529965624, 0.02711041372683346, 0.08697257500448134, 0.010396593705431272, 0.00429810722857266, 0.005050449860393488, 0.0207208396239082, 0.0487949406953985, 0.07850994353170956, 0.05738732460549023, 0.05400884513974839, 0.007299156760473963, 0.005407888490294582, 0.0019359358092692971, 0.2292798117148899, 0.15591489886228305, 0.05253690168806249, 0.011482406826014972, 0.00028867375520897666, 0.03857581598654605, 0.05400884513974839, 0.05400884513974839, 0.2227619806994962, 0.03221357089614439, 0.05738732460549023, 0.002830694750015385, 0.0350583482647871, 0.0008589183281813573, 0.018135571823116266, 0.03600088831260688, 0.11009182675183558), (0, 0, 0, 0, 0, 0, 0, 0, 0, 0, 0, 0.004867022157993568, 0.0022344421708708415, 0.06627146564409989, 0.04031575601199518, 0.007299156760473963, 0, 0.11603915012591684, 0.0003410895898538083, 0.07310400793180982, 0.005050449860393488, 0.02345316312919523, 0.10206066129537185, 0.00402636741089939, 0.01258931793513713, 0.03857581598654605, 0.03328315226577441, 0.003476844487206702, 0.028564156811275485, 0.019295237025311954, 0.03328315226577441, 0, 0, 0, 0, 0, 0, 0, 0, 0), (0, 0, 0, 0, 0, 0, 0, 0, 0, 0, 0, 0.0023839413783587893, 0.005301974832984377, 0.06900910450166178, 0.05207398638601675, 0.004122113616565049, 0.0009214584011009545, 0.10749195315105531, 0.0010689285835955437, 0.07622434155290266, 0.0032712817850098566, 0.004122113616565049, 0.1317293194736727, 0.007867664894852307, 0.012465377054556089, 0.0487949406953985, 0.031896080966716533, 0.0027533280550219065, 0.025140556297286162, 0.05207398638601675, 0.006830658680456639, 0, 0, 0, 0, 0, 0, 0, 0, 0)]}}
AdaptationManager: Configuring next round...
{'client_registry': {'enabled': True, 'params': {}}, 'client_selector': {'enabled': True, 'params': {'selection_strategy': 'Resource-Based', 'selection_criteria': 'CPU', 'selection_value': 2}}, 'client_cluster': {'enabled': False, 'params': {}}, 'message_compressor': {'enabled': False, 'params': {}}, 'model_co-versioning_registry': {'enabled': False, 'params': {}}, 'multi-task_model_trainer': {'enabled': False, 'params': {}}, 'heterogeneous_data_handler': {'enabled': False, 'params': {}}}
{'client_selector': {'enabled': True}, 'client_cluster': {'enabled': False}, 'message_compressor': {'enabled': False}, 'model_co-versioning_registry': {'enabled': False}, 'multi-task_model_trainer': {'enabled': False}, 'heterogeneous_data_handler': {'enabled': False}, 'client_registry': {'enabled': True, 'params': {}}}
{'model_type': 'prostate_logreg', 'metrics': {'prostate_logreg': {'train_loss': [0.5600399249624983, 0.6016468952779901, 0.5702010186527062, 0.5704594100966598, 0.5863104959683759, 0.5727163798580266, 0.5686826973738024, 0.5507147053149358, 0.5532411841064574, 0.5546856875558501], 'train_accuracy': [0.7289719626168224, 0.684931506849315, 0.7129629629629629, 0.706060606060606, 0.6839285714285714, 0.7080808080808081, 0.7122940430925222, 0.7322363500373972, 0.7282608695652174, 0.7263901147396293], 'train_f1': [0.6071188935674917, 0.5550489044874709, 0.5931256310806835, 0.5947146097264723, 0.63425070583722, 0.6470768878614769, 0.6640849669944442, 0.6793253677134566, 0.6985580628803326, 0.699539882748501], 'train_mae': [0.27102803738317754, 0.3150684931506849, 0.28703703703703703, 0.29393939393939394, 0.31607142857142856, 0.2919191919191919, 0.2877059569074778, 0.2677636499626028, 0.2717391304347826, 0.2736098852603707], 'val_loss': [0.745396485142674, 0.7093681143820256, 0.6801357139171047, 0.6569241923829086, 0.6357613248514671, 0.6202145967739549, 0.6059309661638604, 0.5952095496597409, 0.5860859932212884, 0.5786630734232774], 'val_accuracy': [0.5016487704646384, 0.5448970173904596, 0.5789438041765169, 0.6042405437352246, 0.6274141970618035, 0.6443369868901784, 0.6657059838740124, 0.681717696547261, 0.6981724623664957, 0.7101979305552947], 'val_f1': [0.4908001951953568, 0.5414632940875049, 0.5768866894468682, 0.6025278893925679, 0.625291373858977, 0.6410375578692014, 0.6607917906386664, 0.67494937826867, 0.6899060828525356, 0.7003970226081128], 'val_mae': [0.49835122953536154, 0.45510298260954046, 0.4210561958234831, 0.39575945626477543, 0.37258580293819654, 0.3556630131098216, 0.3342940161259876, 0.31828230345273906, 0.30182753763350434, 0.28980206944470527], 'jsd': [(0, 0, 0, 0, 0, 0, 0, 0, 0, 0, 0, 0.0207208396239082, 0.31127812445913283, 0.31127812445913283, 0.31127812445913283, 0.11009182675183558, 0.31127812445913283, 0.31127812445913283, 0.31127812445913283, 0.0037024515418363386, 0.31127812445913283, 0.31127812445913283, 0.31127812445913283, 0.31127812445913283, 0.0037024515418363386, 0.31127812445913283, 0.31127812445913283, 0.0350583482647871, 0.31127812445913283, 0.31127812445913283, 0.31127812445913283, 0, 0, 0, 0, 0, 0, 0, 0, 0), (0, 0, 0, 0, 0, 0, 0, 0, 0, 0, 0, 0.0207208396239082, 0.31127812445913283, 0.31127812445913283, 0.31127812445913283, 0.06548833004089114, 0.0014939931791539789, 0.31127812445913283, 0.07310400793180982, 0, 0.1711038312803313, 0.31127812445913283, 0, 0.007299156760473963, 0.015085156698935967, 0.0207208396239082, 0.16395604408354778, 0.0350583482647871, 0.31127812445913283, 0.31127812445913283, 0.16395604408354778, 0, 0, 0, 0, 0, 0, 0, 0, 0), (0.0207208396239082, 0.16395604408354778, 0.31127812445913283, 0.09922267539827352, 0.11009182675183558, 0.18850340411986471, 0.09328462323031235, 0.11009182675183558, 0.010396593705431272, 0.10481597017296576, 0.05400884513974839, 0.1711038312803313, 0.042041899344894246, 0.31127812445913283, 0.31127812445913283, 0.31127812445913283, 0.31127812445913283, 0.07310400793180982, 0.31127812445913283, 0.07310400793180982, 0.31127812445913283, 0.31127812445913283, 0.00040919789219141973, 0.31127812445913283, 0.31127812445913283, 0.31127812445913283, 0, 0.31127812445913283, 0.11009182675183558, 0.31127812445913283, 0.07310400793180982, 0.31127812445913283, 0.0487949406953985, 0.06149937804507184, 0.31127812445913283, 0, 0.00040919789219141973, 0.09328462323031235, 0.31127812445913283, 0.09328462323031235), (0.09328462323031235, 0.31127812445913283, 0.2087803925185126, 0.009756534087137225, 0.11385563424028564, 0.013714477705244553, 0.08025594233229469, 0.07310400793180982, 0.03857581598654605, 0.13251817521576753, 0.05253690168806249, 0.19326958066820893, 0.0350583482647871, 0.009756534087137225, 0.31127812445913283, 0.31127812445913283, 0.31127812445913283, 0, 0.31127812445913283, 0.07310400793180982, 0.007299156760473963, 0.0037024515418363386, 0.0002145058924891757, 0.31127812445913283, 0.31127812445913283, 0.11009182675183558, 0.12425601093475921, 0.31127812445913283, 0.17750440524619315, 0.07310400793180982, 0.07310400793180982, 0.31127812445913283, 0.31127812445913283, 0.05738732460549023, 0.011482406826014972, 0.001254883843183478, 0.0002145058924891757, 0.0487949406953985, 0.2227619806994962, 0.0487949406953985), (0, 0, 0, 0, 0, 0, 0, 0, 0, 0, 0, 0.07310400793180982, 0.0018086520489059392, 0.2227619806994962, 0.00822299722902229, 0.07622434155290266, 0.015085156698935967, 0.07310400793180982, 0.05738732460549023, 0.01423921619075233, 0.06660561007005729, 0.0487949406953985, 0.11009182675183558, 0.04105726891831728, 0.07622434155290266, 0.12425601093475921, 0.0207208396239082, 0.0005570970453080571, 0.07310400793180982, 0.004167970681504568, 0.0001877124226694997, 0, 0, 0, 0, 0, 0, 0, 0, 0), (0.009036677434107646, 0.005050449860393488, 0.23305878051279882, 0.014691469621310085, 0.016941071056623243, 0.00822299722902229, 0.06859186091507882, 0.042041899344894246, 0.05655009359654585, 0.03889315594457522, 0.0463685414106319, 0.10206066129537185, 0.02359015854559616, 0.0004999522456092496, 0, 0.31127812445913283, 0.0207208396239082, 0.0008025382728216734, 0.07310400793180982, 0.011482406826014972, 0.31127812445913283, 0.010396593705431272, 0.08111870596083268, 0.31127812445913283, 0.31127812445913283, 0.0207208396239082, 0.0487949406953985, 0.0022344421708708415, 0.2087803925185126, 0.07310400793180982, 0.042041899344894246, 0.20534969973663775, 0.05738732460549023, 0.01274900060462203, 0.16395604408354778, 0.028564156811275485, 0.0008790379110077892, 0.011482406826014972, 0.0207208396239082, 0.006523190206172563), (0, 0, 0, 0, 0, 0, 0, 0, 0, 0, 0, 0.012033410127123681, 0.0037024515418363386, 0.24237412989240623, 0.01717496977609681, 0.016009512159686483, 0.0010689285835955437, 0.11385563424028564, 0.0022344421708708415, 0.07310400793180982, 0.04432065423178154, 0.04674406725931858, 0.09328462323031235, 0.0231107894081813, 0.07529706740701966, 0.039737267151773975, 0.008003048984193635, 0.0017382218522886302, 0.0009214584011009545, 0.036145614849311655, 0.09587355378511578, 0, 0, 0, 0, 0, 0, 0, 0, 0), (0.0061446088533262735, 0.002830694750015385, 0.24844401300050659, 0.04105726891831728, 0.014038937565777093, 0.0014939931791539789, 0.10372355040574062, 0.0037024515418363386, 0.07898885115561567, 0.0031619139529965624, 0.02711041372683346, 0.08697257500448134, 0.010396593705431272, 0.00429810722857266, 0.005050449860393488, 0.0207208396239082, 0.0487949406953985, 0.07850994353170956, 0.05738732460549023, 0.05400884513974839, 0.007299156760473963, 0.005407888490294582, 0.0019359358092692971, 0.2292798117148899, 0.15591489886228305, 0.05253690168806249, 0.011482406826014972, 0.00028867375520897666, 0.03857581598654605, 0.05400884513974839, 0.05400884513974839, 0.2227619806994962, 0.03221357089614439, 0.05738732460549023, 0.002830694750015385, 0.0350583482647871, 0.0008589183281813573, 0.018135571823116266, 0.03600088831260688, 0.11009182675183558), (0, 0, 0, 0, 0, 0, 0, 0, 0, 0, 0, 0.004867022157993568, 0.0022344421708708415, 0.06627146564409989, 0.04031575601199518, 0.007299156760473963, 0, 0.11603915012591684, 0.0003410895898538083, 0.07310400793180982, 0.005050449860393488, 0.02345316312919523, 0.10206066129537185, 0.00402636741089939, 0.01258931793513713, 0.03857581598654605, 0.03328315226577441, 0.003476844487206702, 0.028564156811275485, 0.019295237025311954, 0.03328315226577441, 0, 0, 0, 0, 0, 0, 0, 0, 0), (0, 0, 0, 0, 0, 0, 0, 0, 0, 0, 0, 0.0023839413783587893, 0.005301974832984377, 0.06900910450166178, 0.05207398638601675, 0.004122113616565049, 0.0009214584011009545, 0.10749195315105531, 0.0010689285835955437, 0.07622434155290266, 0.0032712817850098566, 0.004122113616565049, 0.1317293194736727, 0.007867664894852307, 0.012465377054556089, 0.0487949406953985, 0.031896080966716533, 0.0027533280550219065, 0.025140556297286162, 0.05207398638601675, 0.006830658680456639, 0, 0, 0, 0, 0, 0, 0, 0, 0)]}}, 'time': 0.45875072479248047, 'communication_time': 0.35274577140808105}
-0.005972718738504967
client_selector de-activated ❌
Results Aggregated in 0.47 seconds.
{'prostate_logreg': {'train_loss': [0.5600399249624983, 0.6016468952779901, 0.5702010186527062, 0.5704594100966598, 0.5863104959683759, 0.5727163798580266, 0.5686826973738024, 0.5507147053149358, 0.5532411841064574, 0.5546856875558501, 0.5341087337812231], 'train_accuracy': [0.7289719626168224, 0.684931506849315, 0.7129629629629629, 0.706060606060606, 0.6839285714285714, 0.7080808080808081, 0.7122940430925222, 0.7322363500373972, 0.7282608695652174, 0.7263901147396293, 0.753072625698324], 'train_f1': [0.6071188935674917, 0.5550489044874709, 0.5931256310806835, 0.5947146097264723, 0.63425070583722, 0.6470768878614769, 0.6640849669944442, 0.6793253677134566, 0.6985580628803326, 0.699539882748501, 0.716133749847266], 'train_mae': [0.27102803738317754, 0.3150684931506849, 0.28703703703703703, 0.29393939393939394, 0.31607142857142856, 0.2919191919191919, 0.2877059569074778, 0.2677636499626028, 0.2717391304347826, 0.2736098852603707, 0.24692737430167597], 'val_loss': [0.745396485142674, 0.7093681143820256, 0.6801357139171047, 0.6569241923829086, 0.6357613248514671, 0.6202145967739549, 0.6059309661638604, 0.5952095496597409, 0.5860859932212884, 0.5786630734232774, 0.5722287199194842], 'val_accuracy': [0.5016487704646384, 0.5448970173904596, 0.5789438041765169, 0.6042405437352246, 0.6274141970618035, 0.6443369868901784, 0.6657059838740124, 0.681717696547261, 0.6981724623664957, 0.7101979305552947, 0.7197427592218393], 'val_f1': [0.4908001951953568, 0.5414632940875049, 0.5768866894468682, 0.6025278893925679, 0.625291373858977, 0.6410375578692014, 0.6607917906386664, 0.67494937826867, 0.6899060828525356, 0.7003970226081128, 0.7083388145598852], 'val_mae': [0.49835122953536154, 0.45510298260954046, 0.4210561958234831, 0.39575945626477543, 0.37258580293819654, 0.3556630131098216, 0.3342940161259876, 0.31828230345273906, 0.30182753763350434, 0.28980206944470527, 0.2802572407781608], 'jsd': [(0, 0, 0, 0, 0, 0, 0, 0, 0, 0, 0, 0.0207208396239082, 0.31127812445913283, 0.31127812445913283, 0.31127812445913283, 0.11009182675183558, 0.31127812445913283, 0.31127812445913283, 0.31127812445913283, 0.0037024515418363386, 0.31127812445913283, 0.31127812445913283, 0.31127812445913283, 0.31127812445913283, 0.0037024515418363386, 0.31127812445913283, 0.31127812445913283, 0.0350583482647871, 0.31127812445913283, 0.31127812445913283, 0.31127812445913283, 0, 0, 0, 0, 0, 0, 0, 0, 0), (0, 0, 0, 0, 0, 0, 0, 0, 0, 0, 0, 0.0207208396239082, 0.31127812445913283, 0.31127812445913283, 0.31127812445913283, 0.06548833004089114, 0.0014939931791539789, 0.31127812445913283, 0.07310400793180982, 0, 0.1711038312803313, 0.31127812445913283, 0, 0.007299156760473963, 0.015085156698935967, 0.0207208396239082, 0.16395604408354778, 0.0350583482647871, 0.31127812445913283, 0.31127812445913283, 0.16395604408354778, 0, 0, 0, 0, 0, 0, 0, 0, 0), (0.0207208396239082, 0.16395604408354778, 0.31127812445913283, 0.09922267539827352, 0.11009182675183558, 0.18850340411986471, 0.09328462323031235, 0.11009182675183558, 0.010396593705431272, 0.10481597017296576, 0.05400884513974839, 0.1711038312803313, 0.042041899344894246, 0.31127812445913283, 0.31127812445913283, 0.31127812445913283, 0.31127812445913283, 0.07310400793180982, 0.31127812445913283, 0.07310400793180982, 0.31127812445913283, 0.31127812445913283, 0.00040919789219141973, 0.31127812445913283, 0.31127812445913283, 0.31127812445913283, 0, 0.31127812445913283, 0.11009182675183558, 0.31127812445913283, 0.07310400793180982, 0.31127812445913283, 0.0487949406953985, 0.06149937804507184, 0.31127812445913283, 0, 0.00040919789219141973, 0.09328462323031235, 0.31127812445913283, 0.09328462323031235), (0.09328462323031235, 0.31127812445913283, 0.2087803925185126, 0.009756534087137225, 0.11385563424028564, 0.013714477705244553, 0.08025594233229469, 0.07310400793180982, 0.03857581598654605, 0.13251817521576753, 0.05253690168806249, 0.19326958066820893, 0.0350583482647871, 0.009756534087137225, 0.31127812445913283, 0.31127812445913283, 0.31127812445913283, 0, 0.31127812445913283, 0.07310400793180982, 0.007299156760473963, 0.0037024515418363386, 0.0002145058924891757, 0.31127812445913283, 0.31127812445913283, 0.11009182675183558, 0.12425601093475921, 0.31127812445913283, 0.17750440524619315, 0.07310400793180982, 0.07310400793180982, 0.31127812445913283, 0.31127812445913283, 0.05738732460549023, 0.011482406826014972, 0.001254883843183478, 0.0002145058924891757, 0.0487949406953985, 0.2227619806994962, 0.0487949406953985), (0, 0, 0, 0, 0, 0, 0, 0, 0, 0, 0, 0.07310400793180982, 0.0018086520489059392, 0.2227619806994962, 0.00822299722902229, 0.07622434155290266, 0.015085156698935967, 0.07310400793180982, 0.05738732460549023, 0.01423921619075233, 0.06660561007005729, 0.0487949406953985, 0.11009182675183558, 0.04105726891831728, 0.07622434155290266, 0.12425601093475921, 0.0207208396239082, 0.0005570970453080571, 0.07310400793180982, 0.004167970681504568, 0.0001877124226694997, 0, 0, 0, 0, 0, 0, 0, 0, 0), (0.009036677434107646, 0.005050449860393488, 0.23305878051279882, 0.014691469621310085, 0.016941071056623243, 0.00822299722902229, 0.06859186091507882, 0.042041899344894246, 0.05655009359654585, 0.03889315594457522, 0.0463685414106319, 0.10206066129537185, 0.02359015854559616, 0.0004999522456092496, 0, 0.31127812445913283, 0.0207208396239082, 0.0008025382728216734, 0.07310400793180982, 0.011482406826014972, 0.31127812445913283, 0.010396593705431272, 0.08111870596083268, 0.31127812445913283, 0.31127812445913283, 0.0207208396239082, 0.0487949406953985, 0.0022344421708708415, 0.2087803925185126, 0.07310400793180982, 0.042041899344894246, 0.20534969973663775, 0.05738732460549023, 0.01274900060462203, 0.16395604408354778, 0.028564156811275485, 0.0008790379110077892, 0.011482406826014972, 0.0207208396239082, 0.006523190206172563), (0, 0, 0, 0, 0, 0, 0, 0, 0, 0, 0, 0.012033410127123681, 0.0037024515418363386, 0.24237412989240623, 0.01717496977609681, 0.016009512159686483, 0.0010689285835955437, 0.11385563424028564, 0.0022344421708708415, 0.07310400793180982, 0.04432065423178154, 0.04674406725931858, 0.09328462323031235, 0.0231107894081813, 0.07529706740701966, 0.039737267151773975, 0.008003048984193635, 0.0017382218522886302, 0.0009214584011009545, 0.036145614849311655, 0.09587355378511578, 0, 0, 0, 0, 0, 0, 0, 0, 0), (0.0061446088533262735, 0.002830694750015385, 0.24844401300050659, 0.04105726891831728, 0.014038937565777093, 0.0014939931791539789, 0.10372355040574062, 0.0037024515418363386, 0.07898885115561567, 0.0031619139529965624, 0.02711041372683346, 0.08697257500448134, 0.010396593705431272, 0.00429810722857266, 0.005050449860393488, 0.0207208396239082, 0.0487949406953985, 0.07850994353170956, 0.05738732460549023, 0.05400884513974839, 0.007299156760473963, 0.005407888490294582, 0.0019359358092692971, 0.2292798117148899, 0.15591489886228305, 0.05253690168806249, 0.011482406826014972, 0.00028867375520897666, 0.03857581598654605, 0.05400884513974839, 0.05400884513974839, 0.2227619806994962, 0.03221357089614439, 0.05738732460549023, 0.002830694750015385, 0.0350583482647871, 0.0008589183281813573, 0.018135571823116266, 0.03600088831260688, 0.11009182675183558), (0, 0, 0, 0, 0, 0, 0, 0, 0, 0, 0, 0.004867022157993568, 0.0022344421708708415, 0.06627146564409989, 0.04031575601199518, 0.007299156760473963, 0, 0.11603915012591684, 0.0003410895898538083, 0.07310400793180982, 0.005050449860393488, 0.02345316312919523, 0.10206066129537185, 0.00402636741089939, 0.01258931793513713, 0.03857581598654605, 0.03328315226577441, 0.003476844487206702, 0.028564156811275485, 0.019295237025311954, 0.03328315226577441, 0, 0, 0, 0, 0, 0, 0, 0, 0), (0, 0, 0, 0, 0, 0, 0, 0, 0, 0, 0, 0.0023839413783587893, 0.005301974832984377, 0.06900910450166178, 0.05207398638601675, 0.004122113616565049, 0.0009214584011009545, 0.10749195315105531, 0.0010689285835955437, 0.07622434155290266, 0.0032712817850098566, 0.004122113616565049, 0.1317293194736727, 0.007867664894852307, 0.012465377054556089, 0.0487949406953985, 0.031896080966716533, 0.0027533280550219065, 0.025140556297286162, 0.05207398638601675, 0.006830658680456639, 0, 0, 0, 0, 0, 0, 0, 0, 0), (0.0032712817850098566, 8.906807913130425e-05, 0.06056140150705616, 0.06859186091507882, 0.005572828884914387, 0.0023839413783587893, 0.11746492658590664, 0.0002145058924891757, 0.025317841727168493, 0.00030471608277718963, 0.004084476320002462, 0.14070293888931446, 0.03254945726919092, 0.004167970681504568, 0.004727398383200621, 0.011482406826014972, 0.0487949406953985, 0.07744908453819253, 0.19094034698434098, 0.05738732460549023, 0.009756534087137225, 0.009036677434107646, 0.013949306965373928, 0.07622434155290266, 0.11009182675183558, 0.0487949406953985, 0.0037024515418363386, 0.009335040408067166, 0.0487949406953985, 0.027910215332363916, 0.0010689285835955437, 0.23646636812449032, 0.0350583482647871, 0.045824702319694016, 0.007299156760473963, 0.041276480022850906, 0.007299156760473963, 0.0022344421708708415, 0.05026059016936166, 0.010149344670410294)]}}
AdaptationManager: Configuring next round...
{'client_registry': {'enabled': True, 'params': {}}, 'client_selector': {'enabled': True, 'params': {'selection_strategy': 'Resource-Based', 'selection_criteria': 'CPU', 'selection_value': 2}}, 'client_cluster': {'enabled': False, 'params': {}}, 'message_compressor': {'enabled': False, 'params': {}}, 'model_co-versioning_registry': {'enabled': False, 'params': {}}, 'multi-task_model_trainer': {'enabled': False, 'params': {}}, 'heterogeneous_data_handler': {'enabled': False, 'params': {}}}
{'client_selector': {'enabled': False}, 'client_cluster': {'enabled': False}, 'message_compressor': {'enabled': False}, 'model_co-versioning_registry': {'enabled': False}, 'multi-task_model_trainer': {'enabled': False}, 'heterogeneous_data_handler': {'enabled': False}, 'client_registry': {'enabled': True, 'params': {}}}
{'model_type': 'prostate_logreg', 'metrics': {'prostate_logreg': {'train_loss': [0.5600399249624983, 0.6016468952779901, 0.5702010186527062, 0.5704594100966598, 0.5863104959683759, 0.5727163798580266, 0.5686826973738024, 0.5507147053149358, 0.5532411841064574, 0.5546856875558501, 0.5341087337812231], 'train_accuracy': [0.7289719626168224, 0.684931506849315, 0.7129629629629629, 0.706060606060606, 0.6839285714285714, 0.7080808080808081, 0.7122940430925222, 0.7322363500373972, 0.7282608695652174, 0.7263901147396293, 0.753072625698324], 'train_f1': [0.6071188935674917, 0.5550489044874709, 0.5931256310806835, 0.5947146097264723, 0.63425070583722, 0.6470768878614769, 0.6640849669944442, 0.6793253677134566, 0.6985580628803326, 0.699539882748501, 0.716133749847266], 'train_mae': [0.27102803738317754, 0.3150684931506849, 0.28703703703703703, 0.29393939393939394, 0.31607142857142856, 0.2919191919191919, 0.2877059569074778, 0.2677636499626028, 0.2717391304347826, 0.2736098852603707, 0.24692737430167597], 'val_loss': [0.745396485142674, 0.7093681143820256, 0.6801357139171047, 0.6569241923829086, 0.6357613248514671, 0.6202145967739549, 0.6059309661638604, 0.5952095496597409, 0.5860859932212884, 0.5786630734232774, 0.5722287199194842], 'val_accuracy': [0.5016487704646384, 0.5448970173904596, 0.5789438041765169, 0.6042405437352246, 0.6274141970618035, 0.6443369868901784, 0.6657059838740124, 0.681717696547261, 0.6981724623664957, 0.7101979305552947, 0.7197427592218393], 'val_f1': [0.4908001951953568, 0.5414632940875049, 0.5768866894468682, 0.6025278893925679, 0.625291373858977, 0.6410375578692014, 0.6607917906386664, 0.67494937826867, 0.6899060828525356, 0.7003970226081128, 0.7083388145598852], 'val_mae': [0.49835122953536154, 0.45510298260954046, 0.4210561958234831, 0.39575945626477543, 0.37258580293819654, 0.3556630131098216, 0.3342940161259876, 0.31828230345273906, 0.30182753763350434, 0.28980206944470527, 0.2802572407781608], 'jsd': [(0, 0, 0, 0, 0, 0, 0, 0, 0, 0, 0, 0.0207208396239082, 0.31127812445913283, 0.31127812445913283, 0.31127812445913283, 0.11009182675183558, 0.31127812445913283, 0.31127812445913283, 0.31127812445913283, 0.0037024515418363386, 0.31127812445913283, 0.31127812445913283, 0.31127812445913283, 0.31127812445913283, 0.0037024515418363386, 0.31127812445913283, 0.31127812445913283, 0.0350583482647871, 0.31127812445913283, 0.31127812445913283, 0.31127812445913283, 0, 0, 0, 0, 0, 0, 0, 0, 0), (0, 0, 0, 0, 0, 0, 0, 0, 0, 0, 0, 0.0207208396239082, 0.31127812445913283, 0.31127812445913283, 0.31127812445913283, 0.06548833004089114, 0.0014939931791539789, 0.31127812445913283, 0.07310400793180982, 0, 0.1711038312803313, 0.31127812445913283, 0, 0.007299156760473963, 0.015085156698935967, 0.0207208396239082, 0.16395604408354778, 0.0350583482647871, 0.31127812445913283, 0.31127812445913283, 0.16395604408354778, 0, 0, 0, 0, 0, 0, 0, 0, 0), (0.0207208396239082, 0.16395604408354778, 0.31127812445913283, 0.09922267539827352, 0.11009182675183558, 0.18850340411986471, 0.09328462323031235, 0.11009182675183558, 0.010396593705431272, 0.10481597017296576, 0.05400884513974839, 0.1711038312803313, 0.042041899344894246, 0.31127812445913283, 0.31127812445913283, 0.31127812445913283, 0.31127812445913283, 0.07310400793180982, 0.31127812445913283, 0.07310400793180982, 0.31127812445913283, 0.31127812445913283, 0.00040919789219141973, 0.31127812445913283, 0.31127812445913283, 0.31127812445913283, 0, 0.31127812445913283, 0.11009182675183558, 0.31127812445913283, 0.07310400793180982, 0.31127812445913283, 0.0487949406953985, 0.06149937804507184, 0.31127812445913283, 0, 0.00040919789219141973, 0.09328462323031235, 0.31127812445913283, 0.09328462323031235), (0.09328462323031235, 0.31127812445913283, 0.2087803925185126, 0.009756534087137225, 0.11385563424028564, 0.013714477705244553, 0.08025594233229469, 0.07310400793180982, 0.03857581598654605, 0.13251817521576753, 0.05253690168806249, 0.19326958066820893, 0.0350583482647871, 0.009756534087137225, 0.31127812445913283, 0.31127812445913283, 0.31127812445913283, 0, 0.31127812445913283, 0.07310400793180982, 0.007299156760473963, 0.0037024515418363386, 0.0002145058924891757, 0.31127812445913283, 0.31127812445913283, 0.11009182675183558, 0.12425601093475921, 0.31127812445913283, 0.17750440524619315, 0.07310400793180982, 0.07310400793180982, 0.31127812445913283, 0.31127812445913283, 0.05738732460549023, 0.011482406826014972, 0.001254883843183478, 0.0002145058924891757, 0.0487949406953985, 0.2227619806994962, 0.0487949406953985), (0, 0, 0, 0, 0, 0, 0, 0, 0, 0, 0, 0.07310400793180982, 0.0018086520489059392, 0.2227619806994962, 0.00822299722902229, 0.07622434155290266, 0.015085156698935967, 0.07310400793180982, 0.05738732460549023, 0.01423921619075233, 0.06660561007005729, 0.0487949406953985, 0.11009182675183558, 0.04105726891831728, 0.07622434155290266, 0.12425601093475921, 0.0207208396239082, 0.0005570970453080571, 0.07310400793180982, 0.004167970681504568, 0.0001877124226694997, 0, 0, 0, 0, 0, 0, 0, 0, 0), (0.009036677434107646, 0.005050449860393488, 0.23305878051279882, 0.014691469621310085, 0.016941071056623243, 0.00822299722902229, 0.06859186091507882, 0.042041899344894246, 0.05655009359654585, 0.03889315594457522, 0.0463685414106319, 0.10206066129537185, 0.02359015854559616, 0.0004999522456092496, 0, 0.31127812445913283, 0.0207208396239082, 0.0008025382728216734, 0.07310400793180982, 0.011482406826014972, 0.31127812445913283, 0.010396593705431272, 0.08111870596083268, 0.31127812445913283, 0.31127812445913283, 0.0207208396239082, 0.0487949406953985, 0.0022344421708708415, 0.2087803925185126, 0.07310400793180982, 0.042041899344894246, 0.20534969973663775, 0.05738732460549023, 0.01274900060462203, 0.16395604408354778, 0.028564156811275485, 0.0008790379110077892, 0.011482406826014972, 0.0207208396239082, 0.006523190206172563), (0, 0, 0, 0, 0, 0, 0, 0, 0, 0, 0, 0.012033410127123681, 0.0037024515418363386, 0.24237412989240623, 0.01717496977609681, 0.016009512159686483, 0.0010689285835955437, 0.11385563424028564, 0.0022344421708708415, 0.07310400793180982, 0.04432065423178154, 0.04674406725931858, 0.09328462323031235, 0.0231107894081813, 0.07529706740701966, 0.039737267151773975, 0.008003048984193635, 0.0017382218522886302, 0.0009214584011009545, 0.036145614849311655, 0.09587355378511578, 0, 0, 0, 0, 0, 0, 0, 0, 0), (0.0061446088533262735, 0.002830694750015385, 0.24844401300050659, 0.04105726891831728, 0.014038937565777093, 0.0014939931791539789, 0.10372355040574062, 0.0037024515418363386, 0.07898885115561567, 0.0031619139529965624, 0.02711041372683346, 0.08697257500448134, 0.010396593705431272, 0.00429810722857266, 0.005050449860393488, 0.0207208396239082, 0.0487949406953985, 0.07850994353170956, 0.05738732460549023, 0.05400884513974839, 0.007299156760473963, 0.005407888490294582, 0.0019359358092692971, 0.2292798117148899, 0.15591489886228305, 0.05253690168806249, 0.011482406826014972, 0.00028867375520897666, 0.03857581598654605, 0.05400884513974839, 0.05400884513974839, 0.2227619806994962, 0.03221357089614439, 0.05738732460549023, 0.002830694750015385, 0.0350583482647871, 0.0008589183281813573, 0.018135571823116266, 0.03600088831260688, 0.11009182675183558), (0, 0, 0, 0, 0, 0, 0, 0, 0, 0, 0, 0.004867022157993568, 0.0022344421708708415, 0.06627146564409989, 0.04031575601199518, 0.007299156760473963, 0, 0.11603915012591684, 0.0003410895898538083, 0.07310400793180982, 0.005050449860393488, 0.02345316312919523, 0.10206066129537185, 0.00402636741089939, 0.01258931793513713, 0.03857581598654605, 0.03328315226577441, 0.003476844487206702, 0.028564156811275485, 0.019295237025311954, 0.03328315226577441, 0, 0, 0, 0, 0, 0, 0, 0, 0), (0, 0, 0, 0, 0, 0, 0, 0, 0, 0, 0, 0.0023839413783587893, 0.005301974832984377, 0.06900910450166178, 0.05207398638601675, 0.004122113616565049, 0.0009214584011009545, 0.10749195315105531, 0.0010689285835955437, 0.07622434155290266, 0.0032712817850098566, 0.004122113616565049, 0.1317293194736727, 0.007867664894852307, 0.012465377054556089, 0.0487949406953985, 0.031896080966716533, 0.0027533280550219065, 0.025140556297286162, 0.05207398638601675, 0.006830658680456639, 0, 0, 0, 0, 0, 0, 0, 0, 0), (0.0032712817850098566, 8.906807913130425e-05, 0.06056140150705616, 0.06859186091507882, 0.005572828884914387, 0.0023839413783587893, 0.11746492658590664, 0.0002145058924891757, 0.025317841727168493, 0.00030471608277718963, 0.004084476320002462, 0.14070293888931446, 0.03254945726919092, 0.004167970681504568, 0.004727398383200621, 0.011482406826014972, 0.0487949406953985, 0.07744908453819253, 0.19094034698434098, 0.05738732460549023, 0.009756534087137225, 0.009036677434107646, 0.013949306965373928, 0.07622434155290266, 0.11009182675183558, 0.0487949406953985, 0.0037024515418363386, 0.009335040408067166, 0.0487949406953985, 0.027910215332363916, 0.0010689285835955437, 0.23646636812449032, 0.0350583482647871, 0.045824702319694016, 0.007299156760473963, 0.041276480022850906, 0.007299156760473963, 0.0022344421708708415, 0.05026059016936166, 0.010149344670410294)]}}, 'time': 0.46840834617614746, 'communication_time': 0.46010351181030273}
-0.00569690648502387
client_selector activated ✅
Client Client 1 participates in this round. (CPU: 2, RAM: 2)
Client Client 19 participates in this round. (CPU: 2, RAM: 2)
Client Client 7 participates in this round. (CPU: 2, RAM: 2)
Client Client 6 participates in this round. (CPU: 2, RAM: 2)
Client Client 8 participates in this round. (CPU: 2, RAM: 2)
Client Client 17 participates in this round. (CPU: 2, RAM: 2)
Client Client 20 participates in this round. (CPU: 2, RAM: 2)
Client Client 10 participates in this round. (CPU: 2, RAM: 2)
Client Client 18 participates in this round. (CPU: 2, RAM: 2)
Client Client 4 participates in this round. (CPU: 2, RAM: 2)
Client Client 5 participates in this round. (CPU: 2, RAM: 2)
Client Client 2 participates in this round. (CPU: 2, RAM: 2)
Client Client 13 participates in this round. (CPU: 2, RAM: 2)
Client Client 15 participates in this round. (CPU: 2, RAM: 2)
Client Client 14 participates in this round. (CPU: 2, RAM: 2)
Client Client 3 participates in this round. (CPU: 2, RAM: 2)
Client Client 29 has insufficient CPU (1). Will not participate in the next FL round.
Client Client 9 participates in this round. (CPU: 2, RAM: 2)
Client Client 36 has insufficient CPU (1). Will not participate in the next FL round.
Client Client 39 has insufficient CPU (1). Will not participate in the next FL round.
Client Client 12 participates in this round. (CPU: 2, RAM: 2)
Client Client 31 has insufficient CPU (1). Will not participate in the next FL round.
Client Client 30 has insufficient CPU (1). Will not participate in the next FL round.
Client Client 25 has insufficient CPU (1). Will not participate in the next FL round.
Client Client 23 has insufficient CPU (1). Will not participate in the next FL round.
Client Client 26 has insufficient CPU (1). Will not participate in the next FL round.
Client Client 38 has insufficient CPU (1). Will not participate in the next FL round.
Client Client 37 has insufficient CPU (1). Will not participate in the next FL round.
Client Client 11 participates in this round. (CPU: 2, RAM: 2)
Client Client 40 has insufficient CPU (1). Will not participate in the next FL round.
Client Client 24 has insufficient CPU (1). Will not participate in the next FL round.
Client Client 22 has insufficient CPU (1). Will not participate in the next FL round.
Client Client 16 participates in this round. (CPU: 2, RAM: 2)
Client Client 27 has insufficient CPU (1). Will not participate in the next FL round.
Client Client 28 has insufficient CPU (1). Will not participate in the next FL round.
Client Client 35 has insufficient CPU (1). Will not participate in the next FL round.
Client Client 21 has insufficient CPU (1). Will not participate in the next FL round.
Client Client 34 has insufficient CPU (1). Will not participate in the next FL round.
Client Client 33 has insufficient CPU (1). Will not participate in the next FL round.
Client Client 32 has insufficient CPU (1). Will not participate in the next FL round.
Results Aggregated in 0.47 seconds.
{'prostate_logreg': {'train_loss': [0.5600399249624983, 0.6016468952779901, 0.5702010186527062, 0.5704594100966598, 0.5863104959683759, 0.5727163798580266, 0.5686826973738024, 0.5507147053149358, 0.5532411841064574, 0.5546856875558501, 0.5341087337812231, 0.5479076040187005], 'train_accuracy': [0.7289719626168224, 0.684931506849315, 0.7129629629629629, 0.706060606060606, 0.6839285714285714, 0.7080808080808081, 0.7122940430925222, 0.7322363500373972, 0.7282608695652174, 0.7263901147396293, 0.753072625698324, 0.7306273062730627], 'train_f1': [0.6071188935674917, 0.5550489044874709, 0.5931256310806835, 0.5947146097264723, 0.63425070583722, 0.6470768878614769, 0.6640849669944442, 0.6793253677134566, 0.6985580628803326, 0.699539882748501, 0.716133749847266, 0.7066997855579155], 'train_mae': [0.27102803738317754, 0.3150684931506849, 0.28703703703703703, 0.29393939393939394, 0.31607142857142856, 0.2919191919191919, 0.2877059569074778, 0.2677636499626028, 0.2717391304347826, 0.2736098852603707, 0.24692737430167597, 0.2693726937269373], 'val_loss': [0.745396485142674, 0.7093681143820256, 0.6801357139171047, 0.6569241923829086, 0.6357613248514671, 0.6202145967739549, 0.6059309661638604, 0.5952095496597409, 0.5860859932212884, 0.5786630734232774, 0.5722287199194842, 0.5666309255418804], 'val_accuracy': [0.5016487704646384, 0.5448970173904596, 0.5789438041765169, 0.6042405437352246, 0.6274141970618035, 0.6443369868901784, 0.6657059838740124, 0.681717696547261, 0.6981724623664957, 0.7101979305552947, 0.7197427592218393, 0.7264223652874826], 'val_f1': [0.4908001951953568, 0.5414632940875049, 0.5768866894468682, 0.6025278893925679, 0.625291373858977, 0.6410375578692014, 0.6607917906386664, 0.67494937826867, 0.6899060828525356, 0.7003970226081128, 0.7083388145598852, 0.7137730013275586], 'val_mae': [0.49835122953536154, 0.45510298260954046, 0.4210561958234831, 0.39575945626477543, 0.37258580293819654, 0.3556630131098216, 0.3342940161259876, 0.31828230345273906, 0.30182753763350434, 0.28980206944470527, 0.2802572407781608, 0.27357763471251734], 'jsd': [(0, 0, 0, 0, 0, 0, 0, 0, 0, 0, 0, 0.0207208396239082, 0.31127812445913283, 0.31127812445913283, 0.31127812445913283, 0.11009182675183558, 0.31127812445913283, 0.31127812445913283, 0.31127812445913283, 0.0037024515418363386, 0.31127812445913283, 0.31127812445913283, 0.31127812445913283, 0.31127812445913283, 0.0037024515418363386, 0.31127812445913283, 0.31127812445913283, 0.0350583482647871, 0.31127812445913283, 0.31127812445913283, 0.31127812445913283, 0, 0, 0, 0, 0, 0, 0, 0, 0), (0, 0, 0, 0, 0, 0, 0, 0, 0, 0, 0, 0.0207208396239082, 0.31127812445913283, 0.31127812445913283, 0.31127812445913283, 0.06548833004089114, 0.0014939931791539789, 0.31127812445913283, 0.07310400793180982, 0, 0.1711038312803313, 0.31127812445913283, 0, 0.007299156760473963, 0.015085156698935967, 0.0207208396239082, 0.16395604408354778, 0.0350583482647871, 0.31127812445913283, 0.31127812445913283, 0.16395604408354778, 0, 0, 0, 0, 0, 0, 0, 0, 0), (0.0207208396239082, 0.16395604408354778, 0.31127812445913283, 0.09922267539827352, 0.11009182675183558, 0.18850340411986471, 0.09328462323031235, 0.11009182675183558, 0.010396593705431272, 0.10481597017296576, 0.05400884513974839, 0.1711038312803313, 0.042041899344894246, 0.31127812445913283, 0.31127812445913283, 0.31127812445913283, 0.31127812445913283, 0.07310400793180982, 0.31127812445913283, 0.07310400793180982, 0.31127812445913283, 0.31127812445913283, 0.00040919789219141973, 0.31127812445913283, 0.31127812445913283, 0.31127812445913283, 0, 0.31127812445913283, 0.11009182675183558, 0.31127812445913283, 0.07310400793180982, 0.31127812445913283, 0.0487949406953985, 0.06149937804507184, 0.31127812445913283, 0, 0.00040919789219141973, 0.09328462323031235, 0.31127812445913283, 0.09328462323031235), (0.09328462323031235, 0.31127812445913283, 0.2087803925185126, 0.009756534087137225, 0.11385563424028564, 0.013714477705244553, 0.08025594233229469, 0.07310400793180982, 0.03857581598654605, 0.13251817521576753, 0.05253690168806249, 0.19326958066820893, 0.0350583482647871, 0.009756534087137225, 0.31127812445913283, 0.31127812445913283, 0.31127812445913283, 0, 0.31127812445913283, 0.07310400793180982, 0.007299156760473963, 0.0037024515418363386, 0.0002145058924891757, 0.31127812445913283, 0.31127812445913283, 0.11009182675183558, 0.12425601093475921, 0.31127812445913283, 0.17750440524619315, 0.07310400793180982, 0.07310400793180982, 0.31127812445913283, 0.31127812445913283, 0.05738732460549023, 0.011482406826014972, 0.001254883843183478, 0.0002145058924891757, 0.0487949406953985, 0.2227619806994962, 0.0487949406953985), (0, 0, 0, 0, 0, 0, 0, 0, 0, 0, 0, 0.07310400793180982, 0.0018086520489059392, 0.2227619806994962, 0.00822299722902229, 0.07622434155290266, 0.015085156698935967, 0.07310400793180982, 0.05738732460549023, 0.01423921619075233, 0.06660561007005729, 0.0487949406953985, 0.11009182675183558, 0.04105726891831728, 0.07622434155290266, 0.12425601093475921, 0.0207208396239082, 0.0005570970453080571, 0.07310400793180982, 0.004167970681504568, 0.0001877124226694997, 0, 0, 0, 0, 0, 0, 0, 0, 0), (0.009036677434107646, 0.005050449860393488, 0.23305878051279882, 0.014691469621310085, 0.016941071056623243, 0.00822299722902229, 0.06859186091507882, 0.042041899344894246, 0.05655009359654585, 0.03889315594457522, 0.0463685414106319, 0.10206066129537185, 0.02359015854559616, 0.0004999522456092496, 0, 0.31127812445913283, 0.0207208396239082, 0.0008025382728216734, 0.07310400793180982, 0.011482406826014972, 0.31127812445913283, 0.010396593705431272, 0.08111870596083268, 0.31127812445913283, 0.31127812445913283, 0.0207208396239082, 0.0487949406953985, 0.0022344421708708415, 0.2087803925185126, 0.07310400793180982, 0.042041899344894246, 0.20534969973663775, 0.05738732460549023, 0.01274900060462203, 0.16395604408354778, 0.028564156811275485, 0.0008790379110077892, 0.011482406826014972, 0.0207208396239082, 0.006523190206172563), (0, 0, 0, 0, 0, 0, 0, 0, 0, 0, 0, 0.012033410127123681, 0.0037024515418363386, 0.24237412989240623, 0.01717496977609681, 0.016009512159686483, 0.0010689285835955437, 0.11385563424028564, 0.0022344421708708415, 0.07310400793180982, 0.04432065423178154, 0.04674406725931858, 0.09328462323031235, 0.0231107894081813, 0.07529706740701966, 0.039737267151773975, 0.008003048984193635, 0.0017382218522886302, 0.0009214584011009545, 0.036145614849311655, 0.09587355378511578, 0, 0, 0, 0, 0, 0, 0, 0, 0), (0.0061446088533262735, 0.002830694750015385, 0.24844401300050659, 0.04105726891831728, 0.014038937565777093, 0.0014939931791539789, 0.10372355040574062, 0.0037024515418363386, 0.07898885115561567, 0.0031619139529965624, 0.02711041372683346, 0.08697257500448134, 0.010396593705431272, 0.00429810722857266, 0.005050449860393488, 0.0207208396239082, 0.0487949406953985, 0.07850994353170956, 0.05738732460549023, 0.05400884513974839, 0.007299156760473963, 0.005407888490294582, 0.0019359358092692971, 0.2292798117148899, 0.15591489886228305, 0.05253690168806249, 0.011482406826014972, 0.00028867375520897666, 0.03857581598654605, 0.05400884513974839, 0.05400884513974839, 0.2227619806994962, 0.03221357089614439, 0.05738732460549023, 0.002830694750015385, 0.0350583482647871, 0.0008589183281813573, 0.018135571823116266, 0.03600088831260688, 0.11009182675183558), (0, 0, 0, 0, 0, 0, 0, 0, 0, 0, 0, 0.004867022157993568, 0.0022344421708708415, 0.06627146564409989, 0.04031575601199518, 0.007299156760473963, 0, 0.11603915012591684, 0.0003410895898538083, 0.07310400793180982, 0.005050449860393488, 0.02345316312919523, 0.10206066129537185, 0.00402636741089939, 0.01258931793513713, 0.03857581598654605, 0.03328315226577441, 0.003476844487206702, 0.028564156811275485, 0.019295237025311954, 0.03328315226577441, 0, 0, 0, 0, 0, 0, 0, 0, 0), (0, 0, 0, 0, 0, 0, 0, 0, 0, 0, 0, 0.0023839413783587893, 0.005301974832984377, 0.06900910450166178, 0.05207398638601675, 0.004122113616565049, 0.0009214584011009545, 0.10749195315105531, 0.0010689285835955437, 0.07622434155290266, 0.0032712817850098566, 0.004122113616565049, 0.1317293194736727, 0.007867664894852307, 0.012465377054556089, 0.0487949406953985, 0.031896080966716533, 0.0027533280550219065, 0.025140556297286162, 0.05207398638601675, 0.006830658680456639, 0, 0, 0, 0, 0, 0, 0, 0, 0), (0.0032712817850098566, 8.906807913130425e-05, 0.06056140150705616, 0.06859186091507882, 0.005572828884914387, 0.0023839413783587893, 0.11746492658590664, 0.0002145058924891757, 0.025317841727168493, 0.00030471608277718963, 0.004084476320002462, 0.14070293888931446, 0.03254945726919092, 0.004167970681504568, 0.004727398383200621, 0.011482406826014972, 0.0487949406953985, 0.07744908453819253, 0.19094034698434098, 0.05738732460549023, 0.009756534087137225, 0.009036677434107646, 0.013949306965373928, 0.07622434155290266, 0.11009182675183558, 0.0487949406953985, 0.0037024515418363386, 0.009335040408067166, 0.0487949406953985, 0.027910215332363916, 0.0010689285835955437, 0.23646636812449032, 0.0350583482647871, 0.045824702319694016, 0.007299156760473963, 0.041276480022850906, 0.007299156760473963, 0.0022344421708708415, 0.05026059016936166, 0.010149344670410294), (0, 0, 0, 0, 0, 0, 0, 0, 0, 0, 0, 0.0016626576184457752, 0.0006767219177472479, 0.06149937804507184, 0.06502539038278278, 0.008723329471708632, 0.00036176918093652755, 0.09555361251896813, 0.0001877124226694997, 0.023795695918608258, 0.0010160633509259717, 0.006963639137030152, 0.15058560986911712, 0.007775948452200233, 0.01286900199539727, 0.03634284572901042, 0.015297775930101544, 0.006963639137030152, 0.0006767219177472479, 0.04746468216969184, 0, 0, 0, 0, 0, 0, 0, 0, 0, 0)]}}
AdaptationManager: Configuring next round...
{'client_registry': {'enabled': True, 'params': {}}, 'client_selector': {'enabled': True, 'params': {'selection_strategy': 'Resource-Based', 'selection_criteria': 'CPU', 'selection_value': 2}}, 'client_cluster': {'enabled': False, 'params': {}}, 'message_compressor': {'enabled': False, 'params': {}}, 'model_co-versioning_registry': {'enabled': False, 'params': {}}, 'multi-task_model_trainer': {'enabled': False, 'params': {}}, 'heterogeneous_data_handler': {'enabled': False, 'params': {}}}
{'client_selector': {'enabled': True}, 'client_cluster': {'enabled': False}, 'message_compressor': {'enabled': False}, 'model_co-versioning_registry': {'enabled': False}, 'multi-task_model_trainer': {'enabled': False}, 'heterogeneous_data_handler': {'enabled': False}, 'client_registry': {'enabled': True, 'params': {}}}
{'model_type': 'prostate_logreg', 'metrics': {'prostate_logreg': {'train_loss': [0.5600399249624983, 0.6016468952779901, 0.5702010186527062, 0.5704594100966598, 0.5863104959683759, 0.5727163798580266, 0.5686826973738024, 0.5507147053149358, 0.5532411841064574, 0.5546856875558501, 0.5341087337812231, 0.5479076040187005], 'train_accuracy': [0.7289719626168224, 0.684931506849315, 0.7129629629629629, 0.706060606060606, 0.6839285714285714, 0.7080808080808081, 0.7122940430925222, 0.7322363500373972, 0.7282608695652174, 0.7263901147396293, 0.753072625698324, 0.7306273062730627], 'train_f1': [0.6071188935674917, 0.5550489044874709, 0.5931256310806835, 0.5947146097264723, 0.63425070583722, 0.6470768878614769, 0.6640849669944442, 0.6793253677134566, 0.6985580628803326, 0.699539882748501, 0.716133749847266, 0.7066997855579155], 'train_mae': [0.27102803738317754, 0.3150684931506849, 0.28703703703703703, 0.29393939393939394, 0.31607142857142856, 0.2919191919191919, 0.2877059569074778, 0.2677636499626028, 0.2717391304347826, 0.2736098852603707, 0.24692737430167597, 0.2693726937269373], 'val_loss': [0.745396485142674, 0.7093681143820256, 0.6801357139171047, 0.6569241923829086, 0.6357613248514671, 0.6202145967739549, 0.6059309661638604, 0.5952095496597409, 0.5860859932212884, 0.5786630734232774, 0.5722287199194842, 0.5666309255418804], 'val_accuracy': [0.5016487704646384, 0.5448970173904596, 0.5789438041765169, 0.6042405437352246, 0.6274141970618035, 0.6443369868901784, 0.6657059838740124, 0.681717696547261, 0.6981724623664957, 0.7101979305552947, 0.7197427592218393, 0.7264223652874826], 'val_f1': [0.4908001951953568, 0.5414632940875049, 0.5768866894468682, 0.6025278893925679, 0.625291373858977, 0.6410375578692014, 0.6607917906386664, 0.67494937826867, 0.6899060828525356, 0.7003970226081128, 0.7083388145598852, 0.7137730013275586], 'val_mae': [0.49835122953536154, 0.45510298260954046, 0.4210561958234831, 0.39575945626477543, 0.37258580293819654, 0.3556630131098216, 0.3342940161259876, 0.31828230345273906, 0.30182753763350434, 0.28980206944470527, 0.2802572407781608, 0.27357763471251734], 'jsd': [(0, 0, 0, 0, 0, 0, 0, 0, 0, 0, 0, 0.0207208396239082, 0.31127812445913283, 0.31127812445913283, 0.31127812445913283, 0.11009182675183558, 0.31127812445913283, 0.31127812445913283, 0.31127812445913283, 0.0037024515418363386, 0.31127812445913283, 0.31127812445913283, 0.31127812445913283, 0.31127812445913283, 0.0037024515418363386, 0.31127812445913283, 0.31127812445913283, 0.0350583482647871, 0.31127812445913283, 0.31127812445913283, 0.31127812445913283, 0, 0, 0, 0, 0, 0, 0, 0, 0), (0, 0, 0, 0, 0, 0, 0, 0, 0, 0, 0, 0.0207208396239082, 0.31127812445913283, 0.31127812445913283, 0.31127812445913283, 0.06548833004089114, 0.0014939931791539789, 0.31127812445913283, 0.07310400793180982, 0, 0.1711038312803313, 0.31127812445913283, 0, 0.007299156760473963, 0.015085156698935967, 0.0207208396239082, 0.16395604408354778, 0.0350583482647871, 0.31127812445913283, 0.31127812445913283, 0.16395604408354778, 0, 0, 0, 0, 0, 0, 0, 0, 0), (0.0207208396239082, 0.16395604408354778, 0.31127812445913283, 0.09922267539827352, 0.11009182675183558, 0.18850340411986471, 0.09328462323031235, 0.11009182675183558, 0.010396593705431272, 0.10481597017296576, 0.05400884513974839, 0.1711038312803313, 0.042041899344894246, 0.31127812445913283, 0.31127812445913283, 0.31127812445913283, 0.31127812445913283, 0.07310400793180982, 0.31127812445913283, 0.07310400793180982, 0.31127812445913283, 0.31127812445913283, 0.00040919789219141973, 0.31127812445913283, 0.31127812445913283, 0.31127812445913283, 0, 0.31127812445913283, 0.11009182675183558, 0.31127812445913283, 0.07310400793180982, 0.31127812445913283, 0.0487949406953985, 0.06149937804507184, 0.31127812445913283, 0, 0.00040919789219141973, 0.09328462323031235, 0.31127812445913283, 0.09328462323031235), (0.09328462323031235, 0.31127812445913283, 0.2087803925185126, 0.009756534087137225, 0.11385563424028564, 0.013714477705244553, 0.08025594233229469, 0.07310400793180982, 0.03857581598654605, 0.13251817521576753, 0.05253690168806249, 0.19326958066820893, 0.0350583482647871, 0.009756534087137225, 0.31127812445913283, 0.31127812445913283, 0.31127812445913283, 0, 0.31127812445913283, 0.07310400793180982, 0.007299156760473963, 0.0037024515418363386, 0.0002145058924891757, 0.31127812445913283, 0.31127812445913283, 0.11009182675183558, 0.12425601093475921, 0.31127812445913283, 0.17750440524619315, 0.07310400793180982, 0.07310400793180982, 0.31127812445913283, 0.31127812445913283, 0.05738732460549023, 0.011482406826014972, 0.001254883843183478, 0.0002145058924891757, 0.0487949406953985, 0.2227619806994962, 0.0487949406953985), (0, 0, 0, 0, 0, 0, 0, 0, 0, 0, 0, 0.07310400793180982, 0.0018086520489059392, 0.2227619806994962, 0.00822299722902229, 0.07622434155290266, 0.015085156698935967, 0.07310400793180982, 0.05738732460549023, 0.01423921619075233, 0.06660561007005729, 0.0487949406953985, 0.11009182675183558, 0.04105726891831728, 0.07622434155290266, 0.12425601093475921, 0.0207208396239082, 0.0005570970453080571, 0.07310400793180982, 0.004167970681504568, 0.0001877124226694997, 0, 0, 0, 0, 0, 0, 0, 0, 0), (0.009036677434107646, 0.005050449860393488, 0.23305878051279882, 0.014691469621310085, 0.016941071056623243, 0.00822299722902229, 0.06859186091507882, 0.042041899344894246, 0.05655009359654585, 0.03889315594457522, 0.0463685414106319, 0.10206066129537185, 0.02359015854559616, 0.0004999522456092496, 0, 0.31127812445913283, 0.0207208396239082, 0.0008025382728216734, 0.07310400793180982, 0.011482406826014972, 0.31127812445913283, 0.010396593705431272, 0.08111870596083268, 0.31127812445913283, 0.31127812445913283, 0.0207208396239082, 0.0487949406953985, 0.0022344421708708415, 0.2087803925185126, 0.07310400793180982, 0.042041899344894246, 0.20534969973663775, 0.05738732460549023, 0.01274900060462203, 0.16395604408354778, 0.028564156811275485, 0.0008790379110077892, 0.011482406826014972, 0.0207208396239082, 0.006523190206172563), (0, 0, 0, 0, 0, 0, 0, 0, 0, 0, 0, 0.012033410127123681, 0.0037024515418363386, 0.24237412989240623, 0.01717496977609681, 0.016009512159686483, 0.0010689285835955437, 0.11385563424028564, 0.0022344421708708415, 0.07310400793180982, 0.04432065423178154, 0.04674406725931858, 0.09328462323031235, 0.0231107894081813, 0.07529706740701966, 0.039737267151773975, 0.008003048984193635, 0.0017382218522886302, 0.0009214584011009545, 0.036145614849311655, 0.09587355378511578, 0, 0, 0, 0, 0, 0, 0, 0, 0), (0.0061446088533262735, 0.002830694750015385, 0.24844401300050659, 0.04105726891831728, 0.014038937565777093, 0.0014939931791539789, 0.10372355040574062, 0.0037024515418363386, 0.07898885115561567, 0.0031619139529965624, 0.02711041372683346, 0.08697257500448134, 0.010396593705431272, 0.00429810722857266, 0.005050449860393488, 0.0207208396239082, 0.0487949406953985, 0.07850994353170956, 0.05738732460549023, 0.05400884513974839, 0.007299156760473963, 0.005407888490294582, 0.0019359358092692971, 0.2292798117148899, 0.15591489886228305, 0.05253690168806249, 0.011482406826014972, 0.00028867375520897666, 0.03857581598654605, 0.05400884513974839, 0.05400884513974839, 0.2227619806994962, 0.03221357089614439, 0.05738732460549023, 0.002830694750015385, 0.0350583482647871, 0.0008589183281813573, 0.018135571823116266, 0.03600088831260688, 0.11009182675183558), (0, 0, 0, 0, 0, 0, 0, 0, 0, 0, 0, 0.004867022157993568, 0.0022344421708708415, 0.06627146564409989, 0.04031575601199518, 0.007299156760473963, 0, 0.11603915012591684, 0.0003410895898538083, 0.07310400793180982, 0.005050449860393488, 0.02345316312919523, 0.10206066129537185, 0.00402636741089939, 0.01258931793513713, 0.03857581598654605, 0.03328315226577441, 0.003476844487206702, 0.028564156811275485, 0.019295237025311954, 0.03328315226577441, 0, 0, 0, 0, 0, 0, 0, 0, 0), (0, 0, 0, 0, 0, 0, 0, 0, 0, 0, 0, 0.0023839413783587893, 0.005301974832984377, 0.06900910450166178, 0.05207398638601675, 0.004122113616565049, 0.0009214584011009545, 0.10749195315105531, 0.0010689285835955437, 0.07622434155290266, 0.0032712817850098566, 0.004122113616565049, 0.1317293194736727, 0.007867664894852307, 0.012465377054556089, 0.0487949406953985, 0.031896080966716533, 0.0027533280550219065, 0.025140556297286162, 0.05207398638601675, 0.006830658680456639, 0, 0, 0, 0, 0, 0, 0, 0, 0), (0.0032712817850098566, 8.906807913130425e-05, 0.06056140150705616, 0.06859186091507882, 0.005572828884914387, 0.0023839413783587893, 0.11746492658590664, 0.0002145058924891757, 0.025317841727168493, 0.00030471608277718963, 0.004084476320002462, 0.14070293888931446, 0.03254945726919092, 0.004167970681504568, 0.004727398383200621, 0.011482406826014972, 0.0487949406953985, 0.07744908453819253, 0.19094034698434098, 0.05738732460549023, 0.009756534087137225, 0.009036677434107646, 0.013949306965373928, 0.07622434155290266, 0.11009182675183558, 0.0487949406953985, 0.0037024515418363386, 0.009335040408067166, 0.0487949406953985, 0.027910215332363916, 0.0010689285835955437, 0.23646636812449032, 0.0350583482647871, 0.045824702319694016, 0.007299156760473963, 0.041276480022850906, 0.007299156760473963, 0.0022344421708708415, 0.05026059016936166, 0.010149344670410294), (0, 0, 0, 0, 0, 0, 0, 0, 0, 0, 0, 0.0016626576184457752, 0.0006767219177472479, 0.06149937804507184, 0.06502539038278278, 0.008723329471708632, 0.00036176918093652755, 0.09555361251896813, 0.0001877124226694997, 0.023795695918608258, 0.0010160633509259717, 0.006963639137030152, 0.15058560986911712, 0.007775948452200233, 0.01286900199539727, 0.03634284572901042, 0.015297775930101544, 0.006963639137030152, 0.0006767219177472479, 0.04746468216969184, 0, 0, 0, 0, 0, 0, 0, 0, 0, 0)]}}, 'time': 0.46740245819091797, 'communication_time': 0.33075618743896484}
-0.0053148467049439485
client_selector de-activated ❌
Results Aggregated in 0.53 seconds.
{'prostate_logreg': {'train_loss': [0.5600399249624983, 0.6016468952779901, 0.5702010186527062, 0.5704594100966598, 0.5863104959683759, 0.5727163798580266, 0.5686826973738024, 0.5507147053149358, 0.5532411841064574, 0.5546856875558501, 0.5341087337812231, 0.5479076040187005, 0.5293239387966787], 'train_accuracy': [0.7289719626168224, 0.684931506849315, 0.7129629629629629, 0.706060606060606, 0.6839285714285714, 0.7080808080808081, 0.7122940430925222, 0.7322363500373972, 0.7282608695652174, 0.7263901147396293, 0.753072625698324, 0.7306273062730627, 0.7586044318717586], 'train_f1': [0.6071188935674917, 0.5550489044874709, 0.5931256310806835, 0.5947146097264723, 0.63425070583722, 0.6470768878614769, 0.6640849669944442, 0.6793253677134566, 0.6985580628803326, 0.699539882748501, 0.716133749847266, 0.7066997855579155, 0.7254829982180996], 'train_mae': [0.27102803738317754, 0.3150684931506849, 0.28703703703703703, 0.29393939393939394, 0.31607142857142856, 0.2919191919191919, 0.2877059569074778, 0.2677636499626028, 0.2717391304347826, 0.2736098852603707, 0.24692737430167597, 0.2693726937269373, 0.2413955681282414], 'val_loss': [0.745396485142674, 0.7093681143820256, 0.6801357139171047, 0.6569241923829086, 0.6357613248514671, 0.6202145967739549, 0.6059309661638604, 0.5952095496597409, 0.5860859932212884, 0.5786630734232774, 0.5722287199194842, 0.5666309255418804, 0.5626046010529353], 'val_accuracy': [0.5016487704646384, 0.5448970173904596, 0.5789438041765169, 0.6042405437352246, 0.6274141970618035, 0.6443369868901784, 0.6657059838740124, 0.681717696547261, 0.6981724623664957, 0.7101979305552947, 0.7197427592218393, 0.7264223652874826, 0.7298042874196234], 'val_f1': [0.4908001951953568, 0.5414632940875049, 0.5768866894468682, 0.6025278893925679, 0.625291373858977, 0.6410375578692014, 0.6607917906386664, 0.67494937826867, 0.6899060828525356, 0.7003970226081128, 0.7083388145598852, 0.7137730013275586, 0.7158328282496349], 'val_mae': [0.49835122953536154, 0.45510298260954046, 0.4210561958234831, 0.39575945626477543, 0.37258580293819654, 0.3556630131098216, 0.3342940161259876, 0.31828230345273906, 0.30182753763350434, 0.28980206944470527, 0.2802572407781608, 0.27357763471251734, 0.27019571258037656], 'jsd': [(0, 0, 0, 0, 0, 0, 0, 0, 0, 0, 0, 0.0207208396239082, 0.31127812445913283, 0.31127812445913283, 0.31127812445913283, 0.11009182675183558, 0.31127812445913283, 0.31127812445913283, 0.31127812445913283, 0.0037024515418363386, 0.31127812445913283, 0.31127812445913283, 0.31127812445913283, 0.31127812445913283, 0.0037024515418363386, 0.31127812445913283, 0.31127812445913283, 0.0350583482647871, 0.31127812445913283, 0.31127812445913283, 0.31127812445913283, 0, 0, 0, 0, 0, 0, 0, 0, 0), (0, 0, 0, 0, 0, 0, 0, 0, 0, 0, 0, 0.0207208396239082, 0.31127812445913283, 0.31127812445913283, 0.31127812445913283, 0.06548833004089114, 0.0014939931791539789, 0.31127812445913283, 0.07310400793180982, 0, 0.1711038312803313, 0.31127812445913283, 0, 0.007299156760473963, 0.015085156698935967, 0.0207208396239082, 0.16395604408354778, 0.0350583482647871, 0.31127812445913283, 0.31127812445913283, 0.16395604408354778, 0, 0, 0, 0, 0, 0, 0, 0, 0), (0.0207208396239082, 0.16395604408354778, 0.31127812445913283, 0.09922267539827352, 0.11009182675183558, 0.18850340411986471, 0.09328462323031235, 0.11009182675183558, 0.010396593705431272, 0.10481597017296576, 0.05400884513974839, 0.1711038312803313, 0.042041899344894246, 0.31127812445913283, 0.31127812445913283, 0.31127812445913283, 0.31127812445913283, 0.07310400793180982, 0.31127812445913283, 0.07310400793180982, 0.31127812445913283, 0.31127812445913283, 0.00040919789219141973, 0.31127812445913283, 0.31127812445913283, 0.31127812445913283, 0, 0.31127812445913283, 0.11009182675183558, 0.31127812445913283, 0.07310400793180982, 0.31127812445913283, 0.0487949406953985, 0.06149937804507184, 0.31127812445913283, 0, 0.00040919789219141973, 0.09328462323031235, 0.31127812445913283, 0.09328462323031235), (0.09328462323031235, 0.31127812445913283, 0.2087803925185126, 0.009756534087137225, 0.11385563424028564, 0.013714477705244553, 0.08025594233229469, 0.07310400793180982, 0.03857581598654605, 0.13251817521576753, 0.05253690168806249, 0.19326958066820893, 0.0350583482647871, 0.009756534087137225, 0.31127812445913283, 0.31127812445913283, 0.31127812445913283, 0, 0.31127812445913283, 0.07310400793180982, 0.007299156760473963, 0.0037024515418363386, 0.0002145058924891757, 0.31127812445913283, 0.31127812445913283, 0.11009182675183558, 0.12425601093475921, 0.31127812445913283, 0.17750440524619315, 0.07310400793180982, 0.07310400793180982, 0.31127812445913283, 0.31127812445913283, 0.05738732460549023, 0.011482406826014972, 0.001254883843183478, 0.0002145058924891757, 0.0487949406953985, 0.2227619806994962, 0.0487949406953985), (0, 0, 0, 0, 0, 0, 0, 0, 0, 0, 0, 0.07310400793180982, 0.0018086520489059392, 0.2227619806994962, 0.00822299722902229, 0.07622434155290266, 0.015085156698935967, 0.07310400793180982, 0.05738732460549023, 0.01423921619075233, 0.06660561007005729, 0.0487949406953985, 0.11009182675183558, 0.04105726891831728, 0.07622434155290266, 0.12425601093475921, 0.0207208396239082, 0.0005570970453080571, 0.07310400793180982, 0.004167970681504568, 0.0001877124226694997, 0, 0, 0, 0, 0, 0, 0, 0, 0), (0.009036677434107646, 0.005050449860393488, 0.23305878051279882, 0.014691469621310085, 0.016941071056623243, 0.00822299722902229, 0.06859186091507882, 0.042041899344894246, 0.05655009359654585, 0.03889315594457522, 0.0463685414106319, 0.10206066129537185, 0.02359015854559616, 0.0004999522456092496, 0, 0.31127812445913283, 0.0207208396239082, 0.0008025382728216734, 0.07310400793180982, 0.011482406826014972, 0.31127812445913283, 0.010396593705431272, 0.08111870596083268, 0.31127812445913283, 0.31127812445913283, 0.0207208396239082, 0.0487949406953985, 0.0022344421708708415, 0.2087803925185126, 0.07310400793180982, 0.042041899344894246, 0.20534969973663775, 0.05738732460549023, 0.01274900060462203, 0.16395604408354778, 0.028564156811275485, 0.0008790379110077892, 0.011482406826014972, 0.0207208396239082, 0.006523190206172563), (0, 0, 0, 0, 0, 0, 0, 0, 0, 0, 0, 0.012033410127123681, 0.0037024515418363386, 0.24237412989240623, 0.01717496977609681, 0.016009512159686483, 0.0010689285835955437, 0.11385563424028564, 0.0022344421708708415, 0.07310400793180982, 0.04432065423178154, 0.04674406725931858, 0.09328462323031235, 0.0231107894081813, 0.07529706740701966, 0.039737267151773975, 0.008003048984193635, 0.0017382218522886302, 0.0009214584011009545, 0.036145614849311655, 0.09587355378511578, 0, 0, 0, 0, 0, 0, 0, 0, 0), (0.0061446088533262735, 0.002830694750015385, 0.24844401300050659, 0.04105726891831728, 0.014038937565777093, 0.0014939931791539789, 0.10372355040574062, 0.0037024515418363386, 0.07898885115561567, 0.0031619139529965624, 0.02711041372683346, 0.08697257500448134, 0.010396593705431272, 0.00429810722857266, 0.005050449860393488, 0.0207208396239082, 0.0487949406953985, 0.07850994353170956, 0.05738732460549023, 0.05400884513974839, 0.007299156760473963, 0.005407888490294582, 0.0019359358092692971, 0.2292798117148899, 0.15591489886228305, 0.05253690168806249, 0.011482406826014972, 0.00028867375520897666, 0.03857581598654605, 0.05400884513974839, 0.05400884513974839, 0.2227619806994962, 0.03221357089614439, 0.05738732460549023, 0.002830694750015385, 0.0350583482647871, 0.0008589183281813573, 0.018135571823116266, 0.03600088831260688, 0.11009182675183558), (0, 0, 0, 0, 0, 0, 0, 0, 0, 0, 0, 0.004867022157993568, 0.0022344421708708415, 0.06627146564409989, 0.04031575601199518, 0.007299156760473963, 0, 0.11603915012591684, 0.0003410895898538083, 0.07310400793180982, 0.005050449860393488, 0.02345316312919523, 0.10206066129537185, 0.00402636741089939, 0.01258931793513713, 0.03857581598654605, 0.03328315226577441, 0.003476844487206702, 0.028564156811275485, 0.019295237025311954, 0.03328315226577441, 0, 0, 0, 0, 0, 0, 0, 0, 0), (0, 0, 0, 0, 0, 0, 0, 0, 0, 0, 0, 0.0023839413783587893, 0.005301974832984377, 0.06900910450166178, 0.05207398638601675, 0.004122113616565049, 0.0009214584011009545, 0.10749195315105531, 0.0010689285835955437, 0.07622434155290266, 0.0032712817850098566, 0.004122113616565049, 0.1317293194736727, 0.007867664894852307, 0.012465377054556089, 0.0487949406953985, 0.031896080966716533, 0.0027533280550219065, 0.025140556297286162, 0.05207398638601675, 0.006830658680456639, 0, 0, 0, 0, 0, 0, 0, 0, 0), (0.0032712817850098566, 8.906807913130425e-05, 0.06056140150705616, 0.06859186091507882, 0.005572828884914387, 0.0023839413783587893, 0.11746492658590664, 0.0002145058924891757, 0.025317841727168493, 0.00030471608277718963, 0.004084476320002462, 0.14070293888931446, 0.03254945726919092, 0.004167970681504568, 0.004727398383200621, 0.011482406826014972, 0.0487949406953985, 0.07744908453819253, 0.19094034698434098, 0.05738732460549023, 0.009756534087137225, 0.009036677434107646, 0.013949306965373928, 0.07622434155290266, 0.11009182675183558, 0.0487949406953985, 0.0037024515418363386, 0.009335040408067166, 0.0487949406953985, 0.027910215332363916, 0.0010689285835955437, 0.23646636812449032, 0.0350583482647871, 0.045824702319694016, 0.007299156760473963, 0.041276480022850906, 0.007299156760473963, 0.0022344421708708415, 0.05026059016936166, 0.010149344670410294), (0, 0, 0, 0, 0, 0, 0, 0, 0, 0, 0, 0.0016626576184457752, 0.0006767219177472479, 0.06149937804507184, 0.06502539038278278, 0.008723329471708632, 0.00036176918093652755, 0.09555361251896813, 0.0001877124226694997, 0.023795695918608258, 0.0010160633509259717, 0.006963639137030152, 0.15058560986911712, 0.007775948452200233, 0.01286900199539727, 0.03634284572901042, 0.015297775930101544, 0.006963639137030152, 0.0006767219177472479, 0.04746468216969184, 0, 0, 0, 0, 0, 0, 0, 0, 0, 0), (0.0014191336441856193, 0.00057833776936193, 0.0487949406953985, 0.06679086162879758, 0.005269516232494085, 0, 0.0912236531918895, 0.0025061505903558393, 0.04657205098437532, 0.006963639137030152, 8.16481194098554e-05, 0.1399942004868045, 0.0014072060559221049, 0.005865051239364611, 0.05171298000558475, 0.025509910978289904, 0.0487949406953985, 0.0454498512923588, 0.20534969973663775, 0.06322393781435344, 0.0207208396239082, 0.0024479765006755194, 0.0029530155390121333, 0.02276859998040022, 0.12745428142147208, 0.029569159854620865, 0.0026078279567117203, 0.006523190206172563, 0.004816452941871073, 0.015588395748542892, 0.0001877124226694997, 0.24616505675524458, 0.027910215332363916, 0.0016400534037116603, 0.03302877414247969, 0.015678504950564255, 0.00402636741089939, 6.420633961127121e-05, 0.05129937439493795, 0)]}}
AdaptationManager: Configuring next round...
{'client_registry': {'enabled': True, 'params': {}}, 'client_selector': {'enabled': True, 'params': {'selection_strategy': 'Resource-Based', 'selection_criteria': 'CPU', 'selection_value': 2}}, 'client_cluster': {'enabled': False, 'params': {}}, 'message_compressor': {'enabled': False, 'params': {}}, 'model_co-versioning_registry': {'enabled': False, 'params': {}}, 'multi-task_model_trainer': {'enabled': False, 'params': {}}, 'heterogeneous_data_handler': {'enabled': False, 'params': {}}}
{'client_selector': {'enabled': False}, 'client_cluster': {'enabled': False}, 'message_compressor': {'enabled': False}, 'model_co-versioning_registry': {'enabled': False}, 'multi-task_model_trainer': {'enabled': False}, 'heterogeneous_data_handler': {'enabled': False}, 'client_registry': {'enabled': True, 'params': {}}}
{'model_type': 'prostate_logreg', 'metrics': {'prostate_logreg': {'train_loss': [0.5600399249624983, 0.6016468952779901, 0.5702010186527062, 0.5704594100966598, 0.5863104959683759, 0.5727163798580266, 0.5686826973738024, 0.5507147053149358, 0.5532411841064574, 0.5546856875558501, 0.5341087337812231, 0.5479076040187005, 0.5293239387966787], 'train_accuracy': [0.7289719626168224, 0.684931506849315, 0.7129629629629629, 0.706060606060606, 0.6839285714285714, 0.7080808080808081, 0.7122940430925222, 0.7322363500373972, 0.7282608695652174, 0.7263901147396293, 0.753072625698324, 0.7306273062730627, 0.7586044318717586], 'train_f1': [0.6071188935674917, 0.5550489044874709, 0.5931256310806835, 0.5947146097264723, 0.63425070583722, 0.6470768878614769, 0.6640849669944442, 0.6793253677134566, 0.6985580628803326, 0.699539882748501, 0.716133749847266, 0.7066997855579155, 0.7254829982180996], 'train_mae': [0.27102803738317754, 0.3150684931506849, 0.28703703703703703, 0.29393939393939394, 0.31607142857142856, 0.2919191919191919, 0.2877059569074778, 0.2677636499626028, 0.2717391304347826, 0.2736098852603707, 0.24692737430167597, 0.2693726937269373, 0.2413955681282414], 'val_loss': [0.745396485142674, 0.7093681143820256, 0.6801357139171047, 0.6569241923829086, 0.6357613248514671, 0.6202145967739549, 0.6059309661638604, 0.5952095496597409, 0.5860859932212884, 0.5786630734232774, 0.5722287199194842, 0.5666309255418804, 0.5626046010529353], 'val_accuracy': [0.5016487704646384, 0.5448970173904596, 0.5789438041765169, 0.6042405437352246, 0.6274141970618035, 0.6443369868901784, 0.6657059838740124, 0.681717696547261, 0.6981724623664957, 0.7101979305552947, 0.7197427592218393, 0.7264223652874826, 0.7298042874196234], 'val_f1': [0.4908001951953568, 0.5414632940875049, 0.5768866894468682, 0.6025278893925679, 0.625291373858977, 0.6410375578692014, 0.6607917906386664, 0.67494937826867, 0.6899060828525356, 0.7003970226081128, 0.7083388145598852, 0.7137730013275586, 0.7158328282496349], 'val_mae': [0.49835122953536154, 0.45510298260954046, 0.4210561958234831, 0.39575945626477543, 0.37258580293819654, 0.3556630131098216, 0.3342940161259876, 0.31828230345273906, 0.30182753763350434, 0.28980206944470527, 0.2802572407781608, 0.27357763471251734, 0.27019571258037656], 'jsd': [(0, 0, 0, 0, 0, 0, 0, 0, 0, 0, 0, 0.0207208396239082, 0.31127812445913283, 0.31127812445913283, 0.31127812445913283, 0.11009182675183558, 0.31127812445913283, 0.31127812445913283, 0.31127812445913283, 0.0037024515418363386, 0.31127812445913283, 0.31127812445913283, 0.31127812445913283, 0.31127812445913283, 0.0037024515418363386, 0.31127812445913283, 0.31127812445913283, 0.0350583482647871, 0.31127812445913283, 0.31127812445913283, 0.31127812445913283, 0, 0, 0, 0, 0, 0, 0, 0, 0), (0, 0, 0, 0, 0, 0, 0, 0, 0, 0, 0, 0.0207208396239082, 0.31127812445913283, 0.31127812445913283, 0.31127812445913283, 0.06548833004089114, 0.0014939931791539789, 0.31127812445913283, 0.07310400793180982, 0, 0.1711038312803313, 0.31127812445913283, 0, 0.007299156760473963, 0.015085156698935967, 0.0207208396239082, 0.16395604408354778, 0.0350583482647871, 0.31127812445913283, 0.31127812445913283, 0.16395604408354778, 0, 0, 0, 0, 0, 0, 0, 0, 0), (0.0207208396239082, 0.16395604408354778, 0.31127812445913283, 0.09922267539827352, 0.11009182675183558, 0.18850340411986471, 0.09328462323031235, 0.11009182675183558, 0.010396593705431272, 0.10481597017296576, 0.05400884513974839, 0.1711038312803313, 0.042041899344894246, 0.31127812445913283, 0.31127812445913283, 0.31127812445913283, 0.31127812445913283, 0.07310400793180982, 0.31127812445913283, 0.07310400793180982, 0.31127812445913283, 0.31127812445913283, 0.00040919789219141973, 0.31127812445913283, 0.31127812445913283, 0.31127812445913283, 0, 0.31127812445913283, 0.11009182675183558, 0.31127812445913283, 0.07310400793180982, 0.31127812445913283, 0.0487949406953985, 0.06149937804507184, 0.31127812445913283, 0, 0.00040919789219141973, 0.09328462323031235, 0.31127812445913283, 0.09328462323031235), (0.09328462323031235, 0.31127812445913283, 0.2087803925185126, 0.009756534087137225, 0.11385563424028564, 0.013714477705244553, 0.08025594233229469, 0.07310400793180982, 0.03857581598654605, 0.13251817521576753, 0.05253690168806249, 0.19326958066820893, 0.0350583482647871, 0.009756534087137225, 0.31127812445913283, 0.31127812445913283, 0.31127812445913283, 0, 0.31127812445913283, 0.07310400793180982, 0.007299156760473963, 0.0037024515418363386, 0.0002145058924891757, 0.31127812445913283, 0.31127812445913283, 0.11009182675183558, 0.12425601093475921, 0.31127812445913283, 0.17750440524619315, 0.07310400793180982, 0.07310400793180982, 0.31127812445913283, 0.31127812445913283, 0.05738732460549023, 0.011482406826014972, 0.001254883843183478, 0.0002145058924891757, 0.0487949406953985, 0.2227619806994962, 0.0487949406953985), (0, 0, 0, 0, 0, 0, 0, 0, 0, 0, 0, 0.07310400793180982, 0.0018086520489059392, 0.2227619806994962, 0.00822299722902229, 0.07622434155290266, 0.015085156698935967, 0.07310400793180982, 0.05738732460549023, 0.01423921619075233, 0.06660561007005729, 0.0487949406953985, 0.11009182675183558, 0.04105726891831728, 0.07622434155290266, 0.12425601093475921, 0.0207208396239082, 0.0005570970453080571, 0.07310400793180982, 0.004167970681504568, 0.0001877124226694997, 0, 0, 0, 0, 0, 0, 0, 0, 0), (0.009036677434107646, 0.005050449860393488, 0.23305878051279882, 0.014691469621310085, 0.016941071056623243, 0.00822299722902229, 0.06859186091507882, 0.042041899344894246, 0.05655009359654585, 0.03889315594457522, 0.0463685414106319, 0.10206066129537185, 0.02359015854559616, 0.0004999522456092496, 0, 0.31127812445913283, 0.0207208396239082, 0.0008025382728216734, 0.07310400793180982, 0.011482406826014972, 0.31127812445913283, 0.010396593705431272, 0.08111870596083268, 0.31127812445913283, 0.31127812445913283, 0.0207208396239082, 0.0487949406953985, 0.0022344421708708415, 0.2087803925185126, 0.07310400793180982, 0.042041899344894246, 0.20534969973663775, 0.05738732460549023, 0.01274900060462203, 0.16395604408354778, 0.028564156811275485, 0.0008790379110077892, 0.011482406826014972, 0.0207208396239082, 0.006523190206172563), (0, 0, 0, 0, 0, 0, 0, 0, 0, 0, 0, 0.012033410127123681, 0.0037024515418363386, 0.24237412989240623, 0.01717496977609681, 0.016009512159686483, 0.0010689285835955437, 0.11385563424028564, 0.0022344421708708415, 0.07310400793180982, 0.04432065423178154, 0.04674406725931858, 0.09328462323031235, 0.0231107894081813, 0.07529706740701966, 0.039737267151773975, 0.008003048984193635, 0.0017382218522886302, 0.0009214584011009545, 0.036145614849311655, 0.09587355378511578, 0, 0, 0, 0, 0, 0, 0, 0, 0), (0.0061446088533262735, 0.002830694750015385, 0.24844401300050659, 0.04105726891831728, 0.014038937565777093, 0.0014939931791539789, 0.10372355040574062, 0.0037024515418363386, 0.07898885115561567, 0.0031619139529965624, 0.02711041372683346, 0.08697257500448134, 0.010396593705431272, 0.00429810722857266, 0.005050449860393488, 0.0207208396239082, 0.0487949406953985, 0.07850994353170956, 0.05738732460549023, 0.05400884513974839, 0.007299156760473963, 0.005407888490294582, 0.0019359358092692971, 0.2292798117148899, 0.15591489886228305, 0.05253690168806249, 0.011482406826014972, 0.00028867375520897666, 0.03857581598654605, 0.05400884513974839, 0.05400884513974839, 0.2227619806994962, 0.03221357089614439, 0.05738732460549023, 0.002830694750015385, 0.0350583482647871, 0.0008589183281813573, 0.018135571823116266, 0.03600088831260688, 0.11009182675183558), (0, 0, 0, 0, 0, 0, 0, 0, 0, 0, 0, 0.004867022157993568, 0.0022344421708708415, 0.06627146564409989, 0.04031575601199518, 0.007299156760473963, 0, 0.11603915012591684, 0.0003410895898538083, 0.07310400793180982, 0.005050449860393488, 0.02345316312919523, 0.10206066129537185, 0.00402636741089939, 0.01258931793513713, 0.03857581598654605, 0.03328315226577441, 0.003476844487206702, 0.028564156811275485, 0.019295237025311954, 0.03328315226577441, 0, 0, 0, 0, 0, 0, 0, 0, 0), (0, 0, 0, 0, 0, 0, 0, 0, 0, 0, 0, 0.0023839413783587893, 0.005301974832984377, 0.06900910450166178, 0.05207398638601675, 0.004122113616565049, 0.0009214584011009545, 0.10749195315105531, 0.0010689285835955437, 0.07622434155290266, 0.0032712817850098566, 0.004122113616565049, 0.1317293194736727, 0.007867664894852307, 0.012465377054556089, 0.0487949406953985, 0.031896080966716533, 0.0027533280550219065, 0.025140556297286162, 0.05207398638601675, 0.006830658680456639, 0, 0, 0, 0, 0, 0, 0, 0, 0), (0.0032712817850098566, 8.906807913130425e-05, 0.06056140150705616, 0.06859186091507882, 0.005572828884914387, 0.0023839413783587893, 0.11746492658590664, 0.0002145058924891757, 0.025317841727168493, 0.00030471608277718963, 0.004084476320002462, 0.14070293888931446, 0.03254945726919092, 0.004167970681504568, 0.004727398383200621, 0.011482406826014972, 0.0487949406953985, 0.07744908453819253, 0.19094034698434098, 0.05738732460549023, 0.009756534087137225, 0.009036677434107646, 0.013949306965373928, 0.07622434155290266, 0.11009182675183558, 0.0487949406953985, 0.0037024515418363386, 0.009335040408067166, 0.0487949406953985, 0.027910215332363916, 0.0010689285835955437, 0.23646636812449032, 0.0350583482647871, 0.045824702319694016, 0.007299156760473963, 0.041276480022850906, 0.007299156760473963, 0.0022344421708708415, 0.05026059016936166, 0.010149344670410294), (0, 0, 0, 0, 0, 0, 0, 0, 0, 0, 0, 0.0016626576184457752, 0.0006767219177472479, 0.06149937804507184, 0.06502539038278278, 0.008723329471708632, 0.00036176918093652755, 0.09555361251896813, 0.0001877124226694997, 0.023795695918608258, 0.0010160633509259717, 0.006963639137030152, 0.15058560986911712, 0.007775948452200233, 0.01286900199539727, 0.03634284572901042, 0.015297775930101544, 0.006963639137030152, 0.0006767219177472479, 0.04746468216969184, 0, 0, 0, 0, 0, 0, 0, 0, 0, 0), (0.0014191336441856193, 0.00057833776936193, 0.0487949406953985, 0.06679086162879758, 0.005269516232494085, 0, 0.0912236531918895, 0.0025061505903558393, 0.04657205098437532, 0.006963639137030152, 8.16481194098554e-05, 0.1399942004868045, 0.0014072060559221049, 0.005865051239364611, 0.05171298000558475, 0.025509910978289904, 0.0487949406953985, 0.0454498512923588, 0.20534969973663775, 0.06322393781435344, 0.0207208396239082, 0.0024479765006755194, 0.0029530155390121333, 0.02276859998040022, 0.12745428142147208, 0.029569159854620865, 0.0026078279567117203, 0.006523190206172563, 0.004816452941871073, 0.015588395748542892, 0.0001877124226694997, 0.24616505675524458, 0.027910215332363916, 0.0016400534037116603, 0.03302877414247969, 0.015678504950564255, 0.00402636741089939, 6.420633961127121e-05, 0.05129937439493795, 0)]}}, 'time': 0.5340518951416016, 'communication_time': 0.48743581771850586}
-0.005836618276761019
client_selector activated ✅
Client Client 7 participates in this round. (CPU: 2, RAM: 2)
Client Client 15 participates in this round. (CPU: 2, RAM: 2)
Client Client 2 participates in this round. (CPU: 2, RAM: 2)
Client Client 11 participates in this round. (CPU: 2, RAM: 2)
Client Client 13 participates in this round. (CPU: 2, RAM: 2)
Client Client 19 participates in this round. (CPU: 2, RAM: 2)
Client Client 12 participates in this round. (CPU: 2, RAM: 2)
Client Client 5 participates in this round. (CPU: 2, RAM: 2)
Client Client 38 has insufficient CPU (1). Will not participate in the next FL round.
Client Client 33 has insufficient CPU (1). Will not participate in the next FL round.
Client Client 18 participates in this round. (CPU: 2, RAM: 2)
Client Client 3 participates in this round. (CPU: 2, RAM: 2)
Client Client 1 participates in this round. (CPU: 2, RAM: 2)
Client Client 14 participates in this round. (CPU: 2, RAM: 2)
Client Client 6 participates in this round. (CPU: 2, RAM: 2)
Client Client 8 participates in this round. (CPU: 2, RAM: 2)
Client Client 27 has insufficient CPU (1). Will not participate in the next FL round.
Client Client 17 participates in this round. (CPU: 2, RAM: 2)
Client Client 9 participates in this round. (CPU: 2, RAM: 2)
Client Client 20 participates in this round. (CPU: 2, RAM: 2)
Client Client 21 has insufficient CPU (1). Will not participate in the next FL round.
Client Client 30 has insufficient CPU (1). Will not participate in the next FL round.
Client Client 39 has insufficient CPU (1). Will not participate in the next FL round.
Client Client 25 has insufficient CPU (1). Will not participate in the next FL round.
Client Client 28 has insufficient CPU (1). Will not participate in the next FL round.
Client Client 35 has insufficient CPU (1). Will not participate in the next FL round.
Client Client 34 has insufficient CPU (1). Will not participate in the next FL round.
Client Client 22 has insufficient CPU (1). Will not participate in the next FL round.
Client Client 4 participates in this round. (CPU: 2, RAM: 2)
Client Client 37 has insufficient CPU (1). Will not participate in the next FL round.
Client Client 10 participates in this round. (CPU: 2, RAM: 2)
Client Client 29 has insufficient CPU (1). Will not participate in the next FL round.
Client Client 36 has insufficient CPU (1). Will not participate in the next FL round.
Client Client 16 participates in this round. (CPU: 2, RAM: 2)
Client Client 31 has insufficient CPU (1). Will not participate in the next FL round.
Client Client 32 has insufficient CPU (1). Will not participate in the next FL round.
Client Client 26 has insufficient CPU (1). Will not participate in the next FL round.
Client Client 40 has insufficient CPU (1). Will not participate in the next FL round.
Client Client 24 has insufficient CPU (1). Will not participate in the next FL round.
Client Client 23 has insufficient CPU (1). Will not participate in the next FL round.
Results Aggregated in 0.47 seconds.
{'prostate_logreg': {'train_loss': [0.5600399249624983, 0.6016468952779901, 0.5702010186527062, 0.5704594100966598, 0.5863104959683759, 0.5727163798580266, 0.5686826973738024, 0.5507147053149358, 0.5532411841064574, 0.5546856875558501, 0.5341087337812231, 0.5479076040187005, 0.5293239387966787, 0.5378000147523188], 'train_accuracy': [0.7289719626168224, 0.684931506849315, 0.7129629629629629, 0.706060606060606, 0.6839285714285714, 0.7080808080808081, 0.7122940430925222, 0.7322363500373972, 0.7282608695652174, 0.7263901147396293, 0.753072625698324, 0.7306273062730627, 0.7586044318717586, 0.7444794952681388], 'train_f1': [0.6071188935674917, 0.5550489044874709, 0.5931256310806835, 0.5947146097264723, 0.63425070583722, 0.6470768878614769, 0.6640849669944442, 0.6793253677134566, 0.6985580628803326, 0.699539882748501, 0.716133749847266, 0.7066997855579155, 0.7254829982180996, 0.7211182975075676], 'train_mae': [0.27102803738317754, 0.3150684931506849, 0.28703703703703703, 0.29393939393939394, 0.31607142857142856, 0.2919191919191919, 0.2877059569074778, 0.2677636499626028, 0.2717391304347826, 0.2736098852603707, 0.24692737430167597, 0.2693726937269373, 0.2413955681282414, 0.2555205047318612], 'val_loss': [0.745396485142674, 0.7093681143820256, 0.6801357139171047, 0.6569241923829086, 0.6357613248514671, 0.6202145967739549, 0.6059309661638604, 0.5952095496597409, 0.5860859932212884, 0.5786630734232774, 0.5722287199194842, 0.5666309255418804, 0.5626046010529353, 0.5577253344571225], 'val_accuracy': [0.5016487704646384, 0.5448970173904596, 0.5789438041765169, 0.6042405437352246, 0.6274141970618035, 0.6443369868901784, 0.6657059838740124, 0.681717696547261, 0.6981724623664957, 0.7101979305552947, 0.7197427592218393, 0.7264223652874826, 0.7298042874196234, 0.7351388236346957], 'val_f1': [0.4908001951953568, 0.5414632940875049, 0.5768866894468682, 0.6025278893925679, 0.625291373858977, 0.6410375578692014, 0.6607917906386664, 0.67494937826867, 0.6899060828525356, 0.7003970226081128, 0.7083388145598852, 0.7137730013275586, 0.7158328282496349, 0.7202458775795818], 'val_mae': [0.49835122953536154, 0.45510298260954046, 0.4210561958234831, 0.39575945626477543, 0.37258580293819654, 0.3556630131098216, 0.3342940161259876, 0.31828230345273906, 0.30182753763350434, 0.28980206944470527, 0.2802572407781608, 0.27357763471251734, 0.27019571258037656, 0.26486117636530415], 'jsd': [(0, 0, 0, 0, 0, 0, 0, 0, 0, 0, 0, 0.0207208396239082, 0.31127812445913283, 0.31127812445913283, 0.31127812445913283, 0.11009182675183558, 0.31127812445913283, 0.31127812445913283, 0.31127812445913283, 0.0037024515418363386, 0.31127812445913283, 0.31127812445913283, 0.31127812445913283, 0.31127812445913283, 0.0037024515418363386, 0.31127812445913283, 0.31127812445913283, 0.0350583482647871, 0.31127812445913283, 0.31127812445913283, 0.31127812445913283, 0, 0, 0, 0, 0, 0, 0, 0, 0), (0, 0, 0, 0, 0, 0, 0, 0, 0, 0, 0, 0.0207208396239082, 0.31127812445913283, 0.31127812445913283, 0.31127812445913283, 0.06548833004089114, 0.0014939931791539789, 0.31127812445913283, 0.07310400793180982, 0, 0.1711038312803313, 0.31127812445913283, 0, 0.007299156760473963, 0.015085156698935967, 0.0207208396239082, 0.16395604408354778, 0.0350583482647871, 0.31127812445913283, 0.31127812445913283, 0.16395604408354778, 0, 0, 0, 0, 0, 0, 0, 0, 0), (0.0207208396239082, 0.16395604408354778, 0.31127812445913283, 0.09922267539827352, 0.11009182675183558, 0.18850340411986471, 0.09328462323031235, 0.11009182675183558, 0.010396593705431272, 0.10481597017296576, 0.05400884513974839, 0.1711038312803313, 0.042041899344894246, 0.31127812445913283, 0.31127812445913283, 0.31127812445913283, 0.31127812445913283, 0.07310400793180982, 0.31127812445913283, 0.07310400793180982, 0.31127812445913283, 0.31127812445913283, 0.00040919789219141973, 0.31127812445913283, 0.31127812445913283, 0.31127812445913283, 0, 0.31127812445913283, 0.11009182675183558, 0.31127812445913283, 0.07310400793180982, 0.31127812445913283, 0.0487949406953985, 0.06149937804507184, 0.31127812445913283, 0, 0.00040919789219141973, 0.09328462323031235, 0.31127812445913283, 0.09328462323031235), (0.09328462323031235, 0.31127812445913283, 0.2087803925185126, 0.009756534087137225, 0.11385563424028564, 0.013714477705244553, 0.08025594233229469, 0.07310400793180982, 0.03857581598654605, 0.13251817521576753, 0.05253690168806249, 0.19326958066820893, 0.0350583482647871, 0.009756534087137225, 0.31127812445913283, 0.31127812445913283, 0.31127812445913283, 0, 0.31127812445913283, 0.07310400793180982, 0.007299156760473963, 0.0037024515418363386, 0.0002145058924891757, 0.31127812445913283, 0.31127812445913283, 0.11009182675183558, 0.12425601093475921, 0.31127812445913283, 0.17750440524619315, 0.07310400793180982, 0.07310400793180982, 0.31127812445913283, 0.31127812445913283, 0.05738732460549023, 0.011482406826014972, 0.001254883843183478, 0.0002145058924891757, 0.0487949406953985, 0.2227619806994962, 0.0487949406953985), (0, 0, 0, 0, 0, 0, 0, 0, 0, 0, 0, 0.07310400793180982, 0.0018086520489059392, 0.2227619806994962, 0.00822299722902229, 0.07622434155290266, 0.015085156698935967, 0.07310400793180982, 0.05738732460549023, 0.01423921619075233, 0.06660561007005729, 0.0487949406953985, 0.11009182675183558, 0.04105726891831728, 0.07622434155290266, 0.12425601093475921, 0.0207208396239082, 0.0005570970453080571, 0.07310400793180982, 0.004167970681504568, 0.0001877124226694997, 0, 0, 0, 0, 0, 0, 0, 0, 0), (0.009036677434107646, 0.005050449860393488, 0.23305878051279882, 0.014691469621310085, 0.016941071056623243, 0.00822299722902229, 0.06859186091507882, 0.042041899344894246, 0.05655009359654585, 0.03889315594457522, 0.0463685414106319, 0.10206066129537185, 0.02359015854559616, 0.0004999522456092496, 0, 0.31127812445913283, 0.0207208396239082, 0.0008025382728216734, 0.07310400793180982, 0.011482406826014972, 0.31127812445913283, 0.010396593705431272, 0.08111870596083268, 0.31127812445913283, 0.31127812445913283, 0.0207208396239082, 0.0487949406953985, 0.0022344421708708415, 0.2087803925185126, 0.07310400793180982, 0.042041899344894246, 0.20534969973663775, 0.05738732460549023, 0.01274900060462203, 0.16395604408354778, 0.028564156811275485, 0.0008790379110077892, 0.011482406826014972, 0.0207208396239082, 0.006523190206172563), (0, 0, 0, 0, 0, 0, 0, 0, 0, 0, 0, 0.012033410127123681, 0.0037024515418363386, 0.24237412989240623, 0.01717496977609681, 0.016009512159686483, 0.0010689285835955437, 0.11385563424028564, 0.0022344421708708415, 0.07310400793180982, 0.04432065423178154, 0.04674406725931858, 0.09328462323031235, 0.0231107894081813, 0.07529706740701966, 0.039737267151773975, 0.008003048984193635, 0.0017382218522886302, 0.0009214584011009545, 0.036145614849311655, 0.09587355378511578, 0, 0, 0, 0, 0, 0, 0, 0, 0), (0.0061446088533262735, 0.002830694750015385, 0.24844401300050659, 0.04105726891831728, 0.014038937565777093, 0.0014939931791539789, 0.10372355040574062, 0.0037024515418363386, 0.07898885115561567, 0.0031619139529965624, 0.02711041372683346, 0.08697257500448134, 0.010396593705431272, 0.00429810722857266, 0.005050449860393488, 0.0207208396239082, 0.0487949406953985, 0.07850994353170956, 0.05738732460549023, 0.05400884513974839, 0.007299156760473963, 0.005407888490294582, 0.0019359358092692971, 0.2292798117148899, 0.15591489886228305, 0.05253690168806249, 0.011482406826014972, 0.00028867375520897666, 0.03857581598654605, 0.05400884513974839, 0.05400884513974839, 0.2227619806994962, 0.03221357089614439, 0.05738732460549023, 0.002830694750015385, 0.0350583482647871, 0.0008589183281813573, 0.018135571823116266, 0.03600088831260688, 0.11009182675183558), (0, 0, 0, 0, 0, 0, 0, 0, 0, 0, 0, 0.004867022157993568, 0.0022344421708708415, 0.06627146564409989, 0.04031575601199518, 0.007299156760473963, 0, 0.11603915012591684, 0.0003410895898538083, 0.07310400793180982, 0.005050449860393488, 0.02345316312919523, 0.10206066129537185, 0.00402636741089939, 0.01258931793513713, 0.03857581598654605, 0.03328315226577441, 0.003476844487206702, 0.028564156811275485, 0.019295237025311954, 0.03328315226577441, 0, 0, 0, 0, 0, 0, 0, 0, 0), (0, 0, 0, 0, 0, 0, 0, 0, 0, 0, 0, 0.0023839413783587893, 0.005301974832984377, 0.06900910450166178, 0.05207398638601675, 0.004122113616565049, 0.0009214584011009545, 0.10749195315105531, 0.0010689285835955437, 0.07622434155290266, 0.0032712817850098566, 0.004122113616565049, 0.1317293194736727, 0.007867664894852307, 0.012465377054556089, 0.0487949406953985, 0.031896080966716533, 0.0027533280550219065, 0.025140556297286162, 0.05207398638601675, 0.006830658680456639, 0, 0, 0, 0, 0, 0, 0, 0, 0), (0.0032712817850098566, 8.906807913130425e-05, 0.06056140150705616, 0.06859186091507882, 0.005572828884914387, 0.0023839413783587893, 0.11746492658590664, 0.0002145058924891757, 0.025317841727168493, 0.00030471608277718963, 0.004084476320002462, 0.14070293888931446, 0.03254945726919092, 0.004167970681504568, 0.004727398383200621, 0.011482406826014972, 0.0487949406953985, 0.07744908453819253, 0.19094034698434098, 0.05738732460549023, 0.009756534087137225, 0.009036677434107646, 0.013949306965373928, 0.07622434155290266, 0.11009182675183558, 0.0487949406953985, 0.0037024515418363386, 0.009335040408067166, 0.0487949406953985, 0.027910215332363916, 0.0010689285835955437, 0.23646636812449032, 0.0350583482647871, 0.045824702319694016, 0.007299156760473963, 0.041276480022850906, 0.007299156760473963, 0.0022344421708708415, 0.05026059016936166, 0.010149344670410294), (0, 0, 0, 0, 0, 0, 0, 0, 0, 0, 0, 0.0016626576184457752, 0.0006767219177472479, 0.06149937804507184, 0.06502539038278278, 0.008723329471708632, 0.00036176918093652755, 0.09555361251896813, 0.0001877124226694997, 0.023795695918608258, 0.0010160633509259717, 0.006963639137030152, 0.15058560986911712, 0.007775948452200233, 0.01286900199539727, 0.03634284572901042, 0.015297775930101544, 0.006963639137030152, 0.0006767219177472479, 0.04746468216969184, 0, 0, 0, 0, 0, 0, 0, 0, 0, 0), (0.0014191336441856193, 0.00057833776936193, 0.0487949406953985, 0.06679086162879758, 0.005269516232494085, 0, 0.0912236531918895, 0.0025061505903558393, 0.04657205098437532, 0.006963639137030152, 8.16481194098554e-05, 0.1399942004868045, 0.0014072060559221049, 0.005865051239364611, 0.05171298000558475, 0.025509910978289904, 0.0487949406953985, 0.0454498512923588, 0.20534969973663775, 0.06322393781435344, 0.0207208396239082, 0.0024479765006755194, 0.0029530155390121333, 0.02276859998040022, 0.12745428142147208, 0.029569159854620865, 0.0026078279567117203, 0.006523190206172563, 0.004816452941871073, 0.015588395748542892, 0.0001877124226694997, 0.24616505675524458, 0.027910215332363916, 0.0016400534037116603, 0.03302877414247969, 0.015678504950564255, 0.00402636741089939, 6.420633961127121e-05, 0.05129937439493795, 0), (0, 0, 0, 0, 0, 0, 0, 0, 0, 0, 0, 0.004816452941871073, 5.551033283418159e-05, 0.031173613118524304, 0.06390744704610728, 0.0006246337730938037, 0.0004746229241440903, 0.10112402163718603, 0.006523190206172563, 0.017476244325223163, 0.026668965913709028, 6.934144785689924e-05, 0.13138880793914987, 0.002114884643984207, 0.0011113345431778589, 0.0022344421708708415, 0.001564467561066686, 0.004469552452063288, 0.004528991295546424, 0.049943092483862694, 0.0024479765006755194, 0, 0, 0, 0, 0, 0, 0, 0, 0)]}}
AdaptationManager: Configuring next round...
{'client_registry': {'enabled': True, 'params': {}}, 'client_selector': {'enabled': True, 'params': {'selection_strategy': 'Resource-Based', 'selection_criteria': 'CPU', 'selection_value': 2}}, 'client_cluster': {'enabled': False, 'params': {}}, 'message_compressor': {'enabled': False, 'params': {}}, 'model_co-versioning_registry': {'enabled': False, 'params': {}}, 'multi-task_model_trainer': {'enabled': False, 'params': {}}, 'heterogeneous_data_handler': {'enabled': False, 'params': {}}}
{'client_selector': {'enabled': True}, 'client_cluster': {'enabled': False}, 'message_compressor': {'enabled': False}, 'model_co-versioning_registry': {'enabled': False}, 'multi-task_model_trainer': {'enabled': False}, 'heterogeneous_data_handler': {'enabled': False}, 'client_registry': {'enabled': True, 'params': {}}}
{'model_type': 'prostate_logreg', 'metrics': {'prostate_logreg': {'train_loss': [0.5600399249624983, 0.6016468952779901, 0.5702010186527062, 0.5704594100966598, 0.5863104959683759, 0.5727163798580266, 0.5686826973738024, 0.5507147053149358, 0.5532411841064574, 0.5546856875558501, 0.5341087337812231, 0.5479076040187005, 0.5293239387966787, 0.5378000147523188], 'train_accuracy': [0.7289719626168224, 0.684931506849315, 0.7129629629629629, 0.706060606060606, 0.6839285714285714, 0.7080808080808081, 0.7122940430925222, 0.7322363500373972, 0.7282608695652174, 0.7263901147396293, 0.753072625698324, 0.7306273062730627, 0.7586044318717586, 0.7444794952681388], 'train_f1': [0.6071188935674917, 0.5550489044874709, 0.5931256310806835, 0.5947146097264723, 0.63425070583722, 0.6470768878614769, 0.6640849669944442, 0.6793253677134566, 0.6985580628803326, 0.699539882748501, 0.716133749847266, 0.7066997855579155, 0.7254829982180996, 0.7211182975075676], 'train_mae': [0.27102803738317754, 0.3150684931506849, 0.28703703703703703, 0.29393939393939394, 0.31607142857142856, 0.2919191919191919, 0.2877059569074778, 0.2677636499626028, 0.2717391304347826, 0.2736098852603707, 0.24692737430167597, 0.2693726937269373, 0.2413955681282414, 0.2555205047318612], 'val_loss': [0.745396485142674, 0.7093681143820256, 0.6801357139171047, 0.6569241923829086, 0.6357613248514671, 0.6202145967739549, 0.6059309661638604, 0.5952095496597409, 0.5860859932212884, 0.5786630734232774, 0.5722287199194842, 0.5666309255418804, 0.5626046010529353, 0.5577253344571225], 'val_accuracy': [0.5016487704646384, 0.5448970173904596, 0.5789438041765169, 0.6042405437352246, 0.6274141970618035, 0.6443369868901784, 0.6657059838740124, 0.681717696547261, 0.6981724623664957, 0.7101979305552947, 0.7197427592218393, 0.7264223652874826, 0.7298042874196234, 0.7351388236346957], 'val_f1': [0.4908001951953568, 0.5414632940875049, 0.5768866894468682, 0.6025278893925679, 0.625291373858977, 0.6410375578692014, 0.6607917906386664, 0.67494937826867, 0.6899060828525356, 0.7003970226081128, 0.7083388145598852, 0.7137730013275586, 0.7158328282496349, 0.7202458775795818], 'val_mae': [0.49835122953536154, 0.45510298260954046, 0.4210561958234831, 0.39575945626477543, 0.37258580293819654, 0.3556630131098216, 0.3342940161259876, 0.31828230345273906, 0.30182753763350434, 0.28980206944470527, 0.2802572407781608, 0.27357763471251734, 0.27019571258037656, 0.26486117636530415], 'jsd': [(0, 0, 0, 0, 0, 0, 0, 0, 0, 0, 0, 0.0207208396239082, 0.31127812445913283, 0.31127812445913283, 0.31127812445913283, 0.11009182675183558, 0.31127812445913283, 0.31127812445913283, 0.31127812445913283, 0.0037024515418363386, 0.31127812445913283, 0.31127812445913283, 0.31127812445913283, 0.31127812445913283, 0.0037024515418363386, 0.31127812445913283, 0.31127812445913283, 0.0350583482647871, 0.31127812445913283, 0.31127812445913283, 0.31127812445913283, 0, 0, 0, 0, 0, 0, 0, 0, 0), (0, 0, 0, 0, 0, 0, 0, 0, 0, 0, 0, 0.0207208396239082, 0.31127812445913283, 0.31127812445913283, 0.31127812445913283, 0.06548833004089114, 0.0014939931791539789, 0.31127812445913283, 0.07310400793180982, 0, 0.1711038312803313, 0.31127812445913283, 0, 0.007299156760473963, 0.015085156698935967, 0.0207208396239082, 0.16395604408354778, 0.0350583482647871, 0.31127812445913283, 0.31127812445913283, 0.16395604408354778, 0, 0, 0, 0, 0, 0, 0, 0, 0), (0.0207208396239082, 0.16395604408354778, 0.31127812445913283, 0.09922267539827352, 0.11009182675183558, 0.18850340411986471, 0.09328462323031235, 0.11009182675183558, 0.010396593705431272, 0.10481597017296576, 0.05400884513974839, 0.1711038312803313, 0.042041899344894246, 0.31127812445913283, 0.31127812445913283, 0.31127812445913283, 0.31127812445913283, 0.07310400793180982, 0.31127812445913283, 0.07310400793180982, 0.31127812445913283, 0.31127812445913283, 0.00040919789219141973, 0.31127812445913283, 0.31127812445913283, 0.31127812445913283, 0, 0.31127812445913283, 0.11009182675183558, 0.31127812445913283, 0.07310400793180982, 0.31127812445913283, 0.0487949406953985, 0.06149937804507184, 0.31127812445913283, 0, 0.00040919789219141973, 0.09328462323031235, 0.31127812445913283, 0.09328462323031235), (0.09328462323031235, 0.31127812445913283, 0.2087803925185126, 0.009756534087137225, 0.11385563424028564, 0.013714477705244553, 0.08025594233229469, 0.07310400793180982, 0.03857581598654605, 0.13251817521576753, 0.05253690168806249, 0.19326958066820893, 0.0350583482647871, 0.009756534087137225, 0.31127812445913283, 0.31127812445913283, 0.31127812445913283, 0, 0.31127812445913283, 0.07310400793180982, 0.007299156760473963, 0.0037024515418363386, 0.0002145058924891757, 0.31127812445913283, 0.31127812445913283, 0.11009182675183558, 0.12425601093475921, 0.31127812445913283, 0.17750440524619315, 0.07310400793180982, 0.07310400793180982, 0.31127812445913283, 0.31127812445913283, 0.05738732460549023, 0.011482406826014972, 0.001254883843183478, 0.0002145058924891757, 0.0487949406953985, 0.2227619806994962, 0.0487949406953985), (0, 0, 0, 0, 0, 0, 0, 0, 0, 0, 0, 0.07310400793180982, 0.0018086520489059392, 0.2227619806994962, 0.00822299722902229, 0.07622434155290266, 0.015085156698935967, 0.07310400793180982, 0.05738732460549023, 0.01423921619075233, 0.06660561007005729, 0.0487949406953985, 0.11009182675183558, 0.04105726891831728, 0.07622434155290266, 0.12425601093475921, 0.0207208396239082, 0.0005570970453080571, 0.07310400793180982, 0.004167970681504568, 0.0001877124226694997, 0, 0, 0, 0, 0, 0, 0, 0, 0), (0.009036677434107646, 0.005050449860393488, 0.23305878051279882, 0.014691469621310085, 0.016941071056623243, 0.00822299722902229, 0.06859186091507882, 0.042041899344894246, 0.05655009359654585, 0.03889315594457522, 0.0463685414106319, 0.10206066129537185, 0.02359015854559616, 0.0004999522456092496, 0, 0.31127812445913283, 0.0207208396239082, 0.0008025382728216734, 0.07310400793180982, 0.011482406826014972, 0.31127812445913283, 0.010396593705431272, 0.08111870596083268, 0.31127812445913283, 0.31127812445913283, 0.0207208396239082, 0.0487949406953985, 0.0022344421708708415, 0.2087803925185126, 0.07310400793180982, 0.042041899344894246, 0.20534969973663775, 0.05738732460549023, 0.01274900060462203, 0.16395604408354778, 0.028564156811275485, 0.0008790379110077892, 0.011482406826014972, 0.0207208396239082, 0.006523190206172563), (0, 0, 0, 0, 0, 0, 0, 0, 0, 0, 0, 0.012033410127123681, 0.0037024515418363386, 0.24237412989240623, 0.01717496977609681, 0.016009512159686483, 0.0010689285835955437, 0.11385563424028564, 0.0022344421708708415, 0.07310400793180982, 0.04432065423178154, 0.04674406725931858, 0.09328462323031235, 0.0231107894081813, 0.07529706740701966, 0.039737267151773975, 0.008003048984193635, 0.0017382218522886302, 0.0009214584011009545, 0.036145614849311655, 0.09587355378511578, 0, 0, 0, 0, 0, 0, 0, 0, 0), (0.0061446088533262735, 0.002830694750015385, 0.24844401300050659, 0.04105726891831728, 0.014038937565777093, 0.0014939931791539789, 0.10372355040574062, 0.0037024515418363386, 0.07898885115561567, 0.0031619139529965624, 0.02711041372683346, 0.08697257500448134, 0.010396593705431272, 0.00429810722857266, 0.005050449860393488, 0.0207208396239082, 0.0487949406953985, 0.07850994353170956, 0.05738732460549023, 0.05400884513974839, 0.007299156760473963, 0.005407888490294582, 0.0019359358092692971, 0.2292798117148899, 0.15591489886228305, 0.05253690168806249, 0.011482406826014972, 0.00028867375520897666, 0.03857581598654605, 0.05400884513974839, 0.05400884513974839, 0.2227619806994962, 0.03221357089614439, 0.05738732460549023, 0.002830694750015385, 0.0350583482647871, 0.0008589183281813573, 0.018135571823116266, 0.03600088831260688, 0.11009182675183558), (0, 0, 0, 0, 0, 0, 0, 0, 0, 0, 0, 0.004867022157993568, 0.0022344421708708415, 0.06627146564409989, 0.04031575601199518, 0.007299156760473963, 0, 0.11603915012591684, 0.0003410895898538083, 0.07310400793180982, 0.005050449860393488, 0.02345316312919523, 0.10206066129537185, 0.00402636741089939, 0.01258931793513713, 0.03857581598654605, 0.03328315226577441, 0.003476844487206702, 0.028564156811275485, 0.019295237025311954, 0.03328315226577441, 0, 0, 0, 0, 0, 0, 0, 0, 0), (0, 0, 0, 0, 0, 0, 0, 0, 0, 0, 0, 0.0023839413783587893, 0.005301974832984377, 0.06900910450166178, 0.05207398638601675, 0.004122113616565049, 0.0009214584011009545, 0.10749195315105531, 0.0010689285835955437, 0.07622434155290266, 0.0032712817850098566, 0.004122113616565049, 0.1317293194736727, 0.007867664894852307, 0.012465377054556089, 0.0487949406953985, 0.031896080966716533, 0.0027533280550219065, 0.025140556297286162, 0.05207398638601675, 0.006830658680456639, 0, 0, 0, 0, 0, 0, 0, 0, 0), (0.0032712817850098566, 8.906807913130425e-05, 0.06056140150705616, 0.06859186091507882, 0.005572828884914387, 0.0023839413783587893, 0.11746492658590664, 0.0002145058924891757, 0.025317841727168493, 0.00030471608277718963, 0.004084476320002462, 0.14070293888931446, 0.03254945726919092, 0.004167970681504568, 0.004727398383200621, 0.011482406826014972, 0.0487949406953985, 0.07744908453819253, 0.19094034698434098, 0.05738732460549023, 0.009756534087137225, 0.009036677434107646, 0.013949306965373928, 0.07622434155290266, 0.11009182675183558, 0.0487949406953985, 0.0037024515418363386, 0.009335040408067166, 0.0487949406953985, 0.027910215332363916, 0.0010689285835955437, 0.23646636812449032, 0.0350583482647871, 0.045824702319694016, 0.007299156760473963, 0.041276480022850906, 0.007299156760473963, 0.0022344421708708415, 0.05026059016936166, 0.010149344670410294), (0, 0, 0, 0, 0, 0, 0, 0, 0, 0, 0, 0.0016626576184457752, 0.0006767219177472479, 0.06149937804507184, 0.06502539038278278, 0.008723329471708632, 0.00036176918093652755, 0.09555361251896813, 0.0001877124226694997, 0.023795695918608258, 0.0010160633509259717, 0.006963639137030152, 0.15058560986911712, 0.007775948452200233, 0.01286900199539727, 0.03634284572901042, 0.015297775930101544, 0.006963639137030152, 0.0006767219177472479, 0.04746468216969184, 0, 0, 0, 0, 0, 0, 0, 0, 0, 0), (0.0014191336441856193, 0.00057833776936193, 0.0487949406953985, 0.06679086162879758, 0.005269516232494085, 0, 0.0912236531918895, 0.0025061505903558393, 0.04657205098437532, 0.006963639137030152, 8.16481194098554e-05, 0.1399942004868045, 0.0014072060559221049, 0.005865051239364611, 0.05171298000558475, 0.025509910978289904, 0.0487949406953985, 0.0454498512923588, 0.20534969973663775, 0.06322393781435344, 0.0207208396239082, 0.0024479765006755194, 0.0029530155390121333, 0.02276859998040022, 0.12745428142147208, 0.029569159854620865, 0.0026078279567117203, 0.006523190206172563, 0.004816452941871073, 0.015588395748542892, 0.0001877124226694997, 0.24616505675524458, 0.027910215332363916, 0.0016400534037116603, 0.03302877414247969, 0.015678504950564255, 0.00402636741089939, 6.420633961127121e-05, 0.05129937439493795, 0), (0, 0, 0, 0, 0, 0, 0, 0, 0, 0, 0, 0.004816452941871073, 5.551033283418159e-05, 0.031173613118524304, 0.06390744704610728, 0.0006246337730938037, 0.0004746229241440903, 0.10112402163718603, 0.006523190206172563, 0.017476244325223163, 0.026668965913709028, 6.934144785689924e-05, 0.13138880793914987, 0.002114884643984207, 0.0011113345431778589, 0.0022344421708708415, 0.001564467561066686, 0.004469552452063288, 0.004528991295546424, 0.049943092483862694, 0.0024479765006755194, 0, 0, 0, 0, 0, 0, 0, 0, 0)]}}, 'time': 0.47237324714660645, 'communication_time': 0.34464144706726074}
-0.004263010576024184
client_selector de-activated ❌
Results Aggregated in 0.47 seconds.
{'prostate_logreg': {'train_loss': [0.5600399249624983, 0.6016468952779901, 0.5702010186527062, 0.5704594100966598, 0.5863104959683759, 0.5727163798580266, 0.5686826973738024, 0.5507147053149358, 0.5532411841064574, 0.5546856875558501, 0.5341087337812231, 0.5479076040187005, 0.5293239387966787, 0.5378000147523188, 0.5286756625990178], 'train_accuracy': [0.7289719626168224, 0.684931506849315, 0.7129629629629629, 0.706060606060606, 0.6839285714285714, 0.7080808080808081, 0.7122940430925222, 0.7322363500373972, 0.7282608695652174, 0.7263901147396293, 0.753072625698324, 0.7306273062730627, 0.7586044318717586, 0.7444794952681388, 0.7559789217673287], 'train_f1': [0.6071188935674917, 0.5550489044874709, 0.5931256310806835, 0.5947146097264723, 0.63425070583722, 0.6470768878614769, 0.6640849669944442, 0.6793253677134566, 0.6985580628803326, 0.699539882748501, 0.716133749847266, 0.7066997855579155, 0.7254829982180996, 0.7211182975075676, 0.7193201380452044], 'train_mae': [0.27102803738317754, 0.3150684931506849, 0.28703703703703703, 0.29393939393939394, 0.31607142857142856, 0.2919191919191919, 0.2877059569074778, 0.2677636499626028, 0.2717391304347826, 0.2736098852603707, 0.24692737430167597, 0.2693726937269373, 0.2413955681282414, 0.2555205047318612, 0.24402107823267127], 'val_loss': [0.745396485142674, 0.7093681143820256, 0.6801357139171047, 0.6569241923829086, 0.6357613248514671, 0.6202145967739549, 0.6059309661638604, 0.5952095496597409, 0.5860859932212884, 0.5786630734232774, 0.5722287199194842, 0.5666309255418804, 0.5626046010529353, 0.5577253344571225, 0.554990202906204], 'val_accuracy': [0.5016487704646384, 0.5448970173904596, 0.5789438041765169, 0.6042405437352246, 0.6274141970618035, 0.6443369868901784, 0.6657059838740124, 0.681717696547261, 0.6981724623664957, 0.7101979305552947, 0.7197427592218393, 0.7264223652874826, 0.7298042874196234, 0.7351388236346957, 0.7361063197325262], 'val_f1': [0.4908001951953568, 0.5414632940875049, 0.5768866894468682, 0.6025278893925679, 0.625291373858977, 0.6410375578692014, 0.6607917906386664, 0.67494937826867, 0.6899060828525356, 0.7003970226081128, 0.7083388145598852, 0.7137730013275586, 0.7158328282496349, 0.7202458775795818, 0.72010825584737], 'val_mae': [0.49835122953536154, 0.45510298260954046, 0.4210561958234831, 0.39575945626477543, 0.37258580293819654, 0.3556630131098216, 0.3342940161259876, 0.31828230345273906, 0.30182753763350434, 0.28980206944470527, 0.2802572407781608, 0.27357763471251734, 0.27019571258037656, 0.26486117636530415, 0.26389368026747395], 'jsd': [(0, 0, 0, 0, 0, 0, 0, 0, 0, 0, 0, 0.0207208396239082, 0.31127812445913283, 0.31127812445913283, 0.31127812445913283, 0.11009182675183558, 0.31127812445913283, 0.31127812445913283, 0.31127812445913283, 0.0037024515418363386, 0.31127812445913283, 0.31127812445913283, 0.31127812445913283, 0.31127812445913283, 0.0037024515418363386, 0.31127812445913283, 0.31127812445913283, 0.0350583482647871, 0.31127812445913283, 0.31127812445913283, 0.31127812445913283, 0, 0, 0, 0, 0, 0, 0, 0, 0), (0, 0, 0, 0, 0, 0, 0, 0, 0, 0, 0, 0.0207208396239082, 0.31127812445913283, 0.31127812445913283, 0.31127812445913283, 0.06548833004089114, 0.0014939931791539789, 0.31127812445913283, 0.07310400793180982, 0, 0.1711038312803313, 0.31127812445913283, 0, 0.007299156760473963, 0.015085156698935967, 0.0207208396239082, 0.16395604408354778, 0.0350583482647871, 0.31127812445913283, 0.31127812445913283, 0.16395604408354778, 0, 0, 0, 0, 0, 0, 0, 0, 0), (0.0207208396239082, 0.16395604408354778, 0.31127812445913283, 0.09922267539827352, 0.11009182675183558, 0.18850340411986471, 0.09328462323031235, 0.11009182675183558, 0.010396593705431272, 0.10481597017296576, 0.05400884513974839, 0.1711038312803313, 0.042041899344894246, 0.31127812445913283, 0.31127812445913283, 0.31127812445913283, 0.31127812445913283, 0.07310400793180982, 0.31127812445913283, 0.07310400793180982, 0.31127812445913283, 0.31127812445913283, 0.00040919789219141973, 0.31127812445913283, 0.31127812445913283, 0.31127812445913283, 0, 0.31127812445913283, 0.11009182675183558, 0.31127812445913283, 0.07310400793180982, 0.31127812445913283, 0.0487949406953985, 0.06149937804507184, 0.31127812445913283, 0, 0.00040919789219141973, 0.09328462323031235, 0.31127812445913283, 0.09328462323031235), (0.09328462323031235, 0.31127812445913283, 0.2087803925185126, 0.009756534087137225, 0.11385563424028564, 0.013714477705244553, 0.08025594233229469, 0.07310400793180982, 0.03857581598654605, 0.13251817521576753, 0.05253690168806249, 0.19326958066820893, 0.0350583482647871, 0.009756534087137225, 0.31127812445913283, 0.31127812445913283, 0.31127812445913283, 0, 0.31127812445913283, 0.07310400793180982, 0.007299156760473963, 0.0037024515418363386, 0.0002145058924891757, 0.31127812445913283, 0.31127812445913283, 0.11009182675183558, 0.12425601093475921, 0.31127812445913283, 0.17750440524619315, 0.07310400793180982, 0.07310400793180982, 0.31127812445913283, 0.31127812445913283, 0.05738732460549023, 0.011482406826014972, 0.001254883843183478, 0.0002145058924891757, 0.0487949406953985, 0.2227619806994962, 0.0487949406953985), (0, 0, 0, 0, 0, 0, 0, 0, 0, 0, 0, 0.07310400793180982, 0.0018086520489059392, 0.2227619806994962, 0.00822299722902229, 0.07622434155290266, 0.015085156698935967, 0.07310400793180982, 0.05738732460549023, 0.01423921619075233, 0.06660561007005729, 0.0487949406953985, 0.11009182675183558, 0.04105726891831728, 0.07622434155290266, 0.12425601093475921, 0.0207208396239082, 0.0005570970453080571, 0.07310400793180982, 0.004167970681504568, 0.0001877124226694997, 0, 0, 0, 0, 0, 0, 0, 0, 0), (0.009036677434107646, 0.005050449860393488, 0.23305878051279882, 0.014691469621310085, 0.016941071056623243, 0.00822299722902229, 0.06859186091507882, 0.042041899344894246, 0.05655009359654585, 0.03889315594457522, 0.0463685414106319, 0.10206066129537185, 0.02359015854559616, 0.0004999522456092496, 0, 0.31127812445913283, 0.0207208396239082, 0.0008025382728216734, 0.07310400793180982, 0.011482406826014972, 0.31127812445913283, 0.010396593705431272, 0.08111870596083268, 0.31127812445913283, 0.31127812445913283, 0.0207208396239082, 0.0487949406953985, 0.0022344421708708415, 0.2087803925185126, 0.07310400793180982, 0.042041899344894246, 0.20534969973663775, 0.05738732460549023, 0.01274900060462203, 0.16395604408354778, 0.028564156811275485, 0.0008790379110077892, 0.011482406826014972, 0.0207208396239082, 0.006523190206172563), (0, 0, 0, 0, 0, 0, 0, 0, 0, 0, 0, 0.012033410127123681, 0.0037024515418363386, 0.24237412989240623, 0.01717496977609681, 0.016009512159686483, 0.0010689285835955437, 0.11385563424028564, 0.0022344421708708415, 0.07310400793180982, 0.04432065423178154, 0.04674406725931858, 0.09328462323031235, 0.0231107894081813, 0.07529706740701966, 0.039737267151773975, 0.008003048984193635, 0.0017382218522886302, 0.0009214584011009545, 0.036145614849311655, 0.09587355378511578, 0, 0, 0, 0, 0, 0, 0, 0, 0), (0.0061446088533262735, 0.002830694750015385, 0.24844401300050659, 0.04105726891831728, 0.014038937565777093, 0.0014939931791539789, 0.10372355040574062, 0.0037024515418363386, 0.07898885115561567, 0.0031619139529965624, 0.02711041372683346, 0.08697257500448134, 0.010396593705431272, 0.00429810722857266, 0.005050449860393488, 0.0207208396239082, 0.0487949406953985, 0.07850994353170956, 0.05738732460549023, 0.05400884513974839, 0.007299156760473963, 0.005407888490294582, 0.0019359358092692971, 0.2292798117148899, 0.15591489886228305, 0.05253690168806249, 0.011482406826014972, 0.00028867375520897666, 0.03857581598654605, 0.05400884513974839, 0.05400884513974839, 0.2227619806994962, 0.03221357089614439, 0.05738732460549023, 0.002830694750015385, 0.0350583482647871, 0.0008589183281813573, 0.018135571823116266, 0.03600088831260688, 0.11009182675183558), (0, 0, 0, 0, 0, 0, 0, 0, 0, 0, 0, 0.004867022157993568, 0.0022344421708708415, 0.06627146564409989, 0.04031575601199518, 0.007299156760473963, 0, 0.11603915012591684, 0.0003410895898538083, 0.07310400793180982, 0.005050449860393488, 0.02345316312919523, 0.10206066129537185, 0.00402636741089939, 0.01258931793513713, 0.03857581598654605, 0.03328315226577441, 0.003476844487206702, 0.028564156811275485, 0.019295237025311954, 0.03328315226577441, 0, 0, 0, 0, 0, 0, 0, 0, 0), (0, 0, 0, 0, 0, 0, 0, 0, 0, 0, 0, 0.0023839413783587893, 0.005301974832984377, 0.06900910450166178, 0.05207398638601675, 0.004122113616565049, 0.0009214584011009545, 0.10749195315105531, 0.0010689285835955437, 0.07622434155290266, 0.0032712817850098566, 0.004122113616565049, 0.1317293194736727, 0.007867664894852307, 0.012465377054556089, 0.0487949406953985, 0.031896080966716533, 0.0027533280550219065, 0.025140556297286162, 0.05207398638601675, 0.006830658680456639, 0, 0, 0, 0, 0, 0, 0, 0, 0), (0.0032712817850098566, 8.906807913130425e-05, 0.06056140150705616, 0.06859186091507882, 0.005572828884914387, 0.0023839413783587893, 0.11746492658590664, 0.0002145058924891757, 0.025317841727168493, 0.00030471608277718963, 0.004084476320002462, 0.14070293888931446, 0.03254945726919092, 0.004167970681504568, 0.004727398383200621, 0.011482406826014972, 0.0487949406953985, 0.07744908453819253, 0.19094034698434098, 0.05738732460549023, 0.009756534087137225, 0.009036677434107646, 0.013949306965373928, 0.07622434155290266, 0.11009182675183558, 0.0487949406953985, 0.0037024515418363386, 0.009335040408067166, 0.0487949406953985, 0.027910215332363916, 0.0010689285835955437, 0.23646636812449032, 0.0350583482647871, 0.045824702319694016, 0.007299156760473963, 0.041276480022850906, 0.007299156760473963, 0.0022344421708708415, 0.05026059016936166, 0.010149344670410294), (0, 0, 0, 0, 0, 0, 0, 0, 0, 0, 0, 0.0016626576184457752, 0.0006767219177472479, 0.06149937804507184, 0.06502539038278278, 0.008723329471708632, 0.00036176918093652755, 0.09555361251896813, 0.0001877124226694997, 0.023795695918608258, 0.0010160633509259717, 0.006963639137030152, 0.15058560986911712, 0.007775948452200233, 0.01286900199539727, 0.03634284572901042, 0.015297775930101544, 0.006963639137030152, 0.0006767219177472479, 0.04746468216969184, 0, 0, 0, 0, 0, 0, 0, 0, 0, 0), (0.0014191336441856193, 0.00057833776936193, 0.0487949406953985, 0.06679086162879758, 0.005269516232494085, 0, 0.0912236531918895, 0.0025061505903558393, 0.04657205098437532, 0.006963639137030152, 8.16481194098554e-05, 0.1399942004868045, 0.0014072060559221049, 0.005865051239364611, 0.05171298000558475, 0.025509910978289904, 0.0487949406953985, 0.0454498512923588, 0.20534969973663775, 0.06322393781435344, 0.0207208396239082, 0.0024479765006755194, 0.0029530155390121333, 0.02276859998040022, 0.12745428142147208, 0.029569159854620865, 0.0026078279567117203, 0.006523190206172563, 0.004816452941871073, 0.015588395748542892, 0.0001877124226694997, 0.24616505675524458, 0.027910215332363916, 0.0016400534037116603, 0.03302877414247969, 0.015678504950564255, 0.00402636741089939, 6.420633961127121e-05, 0.05129937439493795, 0), (0, 0, 0, 0, 0, 0, 0, 0, 0, 0, 0, 0.004816452941871073, 5.551033283418159e-05, 0.031173613118524304, 0.06390744704610728, 0.0006246337730938037, 0.0004746229241440903, 0.10112402163718603, 0.006523190206172563, 0.017476244325223163, 0.026668965913709028, 6.934144785689924e-05, 0.13138880793914987, 0.002114884643984207, 0.0011113345431778589, 0.0022344421708708415, 0.001564467561066686, 0.004469552452063288, 0.004528991295546424, 0.049943092483862694, 0.0024479765006755194, 0, 0, 0, 0, 0, 0, 0, 0, 0), (0.006981663965470591, 0.00043648968715225174, 0.029108713090071167, 0.07767325654592765, 0.001231918311003291, 0.0009214584011009545, 0.086379156081871, 0.009756534087137225, 0.01841352965701827, 0.01667423493544029, 0.00013663754192747794, 0.1258707805558582, 0.006570967497522534, 0.0055031961632630196, 0.02276859998040022, 0.006019887358649001, 0.03857581598654605, 0.06149937804507184, 0.2149397901480957, 0.04066211490300797, 0.0207208396239082, 0.07529706740701966, 0.001842090186059877, 0.00566775380589651, 0.14431677453762248, 0.05528500114149415, 0.0002145058924891757, 0.012033410127123681, 0.030305144839322347, 0.0645025668287288, 0.00013175698573951195, 0.2149397901480957, 0.09328462323031235, 0.001254883843183478, 0.03857581598654605, 0.0003410895898538083, 0.004418075114369348, 0.00043648968715225174, 0.06149937804507184, 0.0025332820642113077)]}}
AdaptationManager: Configuring next round...
{'client_registry': {'enabled': True, 'params': {}}, 'client_selector': {'enabled': True, 'params': {'selection_strategy': 'Resource-Based', 'selection_criteria': 'CPU', 'selection_value': 2}}, 'client_cluster': {'enabled': False, 'params': {}}, 'message_compressor': {'enabled': False, 'params': {}}, 'model_co-versioning_registry': {'enabled': False, 'params': {}}, 'multi-task_model_trainer': {'enabled': False, 'params': {}}, 'heterogeneous_data_handler': {'enabled': False, 'params': {}}}
{'client_selector': {'enabled': False}, 'client_cluster': {'enabled': False}, 'message_compressor': {'enabled': False}, 'model_co-versioning_registry': {'enabled': False}, 'multi-task_model_trainer': {'enabled': False}, 'heterogeneous_data_handler': {'enabled': False}, 'client_registry': {'enabled': True, 'params': {}}}
{'model_type': 'prostate_logreg', 'metrics': {'prostate_logreg': {'train_loss': [0.5600399249624983, 0.6016468952779901, 0.5702010186527062, 0.5704594100966598, 0.5863104959683759, 0.5727163798580266, 0.5686826973738024, 0.5507147053149358, 0.5532411841064574, 0.5546856875558501, 0.5341087337812231, 0.5479076040187005, 0.5293239387966787, 0.5378000147523188, 0.5286756625990178], 'train_accuracy': [0.7289719626168224, 0.684931506849315, 0.7129629629629629, 0.706060606060606, 0.6839285714285714, 0.7080808080808081, 0.7122940430925222, 0.7322363500373972, 0.7282608695652174, 0.7263901147396293, 0.753072625698324, 0.7306273062730627, 0.7586044318717586, 0.7444794952681388, 0.7559789217673287], 'train_f1': [0.6071188935674917, 0.5550489044874709, 0.5931256310806835, 0.5947146097264723, 0.63425070583722, 0.6470768878614769, 0.6640849669944442, 0.6793253677134566, 0.6985580628803326, 0.699539882748501, 0.716133749847266, 0.7066997855579155, 0.7254829982180996, 0.7211182975075676, 0.7193201380452044], 'train_mae': [0.27102803738317754, 0.3150684931506849, 0.28703703703703703, 0.29393939393939394, 0.31607142857142856, 0.2919191919191919, 0.2877059569074778, 0.2677636499626028, 0.2717391304347826, 0.2736098852603707, 0.24692737430167597, 0.2693726937269373, 0.2413955681282414, 0.2555205047318612, 0.24402107823267127], 'val_loss': [0.745396485142674, 0.7093681143820256, 0.6801357139171047, 0.6569241923829086, 0.6357613248514671, 0.6202145967739549, 0.6059309661638604, 0.5952095496597409, 0.5860859932212884, 0.5786630734232774, 0.5722287199194842, 0.5666309255418804, 0.5626046010529353, 0.5577253344571225, 0.554990202906204], 'val_accuracy': [0.5016487704646384, 0.5448970173904596, 0.5789438041765169, 0.6042405437352246, 0.6274141970618035, 0.6443369868901784, 0.6657059838740124, 0.681717696547261, 0.6981724623664957, 0.7101979305552947, 0.7197427592218393, 0.7264223652874826, 0.7298042874196234, 0.7351388236346957, 0.7361063197325262], 'val_f1': [0.4908001951953568, 0.5414632940875049, 0.5768866894468682, 0.6025278893925679, 0.625291373858977, 0.6410375578692014, 0.6607917906386664, 0.67494937826867, 0.6899060828525356, 0.7003970226081128, 0.7083388145598852, 0.7137730013275586, 0.7158328282496349, 0.7202458775795818, 0.72010825584737], 'val_mae': [0.49835122953536154, 0.45510298260954046, 0.4210561958234831, 0.39575945626477543, 0.37258580293819654, 0.3556630131098216, 0.3342940161259876, 0.31828230345273906, 0.30182753763350434, 0.28980206944470527, 0.2802572407781608, 0.27357763471251734, 0.27019571258037656, 0.26486117636530415, 0.26389368026747395], 'jsd': [(0, 0, 0, 0, 0, 0, 0, 0, 0, 0, 0, 0.0207208396239082, 0.31127812445913283, 0.31127812445913283, 0.31127812445913283, 0.11009182675183558, 0.31127812445913283, 0.31127812445913283, 0.31127812445913283, 0.0037024515418363386, 0.31127812445913283, 0.31127812445913283, 0.31127812445913283, 0.31127812445913283, 0.0037024515418363386, 0.31127812445913283, 0.31127812445913283, 0.0350583482647871, 0.31127812445913283, 0.31127812445913283, 0.31127812445913283, 0, 0, 0, 0, 0, 0, 0, 0, 0), (0, 0, 0, 0, 0, 0, 0, 0, 0, 0, 0, 0.0207208396239082, 0.31127812445913283, 0.31127812445913283, 0.31127812445913283, 0.06548833004089114, 0.0014939931791539789, 0.31127812445913283, 0.07310400793180982, 0, 0.1711038312803313, 0.31127812445913283, 0, 0.007299156760473963, 0.015085156698935967, 0.0207208396239082, 0.16395604408354778, 0.0350583482647871, 0.31127812445913283, 0.31127812445913283, 0.16395604408354778, 0, 0, 0, 0, 0, 0, 0, 0, 0), (0.0207208396239082, 0.16395604408354778, 0.31127812445913283, 0.09922267539827352, 0.11009182675183558, 0.18850340411986471, 0.09328462323031235, 0.11009182675183558, 0.010396593705431272, 0.10481597017296576, 0.05400884513974839, 0.1711038312803313, 0.042041899344894246, 0.31127812445913283, 0.31127812445913283, 0.31127812445913283, 0.31127812445913283, 0.07310400793180982, 0.31127812445913283, 0.07310400793180982, 0.31127812445913283, 0.31127812445913283, 0.00040919789219141973, 0.31127812445913283, 0.31127812445913283, 0.31127812445913283, 0, 0.31127812445913283, 0.11009182675183558, 0.31127812445913283, 0.07310400793180982, 0.31127812445913283, 0.0487949406953985, 0.06149937804507184, 0.31127812445913283, 0, 0.00040919789219141973, 0.09328462323031235, 0.31127812445913283, 0.09328462323031235), (0.09328462323031235, 0.31127812445913283, 0.2087803925185126, 0.009756534087137225, 0.11385563424028564, 0.013714477705244553, 0.08025594233229469, 0.07310400793180982, 0.03857581598654605, 0.13251817521576753, 0.05253690168806249, 0.19326958066820893, 0.0350583482647871, 0.009756534087137225, 0.31127812445913283, 0.31127812445913283, 0.31127812445913283, 0, 0.31127812445913283, 0.07310400793180982, 0.007299156760473963, 0.0037024515418363386, 0.0002145058924891757, 0.31127812445913283, 0.31127812445913283, 0.11009182675183558, 0.12425601093475921, 0.31127812445913283, 0.17750440524619315, 0.07310400793180982, 0.07310400793180982, 0.31127812445913283, 0.31127812445913283, 0.05738732460549023, 0.011482406826014972, 0.001254883843183478, 0.0002145058924891757, 0.0487949406953985, 0.2227619806994962, 0.0487949406953985), (0, 0, 0, 0, 0, 0, 0, 0, 0, 0, 0, 0.07310400793180982, 0.0018086520489059392, 0.2227619806994962, 0.00822299722902229, 0.07622434155290266, 0.015085156698935967, 0.07310400793180982, 0.05738732460549023, 0.01423921619075233, 0.06660561007005729, 0.0487949406953985, 0.11009182675183558, 0.04105726891831728, 0.07622434155290266, 0.12425601093475921, 0.0207208396239082, 0.0005570970453080571, 0.07310400793180982, 0.004167970681504568, 0.0001877124226694997, 0, 0, 0, 0, 0, 0, 0, 0, 0), (0.009036677434107646, 0.005050449860393488, 0.23305878051279882, 0.014691469621310085, 0.016941071056623243, 0.00822299722902229, 0.06859186091507882, 0.042041899344894246, 0.05655009359654585, 0.03889315594457522, 0.0463685414106319, 0.10206066129537185, 0.02359015854559616, 0.0004999522456092496, 0, 0.31127812445913283, 0.0207208396239082, 0.0008025382728216734, 0.07310400793180982, 0.011482406826014972, 0.31127812445913283, 0.010396593705431272, 0.08111870596083268, 0.31127812445913283, 0.31127812445913283, 0.0207208396239082, 0.0487949406953985, 0.0022344421708708415, 0.2087803925185126, 0.07310400793180982, 0.042041899344894246, 0.20534969973663775, 0.05738732460549023, 0.01274900060462203, 0.16395604408354778, 0.028564156811275485, 0.0008790379110077892, 0.011482406826014972, 0.0207208396239082, 0.006523190206172563), (0, 0, 0, 0, 0, 0, 0, 0, 0, 0, 0, 0.012033410127123681, 0.0037024515418363386, 0.24237412989240623, 0.01717496977609681, 0.016009512159686483, 0.0010689285835955437, 0.11385563424028564, 0.0022344421708708415, 0.07310400793180982, 0.04432065423178154, 0.04674406725931858, 0.09328462323031235, 0.0231107894081813, 0.07529706740701966, 0.039737267151773975, 0.008003048984193635, 0.0017382218522886302, 0.0009214584011009545, 0.036145614849311655, 0.09587355378511578, 0, 0, 0, 0, 0, 0, 0, 0, 0), (0.0061446088533262735, 0.002830694750015385, 0.24844401300050659, 0.04105726891831728, 0.014038937565777093, 0.0014939931791539789, 0.10372355040574062, 0.0037024515418363386, 0.07898885115561567, 0.0031619139529965624, 0.02711041372683346, 0.08697257500448134, 0.010396593705431272, 0.00429810722857266, 0.005050449860393488, 0.0207208396239082, 0.0487949406953985, 0.07850994353170956, 0.05738732460549023, 0.05400884513974839, 0.007299156760473963, 0.005407888490294582, 0.0019359358092692971, 0.2292798117148899, 0.15591489886228305, 0.05253690168806249, 0.011482406826014972, 0.00028867375520897666, 0.03857581598654605, 0.05400884513974839, 0.05400884513974839, 0.2227619806994962, 0.03221357089614439, 0.05738732460549023, 0.002830694750015385, 0.0350583482647871, 0.0008589183281813573, 0.018135571823116266, 0.03600088831260688, 0.11009182675183558), (0, 0, 0, 0, 0, 0, 0, 0, 0, 0, 0, 0.004867022157993568, 0.0022344421708708415, 0.06627146564409989, 0.04031575601199518, 0.007299156760473963, 0, 0.11603915012591684, 0.0003410895898538083, 0.07310400793180982, 0.005050449860393488, 0.02345316312919523, 0.10206066129537185, 0.00402636741089939, 0.01258931793513713, 0.03857581598654605, 0.03328315226577441, 0.003476844487206702, 0.028564156811275485, 0.019295237025311954, 0.03328315226577441, 0, 0, 0, 0, 0, 0, 0, 0, 0), (0, 0, 0, 0, 0, 0, 0, 0, 0, 0, 0, 0.0023839413783587893, 0.005301974832984377, 0.06900910450166178, 0.05207398638601675, 0.004122113616565049, 0.0009214584011009545, 0.10749195315105531, 0.0010689285835955437, 0.07622434155290266, 0.0032712817850098566, 0.004122113616565049, 0.1317293194736727, 0.007867664894852307, 0.012465377054556089, 0.0487949406953985, 0.031896080966716533, 0.0027533280550219065, 0.025140556297286162, 0.05207398638601675, 0.006830658680456639, 0, 0, 0, 0, 0, 0, 0, 0, 0), (0.0032712817850098566, 8.906807913130425e-05, 0.06056140150705616, 0.06859186091507882, 0.005572828884914387, 0.0023839413783587893, 0.11746492658590664, 0.0002145058924891757, 0.025317841727168493, 0.00030471608277718963, 0.004084476320002462, 0.14070293888931446, 0.03254945726919092, 0.004167970681504568, 0.004727398383200621, 0.011482406826014972, 0.0487949406953985, 0.07744908453819253, 0.19094034698434098, 0.05738732460549023, 0.009756534087137225, 0.009036677434107646, 0.013949306965373928, 0.07622434155290266, 0.11009182675183558, 0.0487949406953985, 0.0037024515418363386, 0.009335040408067166, 0.0487949406953985, 0.027910215332363916, 0.0010689285835955437, 0.23646636812449032, 0.0350583482647871, 0.045824702319694016, 0.007299156760473963, 0.041276480022850906, 0.007299156760473963, 0.0022344421708708415, 0.05026059016936166, 0.010149344670410294), (0, 0, 0, 0, 0, 0, 0, 0, 0, 0, 0, 0.0016626576184457752, 0.0006767219177472479, 0.06149937804507184, 0.06502539038278278, 0.008723329471708632, 0.00036176918093652755, 0.09555361251896813, 0.0001877124226694997, 0.023795695918608258, 0.0010160633509259717, 0.006963639137030152, 0.15058560986911712, 0.007775948452200233, 0.01286900199539727, 0.03634284572901042, 0.015297775930101544, 0.006963639137030152, 0.0006767219177472479, 0.04746468216969184, 0, 0, 0, 0, 0, 0, 0, 0, 0, 0), (0.0014191336441856193, 0.00057833776936193, 0.0487949406953985, 0.06679086162879758, 0.005269516232494085, 0, 0.0912236531918895, 0.0025061505903558393, 0.04657205098437532, 0.006963639137030152, 8.16481194098554e-05, 0.1399942004868045, 0.0014072060559221049, 0.005865051239364611, 0.05171298000558475, 0.025509910978289904, 0.0487949406953985, 0.0454498512923588, 0.20534969973663775, 0.06322393781435344, 0.0207208396239082, 0.0024479765006755194, 0.0029530155390121333, 0.02276859998040022, 0.12745428142147208, 0.029569159854620865, 0.0026078279567117203, 0.006523190206172563, 0.004816452941871073, 0.015588395748542892, 0.0001877124226694997, 0.24616505675524458, 0.027910215332363916, 0.0016400534037116603, 0.03302877414247969, 0.015678504950564255, 0.00402636741089939, 6.420633961127121e-05, 0.05129937439493795, 0), (0, 0, 0, 0, 0, 0, 0, 0, 0, 0, 0, 0.004816452941871073, 5.551033283418159e-05, 0.031173613118524304, 0.06390744704610728, 0.0006246337730938037, 0.0004746229241440903, 0.10112402163718603, 0.006523190206172563, 0.017476244325223163, 0.026668965913709028, 6.934144785689924e-05, 0.13138880793914987, 0.002114884643984207, 0.0011113345431778589, 0.0022344421708708415, 0.001564467561066686, 0.004469552452063288, 0.004528991295546424, 0.049943092483862694, 0.0024479765006755194, 0, 0, 0, 0, 0, 0, 0, 0, 0), (0.006981663965470591, 0.00043648968715225174, 0.029108713090071167, 0.07767325654592765, 0.001231918311003291, 0.0009214584011009545, 0.086379156081871, 0.009756534087137225, 0.01841352965701827, 0.01667423493544029, 0.00013663754192747794, 0.1258707805558582, 0.006570967497522534, 0.0055031961632630196, 0.02276859998040022, 0.006019887358649001, 0.03857581598654605, 0.06149937804507184, 0.2149397901480957, 0.04066211490300797, 0.0207208396239082, 0.07529706740701966, 0.001842090186059877, 0.00566775380589651, 0.14431677453762248, 0.05528500114149415, 0.0002145058924891757, 0.012033410127123681, 0.030305144839322347, 0.0645025668287288, 0.00013175698573951195, 0.2149397901480957, 0.09328462323031235, 0.001254883843183478, 0.03857581598654605, 0.0003410895898538083, 0.004418075114369348, 0.00043648968715225174, 0.06149937804507184, 0.0025332820642113077)]}}, 'time': 0.4705946445465088, 'communication_time': 0.4622831344604492}
-0.004304951846920868
client_selector activated ✅
Client Client 18 participates in this round. (CPU: 2, RAM: 2)
Client Client 7 participates in this round. (CPU: 2, RAM: 2)
Client Client 10 participates in this round. (CPU: 2, RAM: 2)
Client Client 2 participates in this round. (CPU: 2, RAM: 2)
Client Client 14 participates in this round. (CPU: 2, RAM: 2)
Client Client 17 participates in this round. (CPU: 2, RAM: 2)
Client Client 12 participates in this round. (CPU: 2, RAM: 2)
Client Client 1 participates in this round. (CPU: 2, RAM: 2)
Client Client 4 participates in this round. (CPU: 2, RAM: 2)
Client Client 6 participates in this round. (CPU: 2, RAM: 2)
Client Client 35 has insufficient CPU (1). Will not participate in the next FL round.
Client Client 26 has insufficient CPU (1). Will not participate in the next FL round.
Client Client 13 participates in this round. (CPU: 2, RAM: 2)
Client Client 8 participates in this round. (CPU: 2, RAM: 2)
Client Client 15 participates in this round. (CPU: 2, RAM: 2)
Client Client 3 participates in this round. (CPU: 2, RAM: 2)
Client Client 24 has insufficient CPU (1). Will not participate in the next FL round.
Client Client 40 has insufficient CPU (1). Will not participate in the next FL round.
Client Client 30 has insufficient CPU (1). Will not participate in the next FL round.
Client Client 16 participates in this round. (CPU: 2, RAM: 2)
Client Client 19 participates in this round. (CPU: 2, RAM: 2)
Client Client 21 has insufficient CPU (1). Will not participate in the next FL round.
Client Client 5 participates in this round. (CPU: 2, RAM: 2)
Client Client 27 has insufficient CPU (1). Will not participate in the next FL round.
Client Client 39 has insufficient CPU (1). Will not participate in the next FL round.
Client Client 25 has insufficient CPU (1). Will not participate in the next FL round.
Client Client 28 has insufficient CPU (1). Will not participate in the next FL round.
Client Client 20 participates in this round. (CPU: 2, RAM: 2)
Client Client 22 has insufficient CPU (1). Will not participate in the next FL round.
Client Client 33 has insufficient CPU (1). Will not participate in the next FL round.
Client Client 11 participates in this round. (CPU: 2, RAM: 2)
Client Client 36 has insufficient CPU (1). Will not participate in the next FL round.
Client Client 9 participates in this round. (CPU: 2, RAM: 2)
Client Client 31 has insufficient CPU (1). Will not participate in the next FL round.
Client Client 32 has insufficient CPU (1). Will not participate in the next FL round.
Client Client 34 has insufficient CPU (1). Will not participate in the next FL round.
Client Client 38 has insufficient CPU (1). Will not participate in the next FL round.
Client Client 37 has insufficient CPU (1). Will not participate in the next FL round.
Client Client 29 has insufficient CPU (1). Will not participate in the next FL round.
Client Client 23 has insufficient CPU (1). Will not participate in the next FL round.
Results Aggregated in 0.49 seconds.
{'prostate_logreg': {'train_loss': [0.5600399249624983, 0.6016468952779901, 0.5702010186527062, 0.5704594100966598, 0.5863104959683759, 0.5727163798580266, 0.5686826973738024, 0.5507147053149358, 0.5532411841064574, 0.5546856875558501, 0.5341087337812231, 0.5479076040187005, 0.5293239387966787, 0.5378000147523188, 0.5286756625990178, 0.5308884387519757], 'train_accuracy': [0.7289719626168224, 0.684931506849315, 0.7129629629629629, 0.706060606060606, 0.6839285714285714, 0.7080808080808081, 0.7122940430925222, 0.7322363500373972, 0.7282608695652174, 0.7263901147396293, 0.753072625698324, 0.7306273062730627, 0.7586044318717586, 0.7444794952681388, 0.7559789217673287, 0.7534549474847982], 'train_f1': [0.6071188935674917, 0.5550489044874709, 0.5931256310806835, 0.5947146097264723, 0.63425070583722, 0.6470768878614769, 0.6640849669944442, 0.6793253677134566, 0.6985580628803326, 0.699539882748501, 0.716133749847266, 0.7066997855579155, 0.7254829982180996, 0.7211182975075676, 0.7193201380452044, 0.7296782998911108], 'train_mae': [0.27102803738317754, 0.3150684931506849, 0.28703703703703703, 0.29393939393939394, 0.31607142857142856, 0.2919191919191919, 0.2877059569074778, 0.2677636499626028, 0.2717391304347826, 0.2736098852603707, 0.24692737430167597, 0.2693726937269373, 0.2413955681282414, 0.2555205047318612, 0.24402107823267127, 0.24654505251520176], 'val_loss': [0.745396485142674, 0.7093681143820256, 0.6801357139171047, 0.6569241923829086, 0.6357613248514671, 0.6202145967739549, 0.6059309661638604, 0.5952095496597409, 0.5860859932212884, 0.5786630734232774, 0.5722287199194842, 0.5666309255418804, 0.5626046010529353, 0.5577253344571225, 0.554990202906204, 0.5509526676405074], 'val_accuracy': [0.5016487704646384, 0.5448970173904596, 0.5789438041765169, 0.6042405437352246, 0.6274141970618035, 0.6443369868901784, 0.6657059838740124, 0.681717696547261, 0.6981724623664957, 0.7101979305552947, 0.7197427592218393, 0.7264223652874826, 0.7298042874196234, 0.7351388236346957, 0.7361063197325262, 0.7376048245768791], 'val_f1': [0.4908001951953568, 0.5414632940875049, 0.5768866894468682, 0.6025278893925679, 0.625291373858977, 0.6410375578692014, 0.6607917906386664, 0.67494937826867, 0.6899060828525356, 0.7003970226081128, 0.7083388145598852, 0.7137730013275586, 0.7158328282496349, 0.7202458775795818, 0.72010825584737, 0.7205750442287969], 'val_mae': [0.49835122953536154, 0.45510298260954046, 0.4210561958234831, 0.39575945626477543, 0.37258580293819654, 0.3556630131098216, 0.3342940161259876, 0.31828230345273906, 0.30182753763350434, 0.28980206944470527, 0.2802572407781608, 0.27357763471251734, 0.27019571258037656, 0.26486117636530415, 0.26389368026747395, 0.2623951754231208], 'jsd': [(0, 0, 0, 0, 0, 0, 0, 0, 0, 0, 0, 0.0207208396239082, 0.31127812445913283, 0.31127812445913283, 0.31127812445913283, 0.11009182675183558, 0.31127812445913283, 0.31127812445913283, 0.31127812445913283, 0.0037024515418363386, 0.31127812445913283, 0.31127812445913283, 0.31127812445913283, 0.31127812445913283, 0.0037024515418363386, 0.31127812445913283, 0.31127812445913283, 0.0350583482647871, 0.31127812445913283, 0.31127812445913283, 0.31127812445913283, 0, 0, 0, 0, 0, 0, 0, 0, 0), (0, 0, 0, 0, 0, 0, 0, 0, 0, 0, 0, 0.0207208396239082, 0.31127812445913283, 0.31127812445913283, 0.31127812445913283, 0.06548833004089114, 0.0014939931791539789, 0.31127812445913283, 0.07310400793180982, 0, 0.1711038312803313, 0.31127812445913283, 0, 0.007299156760473963, 0.015085156698935967, 0.0207208396239082, 0.16395604408354778, 0.0350583482647871, 0.31127812445913283, 0.31127812445913283, 0.16395604408354778, 0, 0, 0, 0, 0, 0, 0, 0, 0), (0.0207208396239082, 0.16395604408354778, 0.31127812445913283, 0.09922267539827352, 0.11009182675183558, 0.18850340411986471, 0.09328462323031235, 0.11009182675183558, 0.010396593705431272, 0.10481597017296576, 0.05400884513974839, 0.1711038312803313, 0.042041899344894246, 0.31127812445913283, 0.31127812445913283, 0.31127812445913283, 0.31127812445913283, 0.07310400793180982, 0.31127812445913283, 0.07310400793180982, 0.31127812445913283, 0.31127812445913283, 0.00040919789219141973, 0.31127812445913283, 0.31127812445913283, 0.31127812445913283, 0, 0.31127812445913283, 0.11009182675183558, 0.31127812445913283, 0.07310400793180982, 0.31127812445913283, 0.0487949406953985, 0.06149937804507184, 0.31127812445913283, 0, 0.00040919789219141973, 0.09328462323031235, 0.31127812445913283, 0.09328462323031235), (0.09328462323031235, 0.31127812445913283, 0.2087803925185126, 0.009756534087137225, 0.11385563424028564, 0.013714477705244553, 0.08025594233229469, 0.07310400793180982, 0.03857581598654605, 0.13251817521576753, 0.05253690168806249, 0.19326958066820893, 0.0350583482647871, 0.009756534087137225, 0.31127812445913283, 0.31127812445913283, 0.31127812445913283, 0, 0.31127812445913283, 0.07310400793180982, 0.007299156760473963, 0.0037024515418363386, 0.0002145058924891757, 0.31127812445913283, 0.31127812445913283, 0.11009182675183558, 0.12425601093475921, 0.31127812445913283, 0.17750440524619315, 0.07310400793180982, 0.07310400793180982, 0.31127812445913283, 0.31127812445913283, 0.05738732460549023, 0.011482406826014972, 0.001254883843183478, 0.0002145058924891757, 0.0487949406953985, 0.2227619806994962, 0.0487949406953985), (0, 0, 0, 0, 0, 0, 0, 0, 0, 0, 0, 0.07310400793180982, 0.0018086520489059392, 0.2227619806994962, 0.00822299722902229, 0.07622434155290266, 0.015085156698935967, 0.07310400793180982, 0.05738732460549023, 0.01423921619075233, 0.06660561007005729, 0.0487949406953985, 0.11009182675183558, 0.04105726891831728, 0.07622434155290266, 0.12425601093475921, 0.0207208396239082, 0.0005570970453080571, 0.07310400793180982, 0.004167970681504568, 0.0001877124226694997, 0, 0, 0, 0, 0, 0, 0, 0, 0), (0.009036677434107646, 0.005050449860393488, 0.23305878051279882, 0.014691469621310085, 0.016941071056623243, 0.00822299722902229, 0.06859186091507882, 0.042041899344894246, 0.05655009359654585, 0.03889315594457522, 0.0463685414106319, 0.10206066129537185, 0.02359015854559616, 0.0004999522456092496, 0, 0.31127812445913283, 0.0207208396239082, 0.0008025382728216734, 0.07310400793180982, 0.011482406826014972, 0.31127812445913283, 0.010396593705431272, 0.08111870596083268, 0.31127812445913283, 0.31127812445913283, 0.0207208396239082, 0.0487949406953985, 0.0022344421708708415, 0.2087803925185126, 0.07310400793180982, 0.042041899344894246, 0.20534969973663775, 0.05738732460549023, 0.01274900060462203, 0.16395604408354778, 0.028564156811275485, 0.0008790379110077892, 0.011482406826014972, 0.0207208396239082, 0.006523190206172563), (0, 0, 0, 0, 0, 0, 0, 0, 0, 0, 0, 0.012033410127123681, 0.0037024515418363386, 0.24237412989240623, 0.01717496977609681, 0.016009512159686483, 0.0010689285835955437, 0.11385563424028564, 0.0022344421708708415, 0.07310400793180982, 0.04432065423178154, 0.04674406725931858, 0.09328462323031235, 0.0231107894081813, 0.07529706740701966, 0.039737267151773975, 0.008003048984193635, 0.0017382218522886302, 0.0009214584011009545, 0.036145614849311655, 0.09587355378511578, 0, 0, 0, 0, 0, 0, 0, 0, 0), (0.0061446088533262735, 0.002830694750015385, 0.24844401300050659, 0.04105726891831728, 0.014038937565777093, 0.0014939931791539789, 0.10372355040574062, 0.0037024515418363386, 0.07898885115561567, 0.0031619139529965624, 0.02711041372683346, 0.08697257500448134, 0.010396593705431272, 0.00429810722857266, 0.005050449860393488, 0.0207208396239082, 0.0487949406953985, 0.07850994353170956, 0.05738732460549023, 0.05400884513974839, 0.007299156760473963, 0.005407888490294582, 0.0019359358092692971, 0.2292798117148899, 0.15591489886228305, 0.05253690168806249, 0.011482406826014972, 0.00028867375520897666, 0.03857581598654605, 0.05400884513974839, 0.05400884513974839, 0.2227619806994962, 0.03221357089614439, 0.05738732460549023, 0.002830694750015385, 0.0350583482647871, 0.0008589183281813573, 0.018135571823116266, 0.03600088831260688, 0.11009182675183558), (0, 0, 0, 0, 0, 0, 0, 0, 0, 0, 0, 0.004867022157993568, 0.0022344421708708415, 0.06627146564409989, 0.04031575601199518, 0.007299156760473963, 0, 0.11603915012591684, 0.0003410895898538083, 0.07310400793180982, 0.005050449860393488, 0.02345316312919523, 0.10206066129537185, 0.00402636741089939, 0.01258931793513713, 0.03857581598654605, 0.03328315226577441, 0.003476844487206702, 0.028564156811275485, 0.019295237025311954, 0.03328315226577441, 0, 0, 0, 0, 0, 0, 0, 0, 0), (0, 0, 0, 0, 0, 0, 0, 0, 0, 0, 0, 0.0023839413783587893, 0.005301974832984377, 0.06900910450166178, 0.05207398638601675, 0.004122113616565049, 0.0009214584011009545, 0.10749195315105531, 0.0010689285835955437, 0.07622434155290266, 0.0032712817850098566, 0.004122113616565049, 0.1317293194736727, 0.007867664894852307, 0.012465377054556089, 0.0487949406953985, 0.031896080966716533, 0.0027533280550219065, 0.025140556297286162, 0.05207398638601675, 0.006830658680456639, 0, 0, 0, 0, 0, 0, 0, 0, 0), (0.0032712817850098566, 8.906807913130425e-05, 0.06056140150705616, 0.06859186091507882, 0.005572828884914387, 0.0023839413783587893, 0.11746492658590664, 0.0002145058924891757, 0.025317841727168493, 0.00030471608277718963, 0.004084476320002462, 0.14070293888931446, 0.03254945726919092, 0.004167970681504568, 0.004727398383200621, 0.011482406826014972, 0.0487949406953985, 0.07744908453819253, 0.19094034698434098, 0.05738732460549023, 0.009756534087137225, 0.009036677434107646, 0.013949306965373928, 0.07622434155290266, 0.11009182675183558, 0.0487949406953985, 0.0037024515418363386, 0.009335040408067166, 0.0487949406953985, 0.027910215332363916, 0.0010689285835955437, 0.23646636812449032, 0.0350583482647871, 0.045824702319694016, 0.007299156760473963, 0.041276480022850906, 0.007299156760473963, 0.0022344421708708415, 0.05026059016936166, 0.010149344670410294), (0, 0, 0, 0, 0, 0, 0, 0, 0, 0, 0, 0.0016626576184457752, 0.0006767219177472479, 0.06149937804507184, 0.06502539038278278, 0.008723329471708632, 0.00036176918093652755, 0.09555361251896813, 0.0001877124226694997, 0.023795695918608258, 0.0010160633509259717, 0.006963639137030152, 0.15058560986911712, 0.007775948452200233, 0.01286900199539727, 0.03634284572901042, 0.015297775930101544, 0.006963639137030152, 0.0006767219177472479, 0.04746468216969184, 0, 0, 0, 0, 0, 0, 0, 0, 0, 0), (0.0014191336441856193, 0.00057833776936193, 0.0487949406953985, 0.06679086162879758, 0.005269516232494085, 0, 0.0912236531918895, 0.0025061505903558393, 0.04657205098437532, 0.006963639137030152, 8.16481194098554e-05, 0.1399942004868045, 0.0014072060559221049, 0.005865051239364611, 0.05171298000558475, 0.025509910978289904, 0.0487949406953985, 0.0454498512923588, 0.20534969973663775, 0.06322393781435344, 0.0207208396239082, 0.0024479765006755194, 0.0029530155390121333, 0.02276859998040022, 0.12745428142147208, 0.029569159854620865, 0.0026078279567117203, 0.006523190206172563, 0.004816452941871073, 0.015588395748542892, 0.0001877124226694997, 0.24616505675524458, 0.027910215332363916, 0.0016400534037116603, 0.03302877414247969, 0.015678504950564255, 0.00402636741089939, 6.420633961127121e-05, 0.05129937439493795, 0), (0, 0, 0, 0, 0, 0, 0, 0, 0, 0, 0, 0.004816452941871073, 5.551033283418159e-05, 0.031173613118524304, 0.06390744704610728, 0.0006246337730938037, 0.0004746229241440903, 0.10112402163718603, 0.006523190206172563, 0.017476244325223163, 0.026668965913709028, 6.934144785689924e-05, 0.13138880793914987, 0.002114884643984207, 0.0011113345431778589, 0.0022344421708708415, 0.001564467561066686, 0.004469552452063288, 0.004528991295546424, 0.049943092483862694, 0.0024479765006755194, 0, 0, 0, 0, 0, 0, 0, 0, 0), (0.006981663965470591, 0.00043648968715225174, 0.029108713090071167, 0.07767325654592765, 0.001231918311003291, 0.0009214584011009545, 0.086379156081871, 0.009756534087137225, 0.01841352965701827, 0.01667423493544029, 0.00013663754192747794, 0.1258707805558582, 0.006570967497522534, 0.0055031961632630196, 0.02276859998040022, 0.006019887358649001, 0.03857581598654605, 0.06149937804507184, 0.2149397901480957, 0.04066211490300797, 0.0207208396239082, 0.07529706740701966, 0.001842090186059877, 0.00566775380589651, 0.14431677453762248, 0.05528500114149415, 0.0002145058924891757, 0.012033410127123681, 0.030305144839322347, 0.0645025668287288, 0.00013175698573951195, 0.2149397901480957, 0.09328462323031235, 0.001254883843183478, 0.03857581598654605, 0.0003410895898538083, 0.004418075114369348, 0.00043648968715225174, 0.06149937804507184, 0.0025332820642113077), (0, 0, 0, 0, 0, 0, 0, 0, 0, 0, 0, 0.0061446088533262735, 0.0003843884653275346, 0.031069480068634414, 0.07850994353170956, 0.0013431113450645717, 0.0018496468978117624, 0.05207398638601675, 0.015085156698935967, 0.0013431113450645717, 0.036940224638936384, 0.002638017951649519, 0.11978983412227931, 0.0066132061053925245, 0.0019359358092692971, 0.00429810722857266, 0.00030058237746002827, 0.0043730621958221125, 0.015807917200052736, 0.059458789360000736, 0.0014939931791539789, 0, 0, 0, 0, 0, 0, 0, 0, 0)]}}
AdaptationManager: Configuring next round...
{'client_registry': {'enabled': True, 'params': {}}, 'client_selector': {'enabled': True, 'params': {'selection_strategy': 'Resource-Based', 'selection_criteria': 'CPU', 'selection_value': 2}}, 'client_cluster': {'enabled': False, 'params': {}}, 'message_compressor': {'enabled': False, 'params': {}}, 'model_co-versioning_registry': {'enabled': False, 'params': {}}, 'multi-task_model_trainer': {'enabled': False, 'params': {}}, 'heterogeneous_data_handler': {'enabled': False, 'params': {}}}
{'client_selector': {'enabled': True}, 'client_cluster': {'enabled': False}, 'message_compressor': {'enabled': False}, 'model_co-versioning_registry': {'enabled': False}, 'multi-task_model_trainer': {'enabled': False}, 'heterogeneous_data_handler': {'enabled': False}, 'client_registry': {'enabled': True, 'params': {}}}
{'model_type': 'prostate_logreg', 'metrics': {'prostate_logreg': {'train_loss': [0.5600399249624983, 0.6016468952779901, 0.5702010186527062, 0.5704594100966598, 0.5863104959683759, 0.5727163798580266, 0.5686826973738024, 0.5507147053149358, 0.5532411841064574, 0.5546856875558501, 0.5341087337812231, 0.5479076040187005, 0.5293239387966787, 0.5378000147523188, 0.5286756625990178, 0.5308884387519757], 'train_accuracy': [0.7289719626168224, 0.684931506849315, 0.7129629629629629, 0.706060606060606, 0.6839285714285714, 0.7080808080808081, 0.7122940430925222, 0.7322363500373972, 0.7282608695652174, 0.7263901147396293, 0.753072625698324, 0.7306273062730627, 0.7586044318717586, 0.7444794952681388, 0.7559789217673287, 0.7534549474847982], 'train_f1': [0.6071188935674917, 0.5550489044874709, 0.5931256310806835, 0.5947146097264723, 0.63425070583722, 0.6470768878614769, 0.6640849669944442, 0.6793253677134566, 0.6985580628803326, 0.699539882748501, 0.716133749847266, 0.7066997855579155, 0.7254829982180996, 0.7211182975075676, 0.7193201380452044, 0.7296782998911108], 'train_mae': [0.27102803738317754, 0.3150684931506849, 0.28703703703703703, 0.29393939393939394, 0.31607142857142856, 0.2919191919191919, 0.2877059569074778, 0.2677636499626028, 0.2717391304347826, 0.2736098852603707, 0.24692737430167597, 0.2693726937269373, 0.2413955681282414, 0.2555205047318612, 0.24402107823267127, 0.24654505251520176], 'val_loss': [0.745396485142674, 0.7093681143820256, 0.6801357139171047, 0.6569241923829086, 0.6357613248514671, 0.6202145967739549, 0.6059309661638604, 0.5952095496597409, 0.5860859932212884, 0.5786630734232774, 0.5722287199194842, 0.5666309255418804, 0.5626046010529353, 0.5577253344571225, 0.554990202906204, 0.5509526676405074], 'val_accuracy': [0.5016487704646384, 0.5448970173904596, 0.5789438041765169, 0.6042405437352246, 0.6274141970618035, 0.6443369868901784, 0.6657059838740124, 0.681717696547261, 0.6981724623664957, 0.7101979305552947, 0.7197427592218393, 0.7264223652874826, 0.7298042874196234, 0.7351388236346957, 0.7361063197325262, 0.7376048245768791], 'val_f1': [0.4908001951953568, 0.5414632940875049, 0.5768866894468682, 0.6025278893925679, 0.625291373858977, 0.6410375578692014, 0.6607917906386664, 0.67494937826867, 0.6899060828525356, 0.7003970226081128, 0.7083388145598852, 0.7137730013275586, 0.7158328282496349, 0.7202458775795818, 0.72010825584737, 0.7205750442287969], 'val_mae': [0.49835122953536154, 0.45510298260954046, 0.4210561958234831, 0.39575945626477543, 0.37258580293819654, 0.3556630131098216, 0.3342940161259876, 0.31828230345273906, 0.30182753763350434, 0.28980206944470527, 0.2802572407781608, 0.27357763471251734, 0.27019571258037656, 0.26486117636530415, 0.26389368026747395, 0.2623951754231208], 'jsd': [(0, 0, 0, 0, 0, 0, 0, 0, 0, 0, 0, 0.0207208396239082, 0.31127812445913283, 0.31127812445913283, 0.31127812445913283, 0.11009182675183558, 0.31127812445913283, 0.31127812445913283, 0.31127812445913283, 0.0037024515418363386, 0.31127812445913283, 0.31127812445913283, 0.31127812445913283, 0.31127812445913283, 0.0037024515418363386, 0.31127812445913283, 0.31127812445913283, 0.0350583482647871, 0.31127812445913283, 0.31127812445913283, 0.31127812445913283, 0, 0, 0, 0, 0, 0, 0, 0, 0), (0, 0, 0, 0, 0, 0, 0, 0, 0, 0, 0, 0.0207208396239082, 0.31127812445913283, 0.31127812445913283, 0.31127812445913283, 0.06548833004089114, 0.0014939931791539789, 0.31127812445913283, 0.07310400793180982, 0, 0.1711038312803313, 0.31127812445913283, 0, 0.007299156760473963, 0.015085156698935967, 0.0207208396239082, 0.16395604408354778, 0.0350583482647871, 0.31127812445913283, 0.31127812445913283, 0.16395604408354778, 0, 0, 0, 0, 0, 0, 0, 0, 0), (0.0207208396239082, 0.16395604408354778, 0.31127812445913283, 0.09922267539827352, 0.11009182675183558, 0.18850340411986471, 0.09328462323031235, 0.11009182675183558, 0.010396593705431272, 0.10481597017296576, 0.05400884513974839, 0.1711038312803313, 0.042041899344894246, 0.31127812445913283, 0.31127812445913283, 0.31127812445913283, 0.31127812445913283, 0.07310400793180982, 0.31127812445913283, 0.07310400793180982, 0.31127812445913283, 0.31127812445913283, 0.00040919789219141973, 0.31127812445913283, 0.31127812445913283, 0.31127812445913283, 0, 0.31127812445913283, 0.11009182675183558, 0.31127812445913283, 0.07310400793180982, 0.31127812445913283, 0.0487949406953985, 0.06149937804507184, 0.31127812445913283, 0, 0.00040919789219141973, 0.09328462323031235, 0.31127812445913283, 0.09328462323031235), (0.09328462323031235, 0.31127812445913283, 0.2087803925185126, 0.009756534087137225, 0.11385563424028564, 0.013714477705244553, 0.08025594233229469, 0.07310400793180982, 0.03857581598654605, 0.13251817521576753, 0.05253690168806249, 0.19326958066820893, 0.0350583482647871, 0.009756534087137225, 0.31127812445913283, 0.31127812445913283, 0.31127812445913283, 0, 0.31127812445913283, 0.07310400793180982, 0.007299156760473963, 0.0037024515418363386, 0.0002145058924891757, 0.31127812445913283, 0.31127812445913283, 0.11009182675183558, 0.12425601093475921, 0.31127812445913283, 0.17750440524619315, 0.07310400793180982, 0.07310400793180982, 0.31127812445913283, 0.31127812445913283, 0.05738732460549023, 0.011482406826014972, 0.001254883843183478, 0.0002145058924891757, 0.0487949406953985, 0.2227619806994962, 0.0487949406953985), (0, 0, 0, 0, 0, 0, 0, 0, 0, 0, 0, 0.07310400793180982, 0.0018086520489059392, 0.2227619806994962, 0.00822299722902229, 0.07622434155290266, 0.015085156698935967, 0.07310400793180982, 0.05738732460549023, 0.01423921619075233, 0.06660561007005729, 0.0487949406953985, 0.11009182675183558, 0.04105726891831728, 0.07622434155290266, 0.12425601093475921, 0.0207208396239082, 0.0005570970453080571, 0.07310400793180982, 0.004167970681504568, 0.0001877124226694997, 0, 0, 0, 0, 0, 0, 0, 0, 0), (0.009036677434107646, 0.005050449860393488, 0.23305878051279882, 0.014691469621310085, 0.016941071056623243, 0.00822299722902229, 0.06859186091507882, 0.042041899344894246, 0.05655009359654585, 0.03889315594457522, 0.0463685414106319, 0.10206066129537185, 0.02359015854559616, 0.0004999522456092496, 0, 0.31127812445913283, 0.0207208396239082, 0.0008025382728216734, 0.07310400793180982, 0.011482406826014972, 0.31127812445913283, 0.010396593705431272, 0.08111870596083268, 0.31127812445913283, 0.31127812445913283, 0.0207208396239082, 0.0487949406953985, 0.0022344421708708415, 0.2087803925185126, 0.07310400793180982, 0.042041899344894246, 0.20534969973663775, 0.05738732460549023, 0.01274900060462203, 0.16395604408354778, 0.028564156811275485, 0.0008790379110077892, 0.011482406826014972, 0.0207208396239082, 0.006523190206172563), (0, 0, 0, 0, 0, 0, 0, 0, 0, 0, 0, 0.012033410127123681, 0.0037024515418363386, 0.24237412989240623, 0.01717496977609681, 0.016009512159686483, 0.0010689285835955437, 0.11385563424028564, 0.0022344421708708415, 0.07310400793180982, 0.04432065423178154, 0.04674406725931858, 0.09328462323031235, 0.0231107894081813, 0.07529706740701966, 0.039737267151773975, 0.008003048984193635, 0.0017382218522886302, 0.0009214584011009545, 0.036145614849311655, 0.09587355378511578, 0, 0, 0, 0, 0, 0, 0, 0, 0), (0.0061446088533262735, 0.002830694750015385, 0.24844401300050659, 0.04105726891831728, 0.014038937565777093, 0.0014939931791539789, 0.10372355040574062, 0.0037024515418363386, 0.07898885115561567, 0.0031619139529965624, 0.02711041372683346, 0.08697257500448134, 0.010396593705431272, 0.00429810722857266, 0.005050449860393488, 0.0207208396239082, 0.0487949406953985, 0.07850994353170956, 0.05738732460549023, 0.05400884513974839, 0.007299156760473963, 0.005407888490294582, 0.0019359358092692971, 0.2292798117148899, 0.15591489886228305, 0.05253690168806249, 0.011482406826014972, 0.00028867375520897666, 0.03857581598654605, 0.05400884513974839, 0.05400884513974839, 0.2227619806994962, 0.03221357089614439, 0.05738732460549023, 0.002830694750015385, 0.0350583482647871, 0.0008589183281813573, 0.018135571823116266, 0.03600088831260688, 0.11009182675183558), (0, 0, 0, 0, 0, 0, 0, 0, 0, 0, 0, 0.004867022157993568, 0.0022344421708708415, 0.06627146564409989, 0.04031575601199518, 0.007299156760473963, 0, 0.11603915012591684, 0.0003410895898538083, 0.07310400793180982, 0.005050449860393488, 0.02345316312919523, 0.10206066129537185, 0.00402636741089939, 0.01258931793513713, 0.03857581598654605, 0.03328315226577441, 0.003476844487206702, 0.028564156811275485, 0.019295237025311954, 0.03328315226577441, 0, 0, 0, 0, 0, 0, 0, 0, 0), (0, 0, 0, 0, 0, 0, 0, 0, 0, 0, 0, 0.0023839413783587893, 0.005301974832984377, 0.06900910450166178, 0.05207398638601675, 0.004122113616565049, 0.0009214584011009545, 0.10749195315105531, 0.0010689285835955437, 0.07622434155290266, 0.0032712817850098566, 0.004122113616565049, 0.1317293194736727, 0.007867664894852307, 0.012465377054556089, 0.0487949406953985, 0.031896080966716533, 0.0027533280550219065, 0.025140556297286162, 0.05207398638601675, 0.006830658680456639, 0, 0, 0, 0, 0, 0, 0, 0, 0), (0.0032712817850098566, 8.906807913130425e-05, 0.06056140150705616, 0.06859186091507882, 0.005572828884914387, 0.0023839413783587893, 0.11746492658590664, 0.0002145058924891757, 0.025317841727168493, 0.00030471608277718963, 0.004084476320002462, 0.14070293888931446, 0.03254945726919092, 0.004167970681504568, 0.004727398383200621, 0.011482406826014972, 0.0487949406953985, 0.07744908453819253, 0.19094034698434098, 0.05738732460549023, 0.009756534087137225, 0.009036677434107646, 0.013949306965373928, 0.07622434155290266, 0.11009182675183558, 0.0487949406953985, 0.0037024515418363386, 0.009335040408067166, 0.0487949406953985, 0.027910215332363916, 0.0010689285835955437, 0.23646636812449032, 0.0350583482647871, 0.045824702319694016, 0.007299156760473963, 0.041276480022850906, 0.007299156760473963, 0.0022344421708708415, 0.05026059016936166, 0.010149344670410294), (0, 0, 0, 0, 0, 0, 0, 0, 0, 0, 0, 0.0016626576184457752, 0.0006767219177472479, 0.06149937804507184, 0.06502539038278278, 0.008723329471708632, 0.00036176918093652755, 0.09555361251896813, 0.0001877124226694997, 0.023795695918608258, 0.0010160633509259717, 0.006963639137030152, 0.15058560986911712, 0.007775948452200233, 0.01286900199539727, 0.03634284572901042, 0.015297775930101544, 0.006963639137030152, 0.0006767219177472479, 0.04746468216969184, 0, 0, 0, 0, 0, 0, 0, 0, 0, 0), (0.0014191336441856193, 0.00057833776936193, 0.0487949406953985, 0.06679086162879758, 0.005269516232494085, 0, 0.0912236531918895, 0.0025061505903558393, 0.04657205098437532, 0.006963639137030152, 8.16481194098554e-05, 0.1399942004868045, 0.0014072060559221049, 0.005865051239364611, 0.05171298000558475, 0.025509910978289904, 0.0487949406953985, 0.0454498512923588, 0.20534969973663775, 0.06322393781435344, 0.0207208396239082, 0.0024479765006755194, 0.0029530155390121333, 0.02276859998040022, 0.12745428142147208, 0.029569159854620865, 0.0026078279567117203, 0.006523190206172563, 0.004816452941871073, 0.015588395748542892, 0.0001877124226694997, 0.24616505675524458, 0.027910215332363916, 0.0016400534037116603, 0.03302877414247969, 0.015678504950564255, 0.00402636741089939, 6.420633961127121e-05, 0.05129937439493795, 0), (0, 0, 0, 0, 0, 0, 0, 0, 0, 0, 0, 0.004816452941871073, 5.551033283418159e-05, 0.031173613118524304, 0.06390744704610728, 0.0006246337730938037, 0.0004746229241440903, 0.10112402163718603, 0.006523190206172563, 0.017476244325223163, 0.026668965913709028, 6.934144785689924e-05, 0.13138880793914987, 0.002114884643984207, 0.0011113345431778589, 0.0022344421708708415, 0.001564467561066686, 0.004469552452063288, 0.004528991295546424, 0.049943092483862694, 0.0024479765006755194, 0, 0, 0, 0, 0, 0, 0, 0, 0), (0.006981663965470591, 0.00043648968715225174, 0.029108713090071167, 0.07767325654592765, 0.001231918311003291, 0.0009214584011009545, 0.086379156081871, 0.009756534087137225, 0.01841352965701827, 0.01667423493544029, 0.00013663754192747794, 0.1258707805558582, 0.006570967497522534, 0.0055031961632630196, 0.02276859998040022, 0.006019887358649001, 0.03857581598654605, 0.06149937804507184, 0.2149397901480957, 0.04066211490300797, 0.0207208396239082, 0.07529706740701966, 0.001842090186059877, 0.00566775380589651, 0.14431677453762248, 0.05528500114149415, 0.0002145058924891757, 0.012033410127123681, 0.030305144839322347, 0.0645025668287288, 0.00013175698573951195, 0.2149397901480957, 0.09328462323031235, 0.001254883843183478, 0.03857581598654605, 0.0003410895898538083, 0.004418075114369348, 0.00043648968715225174, 0.06149937804507184, 0.0025332820642113077), (0, 0, 0, 0, 0, 0, 0, 0, 0, 0, 0, 0.0061446088533262735, 0.0003843884653275346, 0.031069480068634414, 0.07850994353170956, 0.0013431113450645717, 0.0018496468978117624, 0.05207398638601675, 0.015085156698935967, 0.0013431113450645717, 0.036940224638936384, 0.002638017951649519, 0.11978983412227931, 0.0066132061053925245, 0.0019359358092692971, 0.00429810722857266, 0.00030058237746002827, 0.0043730621958221125, 0.015807917200052736, 0.059458789360000736, 0.0014939931791539789, 0, 0, 0, 0, 0, 0, 0, 0, 0)]}}, 'time': 0.49295496940612793, 'communication_time': 0.36421847343444824}
-0.003994324247444753
client_selector activated ✅
Client Client 18 participates in this round. (CPU: 2, RAM: 2)
Client Client 5 participates in this round. (CPU: 2, RAM: 2)
Client Client 3 participates in this round. (CPU: 2, RAM: 2)
Client Client 7 participates in this round. (CPU: 2, RAM: 2)
Client Client 16 participates in this round. (CPU: 2, RAM: 2)
Client Client 19 participates in this round. (CPU: 2, RAM: 2)
Client Client 10 participates in this round. (CPU: 2, RAM: 2)
Client Client 13 participates in this round. (CPU: 2, RAM: 2)
Client Client 17 participates in this round. (CPU: 2, RAM: 2)
Client Client 25 has insufficient CPU (1). Will not participate in the next FL round.
Client Client 28 has insufficient CPU (1). Will not participate in the next FL round.
Client Client 34 has insufficient CPU (1). Will not participate in the next FL round.
Client Client 38 has insufficient CPU (1). Will not participate in the next FL round.
Client Client 8 participates in this round. (CPU: 2, RAM: 2)
Client Client 11 participates in this round. (CPU: 2, RAM: 2)
Client Client 33 has insufficient CPU (1). Will not participate in the next FL round.
Client Client 37 has insufficient CPU (1). Will not participate in the next FL round.
Client Client 15 participates in this round. (CPU: 2, RAM: 2)
Client Client 6 participates in this round. (CPU: 2, RAM: 2)
Client Client 24 has insufficient CPU (1). Will not participate in the next FL round.
Client Client 12 participates in this round. (CPU: 2, RAM: 2)
Client Client 2 participates in this round. (CPU: 2, RAM: 2)
Client Client 40 has insufficient CPU (1). Will not participate in the next FL round.
Client Client 29 has insufficient CPU (1). Will not participate in the next FL round.
Client Client 30 has insufficient CPU (1). Will not participate in the next FL round.
Client Client 39 has insufficient CPU (1). Will not participate in the next FL round.
Client Client 32 has insufficient CPU (1). Will not participate in the next FL round.
Client Client 35 has insufficient CPU (1). Will not participate in the next FL round.
Client Client 1 participates in this round. (CPU: 2, RAM: 2)
Client Client 26 has insufficient CPU (1). Will not participate in the next FL round.
Client Client 4 participates in this round. (CPU: 2, RAM: 2)
Client Client 36 has insufficient CPU (1). Will not participate in the next FL round.
Client Client 9 participates in this round. (CPU: 2, RAM: 2)
Client Client 14 participates in this round. (CPU: 2, RAM: 2)
Client Client 20 participates in this round. (CPU: 2, RAM: 2)
Client Client 27 has insufficient CPU (1). Will not participate in the next FL round.
Client Client 22 has insufficient CPU (1). Will not participate in the next FL round.
Client Client 23 has insufficient CPU (1). Will not participate in the next FL round.
Client Client 31 has insufficient CPU (1). Will not participate in the next FL round.
Client Client 21 has insufficient CPU (1). Will not participate in the next FL round.
Results Aggregated in 0.47 seconds.
{'prostate_logreg': {'train_loss': [0.5600399249624983, 0.6016468952779901, 0.5702010186527062, 0.5704594100966598, 0.5863104959683759, 0.5727163798580266, 0.5686826973738024, 0.5507147053149358, 0.5532411841064574, 0.5546856875558501, 0.5341087337812231, 0.5479076040187005, 0.5293239387966787, 0.5378000147523188, 0.5286756625990178, 0.5308884387519757, 0.5316630412020787], 'train_accuracy': [0.7289719626168224, 0.684931506849315, 0.7129629629629629, 0.706060606060606, 0.6839285714285714, 0.7080808080808081, 0.7122940430925222, 0.7322363500373972, 0.7282608695652174, 0.7263901147396293, 0.753072625698324, 0.7306273062730627, 0.7586044318717586, 0.7444794952681388, 0.7559789217673287, 0.7534549474847982, 0.7538940809968847], 'train_f1': [0.6071188935674917, 0.5550489044874709, 0.5931256310806835, 0.5947146097264723, 0.63425070583722, 0.6470768878614769, 0.6640849669944442, 0.6793253677134566, 0.6985580628803326, 0.699539882748501, 0.716133749847266, 0.7066997855579155, 0.7254829982180996, 0.7211182975075676, 0.7193201380452044, 0.7296782998911108, 0.7298705291434052], 'train_mae': [0.27102803738317754, 0.3150684931506849, 0.28703703703703703, 0.29393939393939394, 0.31607142857142856, 0.2919191919191919, 0.2877059569074778, 0.2677636499626028, 0.2717391304347826, 0.2736098852603707, 0.24692737430167597, 0.2693726937269373, 0.2413955681282414, 0.2555205047318612, 0.24402107823267127, 0.24654505251520176, 0.24610591900311526], 'val_loss': [0.745396485142674, 0.7093681143820256, 0.6801357139171047, 0.6569241923829086, 0.6357613248514671, 0.6202145967739549, 0.6059309661638604, 0.5952095496597409, 0.5860859932212884, 0.5786630734232774, 0.5722287199194842, 0.5666309255418804, 0.5626046010529353, 0.5577253344571225, 0.554990202906204, 0.5509526676405074, 0.5479925522564021], 'val_accuracy': [0.5016487704646384, 0.5448970173904596, 0.5789438041765169, 0.6042405437352246, 0.6274141970618035, 0.6443369868901784, 0.6657059838740124, 0.681717696547261, 0.6981724623664957, 0.7101979305552947, 0.7197427592218393, 0.7264223652874826, 0.7298042874196234, 0.7351388236346957, 0.7361063197325262, 0.7376048245768791, 0.7404272810292895], 'val_f1': [0.4908001951953568, 0.5414632940875049, 0.5768866894468682, 0.6025278893925679, 0.625291373858977, 0.6410375578692014, 0.6607917906386664, 0.67494937826867, 0.6899060828525356, 0.7003970226081128, 0.7083388145598852, 0.7137730013275586, 0.7158328282496349, 0.7202458775795818, 0.72010825584737, 0.7205750442287969, 0.7223369428007372], 'val_mae': [0.49835122953536154, 0.45510298260954046, 0.4210561958234831, 0.39575945626477543, 0.37258580293819654, 0.3556630131098216, 0.3342940161259876, 0.31828230345273906, 0.30182753763350434, 0.28980206944470527, 0.2802572407781608, 0.27357763471251734, 0.27019571258037656, 0.26486117636530415, 0.26389368026747395, 0.2623951754231208, 0.2595727189707106], 'jsd': [(0, 0, 0, 0, 0, 0, 0, 0, 0, 0, 0, 0.0207208396239082, 0.31127812445913283, 0.31127812445913283, 0.31127812445913283, 0.11009182675183558, 0.31127812445913283, 0.31127812445913283, 0.31127812445913283, 0.0037024515418363386, 0.31127812445913283, 0.31127812445913283, 0.31127812445913283, 0.31127812445913283, 0.0037024515418363386, 0.31127812445913283, 0.31127812445913283, 0.0350583482647871, 0.31127812445913283, 0.31127812445913283, 0.31127812445913283, 0, 0, 0, 0, 0, 0, 0, 0, 0), (0, 0, 0, 0, 0, 0, 0, 0, 0, 0, 0, 0.0207208396239082, 0.31127812445913283, 0.31127812445913283, 0.31127812445913283, 0.06548833004089114, 0.0014939931791539789, 0.31127812445913283, 0.07310400793180982, 0, 0.1711038312803313, 0.31127812445913283, 0, 0.007299156760473963, 0.015085156698935967, 0.0207208396239082, 0.16395604408354778, 0.0350583482647871, 0.31127812445913283, 0.31127812445913283, 0.16395604408354778, 0, 0, 0, 0, 0, 0, 0, 0, 0), (0.0207208396239082, 0.16395604408354778, 0.31127812445913283, 0.09922267539827352, 0.11009182675183558, 0.18850340411986471, 0.09328462323031235, 0.11009182675183558, 0.010396593705431272, 0.10481597017296576, 0.05400884513974839, 0.1711038312803313, 0.042041899344894246, 0.31127812445913283, 0.31127812445913283, 0.31127812445913283, 0.31127812445913283, 0.07310400793180982, 0.31127812445913283, 0.07310400793180982, 0.31127812445913283, 0.31127812445913283, 0.00040919789219141973, 0.31127812445913283, 0.31127812445913283, 0.31127812445913283, 0, 0.31127812445913283, 0.11009182675183558, 0.31127812445913283, 0.07310400793180982, 0.31127812445913283, 0.0487949406953985, 0.06149937804507184, 0.31127812445913283, 0, 0.00040919789219141973, 0.09328462323031235, 0.31127812445913283, 0.09328462323031235), (0.09328462323031235, 0.31127812445913283, 0.2087803925185126, 0.009756534087137225, 0.11385563424028564, 0.013714477705244553, 0.08025594233229469, 0.07310400793180982, 0.03857581598654605, 0.13251817521576753, 0.05253690168806249, 0.19326958066820893, 0.0350583482647871, 0.009756534087137225, 0.31127812445913283, 0.31127812445913283, 0.31127812445913283, 0, 0.31127812445913283, 0.07310400793180982, 0.007299156760473963, 0.0037024515418363386, 0.0002145058924891757, 0.31127812445913283, 0.31127812445913283, 0.11009182675183558, 0.12425601093475921, 0.31127812445913283, 0.17750440524619315, 0.07310400793180982, 0.07310400793180982, 0.31127812445913283, 0.31127812445913283, 0.05738732460549023, 0.011482406826014972, 0.001254883843183478, 0.0002145058924891757, 0.0487949406953985, 0.2227619806994962, 0.0487949406953985), (0, 0, 0, 0, 0, 0, 0, 0, 0, 0, 0, 0.07310400793180982, 0.0018086520489059392, 0.2227619806994962, 0.00822299722902229, 0.07622434155290266, 0.015085156698935967, 0.07310400793180982, 0.05738732460549023, 0.01423921619075233, 0.06660561007005729, 0.0487949406953985, 0.11009182675183558, 0.04105726891831728, 0.07622434155290266, 0.12425601093475921, 0.0207208396239082, 0.0005570970453080571, 0.07310400793180982, 0.004167970681504568, 0.0001877124226694997, 0, 0, 0, 0, 0, 0, 0, 0, 0), (0.009036677434107646, 0.005050449860393488, 0.23305878051279882, 0.014691469621310085, 0.016941071056623243, 0.00822299722902229, 0.06859186091507882, 0.042041899344894246, 0.05655009359654585, 0.03889315594457522, 0.0463685414106319, 0.10206066129537185, 0.02359015854559616, 0.0004999522456092496, 0, 0.31127812445913283, 0.0207208396239082, 0.0008025382728216734, 0.07310400793180982, 0.011482406826014972, 0.31127812445913283, 0.010396593705431272, 0.08111870596083268, 0.31127812445913283, 0.31127812445913283, 0.0207208396239082, 0.0487949406953985, 0.0022344421708708415, 0.2087803925185126, 0.07310400793180982, 0.042041899344894246, 0.20534969973663775, 0.05738732460549023, 0.01274900060462203, 0.16395604408354778, 0.028564156811275485, 0.0008790379110077892, 0.011482406826014972, 0.0207208396239082, 0.006523190206172563), (0, 0, 0, 0, 0, 0, 0, 0, 0, 0, 0, 0.012033410127123681, 0.0037024515418363386, 0.24237412989240623, 0.01717496977609681, 0.016009512159686483, 0.0010689285835955437, 0.11385563424028564, 0.0022344421708708415, 0.07310400793180982, 0.04432065423178154, 0.04674406725931858, 0.09328462323031235, 0.0231107894081813, 0.07529706740701966, 0.039737267151773975, 0.008003048984193635, 0.0017382218522886302, 0.0009214584011009545, 0.036145614849311655, 0.09587355378511578, 0, 0, 0, 0, 0, 0, 0, 0, 0), (0.0061446088533262735, 0.002830694750015385, 0.24844401300050659, 0.04105726891831728, 0.014038937565777093, 0.0014939931791539789, 0.10372355040574062, 0.0037024515418363386, 0.07898885115561567, 0.0031619139529965624, 0.02711041372683346, 0.08697257500448134, 0.010396593705431272, 0.00429810722857266, 0.005050449860393488, 0.0207208396239082, 0.0487949406953985, 0.07850994353170956, 0.05738732460549023, 0.05400884513974839, 0.007299156760473963, 0.005407888490294582, 0.0019359358092692971, 0.2292798117148899, 0.15591489886228305, 0.05253690168806249, 0.011482406826014972, 0.00028867375520897666, 0.03857581598654605, 0.05400884513974839, 0.05400884513974839, 0.2227619806994962, 0.03221357089614439, 0.05738732460549023, 0.002830694750015385, 0.0350583482647871, 0.0008589183281813573, 0.018135571823116266, 0.03600088831260688, 0.11009182675183558), (0, 0, 0, 0, 0, 0, 0, 0, 0, 0, 0, 0.004867022157993568, 0.0022344421708708415, 0.06627146564409989, 0.04031575601199518, 0.007299156760473963, 0, 0.11603915012591684, 0.0003410895898538083, 0.07310400793180982, 0.005050449860393488, 0.02345316312919523, 0.10206066129537185, 0.00402636741089939, 0.01258931793513713, 0.03857581598654605, 0.03328315226577441, 0.003476844487206702, 0.028564156811275485, 0.019295237025311954, 0.03328315226577441, 0, 0, 0, 0, 0, 0, 0, 0, 0), (0, 0, 0, 0, 0, 0, 0, 0, 0, 0, 0, 0.0023839413783587893, 0.005301974832984377, 0.06900910450166178, 0.05207398638601675, 0.004122113616565049, 0.0009214584011009545, 0.10749195315105531, 0.0010689285835955437, 0.07622434155290266, 0.0032712817850098566, 0.004122113616565049, 0.1317293194736727, 0.007867664894852307, 0.012465377054556089, 0.0487949406953985, 0.031896080966716533, 0.0027533280550219065, 0.025140556297286162, 0.05207398638601675, 0.006830658680456639, 0, 0, 0, 0, 0, 0, 0, 0, 0), (0.0032712817850098566, 8.906807913130425e-05, 0.06056140150705616, 0.06859186091507882, 0.005572828884914387, 0.0023839413783587893, 0.11746492658590664, 0.0002145058924891757, 0.025317841727168493, 0.00030471608277718963, 0.004084476320002462, 0.14070293888931446, 0.03254945726919092, 0.004167970681504568, 0.004727398383200621, 0.011482406826014972, 0.0487949406953985, 0.07744908453819253, 0.19094034698434098, 0.05738732460549023, 0.009756534087137225, 0.009036677434107646, 0.013949306965373928, 0.07622434155290266, 0.11009182675183558, 0.0487949406953985, 0.0037024515418363386, 0.009335040408067166, 0.0487949406953985, 0.027910215332363916, 0.0010689285835955437, 0.23646636812449032, 0.0350583482647871, 0.045824702319694016, 0.007299156760473963, 0.041276480022850906, 0.007299156760473963, 0.0022344421708708415, 0.05026059016936166, 0.010149344670410294), (0, 0, 0, 0, 0, 0, 0, 0, 0, 0, 0, 0.0016626576184457752, 0.0006767219177472479, 0.06149937804507184, 0.06502539038278278, 0.008723329471708632, 0.00036176918093652755, 0.09555361251896813, 0.0001877124226694997, 0.023795695918608258, 0.0010160633509259717, 0.006963639137030152, 0.15058560986911712, 0.007775948452200233, 0.01286900199539727, 0.03634284572901042, 0.015297775930101544, 0.006963639137030152, 0.0006767219177472479, 0.04746468216969184, 0, 0, 0, 0, 0, 0, 0, 0, 0, 0), (0.0014191336441856193, 0.00057833776936193, 0.0487949406953985, 0.06679086162879758, 0.005269516232494085, 0, 0.0912236531918895, 0.0025061505903558393, 0.04657205098437532, 0.006963639137030152, 8.16481194098554e-05, 0.1399942004868045, 0.0014072060559221049, 0.005865051239364611, 0.05171298000558475, 0.025509910978289904, 0.0487949406953985, 0.0454498512923588, 0.20534969973663775, 0.06322393781435344, 0.0207208396239082, 0.0024479765006755194, 0.0029530155390121333, 0.02276859998040022, 0.12745428142147208, 0.029569159854620865, 0.0026078279567117203, 0.006523190206172563, 0.004816452941871073, 0.015588395748542892, 0.0001877124226694997, 0.24616505675524458, 0.027910215332363916, 0.0016400534037116603, 0.03302877414247969, 0.015678504950564255, 0.00402636741089939, 6.420633961127121e-05, 0.05129937439493795, 0), (0, 0, 0, 0, 0, 0, 0, 0, 0, 0, 0, 0.004816452941871073, 5.551033283418159e-05, 0.031173613118524304, 0.06390744704610728, 0.0006246337730938037, 0.0004746229241440903, 0.10112402163718603, 0.006523190206172563, 0.017476244325223163, 0.026668965913709028, 6.934144785689924e-05, 0.13138880793914987, 0.002114884643984207, 0.0011113345431778589, 0.0022344421708708415, 0.001564467561066686, 0.004469552452063288, 0.004528991295546424, 0.049943092483862694, 0.0024479765006755194, 0, 0, 0, 0, 0, 0, 0, 0, 0), (0.006981663965470591, 0.00043648968715225174, 0.029108713090071167, 0.07767325654592765, 0.001231918311003291, 0.0009214584011009545, 0.086379156081871, 0.009756534087137225, 0.01841352965701827, 0.01667423493544029, 0.00013663754192747794, 0.1258707805558582, 0.006570967497522534, 0.0055031961632630196, 0.02276859998040022, 0.006019887358649001, 0.03857581598654605, 0.06149937804507184, 0.2149397901480957, 0.04066211490300797, 0.0207208396239082, 0.07529706740701966, 0.001842090186059877, 0.00566775380589651, 0.14431677453762248, 0.05528500114149415, 0.0002145058924891757, 0.012033410127123681, 0.030305144839322347, 0.0645025668287288, 0.00013175698573951195, 0.2149397901480957, 0.09328462323031235, 0.001254883843183478, 0.03857581598654605, 0.0003410895898538083, 0.004418075114369348, 0.00043648968715225174, 0.06149937804507184, 0.0025332820642113077), (0, 0, 0, 0, 0, 0, 0, 0, 0, 0, 0, 0.0061446088533262735, 0.0003843884653275346, 0.031069480068634414, 0.07850994353170956, 0.0013431113450645717, 0.0018496468978117624, 0.05207398638601675, 0.015085156698935967, 0.0013431113450645717, 0.036940224638936384, 0.002638017951649519, 0.11978983412227931, 0.0066132061053925245, 0.0019359358092692971, 0.00429810722857266, 0.00030058237746002827, 0.0043730621958221125, 0.015807917200052736, 0.059458789360000736, 0.0014939931791539789, 0, 0, 0, 0, 0, 0, 0, 0, 0), (0, 0, 0, 0, 0, 0, 0, 0, 0, 0, 0, 0.0024103133254441793, 0.0003410895898538083, 0.023689377108138773, 0.0487949406953985, 0.0016935314912301346, 0.004528991295546424, 0.05188296997024308, 0.0207208396239082, 1.1920176936120385e-05, 0.032905373814262645, 0, 0.12569292273081545, 0.026881818822810627, 0.001175077712856798, 5.962124644974575e-05, 0.005449938393478782, 0.012250374725405605, 0.011145923026709324, 0.03594207144943594, 0.0001472488432595325, 0, 0, 0, 0, 0, 0, 0, 0, 0)]}}
AdaptationManager: Configuring next round...
{'client_registry': {'enabled': True, 'params': {}}, 'client_selector': {'enabled': True, 'params': {'selection_strategy': 'Resource-Based', 'selection_criteria': 'CPU', 'selection_value': 2}}, 'client_cluster': {'enabled': False, 'params': {}}, 'message_compressor': {'enabled': False, 'params': {}}, 'model_co-versioning_registry': {'enabled': False, 'params': {}}, 'multi-task_model_trainer': {'enabled': False, 'params': {}}, 'heterogeneous_data_handler': {'enabled': False, 'params': {}}}
{'client_selector': {'enabled': True}, 'client_cluster': {'enabled': False}, 'message_compressor': {'enabled': False}, 'model_co-versioning_registry': {'enabled': False}, 'multi-task_model_trainer': {'enabled': False}, 'heterogeneous_data_handler': {'enabled': False}, 'client_registry': {'enabled': True, 'params': {}}}
{'model_type': 'prostate_logreg', 'metrics': {'prostate_logreg': {'train_loss': [0.5600399249624983, 0.6016468952779901, 0.5702010186527062, 0.5704594100966598, 0.5863104959683759, 0.5727163798580266, 0.5686826973738024, 0.5507147053149358, 0.5532411841064574, 0.5546856875558501, 0.5341087337812231, 0.5479076040187005, 0.5293239387966787, 0.5378000147523188, 0.5286756625990178, 0.5308884387519757, 0.5316630412020787], 'train_accuracy': [0.7289719626168224, 0.684931506849315, 0.7129629629629629, 0.706060606060606, 0.6839285714285714, 0.7080808080808081, 0.7122940430925222, 0.7322363500373972, 0.7282608695652174, 0.7263901147396293, 0.753072625698324, 0.7306273062730627, 0.7586044318717586, 0.7444794952681388, 0.7559789217673287, 0.7534549474847982, 0.7538940809968847], 'train_f1': [0.6071188935674917, 0.5550489044874709, 0.5931256310806835, 0.5947146097264723, 0.63425070583722, 0.6470768878614769, 0.6640849669944442, 0.6793253677134566, 0.6985580628803326, 0.699539882748501, 0.716133749847266, 0.7066997855579155, 0.7254829982180996, 0.7211182975075676, 0.7193201380452044, 0.7296782998911108, 0.7298705291434052], 'train_mae': [0.27102803738317754, 0.3150684931506849, 0.28703703703703703, 0.29393939393939394, 0.31607142857142856, 0.2919191919191919, 0.2877059569074778, 0.2677636499626028, 0.2717391304347826, 0.2736098852603707, 0.24692737430167597, 0.2693726937269373, 0.2413955681282414, 0.2555205047318612, 0.24402107823267127, 0.24654505251520176, 0.24610591900311526], 'val_loss': [0.745396485142674, 0.7093681143820256, 0.6801357139171047, 0.6569241923829086, 0.6357613248514671, 0.6202145967739549, 0.6059309661638604, 0.5952095496597409, 0.5860859932212884, 0.5786630734232774, 0.5722287199194842, 0.5666309255418804, 0.5626046010529353, 0.5577253344571225, 0.554990202906204, 0.5509526676405074, 0.5479925522564021], 'val_accuracy': [0.5016487704646384, 0.5448970173904596, 0.5789438041765169, 0.6042405437352246, 0.6274141970618035, 0.6443369868901784, 0.6657059838740124, 0.681717696547261, 0.6981724623664957, 0.7101979305552947, 0.7197427592218393, 0.7264223652874826, 0.7298042874196234, 0.7351388236346957, 0.7361063197325262, 0.7376048245768791, 0.7404272810292895], 'val_f1': [0.4908001951953568, 0.5414632940875049, 0.5768866894468682, 0.6025278893925679, 0.625291373858977, 0.6410375578692014, 0.6607917906386664, 0.67494937826867, 0.6899060828525356, 0.7003970226081128, 0.7083388145598852, 0.7137730013275586, 0.7158328282496349, 0.7202458775795818, 0.72010825584737, 0.7205750442287969, 0.7223369428007372], 'val_mae': [0.49835122953536154, 0.45510298260954046, 0.4210561958234831, 0.39575945626477543, 0.37258580293819654, 0.3556630131098216, 0.3342940161259876, 0.31828230345273906, 0.30182753763350434, 0.28980206944470527, 0.2802572407781608, 0.27357763471251734, 0.27019571258037656, 0.26486117636530415, 0.26389368026747395, 0.2623951754231208, 0.2595727189707106], 'jsd': [(0, 0, 0, 0, 0, 0, 0, 0, 0, 0, 0, 0.0207208396239082, 0.31127812445913283, 0.31127812445913283, 0.31127812445913283, 0.11009182675183558, 0.31127812445913283, 0.31127812445913283, 0.31127812445913283, 0.0037024515418363386, 0.31127812445913283, 0.31127812445913283, 0.31127812445913283, 0.31127812445913283, 0.0037024515418363386, 0.31127812445913283, 0.31127812445913283, 0.0350583482647871, 0.31127812445913283, 0.31127812445913283, 0.31127812445913283, 0, 0, 0, 0, 0, 0, 0, 0, 0), (0, 0, 0, 0, 0, 0, 0, 0, 0, 0, 0, 0.0207208396239082, 0.31127812445913283, 0.31127812445913283, 0.31127812445913283, 0.06548833004089114, 0.0014939931791539789, 0.31127812445913283, 0.07310400793180982, 0, 0.1711038312803313, 0.31127812445913283, 0, 0.007299156760473963, 0.015085156698935967, 0.0207208396239082, 0.16395604408354778, 0.0350583482647871, 0.31127812445913283, 0.31127812445913283, 0.16395604408354778, 0, 0, 0, 0, 0, 0, 0, 0, 0), (0.0207208396239082, 0.16395604408354778, 0.31127812445913283, 0.09922267539827352, 0.11009182675183558, 0.18850340411986471, 0.09328462323031235, 0.11009182675183558, 0.010396593705431272, 0.10481597017296576, 0.05400884513974839, 0.1711038312803313, 0.042041899344894246, 0.31127812445913283, 0.31127812445913283, 0.31127812445913283, 0.31127812445913283, 0.07310400793180982, 0.31127812445913283, 0.07310400793180982, 0.31127812445913283, 0.31127812445913283, 0.00040919789219141973, 0.31127812445913283, 0.31127812445913283, 0.31127812445913283, 0, 0.31127812445913283, 0.11009182675183558, 0.31127812445913283, 0.07310400793180982, 0.31127812445913283, 0.0487949406953985, 0.06149937804507184, 0.31127812445913283, 0, 0.00040919789219141973, 0.09328462323031235, 0.31127812445913283, 0.09328462323031235), (0.09328462323031235, 0.31127812445913283, 0.2087803925185126, 0.009756534087137225, 0.11385563424028564, 0.013714477705244553, 0.08025594233229469, 0.07310400793180982, 0.03857581598654605, 0.13251817521576753, 0.05253690168806249, 0.19326958066820893, 0.0350583482647871, 0.009756534087137225, 0.31127812445913283, 0.31127812445913283, 0.31127812445913283, 0, 0.31127812445913283, 0.07310400793180982, 0.007299156760473963, 0.0037024515418363386, 0.0002145058924891757, 0.31127812445913283, 0.31127812445913283, 0.11009182675183558, 0.12425601093475921, 0.31127812445913283, 0.17750440524619315, 0.07310400793180982, 0.07310400793180982, 0.31127812445913283, 0.31127812445913283, 0.05738732460549023, 0.011482406826014972, 0.001254883843183478, 0.0002145058924891757, 0.0487949406953985, 0.2227619806994962, 0.0487949406953985), (0, 0, 0, 0, 0, 0, 0, 0, 0, 0, 0, 0.07310400793180982, 0.0018086520489059392, 0.2227619806994962, 0.00822299722902229, 0.07622434155290266, 0.015085156698935967, 0.07310400793180982, 0.05738732460549023, 0.01423921619075233, 0.06660561007005729, 0.0487949406953985, 0.11009182675183558, 0.04105726891831728, 0.07622434155290266, 0.12425601093475921, 0.0207208396239082, 0.0005570970453080571, 0.07310400793180982, 0.004167970681504568, 0.0001877124226694997, 0, 0, 0, 0, 0, 0, 0, 0, 0), (0.009036677434107646, 0.005050449860393488, 0.23305878051279882, 0.014691469621310085, 0.016941071056623243, 0.00822299722902229, 0.06859186091507882, 0.042041899344894246, 0.05655009359654585, 0.03889315594457522, 0.0463685414106319, 0.10206066129537185, 0.02359015854559616, 0.0004999522456092496, 0, 0.31127812445913283, 0.0207208396239082, 0.0008025382728216734, 0.07310400793180982, 0.011482406826014972, 0.31127812445913283, 0.010396593705431272, 0.08111870596083268, 0.31127812445913283, 0.31127812445913283, 0.0207208396239082, 0.0487949406953985, 0.0022344421708708415, 0.2087803925185126, 0.07310400793180982, 0.042041899344894246, 0.20534969973663775, 0.05738732460549023, 0.01274900060462203, 0.16395604408354778, 0.028564156811275485, 0.0008790379110077892, 0.011482406826014972, 0.0207208396239082, 0.006523190206172563), (0, 0, 0, 0, 0, 0, 0, 0, 0, 0, 0, 0.012033410127123681, 0.0037024515418363386, 0.24237412989240623, 0.01717496977609681, 0.016009512159686483, 0.0010689285835955437, 0.11385563424028564, 0.0022344421708708415, 0.07310400793180982, 0.04432065423178154, 0.04674406725931858, 0.09328462323031235, 0.0231107894081813, 0.07529706740701966, 0.039737267151773975, 0.008003048984193635, 0.0017382218522886302, 0.0009214584011009545, 0.036145614849311655, 0.09587355378511578, 0, 0, 0, 0, 0, 0, 0, 0, 0), (0.0061446088533262735, 0.002830694750015385, 0.24844401300050659, 0.04105726891831728, 0.014038937565777093, 0.0014939931791539789, 0.10372355040574062, 0.0037024515418363386, 0.07898885115561567, 0.0031619139529965624, 0.02711041372683346, 0.08697257500448134, 0.010396593705431272, 0.00429810722857266, 0.005050449860393488, 0.0207208396239082, 0.0487949406953985, 0.07850994353170956, 0.05738732460549023, 0.05400884513974839, 0.007299156760473963, 0.005407888490294582, 0.0019359358092692971, 0.2292798117148899, 0.15591489886228305, 0.05253690168806249, 0.011482406826014972, 0.00028867375520897666, 0.03857581598654605, 0.05400884513974839, 0.05400884513974839, 0.2227619806994962, 0.03221357089614439, 0.05738732460549023, 0.002830694750015385, 0.0350583482647871, 0.0008589183281813573, 0.018135571823116266, 0.03600088831260688, 0.11009182675183558), (0, 0, 0, 0, 0, 0, 0, 0, 0, 0, 0, 0.004867022157993568, 0.0022344421708708415, 0.06627146564409989, 0.04031575601199518, 0.007299156760473963, 0, 0.11603915012591684, 0.0003410895898538083, 0.07310400793180982, 0.005050449860393488, 0.02345316312919523, 0.10206066129537185, 0.00402636741089939, 0.01258931793513713, 0.03857581598654605, 0.03328315226577441, 0.003476844487206702, 0.028564156811275485, 0.019295237025311954, 0.03328315226577441, 0, 0, 0, 0, 0, 0, 0, 0, 0), (0, 0, 0, 0, 0, 0, 0, 0, 0, 0, 0, 0.0023839413783587893, 0.005301974832984377, 0.06900910450166178, 0.05207398638601675, 0.004122113616565049, 0.0009214584011009545, 0.10749195315105531, 0.0010689285835955437, 0.07622434155290266, 0.0032712817850098566, 0.004122113616565049, 0.1317293194736727, 0.007867664894852307, 0.012465377054556089, 0.0487949406953985, 0.031896080966716533, 0.0027533280550219065, 0.025140556297286162, 0.05207398638601675, 0.006830658680456639, 0, 0, 0, 0, 0, 0, 0, 0, 0), (0.0032712817850098566, 8.906807913130425e-05, 0.06056140150705616, 0.06859186091507882, 0.005572828884914387, 0.0023839413783587893, 0.11746492658590664, 0.0002145058924891757, 0.025317841727168493, 0.00030471608277718963, 0.004084476320002462, 0.14070293888931446, 0.03254945726919092, 0.004167970681504568, 0.004727398383200621, 0.011482406826014972, 0.0487949406953985, 0.07744908453819253, 0.19094034698434098, 0.05738732460549023, 0.009756534087137225, 0.009036677434107646, 0.013949306965373928, 0.07622434155290266, 0.11009182675183558, 0.0487949406953985, 0.0037024515418363386, 0.009335040408067166, 0.0487949406953985, 0.027910215332363916, 0.0010689285835955437, 0.23646636812449032, 0.0350583482647871, 0.045824702319694016, 0.007299156760473963, 0.041276480022850906, 0.007299156760473963, 0.0022344421708708415, 0.05026059016936166, 0.010149344670410294), (0, 0, 0, 0, 0, 0, 0, 0, 0, 0, 0, 0.0016626576184457752, 0.0006767219177472479, 0.06149937804507184, 0.06502539038278278, 0.008723329471708632, 0.00036176918093652755, 0.09555361251896813, 0.0001877124226694997, 0.023795695918608258, 0.0010160633509259717, 0.006963639137030152, 0.15058560986911712, 0.007775948452200233, 0.01286900199539727, 0.03634284572901042, 0.015297775930101544, 0.006963639137030152, 0.0006767219177472479, 0.04746468216969184, 0, 0, 0, 0, 0, 0, 0, 0, 0, 0), (0.0014191336441856193, 0.00057833776936193, 0.0487949406953985, 0.06679086162879758, 0.005269516232494085, 0, 0.0912236531918895, 0.0025061505903558393, 0.04657205098437532, 0.006963639137030152, 8.16481194098554e-05, 0.1399942004868045, 0.0014072060559221049, 0.005865051239364611, 0.05171298000558475, 0.025509910978289904, 0.0487949406953985, 0.0454498512923588, 0.20534969973663775, 0.06322393781435344, 0.0207208396239082, 0.0024479765006755194, 0.0029530155390121333, 0.02276859998040022, 0.12745428142147208, 0.029569159854620865, 0.0026078279567117203, 0.006523190206172563, 0.004816452941871073, 0.015588395748542892, 0.0001877124226694997, 0.24616505675524458, 0.027910215332363916, 0.0016400534037116603, 0.03302877414247969, 0.015678504950564255, 0.00402636741089939, 6.420633961127121e-05, 0.05129937439493795, 0), (0, 0, 0, 0, 0, 0, 0, 0, 0, 0, 0, 0.004816452941871073, 5.551033283418159e-05, 0.031173613118524304, 0.06390744704610728, 0.0006246337730938037, 0.0004746229241440903, 0.10112402163718603, 0.006523190206172563, 0.017476244325223163, 0.026668965913709028, 6.934144785689924e-05, 0.13138880793914987, 0.002114884643984207, 0.0011113345431778589, 0.0022344421708708415, 0.001564467561066686, 0.004469552452063288, 0.004528991295546424, 0.049943092483862694, 0.0024479765006755194, 0, 0, 0, 0, 0, 0, 0, 0, 0), (0.006981663965470591, 0.00043648968715225174, 0.029108713090071167, 0.07767325654592765, 0.001231918311003291, 0.0009214584011009545, 0.086379156081871, 0.009756534087137225, 0.01841352965701827, 0.01667423493544029, 0.00013663754192747794, 0.1258707805558582, 0.006570967497522534, 0.0055031961632630196, 0.02276859998040022, 0.006019887358649001, 0.03857581598654605, 0.06149937804507184, 0.2149397901480957, 0.04066211490300797, 0.0207208396239082, 0.07529706740701966, 0.001842090186059877, 0.00566775380589651, 0.14431677453762248, 0.05528500114149415, 0.0002145058924891757, 0.012033410127123681, 0.030305144839322347, 0.0645025668287288, 0.00013175698573951195, 0.2149397901480957, 0.09328462323031235, 0.001254883843183478, 0.03857581598654605, 0.0003410895898538083, 0.004418075114369348, 0.00043648968715225174, 0.06149937804507184, 0.0025332820642113077), (0, 0, 0, 0, 0, 0, 0, 0, 0, 0, 0, 0.0061446088533262735, 0.0003843884653275346, 0.031069480068634414, 0.07850994353170956, 0.0013431113450645717, 0.0018496468978117624, 0.05207398638601675, 0.015085156698935967, 0.0013431113450645717, 0.036940224638936384, 0.002638017951649519, 0.11978983412227931, 0.0066132061053925245, 0.0019359358092692971, 0.00429810722857266, 0.00030058237746002827, 0.0043730621958221125, 0.015807917200052736, 0.059458789360000736, 0.0014939931791539789, 0, 0, 0, 0, 0, 0, 0, 0, 0), (0, 0, 0, 0, 0, 0, 0, 0, 0, 0, 0, 0.0024103133254441793, 0.0003410895898538083, 0.023689377108138773, 0.0487949406953985, 0.0016935314912301346, 0.004528991295546424, 0.05188296997024308, 0.0207208396239082, 1.1920176936120385e-05, 0.032905373814262645, 0, 0.12569292273081545, 0.026881818822810627, 0.001175077712856798, 5.962124644974575e-05, 0.005449938393478782, 0.012250374725405605, 0.011145923026709324, 0.03594207144943594, 0.0001472488432595325, 0, 0, 0, 0, 0, 0, 0, 0, 0)]}}, 'time': 0.46565794944763184, 'communication_time': 0.35820460319519043}
-0.003283547813248258
client_selector de-activated ❌
Results Aggregated in 0.49 seconds.
{'prostate_logreg': {'train_loss': [0.5600399249624983, 0.6016468952779901, 0.5702010186527062, 0.5704594100966598, 0.5863104959683759, 0.5727163798580266, 0.5686826973738024, 0.5507147053149358, 0.5532411841064574, 0.5546856875558501, 0.5341087337812231, 0.5479076040187005, 0.5293239387966787, 0.5378000147523188, 0.5286756625990178, 0.5308884387519757, 0.5316630412020787, 0.5178170905616231], 'train_accuracy': [0.7289719626168224, 0.684931506849315, 0.7129629629629629, 0.706060606060606, 0.6839285714285714, 0.7080808080808081, 0.7122940430925222, 0.7322363500373972, 0.7282608695652174, 0.7263901147396293, 0.753072625698324, 0.7306273062730627, 0.7586044318717586, 0.7444794952681388, 0.7559789217673287, 0.7534549474847982, 0.7538940809968847, 0.7684391080617495], 'train_f1': [0.6071188935674917, 0.5550489044874709, 0.5931256310806835, 0.5947146097264723, 0.63425070583722, 0.6470768878614769, 0.6640849669944442, 0.6793253677134566, 0.6985580628803326, 0.699539882748501, 0.716133749847266, 0.7066997855579155, 0.7254829982180996, 0.7211182975075676, 0.7193201380452044, 0.7296782998911108, 0.7298705291434052, 0.7340364633685017], 'train_mae': [0.27102803738317754, 0.3150684931506849, 0.28703703703703703, 0.29393939393939394, 0.31607142857142856, 0.2919191919191919, 0.2877059569074778, 0.2677636499626028, 0.2717391304347826, 0.2736098852603707, 0.24692737430167597, 0.2693726937269373, 0.2413955681282414, 0.2555205047318612, 0.24402107823267127, 0.24654505251520176, 0.24610591900311526, 0.23156089193825044], 'val_loss': [0.745396485142674, 0.7093681143820256, 0.6801357139171047, 0.6569241923829086, 0.6357613248514671, 0.6202145967739549, 0.6059309661638604, 0.5952095496597409, 0.5860859932212884, 0.5786630734232774, 0.5722287199194842, 0.5666309255418804, 0.5626046010529353, 0.5577253344571225, 0.554990202906204, 0.5509526676405074, 0.5479925522564021, 0.546080201384885], 'val_accuracy': [0.5016487704646384, 0.5448970173904596, 0.5789438041765169, 0.6042405437352246, 0.6274141970618035, 0.6443369868901784, 0.6657059838740124, 0.681717696547261, 0.6981724623664957, 0.7101979305552947, 0.7197427592218393, 0.7264223652874826, 0.7298042874196234, 0.7351388236346957, 0.7361063197325262, 0.7376048245768791, 0.7404272810292895, 0.7418725593956425], 'val_f1': [0.4908001951953568, 0.5414632940875049, 0.5768866894468682, 0.6025278893925679, 0.625291373858977, 0.6410375578692014, 0.6607917906386664, 0.67494937826867, 0.6899060828525356, 0.7003970226081128, 0.7083388145598852, 0.7137730013275586, 0.7158328282496349, 0.7202458775795818, 0.72010825584737, 0.7205750442287969, 0.7223369428007372, 0.7232519628007388], 'val_mae': [0.49835122953536154, 0.45510298260954046, 0.4210561958234831, 0.39575945626477543, 0.37258580293819654, 0.3556630131098216, 0.3342940161259876, 0.31828230345273906, 0.30182753763350434, 0.28980206944470527, 0.2802572407781608, 0.27357763471251734, 0.27019571258037656, 0.26486117636530415, 0.26389368026747395, 0.2623951754231208, 0.2595727189707106, 0.2581274406043575], 'jsd': [(0, 0, 0, 0, 0, 0, 0, 0, 0, 0, 0, 0.0207208396239082, 0.31127812445913283, 0.31127812445913283, 0.31127812445913283, 0.11009182675183558, 0.31127812445913283, 0.31127812445913283, 0.31127812445913283, 0.0037024515418363386, 0.31127812445913283, 0.31127812445913283, 0.31127812445913283, 0.31127812445913283, 0.0037024515418363386, 0.31127812445913283, 0.31127812445913283, 0.0350583482647871, 0.31127812445913283, 0.31127812445913283, 0.31127812445913283, 0, 0, 0, 0, 0, 0, 0, 0, 0), (0, 0, 0, 0, 0, 0, 0, 0, 0, 0, 0, 0.0207208396239082, 0.31127812445913283, 0.31127812445913283, 0.31127812445913283, 0.06548833004089114, 0.0014939931791539789, 0.31127812445913283, 0.07310400793180982, 0, 0.1711038312803313, 0.31127812445913283, 0, 0.007299156760473963, 0.015085156698935967, 0.0207208396239082, 0.16395604408354778, 0.0350583482647871, 0.31127812445913283, 0.31127812445913283, 0.16395604408354778, 0, 0, 0, 0, 0, 0, 0, 0, 0), (0.0207208396239082, 0.16395604408354778, 0.31127812445913283, 0.09922267539827352, 0.11009182675183558, 0.18850340411986471, 0.09328462323031235, 0.11009182675183558, 0.010396593705431272, 0.10481597017296576, 0.05400884513974839, 0.1711038312803313, 0.042041899344894246, 0.31127812445913283, 0.31127812445913283, 0.31127812445913283, 0.31127812445913283, 0.07310400793180982, 0.31127812445913283, 0.07310400793180982, 0.31127812445913283, 0.31127812445913283, 0.00040919789219141973, 0.31127812445913283, 0.31127812445913283, 0.31127812445913283, 0, 0.31127812445913283, 0.11009182675183558, 0.31127812445913283, 0.07310400793180982, 0.31127812445913283, 0.0487949406953985, 0.06149937804507184, 0.31127812445913283, 0, 0.00040919789219141973, 0.09328462323031235, 0.31127812445913283, 0.09328462323031235), (0.09328462323031235, 0.31127812445913283, 0.2087803925185126, 0.009756534087137225, 0.11385563424028564, 0.013714477705244553, 0.08025594233229469, 0.07310400793180982, 0.03857581598654605, 0.13251817521576753, 0.05253690168806249, 0.19326958066820893, 0.0350583482647871, 0.009756534087137225, 0.31127812445913283, 0.31127812445913283, 0.31127812445913283, 0, 0.31127812445913283, 0.07310400793180982, 0.007299156760473963, 0.0037024515418363386, 0.0002145058924891757, 0.31127812445913283, 0.31127812445913283, 0.11009182675183558, 0.12425601093475921, 0.31127812445913283, 0.17750440524619315, 0.07310400793180982, 0.07310400793180982, 0.31127812445913283, 0.31127812445913283, 0.05738732460549023, 0.011482406826014972, 0.001254883843183478, 0.0002145058924891757, 0.0487949406953985, 0.2227619806994962, 0.0487949406953985), (0, 0, 0, 0, 0, 0, 0, 0, 0, 0, 0, 0.07310400793180982, 0.0018086520489059392, 0.2227619806994962, 0.00822299722902229, 0.07622434155290266, 0.015085156698935967, 0.07310400793180982, 0.05738732460549023, 0.01423921619075233, 0.06660561007005729, 0.0487949406953985, 0.11009182675183558, 0.04105726891831728, 0.07622434155290266, 0.12425601093475921, 0.0207208396239082, 0.0005570970453080571, 0.07310400793180982, 0.004167970681504568, 0.0001877124226694997, 0, 0, 0, 0, 0, 0, 0, 0, 0), (0.009036677434107646, 0.005050449860393488, 0.23305878051279882, 0.014691469621310085, 0.016941071056623243, 0.00822299722902229, 0.06859186091507882, 0.042041899344894246, 0.05655009359654585, 0.03889315594457522, 0.0463685414106319, 0.10206066129537185, 0.02359015854559616, 0.0004999522456092496, 0, 0.31127812445913283, 0.0207208396239082, 0.0008025382728216734, 0.07310400793180982, 0.011482406826014972, 0.31127812445913283, 0.010396593705431272, 0.08111870596083268, 0.31127812445913283, 0.31127812445913283, 0.0207208396239082, 0.0487949406953985, 0.0022344421708708415, 0.2087803925185126, 0.07310400793180982, 0.042041899344894246, 0.20534969973663775, 0.05738732460549023, 0.01274900060462203, 0.16395604408354778, 0.028564156811275485, 0.0008790379110077892, 0.011482406826014972, 0.0207208396239082, 0.006523190206172563), (0, 0, 0, 0, 0, 0, 0, 0, 0, 0, 0, 0.012033410127123681, 0.0037024515418363386, 0.24237412989240623, 0.01717496977609681, 0.016009512159686483, 0.0010689285835955437, 0.11385563424028564, 0.0022344421708708415, 0.07310400793180982, 0.04432065423178154, 0.04674406725931858, 0.09328462323031235, 0.0231107894081813, 0.07529706740701966, 0.039737267151773975, 0.008003048984193635, 0.0017382218522886302, 0.0009214584011009545, 0.036145614849311655, 0.09587355378511578, 0, 0, 0, 0, 0, 0, 0, 0, 0), (0.0061446088533262735, 0.002830694750015385, 0.24844401300050659, 0.04105726891831728, 0.014038937565777093, 0.0014939931791539789, 0.10372355040574062, 0.0037024515418363386, 0.07898885115561567, 0.0031619139529965624, 0.02711041372683346, 0.08697257500448134, 0.010396593705431272, 0.00429810722857266, 0.005050449860393488, 0.0207208396239082, 0.0487949406953985, 0.07850994353170956, 0.05738732460549023, 0.05400884513974839, 0.007299156760473963, 0.005407888490294582, 0.0019359358092692971, 0.2292798117148899, 0.15591489886228305, 0.05253690168806249, 0.011482406826014972, 0.00028867375520897666, 0.03857581598654605, 0.05400884513974839, 0.05400884513974839, 0.2227619806994962, 0.03221357089614439, 0.05738732460549023, 0.002830694750015385, 0.0350583482647871, 0.0008589183281813573, 0.018135571823116266, 0.03600088831260688, 0.11009182675183558), (0, 0, 0, 0, 0, 0, 0, 0, 0, 0, 0, 0.004867022157993568, 0.0022344421708708415, 0.06627146564409989, 0.04031575601199518, 0.007299156760473963, 0, 0.11603915012591684, 0.0003410895898538083, 0.07310400793180982, 0.005050449860393488, 0.02345316312919523, 0.10206066129537185, 0.00402636741089939, 0.01258931793513713, 0.03857581598654605, 0.03328315226577441, 0.003476844487206702, 0.028564156811275485, 0.019295237025311954, 0.03328315226577441, 0, 0, 0, 0, 0, 0, 0, 0, 0), (0, 0, 0, 0, 0, 0, 0, 0, 0, 0, 0, 0.0023839413783587893, 0.005301974832984377, 0.06900910450166178, 0.05207398638601675, 0.004122113616565049, 0.0009214584011009545, 0.10749195315105531, 0.0010689285835955437, 0.07622434155290266, 0.0032712817850098566, 0.004122113616565049, 0.1317293194736727, 0.007867664894852307, 0.012465377054556089, 0.0487949406953985, 0.031896080966716533, 0.0027533280550219065, 0.025140556297286162, 0.05207398638601675, 0.006830658680456639, 0, 0, 0, 0, 0, 0, 0, 0, 0), (0.0032712817850098566, 8.906807913130425e-05, 0.06056140150705616, 0.06859186091507882, 0.005572828884914387, 0.0023839413783587893, 0.11746492658590664, 0.0002145058924891757, 0.025317841727168493, 0.00030471608277718963, 0.004084476320002462, 0.14070293888931446, 0.03254945726919092, 0.004167970681504568, 0.004727398383200621, 0.011482406826014972, 0.0487949406953985, 0.07744908453819253, 0.19094034698434098, 0.05738732460549023, 0.009756534087137225, 0.009036677434107646, 0.013949306965373928, 0.07622434155290266, 0.11009182675183558, 0.0487949406953985, 0.0037024515418363386, 0.009335040408067166, 0.0487949406953985, 0.027910215332363916, 0.0010689285835955437, 0.23646636812449032, 0.0350583482647871, 0.045824702319694016, 0.007299156760473963, 0.041276480022850906, 0.007299156760473963, 0.0022344421708708415, 0.05026059016936166, 0.010149344670410294), (0, 0, 0, 0, 0, 0, 0, 0, 0, 0, 0, 0.0016626576184457752, 0.0006767219177472479, 0.06149937804507184, 0.06502539038278278, 0.008723329471708632, 0.00036176918093652755, 0.09555361251896813, 0.0001877124226694997, 0.023795695918608258, 0.0010160633509259717, 0.006963639137030152, 0.15058560986911712, 0.007775948452200233, 0.01286900199539727, 0.03634284572901042, 0.015297775930101544, 0.006963639137030152, 0.0006767219177472479, 0.04746468216969184, 0, 0, 0, 0, 0, 0, 0, 0, 0, 0), (0.0014191336441856193, 0.00057833776936193, 0.0487949406953985, 0.06679086162879758, 0.005269516232494085, 0, 0.0912236531918895, 0.0025061505903558393, 0.04657205098437532, 0.006963639137030152, 8.16481194098554e-05, 0.1399942004868045, 0.0014072060559221049, 0.005865051239364611, 0.05171298000558475, 0.025509910978289904, 0.0487949406953985, 0.0454498512923588, 0.20534969973663775, 0.06322393781435344, 0.0207208396239082, 0.0024479765006755194, 0.0029530155390121333, 0.02276859998040022, 0.12745428142147208, 0.029569159854620865, 0.0026078279567117203, 0.006523190206172563, 0.004816452941871073, 0.015588395748542892, 0.0001877124226694997, 0.24616505675524458, 0.027910215332363916, 0.0016400534037116603, 0.03302877414247969, 0.015678504950564255, 0.00402636741089939, 6.420633961127121e-05, 0.05129937439493795, 0), (0, 0, 0, 0, 0, 0, 0, 0, 0, 0, 0, 0.004816452941871073, 5.551033283418159e-05, 0.031173613118524304, 0.06390744704610728, 0.0006246337730938037, 0.0004746229241440903, 0.10112402163718603, 0.006523190206172563, 0.017476244325223163, 0.026668965913709028, 6.934144785689924e-05, 0.13138880793914987, 0.002114884643984207, 0.0011113345431778589, 0.0022344421708708415, 0.001564467561066686, 0.004469552452063288, 0.004528991295546424, 0.049943092483862694, 0.0024479765006755194, 0, 0, 0, 0, 0, 0, 0, 0, 0), (0.006981663965470591, 0.00043648968715225174, 0.029108713090071167, 0.07767325654592765, 0.001231918311003291, 0.0009214584011009545, 0.086379156081871, 0.009756534087137225, 0.01841352965701827, 0.01667423493544029, 0.00013663754192747794, 0.1258707805558582, 0.006570967497522534, 0.0055031961632630196, 0.02276859998040022, 0.006019887358649001, 0.03857581598654605, 0.06149937804507184, 0.2149397901480957, 0.04066211490300797, 0.0207208396239082, 0.07529706740701966, 0.001842090186059877, 0.00566775380589651, 0.14431677453762248, 0.05528500114149415, 0.0002145058924891757, 0.012033410127123681, 0.030305144839322347, 0.0645025668287288, 0.00013175698573951195, 0.2149397901480957, 0.09328462323031235, 0.001254883843183478, 0.03857581598654605, 0.0003410895898538083, 0.004418075114369348, 0.00043648968715225174, 0.06149937804507184, 0.0025332820642113077), (0, 0, 0, 0, 0, 0, 0, 0, 0, 0, 0, 0.0061446088533262735, 0.0003843884653275346, 0.031069480068634414, 0.07850994353170956, 0.0013431113450645717, 0.0018496468978117624, 0.05207398638601675, 0.015085156698935967, 0.0013431113450645717, 0.036940224638936384, 0.002638017951649519, 0.11978983412227931, 0.0066132061053925245, 0.0019359358092692971, 0.00429810722857266, 0.00030058237746002827, 0.0043730621958221125, 0.015807917200052736, 0.059458789360000736, 0.0014939931791539789, 0, 0, 0, 0, 0, 0, 0, 0, 0), (0, 0, 0, 0, 0, 0, 0, 0, 0, 0, 0, 0.0024103133254441793, 0.0003410895898538083, 0.023689377108138773, 0.0487949406953985, 0.0016935314912301346, 0.004528991295546424, 0.05188296997024308, 0.0207208396239082, 1.1920176936120385e-05, 0.032905373814262645, 0, 0.12569292273081545, 0.026881818822810627, 0.001175077712856798, 5.962124644974575e-05, 0.005449938393478782, 0.012250374725405605, 0.011145923026709324, 0.03594207144943594, 0.0001472488432595325, 0, 0, 0, 0, 0, 0, 0, 0, 0), (0.0021536469055539187, 0.00030471608277718963, 0.019828895863554644, 0.026158822648714775, 0.0017810649560001043, 0.004651491303398973, 0.035731909727539896, 0.038306964242260544, 4.2686232120132256e-05, 0.02771571646511272, 9.459123842968289e-05, 0.13251817521576753, 0.04768711957621925, 0.0010689285835955437, 0.050988453276391066, 0.007299156760473963, 0.039737267151773975, 0.12931448059938455, 0.17276905508286108, 0.0350583482647871, 0.0037024515418363386, 0.0693557217943376, 0.0005153473271587838, 0, 0.13407247818586213, 0.045224567067496654, 0.00016564297461497002, 0.004651491303398973, 0.02711041372683346, 0.0066132061053925245, 0.0016400534037116603, 0.22392895962214418, 0.08697257500448134, 0, 0.029348186031720347, 0.0038391590512110163, 0.007757463007627356, 0.005772727484600407, 0.0350583482647871, 0.004259204687851684)]}}
AdaptationManager: Configuring next round...
{'client_registry': {'enabled': True, 'params': {}}, 'client_selector': {'enabled': True, 'params': {'selection_strategy': 'Resource-Based', 'selection_criteria': 'CPU', 'selection_value': 2}}, 'client_cluster': {'enabled': False, 'params': {}}, 'message_compressor': {'enabled': False, 'params': {}}, 'model_co-versioning_registry': {'enabled': False, 'params': {}}, 'multi-task_model_trainer': {'enabled': False, 'params': {}}, 'heterogeneous_data_handler': {'enabled': False, 'params': {}}}
{'client_selector': {'enabled': False}, 'client_cluster': {'enabled': False}, 'message_compressor': {'enabled': False}, 'model_co-versioning_registry': {'enabled': False}, 'multi-task_model_trainer': {'enabled': False}, 'heterogeneous_data_handler': {'enabled': False}, 'client_registry': {'enabled': True, 'params': {}}}
{'model_type': 'prostate_logreg', 'metrics': {'prostate_logreg': {'train_loss': [0.5600399249624983, 0.6016468952779901, 0.5702010186527062, 0.5704594100966598, 0.5863104959683759, 0.5727163798580266, 0.5686826973738024, 0.5507147053149358, 0.5532411841064574, 0.5546856875558501, 0.5341087337812231, 0.5479076040187005, 0.5293239387966787, 0.5378000147523188, 0.5286756625990178, 0.5308884387519757, 0.5316630412020787, 0.5178170905616231], 'train_accuracy': [0.7289719626168224, 0.684931506849315, 0.7129629629629629, 0.706060606060606, 0.6839285714285714, 0.7080808080808081, 0.7122940430925222, 0.7322363500373972, 0.7282608695652174, 0.7263901147396293, 0.753072625698324, 0.7306273062730627, 0.7586044318717586, 0.7444794952681388, 0.7559789217673287, 0.7534549474847982, 0.7538940809968847, 0.7684391080617495], 'train_f1': [0.6071188935674917, 0.5550489044874709, 0.5931256310806835, 0.5947146097264723, 0.63425070583722, 0.6470768878614769, 0.6640849669944442, 0.6793253677134566, 0.6985580628803326, 0.699539882748501, 0.716133749847266, 0.7066997855579155, 0.7254829982180996, 0.7211182975075676, 0.7193201380452044, 0.7296782998911108, 0.7298705291434052, 0.7340364633685017], 'train_mae': [0.27102803738317754, 0.3150684931506849, 0.28703703703703703, 0.29393939393939394, 0.31607142857142856, 0.2919191919191919, 0.2877059569074778, 0.2677636499626028, 0.2717391304347826, 0.2736098852603707, 0.24692737430167597, 0.2693726937269373, 0.2413955681282414, 0.2555205047318612, 0.24402107823267127, 0.24654505251520176, 0.24610591900311526, 0.23156089193825044], 'val_loss': [0.745396485142674, 0.7093681143820256, 0.6801357139171047, 0.6569241923829086, 0.6357613248514671, 0.6202145967739549, 0.6059309661638604, 0.5952095496597409, 0.5860859932212884, 0.5786630734232774, 0.5722287199194842, 0.5666309255418804, 0.5626046010529353, 0.5577253344571225, 0.554990202906204, 0.5509526676405074, 0.5479925522564021, 0.546080201384885], 'val_accuracy': [0.5016487704646384, 0.5448970173904596, 0.5789438041765169, 0.6042405437352246, 0.6274141970618035, 0.6443369868901784, 0.6657059838740124, 0.681717696547261, 0.6981724623664957, 0.7101979305552947, 0.7197427592218393, 0.7264223652874826, 0.7298042874196234, 0.7351388236346957, 0.7361063197325262, 0.7376048245768791, 0.7404272810292895, 0.7418725593956425], 'val_f1': [0.4908001951953568, 0.5414632940875049, 0.5768866894468682, 0.6025278893925679, 0.625291373858977, 0.6410375578692014, 0.6607917906386664, 0.67494937826867, 0.6899060828525356, 0.7003970226081128, 0.7083388145598852, 0.7137730013275586, 0.7158328282496349, 0.7202458775795818, 0.72010825584737, 0.7205750442287969, 0.7223369428007372, 0.7232519628007388], 'val_mae': [0.49835122953536154, 0.45510298260954046, 0.4210561958234831, 0.39575945626477543, 0.37258580293819654, 0.3556630131098216, 0.3342940161259876, 0.31828230345273906, 0.30182753763350434, 0.28980206944470527, 0.2802572407781608, 0.27357763471251734, 0.27019571258037656, 0.26486117636530415, 0.26389368026747395, 0.2623951754231208, 0.2595727189707106, 0.2581274406043575], 'jsd': [(0, 0, 0, 0, 0, 0, 0, 0, 0, 0, 0, 0.0207208396239082, 0.31127812445913283, 0.31127812445913283, 0.31127812445913283, 0.11009182675183558, 0.31127812445913283, 0.31127812445913283, 0.31127812445913283, 0.0037024515418363386, 0.31127812445913283, 0.31127812445913283, 0.31127812445913283, 0.31127812445913283, 0.0037024515418363386, 0.31127812445913283, 0.31127812445913283, 0.0350583482647871, 0.31127812445913283, 0.31127812445913283, 0.31127812445913283, 0, 0, 0, 0, 0, 0, 0, 0, 0), (0, 0, 0, 0, 0, 0, 0, 0, 0, 0, 0, 0.0207208396239082, 0.31127812445913283, 0.31127812445913283, 0.31127812445913283, 0.06548833004089114, 0.0014939931791539789, 0.31127812445913283, 0.07310400793180982, 0, 0.1711038312803313, 0.31127812445913283, 0, 0.007299156760473963, 0.015085156698935967, 0.0207208396239082, 0.16395604408354778, 0.0350583482647871, 0.31127812445913283, 0.31127812445913283, 0.16395604408354778, 0, 0, 0, 0, 0, 0, 0, 0, 0), (0.0207208396239082, 0.16395604408354778, 0.31127812445913283, 0.09922267539827352, 0.11009182675183558, 0.18850340411986471, 0.09328462323031235, 0.11009182675183558, 0.010396593705431272, 0.10481597017296576, 0.05400884513974839, 0.1711038312803313, 0.042041899344894246, 0.31127812445913283, 0.31127812445913283, 0.31127812445913283, 0.31127812445913283, 0.07310400793180982, 0.31127812445913283, 0.07310400793180982, 0.31127812445913283, 0.31127812445913283, 0.00040919789219141973, 0.31127812445913283, 0.31127812445913283, 0.31127812445913283, 0, 0.31127812445913283, 0.11009182675183558, 0.31127812445913283, 0.07310400793180982, 0.31127812445913283, 0.0487949406953985, 0.06149937804507184, 0.31127812445913283, 0, 0.00040919789219141973, 0.09328462323031235, 0.31127812445913283, 0.09328462323031235), (0.09328462323031235, 0.31127812445913283, 0.2087803925185126, 0.009756534087137225, 0.11385563424028564, 0.013714477705244553, 0.08025594233229469, 0.07310400793180982, 0.03857581598654605, 0.13251817521576753, 0.05253690168806249, 0.19326958066820893, 0.0350583482647871, 0.009756534087137225, 0.31127812445913283, 0.31127812445913283, 0.31127812445913283, 0, 0.31127812445913283, 0.07310400793180982, 0.007299156760473963, 0.0037024515418363386, 0.0002145058924891757, 0.31127812445913283, 0.31127812445913283, 0.11009182675183558, 0.12425601093475921, 0.31127812445913283, 0.17750440524619315, 0.07310400793180982, 0.07310400793180982, 0.31127812445913283, 0.31127812445913283, 0.05738732460549023, 0.011482406826014972, 0.001254883843183478, 0.0002145058924891757, 0.0487949406953985, 0.2227619806994962, 0.0487949406953985), (0, 0, 0, 0, 0, 0, 0, 0, 0, 0, 0, 0.07310400793180982, 0.0018086520489059392, 0.2227619806994962, 0.00822299722902229, 0.07622434155290266, 0.015085156698935967, 0.07310400793180982, 0.05738732460549023, 0.01423921619075233, 0.06660561007005729, 0.0487949406953985, 0.11009182675183558, 0.04105726891831728, 0.07622434155290266, 0.12425601093475921, 0.0207208396239082, 0.0005570970453080571, 0.07310400793180982, 0.004167970681504568, 0.0001877124226694997, 0, 0, 0, 0, 0, 0, 0, 0, 0), (0.009036677434107646, 0.005050449860393488, 0.23305878051279882, 0.014691469621310085, 0.016941071056623243, 0.00822299722902229, 0.06859186091507882, 0.042041899344894246, 0.05655009359654585, 0.03889315594457522, 0.0463685414106319, 0.10206066129537185, 0.02359015854559616, 0.0004999522456092496, 0, 0.31127812445913283, 0.0207208396239082, 0.0008025382728216734, 0.07310400793180982, 0.011482406826014972, 0.31127812445913283, 0.010396593705431272, 0.08111870596083268, 0.31127812445913283, 0.31127812445913283, 0.0207208396239082, 0.0487949406953985, 0.0022344421708708415, 0.2087803925185126, 0.07310400793180982, 0.042041899344894246, 0.20534969973663775, 0.05738732460549023, 0.01274900060462203, 0.16395604408354778, 0.028564156811275485, 0.0008790379110077892, 0.011482406826014972, 0.0207208396239082, 0.006523190206172563), (0, 0, 0, 0, 0, 0, 0, 0, 0, 0, 0, 0.012033410127123681, 0.0037024515418363386, 0.24237412989240623, 0.01717496977609681, 0.016009512159686483, 0.0010689285835955437, 0.11385563424028564, 0.0022344421708708415, 0.07310400793180982, 0.04432065423178154, 0.04674406725931858, 0.09328462323031235, 0.0231107894081813, 0.07529706740701966, 0.039737267151773975, 0.008003048984193635, 0.0017382218522886302, 0.0009214584011009545, 0.036145614849311655, 0.09587355378511578, 0, 0, 0, 0, 0, 0, 0, 0, 0), (0.0061446088533262735, 0.002830694750015385, 0.24844401300050659, 0.04105726891831728, 0.014038937565777093, 0.0014939931791539789, 0.10372355040574062, 0.0037024515418363386, 0.07898885115561567, 0.0031619139529965624, 0.02711041372683346, 0.08697257500448134, 0.010396593705431272, 0.00429810722857266, 0.005050449860393488, 0.0207208396239082, 0.0487949406953985, 0.07850994353170956, 0.05738732460549023, 0.05400884513974839, 0.007299156760473963, 0.005407888490294582, 0.0019359358092692971, 0.2292798117148899, 0.15591489886228305, 0.05253690168806249, 0.011482406826014972, 0.00028867375520897666, 0.03857581598654605, 0.05400884513974839, 0.05400884513974839, 0.2227619806994962, 0.03221357089614439, 0.05738732460549023, 0.002830694750015385, 0.0350583482647871, 0.0008589183281813573, 0.018135571823116266, 0.03600088831260688, 0.11009182675183558), (0, 0, 0, 0, 0, 0, 0, 0, 0, 0, 0, 0.004867022157993568, 0.0022344421708708415, 0.06627146564409989, 0.04031575601199518, 0.007299156760473963, 0, 0.11603915012591684, 0.0003410895898538083, 0.07310400793180982, 0.005050449860393488, 0.02345316312919523, 0.10206066129537185, 0.00402636741089939, 0.01258931793513713, 0.03857581598654605, 0.03328315226577441, 0.003476844487206702, 0.028564156811275485, 0.019295237025311954, 0.03328315226577441, 0, 0, 0, 0, 0, 0, 0, 0, 0), (0, 0, 0, 0, 0, 0, 0, 0, 0, 0, 0, 0.0023839413783587893, 0.005301974832984377, 0.06900910450166178, 0.05207398638601675, 0.004122113616565049, 0.0009214584011009545, 0.10749195315105531, 0.0010689285835955437, 0.07622434155290266, 0.0032712817850098566, 0.004122113616565049, 0.1317293194736727, 0.007867664894852307, 0.012465377054556089, 0.0487949406953985, 0.031896080966716533, 0.0027533280550219065, 0.025140556297286162, 0.05207398638601675, 0.006830658680456639, 0, 0, 0, 0, 0, 0, 0, 0, 0), (0.0032712817850098566, 8.906807913130425e-05, 0.06056140150705616, 0.06859186091507882, 0.005572828884914387, 0.0023839413783587893, 0.11746492658590664, 0.0002145058924891757, 0.025317841727168493, 0.00030471608277718963, 0.004084476320002462, 0.14070293888931446, 0.03254945726919092, 0.004167970681504568, 0.004727398383200621, 0.011482406826014972, 0.0487949406953985, 0.07744908453819253, 0.19094034698434098, 0.05738732460549023, 0.009756534087137225, 0.009036677434107646, 0.013949306965373928, 0.07622434155290266, 0.11009182675183558, 0.0487949406953985, 0.0037024515418363386, 0.009335040408067166, 0.0487949406953985, 0.027910215332363916, 0.0010689285835955437, 0.23646636812449032, 0.0350583482647871, 0.045824702319694016, 0.007299156760473963, 0.041276480022850906, 0.007299156760473963, 0.0022344421708708415, 0.05026059016936166, 0.010149344670410294), (0, 0, 0, 0, 0, 0, 0, 0, 0, 0, 0, 0.0016626576184457752, 0.0006767219177472479, 0.06149937804507184, 0.06502539038278278, 0.008723329471708632, 0.00036176918093652755, 0.09555361251896813, 0.0001877124226694997, 0.023795695918608258, 0.0010160633509259717, 0.006963639137030152, 0.15058560986911712, 0.007775948452200233, 0.01286900199539727, 0.03634284572901042, 0.015297775930101544, 0.006963639137030152, 0.0006767219177472479, 0.04746468216969184, 0, 0, 0, 0, 0, 0, 0, 0, 0, 0), (0.0014191336441856193, 0.00057833776936193, 0.0487949406953985, 0.06679086162879758, 0.005269516232494085, 0, 0.0912236531918895, 0.0025061505903558393, 0.04657205098437532, 0.006963639137030152, 8.16481194098554e-05, 0.1399942004868045, 0.0014072060559221049, 0.005865051239364611, 0.05171298000558475, 0.025509910978289904, 0.0487949406953985, 0.0454498512923588, 0.20534969973663775, 0.06322393781435344, 0.0207208396239082, 0.0024479765006755194, 0.0029530155390121333, 0.02276859998040022, 0.12745428142147208, 0.029569159854620865, 0.0026078279567117203, 0.006523190206172563, 0.004816452941871073, 0.015588395748542892, 0.0001877124226694997, 0.24616505675524458, 0.027910215332363916, 0.0016400534037116603, 0.03302877414247969, 0.015678504950564255, 0.00402636741089939, 6.420633961127121e-05, 0.05129937439493795, 0), (0, 0, 0, 0, 0, 0, 0, 0, 0, 0, 0, 0.004816452941871073, 5.551033283418159e-05, 0.031173613118524304, 0.06390744704610728, 0.0006246337730938037, 0.0004746229241440903, 0.10112402163718603, 0.006523190206172563, 0.017476244325223163, 0.026668965913709028, 6.934144785689924e-05, 0.13138880793914987, 0.002114884643984207, 0.0011113345431778589, 0.0022344421708708415, 0.001564467561066686, 0.004469552452063288, 0.004528991295546424, 0.049943092483862694, 0.0024479765006755194, 0, 0, 0, 0, 0, 0, 0, 0, 0), (0.006981663965470591, 0.00043648968715225174, 0.029108713090071167, 0.07767325654592765, 0.001231918311003291, 0.0009214584011009545, 0.086379156081871, 0.009756534087137225, 0.01841352965701827, 0.01667423493544029, 0.00013663754192747794, 0.1258707805558582, 0.006570967497522534, 0.0055031961632630196, 0.02276859998040022, 0.006019887358649001, 0.03857581598654605, 0.06149937804507184, 0.2149397901480957, 0.04066211490300797, 0.0207208396239082, 0.07529706740701966, 0.001842090186059877, 0.00566775380589651, 0.14431677453762248, 0.05528500114149415, 0.0002145058924891757, 0.012033410127123681, 0.030305144839322347, 0.0645025668287288, 0.00013175698573951195, 0.2149397901480957, 0.09328462323031235, 0.001254883843183478, 0.03857581598654605, 0.0003410895898538083, 0.004418075114369348, 0.00043648968715225174, 0.06149937804507184, 0.0025332820642113077), (0, 0, 0, 0, 0, 0, 0, 0, 0, 0, 0, 0.0061446088533262735, 0.0003843884653275346, 0.031069480068634414, 0.07850994353170956, 0.0013431113450645717, 0.0018496468978117624, 0.05207398638601675, 0.015085156698935967, 0.0013431113450645717, 0.036940224638936384, 0.002638017951649519, 0.11978983412227931, 0.0066132061053925245, 0.0019359358092692971, 0.00429810722857266, 0.00030058237746002827, 0.0043730621958221125, 0.015807917200052736, 0.059458789360000736, 0.0014939931791539789, 0, 0, 0, 0, 0, 0, 0, 0, 0), (0, 0, 0, 0, 0, 0, 0, 0, 0, 0, 0, 0.0024103133254441793, 0.0003410895898538083, 0.023689377108138773, 0.0487949406953985, 0.0016935314912301346, 0.004528991295546424, 0.05188296997024308, 0.0207208396239082, 1.1920176936120385e-05, 0.032905373814262645, 0, 0.12569292273081545, 0.026881818822810627, 0.001175077712856798, 5.962124644974575e-05, 0.005449938393478782, 0.012250374725405605, 0.011145923026709324, 0.03594207144943594, 0.0001472488432595325, 0, 0, 0, 0, 0, 0, 0, 0, 0), (0.0021536469055539187, 0.00030471608277718963, 0.019828895863554644, 0.026158822648714775, 0.0017810649560001043, 0.004651491303398973, 0.035731909727539896, 0.038306964242260544, 4.2686232120132256e-05, 0.02771571646511272, 9.459123842968289e-05, 0.13251817521576753, 0.04768711957621925, 0.0010689285835955437, 0.050988453276391066, 0.007299156760473963, 0.039737267151773975, 0.12931448059938455, 0.17276905508286108, 0.0350583482647871, 0.0037024515418363386, 0.0693557217943376, 0.0005153473271587838, 0, 0.13407247818586213, 0.045224567067496654, 0.00016564297461497002, 0.004651491303398973, 0.02711041372683346, 0.0066132061053925245, 0.0016400534037116603, 0.22392895962214418, 0.08697257500448134, 0, 0.029348186031720347, 0.0038391590512110163, 0.007757463007627356, 0.005772727484600407, 0.0350583482647871, 0.004259204687851684)]}}, 'time': 0.4933969974517822, 'communication_time': 0.4847450256347656}
-0.003253718081801929
client_selector activated ✅
Client Client 18 participates in this round. (CPU: 2, RAM: 2)
Client Client 15 participates in this round. (CPU: 2, RAM: 2)
Client Client 35 has insufficient CPU (1). Will not participate in the next FL round.
Client Client 38 has insufficient CPU (1). Will not participate in the next FL round.
Client Client 4 participates in this round. (CPU: 2, RAM: 2)
Client Client 5 participates in this round. (CPU: 2, RAM: 2)
Client Client 37 has insufficient CPU (1). Will not participate in the next FL round.
Client Client 19 participates in this round. (CPU: 2, RAM: 2)
Client Client 11 participates in this round. (CPU: 2, RAM: 2)
Client Client 13 participates in this round. (CPU: 2, RAM: 2)
Client Client 12 participates in this round. (CPU: 2, RAM: 2)
Client Client 6 participates in this round. (CPU: 2, RAM: 2)
Client Client 10 participates in this round. (CPU: 2, RAM: 2)
Client Client 17 participates in this round. (CPU: 2, RAM: 2)
Client Client 1 participates in this round. (CPU: 2, RAM: 2)
Client Client 36 has insufficient CPU (1). Will not participate in the next FL round.
Client Client 14 participates in this round. (CPU: 2, RAM: 2)
Client Client 20 participates in this round. (CPU: 2, RAM: 2)
Client Client 9 participates in this round. (CPU: 2, RAM: 2)
Client Client 27 has insufficient CPU (1). Will not participate in the next FL round.
Client Client 31 has insufficient CPU (1). Will not participate in the next FL round.
Client Client 8 participates in this round. (CPU: 2, RAM: 2)
Client Client 2 participates in this round. (CPU: 2, RAM: 2)
Client Client 32 has insufficient CPU (1). Will not participate in the next FL round.
Client Client 28 has insufficient CPU (1). Will not participate in the next FL round.
Client Client 34 has insufficient CPU (1). Will not participate in the next FL round.
Client Client 24 has insufficient CPU (1). Will not participate in the next FL round.
Client Client 29 has insufficient CPU (1). Will not participate in the next FL round.
Client Client 30 has insufficient CPU (1). Will not participate in the next FL round.
Client Client 7 participates in this round. (CPU: 2, RAM: 2)
Client Client 21 has insufficient CPU (1). Will not participate in the next FL round.
Client Client 23 has insufficient CPU (1). Will not participate in the next FL round.
Client Client 3 participates in this round. (CPU: 2, RAM: 2)
Client Client 39 has insufficient CPU (1). Will not participate in the next FL round.
Client Client 16 participates in this round. (CPU: 2, RAM: 2)
Client Client 25 has insufficient CPU (1). Will not participate in the next FL round.
Client Client 22 has insufficient CPU (1). Will not participate in the next FL round.
Client Client 26 has insufficient CPU (1). Will not participate in the next FL round.
Client Client 33 has insufficient CPU (1). Will not participate in the next FL round.
Client Client 40 has insufficient CPU (1). Will not participate in the next FL round.
Results Aggregated in 0.44 seconds.
{'prostate_logreg': {'train_loss': [0.5600399249624983, 0.6016468952779901, 0.5702010186527062, 0.5704594100966598, 0.5863104959683759, 0.5727163798580266, 0.5686826973738024, 0.5507147053149358, 0.5532411841064574, 0.5546856875558501, 0.5341087337812231, 0.5479076040187005, 0.5293239387966787, 0.5378000147523188, 0.5286756625990178, 0.5308884387519757, 0.5316630412020787, 0.5178170905616231, 0.5257040378683159], 'train_accuracy': [0.7289719626168224, 0.684931506849315, 0.7129629629629629, 0.706060606060606, 0.6839285714285714, 0.7080808080808081, 0.7122940430925222, 0.7322363500373972, 0.7282608695652174, 0.7263901147396293, 0.753072625698324, 0.7306273062730627, 0.7586044318717586, 0.7444794952681388, 0.7559789217673287, 0.7534549474847982, 0.7538940809968847, 0.7684391080617495, 0.76059618071728], 'train_f1': [0.6071188935674917, 0.5550489044874709, 0.5931256310806835, 0.5947146097264723, 0.63425070583722, 0.6470768878614769, 0.6640849669944442, 0.6793253677134566, 0.6985580628803326, 0.699539882748501, 0.716133749847266, 0.7066997855579155, 0.7254829982180996, 0.7211182975075676, 0.7193201380452044, 0.7296782998911108, 0.7298705291434052, 0.7340364633685017, 0.7399158678156308], 'train_mae': [0.27102803738317754, 0.3150684931506849, 0.28703703703703703, 0.29393939393939394, 0.31607142857142856, 0.2919191919191919, 0.2877059569074778, 0.2677636499626028, 0.2717391304347826, 0.2736098852603707, 0.24692737430167597, 0.2693726937269373, 0.2413955681282414, 0.2555205047318612, 0.24402107823267127, 0.24654505251520176, 0.24610591900311526, 0.23156089193825044, 0.2394038192827201], 'val_loss': [0.745396485142674, 0.7093681143820256, 0.6801357139171047, 0.6569241923829086, 0.6357613248514671, 0.6202145967739549, 0.6059309661638604, 0.5952095496597409, 0.5860859932212884, 0.5786630734232774, 0.5722287199194842, 0.5666309255418804, 0.5626046010529353, 0.5577253344571225, 0.554990202906204, 0.5509526676405074, 0.5479925522564021, 0.546080201384885, 0.5433316948452621], 'val_accuracy': [0.5016487704646384, 0.5448970173904596, 0.5789438041765169, 0.6042405437352246, 0.6274141970618035, 0.6443369868901784, 0.6657059838740124, 0.681717696547261, 0.6981724623664957, 0.7101979305552947, 0.7197427592218393, 0.7264223652874826, 0.7298042874196234, 0.7351388236346957, 0.7361063197325262, 0.7376048245768791, 0.7404272810292895, 0.7418725593956425, 0.7447423751432809], 'val_f1': [0.4908001951953568, 0.5414632940875049, 0.5768866894468682, 0.6025278893925679, 0.625291373858977, 0.6410375578692014, 0.6607917906386664, 0.67494937826867, 0.6899060828525356, 0.7003970226081128, 0.7083388145598852, 0.7137730013275586, 0.7158328282496349, 0.7202458775795818, 0.72010825584737, 0.7205750442287969, 0.7223369428007372, 0.7232519628007388, 0.7256828646785183], 'val_mae': [0.49835122953536154, 0.45510298260954046, 0.4210561958234831, 0.39575945626477543, 0.37258580293819654, 0.3556630131098216, 0.3342940161259876, 0.31828230345273906, 0.30182753763350434, 0.28980206944470527, 0.2802572407781608, 0.27357763471251734, 0.27019571258037656, 0.26486117636530415, 0.26389368026747395, 0.2623951754231208, 0.2595727189707106, 0.2581274406043575, 0.2552576248567191], 'jsd': [(0, 0, 0, 0, 0, 0, 0, 0, 0, 0, 0, 0.0207208396239082, 0.31127812445913283, 0.31127812445913283, 0.31127812445913283, 0.11009182675183558, 0.31127812445913283, 0.31127812445913283, 0.31127812445913283, 0.0037024515418363386, 0.31127812445913283, 0.31127812445913283, 0.31127812445913283, 0.31127812445913283, 0.0037024515418363386, 0.31127812445913283, 0.31127812445913283, 0.0350583482647871, 0.31127812445913283, 0.31127812445913283, 0.31127812445913283, 0, 0, 0, 0, 0, 0, 0, 0, 0), (0, 0, 0, 0, 0, 0, 0, 0, 0, 0, 0, 0.0207208396239082, 0.31127812445913283, 0.31127812445913283, 0.31127812445913283, 0.06548833004089114, 0.0014939931791539789, 0.31127812445913283, 0.07310400793180982, 0, 0.1711038312803313, 0.31127812445913283, 0, 0.007299156760473963, 0.015085156698935967, 0.0207208396239082, 0.16395604408354778, 0.0350583482647871, 0.31127812445913283, 0.31127812445913283, 0.16395604408354778, 0, 0, 0, 0, 0, 0, 0, 0, 0), (0.0207208396239082, 0.16395604408354778, 0.31127812445913283, 0.09922267539827352, 0.11009182675183558, 0.18850340411986471, 0.09328462323031235, 0.11009182675183558, 0.010396593705431272, 0.10481597017296576, 0.05400884513974839, 0.1711038312803313, 0.042041899344894246, 0.31127812445913283, 0.31127812445913283, 0.31127812445913283, 0.31127812445913283, 0.07310400793180982, 0.31127812445913283, 0.07310400793180982, 0.31127812445913283, 0.31127812445913283, 0.00040919789219141973, 0.31127812445913283, 0.31127812445913283, 0.31127812445913283, 0, 0.31127812445913283, 0.11009182675183558, 0.31127812445913283, 0.07310400793180982, 0.31127812445913283, 0.0487949406953985, 0.06149937804507184, 0.31127812445913283, 0, 0.00040919789219141973, 0.09328462323031235, 0.31127812445913283, 0.09328462323031235), (0.09328462323031235, 0.31127812445913283, 0.2087803925185126, 0.009756534087137225, 0.11385563424028564, 0.013714477705244553, 0.08025594233229469, 0.07310400793180982, 0.03857581598654605, 0.13251817521576753, 0.05253690168806249, 0.19326958066820893, 0.0350583482647871, 0.009756534087137225, 0.31127812445913283, 0.31127812445913283, 0.31127812445913283, 0, 0.31127812445913283, 0.07310400793180982, 0.007299156760473963, 0.0037024515418363386, 0.0002145058924891757, 0.31127812445913283, 0.31127812445913283, 0.11009182675183558, 0.12425601093475921, 0.31127812445913283, 0.17750440524619315, 0.07310400793180982, 0.07310400793180982, 0.31127812445913283, 0.31127812445913283, 0.05738732460549023, 0.011482406826014972, 0.001254883843183478, 0.0002145058924891757, 0.0487949406953985, 0.2227619806994962, 0.0487949406953985), (0, 0, 0, 0, 0, 0, 0, 0, 0, 0, 0, 0.07310400793180982, 0.0018086520489059392, 0.2227619806994962, 0.00822299722902229, 0.07622434155290266, 0.015085156698935967, 0.07310400793180982, 0.05738732460549023, 0.01423921619075233, 0.06660561007005729, 0.0487949406953985, 0.11009182675183558, 0.04105726891831728, 0.07622434155290266, 0.12425601093475921, 0.0207208396239082, 0.0005570970453080571, 0.07310400793180982, 0.004167970681504568, 0.0001877124226694997, 0, 0, 0, 0, 0, 0, 0, 0, 0), (0.009036677434107646, 0.005050449860393488, 0.23305878051279882, 0.014691469621310085, 0.016941071056623243, 0.00822299722902229, 0.06859186091507882, 0.042041899344894246, 0.05655009359654585, 0.03889315594457522, 0.0463685414106319, 0.10206066129537185, 0.02359015854559616, 0.0004999522456092496, 0, 0.31127812445913283, 0.0207208396239082, 0.0008025382728216734, 0.07310400793180982, 0.011482406826014972, 0.31127812445913283, 0.010396593705431272, 0.08111870596083268, 0.31127812445913283, 0.31127812445913283, 0.0207208396239082, 0.0487949406953985, 0.0022344421708708415, 0.2087803925185126, 0.07310400793180982, 0.042041899344894246, 0.20534969973663775, 0.05738732460549023, 0.01274900060462203, 0.16395604408354778, 0.028564156811275485, 0.0008790379110077892, 0.011482406826014972, 0.0207208396239082, 0.006523190206172563), (0, 0, 0, 0, 0, 0, 0, 0, 0, 0, 0, 0.012033410127123681, 0.0037024515418363386, 0.24237412989240623, 0.01717496977609681, 0.016009512159686483, 0.0010689285835955437, 0.11385563424028564, 0.0022344421708708415, 0.07310400793180982, 0.04432065423178154, 0.04674406725931858, 0.09328462323031235, 0.0231107894081813, 0.07529706740701966, 0.039737267151773975, 0.008003048984193635, 0.0017382218522886302, 0.0009214584011009545, 0.036145614849311655, 0.09587355378511578, 0, 0, 0, 0, 0, 0, 0, 0, 0), (0.0061446088533262735, 0.002830694750015385, 0.24844401300050659, 0.04105726891831728, 0.014038937565777093, 0.0014939931791539789, 0.10372355040574062, 0.0037024515418363386, 0.07898885115561567, 0.0031619139529965624, 0.02711041372683346, 0.08697257500448134, 0.010396593705431272, 0.00429810722857266, 0.005050449860393488, 0.0207208396239082, 0.0487949406953985, 0.07850994353170956, 0.05738732460549023, 0.05400884513974839, 0.007299156760473963, 0.005407888490294582, 0.0019359358092692971, 0.2292798117148899, 0.15591489886228305, 0.05253690168806249, 0.011482406826014972, 0.00028867375520897666, 0.03857581598654605, 0.05400884513974839, 0.05400884513974839, 0.2227619806994962, 0.03221357089614439, 0.05738732460549023, 0.002830694750015385, 0.0350583482647871, 0.0008589183281813573, 0.018135571823116266, 0.03600088831260688, 0.11009182675183558), (0, 0, 0, 0, 0, 0, 0, 0, 0, 0, 0, 0.004867022157993568, 0.0022344421708708415, 0.06627146564409989, 0.04031575601199518, 0.007299156760473963, 0, 0.11603915012591684, 0.0003410895898538083, 0.07310400793180982, 0.005050449860393488, 0.02345316312919523, 0.10206066129537185, 0.00402636741089939, 0.01258931793513713, 0.03857581598654605, 0.03328315226577441, 0.003476844487206702, 0.028564156811275485, 0.019295237025311954, 0.03328315226577441, 0, 0, 0, 0, 0, 0, 0, 0, 0), (0, 0, 0, 0, 0, 0, 0, 0, 0, 0, 0, 0.0023839413783587893, 0.005301974832984377, 0.06900910450166178, 0.05207398638601675, 0.004122113616565049, 0.0009214584011009545, 0.10749195315105531, 0.0010689285835955437, 0.07622434155290266, 0.0032712817850098566, 0.004122113616565049, 0.1317293194736727, 0.007867664894852307, 0.012465377054556089, 0.0487949406953985, 0.031896080966716533, 0.0027533280550219065, 0.025140556297286162, 0.05207398638601675, 0.006830658680456639, 0, 0, 0, 0, 0, 0, 0, 0, 0), (0.0032712817850098566, 8.906807913130425e-05, 0.06056140150705616, 0.06859186091507882, 0.005572828884914387, 0.0023839413783587893, 0.11746492658590664, 0.0002145058924891757, 0.025317841727168493, 0.00030471608277718963, 0.004084476320002462, 0.14070293888931446, 0.03254945726919092, 0.004167970681504568, 0.004727398383200621, 0.011482406826014972, 0.0487949406953985, 0.07744908453819253, 0.19094034698434098, 0.05738732460549023, 0.009756534087137225, 0.009036677434107646, 0.013949306965373928, 0.07622434155290266, 0.11009182675183558, 0.0487949406953985, 0.0037024515418363386, 0.009335040408067166, 0.0487949406953985, 0.027910215332363916, 0.0010689285835955437, 0.23646636812449032, 0.0350583482647871, 0.045824702319694016, 0.007299156760473963, 0.041276480022850906, 0.007299156760473963, 0.0022344421708708415, 0.05026059016936166, 0.010149344670410294), (0, 0, 0, 0, 0, 0, 0, 0, 0, 0, 0, 0.0016626576184457752, 0.0006767219177472479, 0.06149937804507184, 0.06502539038278278, 0.008723329471708632, 0.00036176918093652755, 0.09555361251896813, 0.0001877124226694997, 0.023795695918608258, 0.0010160633509259717, 0.006963639137030152, 0.15058560986911712, 0.007775948452200233, 0.01286900199539727, 0.03634284572901042, 0.015297775930101544, 0.006963639137030152, 0.0006767219177472479, 0.04746468216969184, 0, 0, 0, 0, 0, 0, 0, 0, 0, 0), (0.0014191336441856193, 0.00057833776936193, 0.0487949406953985, 0.06679086162879758, 0.005269516232494085, 0, 0.0912236531918895, 0.0025061505903558393, 0.04657205098437532, 0.006963639137030152, 8.16481194098554e-05, 0.1399942004868045, 0.0014072060559221049, 0.005865051239364611, 0.05171298000558475, 0.025509910978289904, 0.0487949406953985, 0.0454498512923588, 0.20534969973663775, 0.06322393781435344, 0.0207208396239082, 0.0024479765006755194, 0.0029530155390121333, 0.02276859998040022, 0.12745428142147208, 0.029569159854620865, 0.0026078279567117203, 0.006523190206172563, 0.004816452941871073, 0.015588395748542892, 0.0001877124226694997, 0.24616505675524458, 0.027910215332363916, 0.0016400534037116603, 0.03302877414247969, 0.015678504950564255, 0.00402636741089939, 6.420633961127121e-05, 0.05129937439493795, 0), (0, 0, 0, 0, 0, 0, 0, 0, 0, 0, 0, 0.004816452941871073, 5.551033283418159e-05, 0.031173613118524304, 0.06390744704610728, 0.0006246337730938037, 0.0004746229241440903, 0.10112402163718603, 0.006523190206172563, 0.017476244325223163, 0.026668965913709028, 6.934144785689924e-05, 0.13138880793914987, 0.002114884643984207, 0.0011113345431778589, 0.0022344421708708415, 0.001564467561066686, 0.004469552452063288, 0.004528991295546424, 0.049943092483862694, 0.0024479765006755194, 0, 0, 0, 0, 0, 0, 0, 0, 0), (0.006981663965470591, 0.00043648968715225174, 0.029108713090071167, 0.07767325654592765, 0.001231918311003291, 0.0009214584011009545, 0.086379156081871, 0.009756534087137225, 0.01841352965701827, 0.01667423493544029, 0.00013663754192747794, 0.1258707805558582, 0.006570967497522534, 0.0055031961632630196, 0.02276859998040022, 0.006019887358649001, 0.03857581598654605, 0.06149937804507184, 0.2149397901480957, 0.04066211490300797, 0.0207208396239082, 0.07529706740701966, 0.001842090186059877, 0.00566775380589651, 0.14431677453762248, 0.05528500114149415, 0.0002145058924891757, 0.012033410127123681, 0.030305144839322347, 0.0645025668287288, 0.00013175698573951195, 0.2149397901480957, 0.09328462323031235, 0.001254883843183478, 0.03857581598654605, 0.0003410895898538083, 0.004418075114369348, 0.00043648968715225174, 0.06149937804507184, 0.0025332820642113077), (0, 0, 0, 0, 0, 0, 0, 0, 0, 0, 0, 0.0061446088533262735, 0.0003843884653275346, 0.031069480068634414, 0.07850994353170956, 0.0013431113450645717, 0.0018496468978117624, 0.05207398638601675, 0.015085156698935967, 0.0013431113450645717, 0.036940224638936384, 0.002638017951649519, 0.11978983412227931, 0.0066132061053925245, 0.0019359358092692971, 0.00429810722857266, 0.00030058237746002827, 0.0043730621958221125, 0.015807917200052736, 0.059458789360000736, 0.0014939931791539789, 0, 0, 0, 0, 0, 0, 0, 0, 0), (0, 0, 0, 0, 0, 0, 0, 0, 0, 0, 0, 0.0024103133254441793, 0.0003410895898538083, 0.023689377108138773, 0.0487949406953985, 0.0016935314912301346, 0.004528991295546424, 0.05188296997024308, 0.0207208396239082, 1.1920176936120385e-05, 0.032905373814262645, 0, 0.12569292273081545, 0.026881818822810627, 0.001175077712856798, 5.962124644974575e-05, 0.005449938393478782, 0.012250374725405605, 0.011145923026709324, 0.03594207144943594, 0.0001472488432595325, 0, 0, 0, 0, 0, 0, 0, 0, 0), (0.0021536469055539187, 0.00030471608277718963, 0.019828895863554644, 0.026158822648714775, 0.0017810649560001043, 0.004651491303398973, 0.035731909727539896, 0.038306964242260544, 4.2686232120132256e-05, 0.02771571646511272, 9.459123842968289e-05, 0.13251817521576753, 0.04768711957621925, 0.0010689285835955437, 0.050988453276391066, 0.007299156760473963, 0.039737267151773975, 0.12931448059938455, 0.17276905508286108, 0.0350583482647871, 0.0037024515418363386, 0.0693557217943376, 0.0005153473271587838, 0, 0.13407247818586213, 0.045224567067496654, 0.00016564297461497002, 0.004651491303398973, 0.02711041372683346, 0.0066132061053925245, 0.0016400534037116603, 0.22392895962214418, 0.08697257500448134, 0, 0.029348186031720347, 0.0038391590512110163, 0.007757463007627356, 0.005772727484600407, 0.0350583482647871, 0.004259204687851684), (0, 0, 0, 0, 0, 0, 0, 0, 0, 0, 0, 0.003450103791230119, 0.00027386591062890375, 0.02721364024929683, 0.02211820804591469, 0.0013666233335663074, 0.0016091745892488386, 0.05156072627142655, 0.037074143225021866, 0.00162807250524959, 0.021402215358093966, 0.0013666233335663074, 0.12682457462158847, 0.03358991252393699, 0.0009484022136292663, 0.00043648968715225174, 0.0013431113450645717, 0.003811217176241166, 0.0007613386703558822, 0.029801678237736863, 0.004792774479612703, 0, 0, 0, 0, 0, 0, 0, 0, 0)]}}
AdaptationManager: Configuring next round...
{'client_registry': {'enabled': True, 'params': {}}, 'client_selector': {'enabled': True, 'params': {'selection_strategy': 'Resource-Based', 'selection_criteria': 'CPU', 'selection_value': 2}}, 'client_cluster': {'enabled': False, 'params': {}}, 'message_compressor': {'enabled': False, 'params': {}}, 'model_co-versioning_registry': {'enabled': False, 'params': {}}, 'multi-task_model_trainer': {'enabled': False, 'params': {}}, 'heterogeneous_data_handler': {'enabled': False, 'params': {}}}
{'client_selector': {'enabled': True}, 'client_cluster': {'enabled': False}, 'message_compressor': {'enabled': False}, 'model_co-versioning_registry': {'enabled': False}, 'multi-task_model_trainer': {'enabled': False}, 'heterogeneous_data_handler': {'enabled': False}, 'client_registry': {'enabled': True, 'params': {}}}
{'model_type': 'prostate_logreg', 'metrics': {'prostate_logreg': {'train_loss': [0.5600399249624983, 0.6016468952779901, 0.5702010186527062, 0.5704594100966598, 0.5863104959683759, 0.5727163798580266, 0.5686826973738024, 0.5507147053149358, 0.5532411841064574, 0.5546856875558501, 0.5341087337812231, 0.5479076040187005, 0.5293239387966787, 0.5378000147523188, 0.5286756625990178, 0.5308884387519757, 0.5316630412020787, 0.5178170905616231, 0.5257040378683159], 'train_accuracy': [0.7289719626168224, 0.684931506849315, 0.7129629629629629, 0.706060606060606, 0.6839285714285714, 0.7080808080808081, 0.7122940430925222, 0.7322363500373972, 0.7282608695652174, 0.7263901147396293, 0.753072625698324, 0.7306273062730627, 0.7586044318717586, 0.7444794952681388, 0.7559789217673287, 0.7534549474847982, 0.7538940809968847, 0.7684391080617495, 0.76059618071728], 'train_f1': [0.6071188935674917, 0.5550489044874709, 0.5931256310806835, 0.5947146097264723, 0.63425070583722, 0.6470768878614769, 0.6640849669944442, 0.6793253677134566, 0.6985580628803326, 0.699539882748501, 0.716133749847266, 0.7066997855579155, 0.7254829982180996, 0.7211182975075676, 0.7193201380452044, 0.7296782998911108, 0.7298705291434052, 0.7340364633685017, 0.7399158678156308], 'train_mae': [0.27102803738317754, 0.3150684931506849, 0.28703703703703703, 0.29393939393939394, 0.31607142857142856, 0.2919191919191919, 0.2877059569074778, 0.2677636499626028, 0.2717391304347826, 0.2736098852603707, 0.24692737430167597, 0.2693726937269373, 0.2413955681282414, 0.2555205047318612, 0.24402107823267127, 0.24654505251520176, 0.24610591900311526, 0.23156089193825044, 0.2394038192827201], 'val_loss': [0.745396485142674, 0.7093681143820256, 0.6801357139171047, 0.6569241923829086, 0.6357613248514671, 0.6202145967739549, 0.6059309661638604, 0.5952095496597409, 0.5860859932212884, 0.5786630734232774, 0.5722287199194842, 0.5666309255418804, 0.5626046010529353, 0.5577253344571225, 0.554990202906204, 0.5509526676405074, 0.5479925522564021, 0.546080201384885, 0.5433316948452621], 'val_accuracy': [0.5016487704646384, 0.5448970173904596, 0.5789438041765169, 0.6042405437352246, 0.6274141970618035, 0.6443369868901784, 0.6657059838740124, 0.681717696547261, 0.6981724623664957, 0.7101979305552947, 0.7197427592218393, 0.7264223652874826, 0.7298042874196234, 0.7351388236346957, 0.7361063197325262, 0.7376048245768791, 0.7404272810292895, 0.7418725593956425, 0.7447423751432809], 'val_f1': [0.4908001951953568, 0.5414632940875049, 0.5768866894468682, 0.6025278893925679, 0.625291373858977, 0.6410375578692014, 0.6607917906386664, 0.67494937826867, 0.6899060828525356, 0.7003970226081128, 0.7083388145598852, 0.7137730013275586, 0.7158328282496349, 0.7202458775795818, 0.72010825584737, 0.7205750442287969, 0.7223369428007372, 0.7232519628007388, 0.7256828646785183], 'val_mae': [0.49835122953536154, 0.45510298260954046, 0.4210561958234831, 0.39575945626477543, 0.37258580293819654, 0.3556630131098216, 0.3342940161259876, 0.31828230345273906, 0.30182753763350434, 0.28980206944470527, 0.2802572407781608, 0.27357763471251734, 0.27019571258037656, 0.26486117636530415, 0.26389368026747395, 0.2623951754231208, 0.2595727189707106, 0.2581274406043575, 0.2552576248567191], 'jsd': [(0, 0, 0, 0, 0, 0, 0, 0, 0, 0, 0, 0.0207208396239082, 0.31127812445913283, 0.31127812445913283, 0.31127812445913283, 0.11009182675183558, 0.31127812445913283, 0.31127812445913283, 0.31127812445913283, 0.0037024515418363386, 0.31127812445913283, 0.31127812445913283, 0.31127812445913283, 0.31127812445913283, 0.0037024515418363386, 0.31127812445913283, 0.31127812445913283, 0.0350583482647871, 0.31127812445913283, 0.31127812445913283, 0.31127812445913283, 0, 0, 0, 0, 0, 0, 0, 0, 0), (0, 0, 0, 0, 0, 0, 0, 0, 0, 0, 0, 0.0207208396239082, 0.31127812445913283, 0.31127812445913283, 0.31127812445913283, 0.06548833004089114, 0.0014939931791539789, 0.31127812445913283, 0.07310400793180982, 0, 0.1711038312803313, 0.31127812445913283, 0, 0.007299156760473963, 0.015085156698935967, 0.0207208396239082, 0.16395604408354778, 0.0350583482647871, 0.31127812445913283, 0.31127812445913283, 0.16395604408354778, 0, 0, 0, 0, 0, 0, 0, 0, 0), (0.0207208396239082, 0.16395604408354778, 0.31127812445913283, 0.09922267539827352, 0.11009182675183558, 0.18850340411986471, 0.09328462323031235, 0.11009182675183558, 0.010396593705431272, 0.10481597017296576, 0.05400884513974839, 0.1711038312803313, 0.042041899344894246, 0.31127812445913283, 0.31127812445913283, 0.31127812445913283, 0.31127812445913283, 0.07310400793180982, 0.31127812445913283, 0.07310400793180982, 0.31127812445913283, 0.31127812445913283, 0.00040919789219141973, 0.31127812445913283, 0.31127812445913283, 0.31127812445913283, 0, 0.31127812445913283, 0.11009182675183558, 0.31127812445913283, 0.07310400793180982, 0.31127812445913283, 0.0487949406953985, 0.06149937804507184, 0.31127812445913283, 0, 0.00040919789219141973, 0.09328462323031235, 0.31127812445913283, 0.09328462323031235), (0.09328462323031235, 0.31127812445913283, 0.2087803925185126, 0.009756534087137225, 0.11385563424028564, 0.013714477705244553, 0.08025594233229469, 0.07310400793180982, 0.03857581598654605, 0.13251817521576753, 0.05253690168806249, 0.19326958066820893, 0.0350583482647871, 0.009756534087137225, 0.31127812445913283, 0.31127812445913283, 0.31127812445913283, 0, 0.31127812445913283, 0.07310400793180982, 0.007299156760473963, 0.0037024515418363386, 0.0002145058924891757, 0.31127812445913283, 0.31127812445913283, 0.11009182675183558, 0.12425601093475921, 0.31127812445913283, 0.17750440524619315, 0.07310400793180982, 0.07310400793180982, 0.31127812445913283, 0.31127812445913283, 0.05738732460549023, 0.011482406826014972, 0.001254883843183478, 0.0002145058924891757, 0.0487949406953985, 0.2227619806994962, 0.0487949406953985), (0, 0, 0, 0, 0, 0, 0, 0, 0, 0, 0, 0.07310400793180982, 0.0018086520489059392, 0.2227619806994962, 0.00822299722902229, 0.07622434155290266, 0.015085156698935967, 0.07310400793180982, 0.05738732460549023, 0.01423921619075233, 0.06660561007005729, 0.0487949406953985, 0.11009182675183558, 0.04105726891831728, 0.07622434155290266, 0.12425601093475921, 0.0207208396239082, 0.0005570970453080571, 0.07310400793180982, 0.004167970681504568, 0.0001877124226694997, 0, 0, 0, 0, 0, 0, 0, 0, 0), (0.009036677434107646, 0.005050449860393488, 0.23305878051279882, 0.014691469621310085, 0.016941071056623243, 0.00822299722902229, 0.06859186091507882, 0.042041899344894246, 0.05655009359654585, 0.03889315594457522, 0.0463685414106319, 0.10206066129537185, 0.02359015854559616, 0.0004999522456092496, 0, 0.31127812445913283, 0.0207208396239082, 0.0008025382728216734, 0.07310400793180982, 0.011482406826014972, 0.31127812445913283, 0.010396593705431272, 0.08111870596083268, 0.31127812445913283, 0.31127812445913283, 0.0207208396239082, 0.0487949406953985, 0.0022344421708708415, 0.2087803925185126, 0.07310400793180982, 0.042041899344894246, 0.20534969973663775, 0.05738732460549023, 0.01274900060462203, 0.16395604408354778, 0.028564156811275485, 0.0008790379110077892, 0.011482406826014972, 0.0207208396239082, 0.006523190206172563), (0, 0, 0, 0, 0, 0, 0, 0, 0, 0, 0, 0.012033410127123681, 0.0037024515418363386, 0.24237412989240623, 0.01717496977609681, 0.016009512159686483, 0.0010689285835955437, 0.11385563424028564, 0.0022344421708708415, 0.07310400793180982, 0.04432065423178154, 0.04674406725931858, 0.09328462323031235, 0.0231107894081813, 0.07529706740701966, 0.039737267151773975, 0.008003048984193635, 0.0017382218522886302, 0.0009214584011009545, 0.036145614849311655, 0.09587355378511578, 0, 0, 0, 0, 0, 0, 0, 0, 0), (0.0061446088533262735, 0.002830694750015385, 0.24844401300050659, 0.04105726891831728, 0.014038937565777093, 0.0014939931791539789, 0.10372355040574062, 0.0037024515418363386, 0.07898885115561567, 0.0031619139529965624, 0.02711041372683346, 0.08697257500448134, 0.010396593705431272, 0.00429810722857266, 0.005050449860393488, 0.0207208396239082, 0.0487949406953985, 0.07850994353170956, 0.05738732460549023, 0.05400884513974839, 0.007299156760473963, 0.005407888490294582, 0.0019359358092692971, 0.2292798117148899, 0.15591489886228305, 0.05253690168806249, 0.011482406826014972, 0.00028867375520897666, 0.03857581598654605, 0.05400884513974839, 0.05400884513974839, 0.2227619806994962, 0.03221357089614439, 0.05738732460549023, 0.002830694750015385, 0.0350583482647871, 0.0008589183281813573, 0.018135571823116266, 0.03600088831260688, 0.11009182675183558), (0, 0, 0, 0, 0, 0, 0, 0, 0, 0, 0, 0.004867022157993568, 0.0022344421708708415, 0.06627146564409989, 0.04031575601199518, 0.007299156760473963, 0, 0.11603915012591684, 0.0003410895898538083, 0.07310400793180982, 0.005050449860393488, 0.02345316312919523, 0.10206066129537185, 0.00402636741089939, 0.01258931793513713, 0.03857581598654605, 0.03328315226577441, 0.003476844487206702, 0.028564156811275485, 0.019295237025311954, 0.03328315226577441, 0, 0, 0, 0, 0, 0, 0, 0, 0), (0, 0, 0, 0, 0, 0, 0, 0, 0, 0, 0, 0.0023839413783587893, 0.005301974832984377, 0.06900910450166178, 0.05207398638601675, 0.004122113616565049, 0.0009214584011009545, 0.10749195315105531, 0.0010689285835955437, 0.07622434155290266, 0.0032712817850098566, 0.004122113616565049, 0.1317293194736727, 0.007867664894852307, 0.012465377054556089, 0.0487949406953985, 0.031896080966716533, 0.0027533280550219065, 0.025140556297286162, 0.05207398638601675, 0.006830658680456639, 0, 0, 0, 0, 0, 0, 0, 0, 0), (0.0032712817850098566, 8.906807913130425e-05, 0.06056140150705616, 0.06859186091507882, 0.005572828884914387, 0.0023839413783587893, 0.11746492658590664, 0.0002145058924891757, 0.025317841727168493, 0.00030471608277718963, 0.004084476320002462, 0.14070293888931446, 0.03254945726919092, 0.004167970681504568, 0.004727398383200621, 0.011482406826014972, 0.0487949406953985, 0.07744908453819253, 0.19094034698434098, 0.05738732460549023, 0.009756534087137225, 0.009036677434107646, 0.013949306965373928, 0.07622434155290266, 0.11009182675183558, 0.0487949406953985, 0.0037024515418363386, 0.009335040408067166, 0.0487949406953985, 0.027910215332363916, 0.0010689285835955437, 0.23646636812449032, 0.0350583482647871, 0.045824702319694016, 0.007299156760473963, 0.041276480022850906, 0.007299156760473963, 0.0022344421708708415, 0.05026059016936166, 0.010149344670410294), (0, 0, 0, 0, 0, 0, 0, 0, 0, 0, 0, 0.0016626576184457752, 0.0006767219177472479, 0.06149937804507184, 0.06502539038278278, 0.008723329471708632, 0.00036176918093652755, 0.09555361251896813, 0.0001877124226694997, 0.023795695918608258, 0.0010160633509259717, 0.006963639137030152, 0.15058560986911712, 0.007775948452200233, 0.01286900199539727, 0.03634284572901042, 0.015297775930101544, 0.006963639137030152, 0.0006767219177472479, 0.04746468216969184, 0, 0, 0, 0, 0, 0, 0, 0, 0, 0), (0.0014191336441856193, 0.00057833776936193, 0.0487949406953985, 0.06679086162879758, 0.005269516232494085, 0, 0.0912236531918895, 0.0025061505903558393, 0.04657205098437532, 0.006963639137030152, 8.16481194098554e-05, 0.1399942004868045, 0.0014072060559221049, 0.005865051239364611, 0.05171298000558475, 0.025509910978289904, 0.0487949406953985, 0.0454498512923588, 0.20534969973663775, 0.06322393781435344, 0.0207208396239082, 0.0024479765006755194, 0.0029530155390121333, 0.02276859998040022, 0.12745428142147208, 0.029569159854620865, 0.0026078279567117203, 0.006523190206172563, 0.004816452941871073, 0.015588395748542892, 0.0001877124226694997, 0.24616505675524458, 0.027910215332363916, 0.0016400534037116603, 0.03302877414247969, 0.015678504950564255, 0.00402636741089939, 6.420633961127121e-05, 0.05129937439493795, 0), (0, 0, 0, 0, 0, 0, 0, 0, 0, 0, 0, 0.004816452941871073, 5.551033283418159e-05, 0.031173613118524304, 0.06390744704610728, 0.0006246337730938037, 0.0004746229241440903, 0.10112402163718603, 0.006523190206172563, 0.017476244325223163, 0.026668965913709028, 6.934144785689924e-05, 0.13138880793914987, 0.002114884643984207, 0.0011113345431778589, 0.0022344421708708415, 0.001564467561066686, 0.004469552452063288, 0.004528991295546424, 0.049943092483862694, 0.0024479765006755194, 0, 0, 0, 0, 0, 0, 0, 0, 0), (0.006981663965470591, 0.00043648968715225174, 0.029108713090071167, 0.07767325654592765, 0.001231918311003291, 0.0009214584011009545, 0.086379156081871, 0.009756534087137225, 0.01841352965701827, 0.01667423493544029, 0.00013663754192747794, 0.1258707805558582, 0.006570967497522534, 0.0055031961632630196, 0.02276859998040022, 0.006019887358649001, 0.03857581598654605, 0.06149937804507184, 0.2149397901480957, 0.04066211490300797, 0.0207208396239082, 0.07529706740701966, 0.001842090186059877, 0.00566775380589651, 0.14431677453762248, 0.05528500114149415, 0.0002145058924891757, 0.012033410127123681, 0.030305144839322347, 0.0645025668287288, 0.00013175698573951195, 0.2149397901480957, 0.09328462323031235, 0.001254883843183478, 0.03857581598654605, 0.0003410895898538083, 0.004418075114369348, 0.00043648968715225174, 0.06149937804507184, 0.0025332820642113077), (0, 0, 0, 0, 0, 0, 0, 0, 0, 0, 0, 0.0061446088533262735, 0.0003843884653275346, 0.031069480068634414, 0.07850994353170956, 0.0013431113450645717, 0.0018496468978117624, 0.05207398638601675, 0.015085156698935967, 0.0013431113450645717, 0.036940224638936384, 0.002638017951649519, 0.11978983412227931, 0.0066132061053925245, 0.0019359358092692971, 0.00429810722857266, 0.00030058237746002827, 0.0043730621958221125, 0.015807917200052736, 0.059458789360000736, 0.0014939931791539789, 0, 0, 0, 0, 0, 0, 0, 0, 0), (0, 0, 0, 0, 0, 0, 0, 0, 0, 0, 0, 0.0024103133254441793, 0.0003410895898538083, 0.023689377108138773, 0.0487949406953985, 0.0016935314912301346, 0.004528991295546424, 0.05188296997024308, 0.0207208396239082, 1.1920176936120385e-05, 0.032905373814262645, 0, 0.12569292273081545, 0.026881818822810627, 0.001175077712856798, 5.962124644974575e-05, 0.005449938393478782, 0.012250374725405605, 0.011145923026709324, 0.03594207144943594, 0.0001472488432595325, 0, 0, 0, 0, 0, 0, 0, 0, 0), (0.0021536469055539187, 0.00030471608277718963, 0.019828895863554644, 0.026158822648714775, 0.0017810649560001043, 0.004651491303398973, 0.035731909727539896, 0.038306964242260544, 4.2686232120132256e-05, 0.02771571646511272, 9.459123842968289e-05, 0.13251817521576753, 0.04768711957621925, 0.0010689285835955437, 0.050988453276391066, 0.007299156760473963, 0.039737267151773975, 0.12931448059938455, 0.17276905508286108, 0.0350583482647871, 0.0037024515418363386, 0.0693557217943376, 0.0005153473271587838, 0, 0.13407247818586213, 0.045224567067496654, 0.00016564297461497002, 0.004651491303398973, 0.02711041372683346, 0.0066132061053925245, 0.0016400534037116603, 0.22392895962214418, 0.08697257500448134, 0, 0.029348186031720347, 0.0038391590512110163, 0.007757463007627356, 0.005772727484600407, 0.0350583482647871, 0.004259204687851684), (0, 0, 0, 0, 0, 0, 0, 0, 0, 0, 0, 0.003450103791230119, 0.00027386591062890375, 0.02721364024929683, 0.02211820804591469, 0.0013666233335663074, 0.0016091745892488386, 0.05156072627142655, 0.037074143225021866, 0.00162807250524959, 0.021402215358093966, 0.0013666233335663074, 0.12682457462158847, 0.03358991252393699, 0.0009484022136292663, 0.00043648968715225174, 0.0013431113450645717, 0.003811217176241166, 0.0007613386703558822, 0.029801678237736863, 0.004792774479612703, 0, 0, 0, 0, 0, 0, 0, 0, 0)]}}, 'time': 0.43978333473205566, 'communication_time': 0.38530564308166504}
-0.002507957683123091
client_selector de-activated ❌
Results Aggregated in 0.52 seconds.
{'prostate_logreg': {'train_loss': [0.5600399249624983, 0.6016468952779901, 0.5702010186527062, 0.5704594100966598, 0.5863104959683759, 0.5727163798580266, 0.5686826973738024, 0.5507147053149358, 0.5532411841064574, 0.5546856875558501, 0.5341087337812231, 0.5479076040187005, 0.5293239387966787, 0.5378000147523188, 0.5286756625990178, 0.5308884387519757, 0.5316630412020787, 0.5178170905616231, 0.5257040378683159, 0.5133183650791133], 'train_accuracy': [0.7289719626168224, 0.684931506849315, 0.7129629629629629, 0.706060606060606, 0.6839285714285714, 0.7080808080808081, 0.7122940430925222, 0.7322363500373972, 0.7282608695652174, 0.7263901147396293, 0.753072625698324, 0.7306273062730627, 0.7586044318717586, 0.7444794952681388, 0.7559789217673287, 0.7534549474847982, 0.7538940809968847, 0.7684391080617495, 0.76059618071728, 0.7705269607843137], 'train_f1': [0.6071188935674917, 0.5550489044874709, 0.5931256310806835, 0.5947146097264723, 0.63425070583722, 0.6470768878614769, 0.6640849669944442, 0.6793253677134566, 0.6985580628803326, 0.699539882748501, 0.716133749847266, 0.7066997855579155, 0.7254829982180996, 0.7211182975075676, 0.7193201380452044, 0.7296782998911108, 0.7298705291434052, 0.7340364633685017, 0.7399158678156308, 0.7430112862900558], 'train_mae': [0.27102803738317754, 0.3150684931506849, 0.28703703703703703, 0.29393939393939394, 0.31607142857142856, 0.2919191919191919, 0.2877059569074778, 0.2677636499626028, 0.2717391304347826, 0.2736098852603707, 0.24692737430167597, 0.2693726937269373, 0.2413955681282414, 0.2555205047318612, 0.24402107823267127, 0.24654505251520176, 0.24610591900311526, 0.23156089193825044, 0.2394038192827201, 0.22947303921568626], 'val_loss': [0.745396485142674, 0.7093681143820256, 0.6801357139171047, 0.6569241923829086, 0.6357613248514671, 0.6202145967739549, 0.6059309661638604, 0.5952095496597409, 0.5860859932212884, 0.5786630734232774, 0.5722287199194842, 0.5666309255418804, 0.5626046010529353, 0.5577253344571225, 0.554990202906204, 0.5509526676405074, 0.5479925522564021, 0.546080201384885, 0.5433316948452621, 0.5418730180239388], 'val_accuracy': [0.5016487704646384, 0.5448970173904596, 0.5789438041765169, 0.6042405437352246, 0.6274141970618035, 0.6443369868901784, 0.6657059838740124, 0.681717696547261, 0.6981724623664957, 0.7101979305552947, 0.7197427592218393, 0.7264223652874826, 0.7298042874196234, 0.7351388236346957, 0.7361063197325262, 0.7376048245768791, 0.7404272810292895, 0.7418725593956425, 0.7447423751432809, 0.7455814994437491], 'val_f1': [0.4908001951953568, 0.5414632940875049, 0.5768866894468682, 0.6025278893925679, 0.625291373858977, 0.6410375578692014, 0.6607917906386664, 0.67494937826867, 0.6899060828525356, 0.7003970226081128, 0.7083388145598852, 0.7137730013275586, 0.7158328282496349, 0.7202458775795818, 0.72010825584737, 0.7205750442287969, 0.7223369428007372, 0.7232519628007388, 0.7256828646785183, 0.7262933011077162], 'val_mae': [0.49835122953536154, 0.45510298260954046, 0.4210561958234831, 0.39575945626477543, 0.37258580293819654, 0.3556630131098216, 0.3342940161259876, 0.31828230345273906, 0.30182753763350434, 0.28980206944470527, 0.2802572407781608, 0.27357763471251734, 0.27019571258037656, 0.26486117636530415, 0.26389368026747395, 0.2623951754231208, 0.2595727189707106, 0.2581274406043575, 0.2552576248567191, 0.25441850055625087], 'jsd': [(0, 0, 0, 0, 0, 0, 0, 0, 0, 0, 0, 0.0207208396239082, 0.31127812445913283, 0.31127812445913283, 0.31127812445913283, 0.11009182675183558, 0.31127812445913283, 0.31127812445913283, 0.31127812445913283, 0.0037024515418363386, 0.31127812445913283, 0.31127812445913283, 0.31127812445913283, 0.31127812445913283, 0.0037024515418363386, 0.31127812445913283, 0.31127812445913283, 0.0350583482647871, 0.31127812445913283, 0.31127812445913283, 0.31127812445913283, 0, 0, 0, 0, 0, 0, 0, 0, 0), (0, 0, 0, 0, 0, 0, 0, 0, 0, 0, 0, 0.0207208396239082, 0.31127812445913283, 0.31127812445913283, 0.31127812445913283, 0.06548833004089114, 0.0014939931791539789, 0.31127812445913283, 0.07310400793180982, 0, 0.1711038312803313, 0.31127812445913283, 0, 0.007299156760473963, 0.015085156698935967, 0.0207208396239082, 0.16395604408354778, 0.0350583482647871, 0.31127812445913283, 0.31127812445913283, 0.16395604408354778, 0, 0, 0, 0, 0, 0, 0, 0, 0), (0.0207208396239082, 0.16395604408354778, 0.31127812445913283, 0.09922267539827352, 0.11009182675183558, 0.18850340411986471, 0.09328462323031235, 0.11009182675183558, 0.010396593705431272, 0.10481597017296576, 0.05400884513974839, 0.1711038312803313, 0.042041899344894246, 0.31127812445913283, 0.31127812445913283, 0.31127812445913283, 0.31127812445913283, 0.07310400793180982, 0.31127812445913283, 0.07310400793180982, 0.31127812445913283, 0.31127812445913283, 0.00040919789219141973, 0.31127812445913283, 0.31127812445913283, 0.31127812445913283, 0, 0.31127812445913283, 0.11009182675183558, 0.31127812445913283, 0.07310400793180982, 0.31127812445913283, 0.0487949406953985, 0.06149937804507184, 0.31127812445913283, 0, 0.00040919789219141973, 0.09328462323031235, 0.31127812445913283, 0.09328462323031235), (0.09328462323031235, 0.31127812445913283, 0.2087803925185126, 0.009756534087137225, 0.11385563424028564, 0.013714477705244553, 0.08025594233229469, 0.07310400793180982, 0.03857581598654605, 0.13251817521576753, 0.05253690168806249, 0.19326958066820893, 0.0350583482647871, 0.009756534087137225, 0.31127812445913283, 0.31127812445913283, 0.31127812445913283, 0, 0.31127812445913283, 0.07310400793180982, 0.007299156760473963, 0.0037024515418363386, 0.0002145058924891757, 0.31127812445913283, 0.31127812445913283, 0.11009182675183558, 0.12425601093475921, 0.31127812445913283, 0.17750440524619315, 0.07310400793180982, 0.07310400793180982, 0.31127812445913283, 0.31127812445913283, 0.05738732460549023, 0.011482406826014972, 0.001254883843183478, 0.0002145058924891757, 0.0487949406953985, 0.2227619806994962, 0.0487949406953985), (0, 0, 0, 0, 0, 0, 0, 0, 0, 0, 0, 0.07310400793180982, 0.0018086520489059392, 0.2227619806994962, 0.00822299722902229, 0.07622434155290266, 0.015085156698935967, 0.07310400793180982, 0.05738732460549023, 0.01423921619075233, 0.06660561007005729, 0.0487949406953985, 0.11009182675183558, 0.04105726891831728, 0.07622434155290266, 0.12425601093475921, 0.0207208396239082, 0.0005570970453080571, 0.07310400793180982, 0.004167970681504568, 0.0001877124226694997, 0, 0, 0, 0, 0, 0, 0, 0, 0), (0.009036677434107646, 0.005050449860393488, 0.23305878051279882, 0.014691469621310085, 0.016941071056623243, 0.00822299722902229, 0.06859186091507882, 0.042041899344894246, 0.05655009359654585, 0.03889315594457522, 0.0463685414106319, 0.10206066129537185, 0.02359015854559616, 0.0004999522456092496, 0, 0.31127812445913283, 0.0207208396239082, 0.0008025382728216734, 0.07310400793180982, 0.011482406826014972, 0.31127812445913283, 0.010396593705431272, 0.08111870596083268, 0.31127812445913283, 0.31127812445913283, 0.0207208396239082, 0.0487949406953985, 0.0022344421708708415, 0.2087803925185126, 0.07310400793180982, 0.042041899344894246, 0.20534969973663775, 0.05738732460549023, 0.01274900060462203, 0.16395604408354778, 0.028564156811275485, 0.0008790379110077892, 0.011482406826014972, 0.0207208396239082, 0.006523190206172563), (0, 0, 0, 0, 0, 0, 0, 0, 0, 0, 0, 0.012033410127123681, 0.0037024515418363386, 0.24237412989240623, 0.01717496977609681, 0.016009512159686483, 0.0010689285835955437, 0.11385563424028564, 0.0022344421708708415, 0.07310400793180982, 0.04432065423178154, 0.04674406725931858, 0.09328462323031235, 0.0231107894081813, 0.07529706740701966, 0.039737267151773975, 0.008003048984193635, 0.0017382218522886302, 0.0009214584011009545, 0.036145614849311655, 0.09587355378511578, 0, 0, 0, 0, 0, 0, 0, 0, 0), (0.0061446088533262735, 0.002830694750015385, 0.24844401300050659, 0.04105726891831728, 0.014038937565777093, 0.0014939931791539789, 0.10372355040574062, 0.0037024515418363386, 0.07898885115561567, 0.0031619139529965624, 0.02711041372683346, 0.08697257500448134, 0.010396593705431272, 0.00429810722857266, 0.005050449860393488, 0.0207208396239082, 0.0487949406953985, 0.07850994353170956, 0.05738732460549023, 0.05400884513974839, 0.007299156760473963, 0.005407888490294582, 0.0019359358092692971, 0.2292798117148899, 0.15591489886228305, 0.05253690168806249, 0.011482406826014972, 0.00028867375520897666, 0.03857581598654605, 0.05400884513974839, 0.05400884513974839, 0.2227619806994962, 0.03221357089614439, 0.05738732460549023, 0.002830694750015385, 0.0350583482647871, 0.0008589183281813573, 0.018135571823116266, 0.03600088831260688, 0.11009182675183558), (0, 0, 0, 0, 0, 0, 0, 0, 0, 0, 0, 0.004867022157993568, 0.0022344421708708415, 0.06627146564409989, 0.04031575601199518, 0.007299156760473963, 0, 0.11603915012591684, 0.0003410895898538083, 0.07310400793180982, 0.005050449860393488, 0.02345316312919523, 0.10206066129537185, 0.00402636741089939, 0.01258931793513713, 0.03857581598654605, 0.03328315226577441, 0.003476844487206702, 0.028564156811275485, 0.019295237025311954, 0.03328315226577441, 0, 0, 0, 0, 0, 0, 0, 0, 0), (0, 0, 0, 0, 0, 0, 0, 0, 0, 0, 0, 0.0023839413783587893, 0.005301974832984377, 0.06900910450166178, 0.05207398638601675, 0.004122113616565049, 0.0009214584011009545, 0.10749195315105531, 0.0010689285835955437, 0.07622434155290266, 0.0032712817850098566, 0.004122113616565049, 0.1317293194736727, 0.007867664894852307, 0.012465377054556089, 0.0487949406953985, 0.031896080966716533, 0.0027533280550219065, 0.025140556297286162, 0.05207398638601675, 0.006830658680456639, 0, 0, 0, 0, 0, 0, 0, 0, 0), (0.0032712817850098566, 8.906807913130425e-05, 0.06056140150705616, 0.06859186091507882, 0.005572828884914387, 0.0023839413783587893, 0.11746492658590664, 0.0002145058924891757, 0.025317841727168493, 0.00030471608277718963, 0.004084476320002462, 0.14070293888931446, 0.03254945726919092, 0.004167970681504568, 0.004727398383200621, 0.011482406826014972, 0.0487949406953985, 0.07744908453819253, 0.19094034698434098, 0.05738732460549023, 0.009756534087137225, 0.009036677434107646, 0.013949306965373928, 0.07622434155290266, 0.11009182675183558, 0.0487949406953985, 0.0037024515418363386, 0.009335040408067166, 0.0487949406953985, 0.027910215332363916, 0.0010689285835955437, 0.23646636812449032, 0.0350583482647871, 0.045824702319694016, 0.007299156760473963, 0.041276480022850906, 0.007299156760473963, 0.0022344421708708415, 0.05026059016936166, 0.010149344670410294), (0, 0, 0, 0, 0, 0, 0, 0, 0, 0, 0, 0.0016626576184457752, 0.0006767219177472479, 0.06149937804507184, 0.06502539038278278, 0.008723329471708632, 0.00036176918093652755, 0.09555361251896813, 0.0001877124226694997, 0.023795695918608258, 0.0010160633509259717, 0.006963639137030152, 0.15058560986911712, 0.007775948452200233, 0.01286900199539727, 0.03634284572901042, 0.015297775930101544, 0.006963639137030152, 0.0006767219177472479, 0.04746468216969184, 0, 0, 0, 0, 0, 0, 0, 0, 0, 0), (0.0014191336441856193, 0.00057833776936193, 0.0487949406953985, 0.06679086162879758, 0.005269516232494085, 0, 0.0912236531918895, 0.0025061505903558393, 0.04657205098437532, 0.006963639137030152, 8.16481194098554e-05, 0.1399942004868045, 0.0014072060559221049, 0.005865051239364611, 0.05171298000558475, 0.025509910978289904, 0.0487949406953985, 0.0454498512923588, 0.20534969973663775, 0.06322393781435344, 0.0207208396239082, 0.0024479765006755194, 0.0029530155390121333, 0.02276859998040022, 0.12745428142147208, 0.029569159854620865, 0.0026078279567117203, 0.006523190206172563, 0.004816452941871073, 0.015588395748542892, 0.0001877124226694997, 0.24616505675524458, 0.027910215332363916, 0.0016400534037116603, 0.03302877414247969, 0.015678504950564255, 0.00402636741089939, 6.420633961127121e-05, 0.05129937439493795, 0), (0, 0, 0, 0, 0, 0, 0, 0, 0, 0, 0, 0.004816452941871073, 5.551033283418159e-05, 0.031173613118524304, 0.06390744704610728, 0.0006246337730938037, 0.0004746229241440903, 0.10112402163718603, 0.006523190206172563, 0.017476244325223163, 0.026668965913709028, 6.934144785689924e-05, 0.13138880793914987, 0.002114884643984207, 0.0011113345431778589, 0.0022344421708708415, 0.001564467561066686, 0.004469552452063288, 0.004528991295546424, 0.049943092483862694, 0.0024479765006755194, 0, 0, 0, 0, 0, 0, 0, 0, 0), (0.006981663965470591, 0.00043648968715225174, 0.029108713090071167, 0.07767325654592765, 0.001231918311003291, 0.0009214584011009545, 0.086379156081871, 0.009756534087137225, 0.01841352965701827, 0.01667423493544029, 0.00013663754192747794, 0.1258707805558582, 0.006570967497522534, 0.0055031961632630196, 0.02276859998040022, 0.006019887358649001, 0.03857581598654605, 0.06149937804507184, 0.2149397901480957, 0.04066211490300797, 0.0207208396239082, 0.07529706740701966, 0.001842090186059877, 0.00566775380589651, 0.14431677453762248, 0.05528500114149415, 0.0002145058924891757, 0.012033410127123681, 0.030305144839322347, 0.0645025668287288, 0.00013175698573951195, 0.2149397901480957, 0.09328462323031235, 0.001254883843183478, 0.03857581598654605, 0.0003410895898538083, 0.004418075114369348, 0.00043648968715225174, 0.06149937804507184, 0.0025332820642113077), (0, 0, 0, 0, 0, 0, 0, 0, 0, 0, 0, 0.0061446088533262735, 0.0003843884653275346, 0.031069480068634414, 0.07850994353170956, 0.0013431113450645717, 0.0018496468978117624, 0.05207398638601675, 0.015085156698935967, 0.0013431113450645717, 0.036940224638936384, 0.002638017951649519, 0.11978983412227931, 0.0066132061053925245, 0.0019359358092692971, 0.00429810722857266, 0.00030058237746002827, 0.0043730621958221125, 0.015807917200052736, 0.059458789360000736, 0.0014939931791539789, 0, 0, 0, 0, 0, 0, 0, 0, 0), (0, 0, 0, 0, 0, 0, 0, 0, 0, 0, 0, 0.0024103133254441793, 0.0003410895898538083, 0.023689377108138773, 0.0487949406953985, 0.0016935314912301346, 0.004528991295546424, 0.05188296997024308, 0.0207208396239082, 1.1920176936120385e-05, 0.032905373814262645, 0, 0.12569292273081545, 0.026881818822810627, 0.001175077712856798, 5.962124644974575e-05, 0.005449938393478782, 0.012250374725405605, 0.011145923026709324, 0.03594207144943594, 0.0001472488432595325, 0, 0, 0, 0, 0, 0, 0, 0, 0), (0.0021536469055539187, 0.00030471608277718963, 0.019828895863554644, 0.026158822648714775, 0.0017810649560001043, 0.004651491303398973, 0.035731909727539896, 0.038306964242260544, 4.2686232120132256e-05, 0.02771571646511272, 9.459123842968289e-05, 0.13251817521576753, 0.04768711957621925, 0.0010689285835955437, 0.050988453276391066, 0.007299156760473963, 0.039737267151773975, 0.12931448059938455, 0.17276905508286108, 0.0350583482647871, 0.0037024515418363386, 0.0693557217943376, 0.0005153473271587838, 0, 0.13407247818586213, 0.045224567067496654, 0.00016564297461497002, 0.004651491303398973, 0.02711041372683346, 0.0066132061053925245, 0.0016400534037116603, 0.22392895962214418, 0.08697257500448134, 0, 0.029348186031720347, 0.0038391590512110163, 0.007757463007627356, 0.005772727484600407, 0.0350583482647871, 0.004259204687851684), (0, 0, 0, 0, 0, 0, 0, 0, 0, 0, 0, 0.003450103791230119, 0.00027386591062890375, 0.02721364024929683, 0.02211820804591469, 0.0013666233335663074, 0.0016091745892488386, 0.05156072627142655, 0.037074143225021866, 0.00162807250524959, 0.021402215358093966, 0.0013666233335663074, 0.12682457462158847, 0.03358991252393699, 0.0009484022136292663, 0.00043648968715225174, 0.0013431113450645717, 0.003811217176241166, 0.0007613386703558822, 0.029801678237736863, 0.004792774479612703, 0, 0, 0, 0, 0, 0, 0, 0, 0), (0.0034642219743328505, 0.00042941623229211627, 0.021538652516748455, 0.02272086873228655, 0.0012206713952879027, 0.0014409891346113153, 0.042666013215726564, 0.03600088831260688, 0.001452967385689341, 0.022022771157485542, 0.0012206713952879027, 0.12306145811218505, 0.021538652516748455, 0.0012978730164486581, 0.046891375075551814, 0.015085156698935967, 0.031173613118524304, 0.14070293888931446, 0.18327338220704156, 0.03302877414247969, 0.0030834536326394824, 0.0381873775199095, 0.0012206713952879027, 4.2686232120132256e-05, 0.04466883597999073, 0.0381873775199095, 0.00013175698573951195, 0.008393992098530458, 0.027910215332363916, 0.00668451772448856, 8.16481194098554e-05, 0.20534969973663775, 0.10206066129537185, 0.0003843884653275346, 0.04066211490300797, 0.0034642219743328505, 0.0012206713952879027, 0.00042941623229211627, 0.021371214021228643, 0.0030171758098115793)]}}
AdaptationManager: Configuring next round...
{'client_registry': {'enabled': True, 'params': {}}, 'client_selector': {'enabled': True, 'params': {'selection_strategy': 'Resource-Based', 'selection_criteria': 'CPU', 'selection_value': 2}}, 'client_cluster': {'enabled': False, 'params': {}}, 'message_compressor': {'enabled': False, 'params': {}}, 'model_co-versioning_registry': {'enabled': False, 'params': {}}, 'multi-task_model_trainer': {'enabled': False, 'params': {}}, 'heterogeneous_data_handler': {'enabled': False, 'params': {}}}
{'client_selector': {'enabled': False}, 'client_cluster': {'enabled': False}, 'message_compressor': {'enabled': False}, 'model_co-versioning_registry': {'enabled': False}, 'multi-task_model_trainer': {'enabled': False}, 'heterogeneous_data_handler': {'enabled': False}, 'client_registry': {'enabled': True, 'params': {}}}
{'model_type': 'prostate_logreg', 'metrics': {'prostate_logreg': {'train_loss': [0.5600399249624983, 0.6016468952779901, 0.5702010186527062, 0.5704594100966598, 0.5863104959683759, 0.5727163798580266, 0.5686826973738024, 0.5507147053149358, 0.5532411841064574, 0.5546856875558501, 0.5341087337812231, 0.5479076040187005, 0.5293239387966787, 0.5378000147523188, 0.5286756625990178, 0.5308884387519757, 0.5316630412020787, 0.5178170905616231, 0.5257040378683159, 0.5133183650791133], 'train_accuracy': [0.7289719626168224, 0.684931506849315, 0.7129629629629629, 0.706060606060606, 0.6839285714285714, 0.7080808080808081, 0.7122940430925222, 0.7322363500373972, 0.7282608695652174, 0.7263901147396293, 0.753072625698324, 0.7306273062730627, 0.7586044318717586, 0.7444794952681388, 0.7559789217673287, 0.7534549474847982, 0.7538940809968847, 0.7684391080617495, 0.76059618071728, 0.7705269607843137], 'train_f1': [0.6071188935674917, 0.5550489044874709, 0.5931256310806835, 0.5947146097264723, 0.63425070583722, 0.6470768878614769, 0.6640849669944442, 0.6793253677134566, 0.6985580628803326, 0.699539882748501, 0.716133749847266, 0.7066997855579155, 0.7254829982180996, 0.7211182975075676, 0.7193201380452044, 0.7296782998911108, 0.7298705291434052, 0.7340364633685017, 0.7399158678156308, 0.7430112862900558], 'train_mae': [0.27102803738317754, 0.3150684931506849, 0.28703703703703703, 0.29393939393939394, 0.31607142857142856, 0.2919191919191919, 0.2877059569074778, 0.2677636499626028, 0.2717391304347826, 0.2736098852603707, 0.24692737430167597, 0.2693726937269373, 0.2413955681282414, 0.2555205047318612, 0.24402107823267127, 0.24654505251520176, 0.24610591900311526, 0.23156089193825044, 0.2394038192827201, 0.22947303921568626], 'val_loss': [0.745396485142674, 0.7093681143820256, 0.6801357139171047, 0.6569241923829086, 0.6357613248514671, 0.6202145967739549, 0.6059309661638604, 0.5952095496597409, 0.5860859932212884, 0.5786630734232774, 0.5722287199194842, 0.5666309255418804, 0.5626046010529353, 0.5577253344571225, 0.554990202906204, 0.5509526676405074, 0.5479925522564021, 0.546080201384885, 0.5433316948452621, 0.5418730180239388], 'val_accuracy': [0.5016487704646384, 0.5448970173904596, 0.5789438041765169, 0.6042405437352246, 0.6274141970618035, 0.6443369868901784, 0.6657059838740124, 0.681717696547261, 0.6981724623664957, 0.7101979305552947, 0.7197427592218393, 0.7264223652874826, 0.7298042874196234, 0.7351388236346957, 0.7361063197325262, 0.7376048245768791, 0.7404272810292895, 0.7418725593956425, 0.7447423751432809, 0.7455814994437491], 'val_f1': [0.4908001951953568, 0.5414632940875049, 0.5768866894468682, 0.6025278893925679, 0.625291373858977, 0.6410375578692014, 0.6607917906386664, 0.67494937826867, 0.6899060828525356, 0.7003970226081128, 0.7083388145598852, 0.7137730013275586, 0.7158328282496349, 0.7202458775795818, 0.72010825584737, 0.7205750442287969, 0.7223369428007372, 0.7232519628007388, 0.7256828646785183, 0.7262933011077162], 'val_mae': [0.49835122953536154, 0.45510298260954046, 0.4210561958234831, 0.39575945626477543, 0.37258580293819654, 0.3556630131098216, 0.3342940161259876, 0.31828230345273906, 0.30182753763350434, 0.28980206944470527, 0.2802572407781608, 0.27357763471251734, 0.27019571258037656, 0.26486117636530415, 0.26389368026747395, 0.2623951754231208, 0.2595727189707106, 0.2581274406043575, 0.2552576248567191, 0.25441850055625087], 'jsd': [(0, 0, 0, 0, 0, 0, 0, 0, 0, 0, 0, 0.0207208396239082, 0.31127812445913283, 0.31127812445913283, 0.31127812445913283, 0.11009182675183558, 0.31127812445913283, 0.31127812445913283, 0.31127812445913283, 0.0037024515418363386, 0.31127812445913283, 0.31127812445913283, 0.31127812445913283, 0.31127812445913283, 0.0037024515418363386, 0.31127812445913283, 0.31127812445913283, 0.0350583482647871, 0.31127812445913283, 0.31127812445913283, 0.31127812445913283, 0, 0, 0, 0, 0, 0, 0, 0, 0), (0, 0, 0, 0, 0, 0, 0, 0, 0, 0, 0, 0.0207208396239082, 0.31127812445913283, 0.31127812445913283, 0.31127812445913283, 0.06548833004089114, 0.0014939931791539789, 0.31127812445913283, 0.07310400793180982, 0, 0.1711038312803313, 0.31127812445913283, 0, 0.007299156760473963, 0.015085156698935967, 0.0207208396239082, 0.16395604408354778, 0.0350583482647871, 0.31127812445913283, 0.31127812445913283, 0.16395604408354778, 0, 0, 0, 0, 0, 0, 0, 0, 0), (0.0207208396239082, 0.16395604408354778, 0.31127812445913283, 0.09922267539827352, 0.11009182675183558, 0.18850340411986471, 0.09328462323031235, 0.11009182675183558, 0.010396593705431272, 0.10481597017296576, 0.05400884513974839, 0.1711038312803313, 0.042041899344894246, 0.31127812445913283, 0.31127812445913283, 0.31127812445913283, 0.31127812445913283, 0.07310400793180982, 0.31127812445913283, 0.07310400793180982, 0.31127812445913283, 0.31127812445913283, 0.00040919789219141973, 0.31127812445913283, 0.31127812445913283, 0.31127812445913283, 0, 0.31127812445913283, 0.11009182675183558, 0.31127812445913283, 0.07310400793180982, 0.31127812445913283, 0.0487949406953985, 0.06149937804507184, 0.31127812445913283, 0, 0.00040919789219141973, 0.09328462323031235, 0.31127812445913283, 0.09328462323031235), (0.09328462323031235, 0.31127812445913283, 0.2087803925185126, 0.009756534087137225, 0.11385563424028564, 0.013714477705244553, 0.08025594233229469, 0.07310400793180982, 0.03857581598654605, 0.13251817521576753, 0.05253690168806249, 0.19326958066820893, 0.0350583482647871, 0.009756534087137225, 0.31127812445913283, 0.31127812445913283, 0.31127812445913283, 0, 0.31127812445913283, 0.07310400793180982, 0.007299156760473963, 0.0037024515418363386, 0.0002145058924891757, 0.31127812445913283, 0.31127812445913283, 0.11009182675183558, 0.12425601093475921, 0.31127812445913283, 0.17750440524619315, 0.07310400793180982, 0.07310400793180982, 0.31127812445913283, 0.31127812445913283, 0.05738732460549023, 0.011482406826014972, 0.001254883843183478, 0.0002145058924891757, 0.0487949406953985, 0.2227619806994962, 0.0487949406953985), (0, 0, 0, 0, 0, 0, 0, 0, 0, 0, 0, 0.07310400793180982, 0.0018086520489059392, 0.2227619806994962, 0.00822299722902229, 0.07622434155290266, 0.015085156698935967, 0.07310400793180982, 0.05738732460549023, 0.01423921619075233, 0.06660561007005729, 0.0487949406953985, 0.11009182675183558, 0.04105726891831728, 0.07622434155290266, 0.12425601093475921, 0.0207208396239082, 0.0005570970453080571, 0.07310400793180982, 0.004167970681504568, 0.0001877124226694997, 0, 0, 0, 0, 0, 0, 0, 0, 0), (0.009036677434107646, 0.005050449860393488, 0.23305878051279882, 0.014691469621310085, 0.016941071056623243, 0.00822299722902229, 0.06859186091507882, 0.042041899344894246, 0.05655009359654585, 0.03889315594457522, 0.0463685414106319, 0.10206066129537185, 0.02359015854559616, 0.0004999522456092496, 0, 0.31127812445913283, 0.0207208396239082, 0.0008025382728216734, 0.07310400793180982, 0.011482406826014972, 0.31127812445913283, 0.010396593705431272, 0.08111870596083268, 0.31127812445913283, 0.31127812445913283, 0.0207208396239082, 0.0487949406953985, 0.0022344421708708415, 0.2087803925185126, 0.07310400793180982, 0.042041899344894246, 0.20534969973663775, 0.05738732460549023, 0.01274900060462203, 0.16395604408354778, 0.028564156811275485, 0.0008790379110077892, 0.011482406826014972, 0.0207208396239082, 0.006523190206172563), (0, 0, 0, 0, 0, 0, 0, 0, 0, 0, 0, 0.012033410127123681, 0.0037024515418363386, 0.24237412989240623, 0.01717496977609681, 0.016009512159686483, 0.0010689285835955437, 0.11385563424028564, 0.0022344421708708415, 0.07310400793180982, 0.04432065423178154, 0.04674406725931858, 0.09328462323031235, 0.0231107894081813, 0.07529706740701966, 0.039737267151773975, 0.008003048984193635, 0.0017382218522886302, 0.0009214584011009545, 0.036145614849311655, 0.09587355378511578, 0, 0, 0, 0, 0, 0, 0, 0, 0), (0.0061446088533262735, 0.002830694750015385, 0.24844401300050659, 0.04105726891831728, 0.014038937565777093, 0.0014939931791539789, 0.10372355040574062, 0.0037024515418363386, 0.07898885115561567, 0.0031619139529965624, 0.02711041372683346, 0.08697257500448134, 0.010396593705431272, 0.00429810722857266, 0.005050449860393488, 0.0207208396239082, 0.0487949406953985, 0.07850994353170956, 0.05738732460549023, 0.05400884513974839, 0.007299156760473963, 0.005407888490294582, 0.0019359358092692971, 0.2292798117148899, 0.15591489886228305, 0.05253690168806249, 0.011482406826014972, 0.00028867375520897666, 0.03857581598654605, 0.05400884513974839, 0.05400884513974839, 0.2227619806994962, 0.03221357089614439, 0.05738732460549023, 0.002830694750015385, 0.0350583482647871, 0.0008589183281813573, 0.018135571823116266, 0.03600088831260688, 0.11009182675183558), (0, 0, 0, 0, 0, 0, 0, 0, 0, 0, 0, 0.004867022157993568, 0.0022344421708708415, 0.06627146564409989, 0.04031575601199518, 0.007299156760473963, 0, 0.11603915012591684, 0.0003410895898538083, 0.07310400793180982, 0.005050449860393488, 0.02345316312919523, 0.10206066129537185, 0.00402636741089939, 0.01258931793513713, 0.03857581598654605, 0.03328315226577441, 0.003476844487206702, 0.028564156811275485, 0.019295237025311954, 0.03328315226577441, 0, 0, 0, 0, 0, 0, 0, 0, 0), (0, 0, 0, 0, 0, 0, 0, 0, 0, 0, 0, 0.0023839413783587893, 0.005301974832984377, 0.06900910450166178, 0.05207398638601675, 0.004122113616565049, 0.0009214584011009545, 0.10749195315105531, 0.0010689285835955437, 0.07622434155290266, 0.0032712817850098566, 0.004122113616565049, 0.1317293194736727, 0.007867664894852307, 0.012465377054556089, 0.0487949406953985, 0.031896080966716533, 0.0027533280550219065, 0.025140556297286162, 0.05207398638601675, 0.006830658680456639, 0, 0, 0, 0, 0, 0, 0, 0, 0), (0.0032712817850098566, 8.906807913130425e-05, 0.06056140150705616, 0.06859186091507882, 0.005572828884914387, 0.0023839413783587893, 0.11746492658590664, 0.0002145058924891757, 0.025317841727168493, 0.00030471608277718963, 0.004084476320002462, 0.14070293888931446, 0.03254945726919092, 0.004167970681504568, 0.004727398383200621, 0.011482406826014972, 0.0487949406953985, 0.07744908453819253, 0.19094034698434098, 0.05738732460549023, 0.009756534087137225, 0.009036677434107646, 0.013949306965373928, 0.07622434155290266, 0.11009182675183558, 0.0487949406953985, 0.0037024515418363386, 0.009335040408067166, 0.0487949406953985, 0.027910215332363916, 0.0010689285835955437, 0.23646636812449032, 0.0350583482647871, 0.045824702319694016, 0.007299156760473963, 0.041276480022850906, 0.007299156760473963, 0.0022344421708708415, 0.05026059016936166, 0.010149344670410294), (0, 0, 0, 0, 0, 0, 0, 0, 0, 0, 0, 0.0016626576184457752, 0.0006767219177472479, 0.06149937804507184, 0.06502539038278278, 0.008723329471708632, 0.00036176918093652755, 0.09555361251896813, 0.0001877124226694997, 0.023795695918608258, 0.0010160633509259717, 0.006963639137030152, 0.15058560986911712, 0.007775948452200233, 0.01286900199539727, 0.03634284572901042, 0.015297775930101544, 0.006963639137030152, 0.0006767219177472479, 0.04746468216969184, 0, 0, 0, 0, 0, 0, 0, 0, 0, 0), (0.0014191336441856193, 0.00057833776936193, 0.0487949406953985, 0.06679086162879758, 0.005269516232494085, 0, 0.0912236531918895, 0.0025061505903558393, 0.04657205098437532, 0.006963639137030152, 8.16481194098554e-05, 0.1399942004868045, 0.0014072060559221049, 0.005865051239364611, 0.05171298000558475, 0.025509910978289904, 0.0487949406953985, 0.0454498512923588, 0.20534969973663775, 0.06322393781435344, 0.0207208396239082, 0.0024479765006755194, 0.0029530155390121333, 0.02276859998040022, 0.12745428142147208, 0.029569159854620865, 0.0026078279567117203, 0.006523190206172563, 0.004816452941871073, 0.015588395748542892, 0.0001877124226694997, 0.24616505675524458, 0.027910215332363916, 0.0016400534037116603, 0.03302877414247969, 0.015678504950564255, 0.00402636741089939, 6.420633961127121e-05, 0.05129937439493795, 0), (0, 0, 0, 0, 0, 0, 0, 0, 0, 0, 0, 0.004816452941871073, 5.551033283418159e-05, 0.031173613118524304, 0.06390744704610728, 0.0006246337730938037, 0.0004746229241440903, 0.10112402163718603, 0.006523190206172563, 0.017476244325223163, 0.026668965913709028, 6.934144785689924e-05, 0.13138880793914987, 0.002114884643984207, 0.0011113345431778589, 0.0022344421708708415, 0.001564467561066686, 0.004469552452063288, 0.004528991295546424, 0.049943092483862694, 0.0024479765006755194, 0, 0, 0, 0, 0, 0, 0, 0, 0), (0.006981663965470591, 0.00043648968715225174, 0.029108713090071167, 0.07767325654592765, 0.001231918311003291, 0.0009214584011009545, 0.086379156081871, 0.009756534087137225, 0.01841352965701827, 0.01667423493544029, 0.00013663754192747794, 0.1258707805558582, 0.006570967497522534, 0.0055031961632630196, 0.02276859998040022, 0.006019887358649001, 0.03857581598654605, 0.06149937804507184, 0.2149397901480957, 0.04066211490300797, 0.0207208396239082, 0.07529706740701966, 0.001842090186059877, 0.00566775380589651, 0.14431677453762248, 0.05528500114149415, 0.0002145058924891757, 0.012033410127123681, 0.030305144839322347, 0.0645025668287288, 0.00013175698573951195, 0.2149397901480957, 0.09328462323031235, 0.001254883843183478, 0.03857581598654605, 0.0003410895898538083, 0.004418075114369348, 0.00043648968715225174, 0.06149937804507184, 0.0025332820642113077), (0, 0, 0, 0, 0, 0, 0, 0, 0, 0, 0, 0.0061446088533262735, 0.0003843884653275346, 0.031069480068634414, 0.07850994353170956, 0.0013431113450645717, 0.0018496468978117624, 0.05207398638601675, 0.015085156698935967, 0.0013431113450645717, 0.036940224638936384, 0.002638017951649519, 0.11978983412227931, 0.0066132061053925245, 0.0019359358092692971, 0.00429810722857266, 0.00030058237746002827, 0.0043730621958221125, 0.015807917200052736, 0.059458789360000736, 0.0014939931791539789, 0, 0, 0, 0, 0, 0, 0, 0, 0), (0, 0, 0, 0, 0, 0, 0, 0, 0, 0, 0, 0.0024103133254441793, 0.0003410895898538083, 0.023689377108138773, 0.0487949406953985, 0.0016935314912301346, 0.004528991295546424, 0.05188296997024308, 0.0207208396239082, 1.1920176936120385e-05, 0.032905373814262645, 0, 0.12569292273081545, 0.026881818822810627, 0.001175077712856798, 5.962124644974575e-05, 0.005449938393478782, 0.012250374725405605, 0.011145923026709324, 0.03594207144943594, 0.0001472488432595325, 0, 0, 0, 0, 0, 0, 0, 0, 0), (0.0021536469055539187, 0.00030471608277718963, 0.019828895863554644, 0.026158822648714775, 0.0017810649560001043, 0.004651491303398973, 0.035731909727539896, 0.038306964242260544, 4.2686232120132256e-05, 0.02771571646511272, 9.459123842968289e-05, 0.13251817521576753, 0.04768711957621925, 0.0010689285835955437, 0.050988453276391066, 0.007299156760473963, 0.039737267151773975, 0.12931448059938455, 0.17276905508286108, 0.0350583482647871, 0.0037024515418363386, 0.0693557217943376, 0.0005153473271587838, 0, 0.13407247818586213, 0.045224567067496654, 0.00016564297461497002, 0.004651491303398973, 0.02711041372683346, 0.0066132061053925245, 0.0016400534037116603, 0.22392895962214418, 0.08697257500448134, 0, 0.029348186031720347, 0.0038391590512110163, 0.007757463007627356, 0.005772727484600407, 0.0350583482647871, 0.004259204687851684), (0, 0, 0, 0, 0, 0, 0, 0, 0, 0, 0, 0.003450103791230119, 0.00027386591062890375, 0.02721364024929683, 0.02211820804591469, 0.0013666233335663074, 0.0016091745892488386, 0.05156072627142655, 0.037074143225021866, 0.00162807250524959, 0.021402215358093966, 0.0013666233335663074, 0.12682457462158847, 0.03358991252393699, 0.0009484022136292663, 0.00043648968715225174, 0.0013431113450645717, 0.003811217176241166, 0.0007613386703558822, 0.029801678237736863, 0.004792774479612703, 0, 0, 0, 0, 0, 0, 0, 0, 0), (0.0034642219743328505, 0.00042941623229211627, 0.021538652516748455, 0.02272086873228655, 0.0012206713952879027, 0.0014409891346113153, 0.042666013215726564, 0.03600088831260688, 0.001452967385689341, 0.022022771157485542, 0.0012206713952879027, 0.12306145811218505, 0.021538652516748455, 0.0012978730164486581, 0.046891375075551814, 0.015085156698935967, 0.031173613118524304, 0.14070293888931446, 0.18327338220704156, 0.03302877414247969, 0.0030834536326394824, 0.0381873775199095, 0.0012206713952879027, 4.2686232120132256e-05, 0.04466883597999073, 0.0381873775199095, 0.00013175698573951195, 0.008393992098530458, 0.027910215332363916, 0.00668451772448856, 8.16481194098554e-05, 0.20534969973663775, 0.10206066129537185, 0.0003843884653275346, 0.04066211490300797, 0.0034642219743328505, 0.0012206713952879027, 0.00042941623229211627, 0.021371214021228643, 0.0030171758098115793)]}}, 'time': 0.5215563774108887, 'communication_time': 0.5129237174987793}
-0.002923436029974219
client_selector activated ✅
