==========================================
  ___  ______  ___ ______       _ 
 / _ \ | ___ \/   ||  ___|     | |
/ /_\ \| |_/ / /| || |_ ___  __| |
|  _  ||  __/ /_| ||  _/ _ \/ _` |
| | | || |  \___  || ||  __/ (_| |
\_| |_/\_|      |_/\_| \___|\__,_| v.1.5.0

==========================================
Simulation Started!
List of the Architectural Patterns enabled:
Adaptation Enabled ✅
Metric: val_f1,jsd, local predictor-based: predictors/f1overtime_tree_hdh-pca_45600.pkl
Client Registry ✅
Heterogeneous Data Handler ✅
 AP Parameters: {'enabled_clients': []}
==========================================
Results Aggregated in 1.70 seconds.
{'prostate_logreg': {'train_loss': [0.4877358772460883], 'train_accuracy': [0.8341232227488151], 'train_f1': [0.7007553268216775], 'train_mae': [0.16587677725118483], 'val_loss': [0.6588451546891982], 'val_accuracy': [0.615680985513092], 'val_f1': [0.6130139991380634], 'val_mae': [0.38431901448690803], 'jsd': [(0.0207208396239082, 0.31127812445913283, 0.31127812445913283, 0.31127812445913283, 0.11009182675183558, 0.31127812445913283, 0.31127812445913283, 0.31127812445913283, 0.0037024515418363386, 0.31127812445913283, 0.31127812445913283, 0.31127812445913283, 0.31127812445913283, 0.31127812445913283, 0.31127812445913283, 0.31127812445913283, 0.31127812445913283, 0.07310400793180982, 0.31127812445913283, 0.07310400793180982, 0.31127812445913283, 0.31127812445913283, 0.0037024515418363386, 0.31127812445913283, 0.31127812445913283, 0.31127812445913283, 0, 0.31127812445913283, 0.11009182675183558, 0.31127812445913283, 0.07310400793180982, 0.31127812445913283, 0.0487949406953985, 0.31127812445913283, 0.31127812445913283, 0.31127812445913283, 0.0350583482647871, 0.31127812445913283, 0.31127812445913283, 0.31127812445913283)]}}
AdaptationManager: Configuring next round...
{'client_registry': {'enabled': True, 'params': {}}, 'client_selector': {'enabled': False, 'params': {}}, 'client_cluster': {'enabled': False, 'params': {}}, 'message_compressor': {'enabled': False, 'params': {}}, 'model_co-versioning_registry': {'enabled': False, 'params': {}}, 'multi-task_model_trainer': {'enabled': False, 'params': {}}, 'heterogeneous_data_handler': {'enabled': True, 'params': {'enabled_clients': []}}}
{'client_selector': {'enabled': False}, 'client_cluster': {'enabled': False}, 'message_compressor': {'enabled': False}, 'model_co-versioning_registry': {'enabled': False}, 'multi-task_model_trainer': {'enabled': False}, 'heterogeneous_data_handler': {'enabled': True}, 'client_registry': {'enabled': True, 'params': {}}}
client 1, predicted wo:0.4367 vs w:0.4367
client 2, predicted wo:0.4382 vs w:0.4382
client 3, predicted wo:0.4382 vs w:0.4382
client 4, predicted wo:0.4382 vs w:0.4382
client 5, predicted wo:0.4382 vs w:0.4382
client 6, predicted wo:0.4382 vs w:0.4382
client 7, predicted wo:0.4382 vs w:0.4382
client 8, predicted wo:0.4382 vs w:0.4382
client 9, predicted wo:0.4367 vs w:0.4367
client 10, predicted wo:0.4382 vs w:0.4382
client 11, predicted wo:0.4382 vs w:0.4382
client 12, predicted wo:0.4382 vs w:0.4382
client 13, predicted wo:0.4382 vs w:0.4382
client 14, predicted wo:0.4382 vs w:0.4382
client 15, predicted wo:0.4382 vs w:0.4382
client 16, predicted wo:0.4382 vs w:0.4382
client 17, predicted wo:0.4382 vs w:0.4382
client 18, predicted wo:0.4382 vs w:0.4382
client 19, predicted wo:0.4382 vs w:0.4382
client 20, predicted wo:0.4382 vs w:0.4382
client 21, predicted wo:0.4382 vs w:0.4382
client 22, predicted wo:0.4382 vs w:0.4382
client 23, predicted wo:0.4367 vs w:0.4367
client 24, predicted wo:0.4382 vs w:0.4382
client 25, predicted wo:0.4382 vs w:0.4382
client 26, predicted wo:0.4382 vs w:0.4382
client 27, predicted wo:0.4367 vs w:0.4367
client 28, predicted wo:0.4382 vs w:0.4382
client 29, predicted wo:0.4382 vs w:0.4382
client 30, predicted wo:0.4382 vs w:0.4382
client 31, predicted wo:0.4382 vs w:0.4382
client 32, predicted wo:0.4382 vs w:0.4382
client 33, predicted wo:0.4367 vs w:0.4367
client 34, predicted wo:0.4382 vs w:0.4382
client 35, predicted wo:0.4382 vs w:0.4382
client 36, predicted wo:0.4382 vs w:0.4382
client 37, predicted wo:0.4367 vs w:0.4367
client 38, predicted wo:0.4382 vs w:0.4382
client 39, predicted wo:0.4382 vs w:0.4382
client 40, predicted wo:0.4382 vs w:0.4382
heterogeneous_data_handler activated ✅ for clients: ['Client 1', 'Client 2', 'Client 3', 'Client 4', 'Client 5', 'Client 6', 'Client 7', 'Client 8', 'Client 9', 'Client 10', 'Client 11', 'Client 12', 'Client 13', 'Client 14', 'Client 15', 'Client 16', 'Client 17', 'Client 18', 'Client 19', 'Client 20', 'Client 21', 'Client 22', 'Client 23', 'Client 24', 'Client 25', 'Client 26', 'Client 27', 'Client 28', 'Client 29', 'Client 30', 'Client 31', 'Client 32', 'Client 33', 'Client 34', 'Client 35', 'Client 36', 'Client 37', 'Client 38', 'Client 39', 'Client 40']
Results Aggregated in 0.99 seconds.
{'prostate_logreg': {'train_loss': [0.4877358772460883, 0.5272540020775962], 'train_accuracy': [0.8341232227488151, 0.752913752913753], 'train_f1': [0.7007553268216775, 0.625126314593841], 'train_mae': [0.16587677725118483, 0.24708624708624707], 'val_loss': [0.6588451546891982, 0.637299347444897], 'val_accuracy': [0.615680985513092, 0.6396555572087487], 'val_f1': [0.6130139991380634, 0.6386486484067284], 'val_mae': [0.38431901448690803, 0.3603444427912513], 'jsd': [(0.0207208396239082, 0.31127812445913283, 0.31127812445913283, 0.31127812445913283, 0.11009182675183558, 0.31127812445913283, 0.31127812445913283, 0.31127812445913283, 0.0037024515418363386, 0.31127812445913283, 0.31127812445913283, 0.31127812445913283, 0.31127812445913283, 0.31127812445913283, 0.31127812445913283, 0.31127812445913283, 0.31127812445913283, 0.07310400793180982, 0.31127812445913283, 0.07310400793180982, 0.31127812445913283, 0.31127812445913283, 0.0037024515418363386, 0.31127812445913283, 0.31127812445913283, 0.31127812445913283, 0, 0.31127812445913283, 0.11009182675183558, 0.31127812445913283, 0.07310400793180982, 0.31127812445913283, 0.0487949406953985, 0.31127812445913283, 0.31127812445913283, 0.31127812445913283, 0.0350583482647871, 0.31127812445913283, 0.31127812445913283, 0.31127812445913283), (0, 0.31127812445913283, 0.31127812445913283, 0.31127812445913283, 0, 0, 0.31127812445913283, 0.07310400793180982, 0, 0.1711038312803313, 0.31127812445913283, 0, 0, 0, 0.31127812445913283, 0.31127812445913283, 0.31127812445913283, 0, 0.31127812445913283, 0, 0, 0, 0, 0.31127812445913283, 0.31127812445913283, 0, 0.12425601093475921, 0.31127812445913283, 0.17750440524619315, 0, 0, 0.31127812445913283, 0.31127812445913283, 0, 0, 0.16395604408354778, 0, 0.31127812445913283, 0.31127812445913283, 0.16395604408354778)]}}
AdaptationManager: Configuring next round...
{'client_registry': {'enabled': True, 'params': {}}, 'client_selector': {'enabled': False, 'params': {}}, 'client_cluster': {'enabled': False, 'params': {}}, 'message_compressor': {'enabled': False, 'params': {}}, 'model_co-versioning_registry': {'enabled': False, 'params': {}}, 'multi-task_model_trainer': {'enabled': False, 'params': {}}, 'heterogeneous_data_handler': {'enabled': True, 'params': {'enabled_clients': []}}}
{'client_selector': {'enabled': False}, 'client_cluster': {'enabled': False}, 'message_compressor': {'enabled': False}, 'model_co-versioning_registry': {'enabled': False}, 'multi-task_model_trainer': {'enabled': False}, 'heterogeneous_data_handler': {'enabled': True, 'params': {'enabled_clients': ['Client 1', 'Client 2', 'Client 3', 'Client 4', 'Client 5', 'Client 6', 'Client 7', 'Client 8', 'Client 9', 'Client 10', 'Client 11', 'Client 12', 'Client 13', 'Client 14', 'Client 15', 'Client 16', 'Client 17', 'Client 18', 'Client 19', 'Client 20', 'Client 21', 'Client 22', 'Client 23', 'Client 24', 'Client 25', 'Client 26', 'Client 27', 'Client 28', 'Client 29', 'Client 30', 'Client 31', 'Client 32', 'Client 33', 'Client 34', 'Client 35', 'Client 36', 'Client 37', 'Client 38', 'Client 39', 'Client 40']}}, 'client_registry': {'enabled': True, 'params': {}}}
client 1, predicted wo:0.6702 vs w:0.6924
client 2, predicted wo:0.6702 vs w:0.6924
client 3, predicted wo:0.6702 vs w:0.6924
client 4, predicted wo:0.6702 vs w:0.6924
client 5, predicted wo:0.6702 vs w:0.6924
client 6, predicted wo:0.6702 vs w:0.6924
client 7, predicted wo:0.6702 vs w:0.6924
client 8, predicted wo:0.6702 vs w:0.6924
client 9, predicted wo:0.6702 vs w:0.6924
client 10, predicted wo:0.6702 vs w:0.6924
client 11, predicted wo:0.6702 vs w:0.6924
client 12, predicted wo:0.6702 vs w:0.6924
client 13, predicted wo:0.6702 vs w:0.6924
client 14, predicted wo:0.6702 vs w:0.6924
client 15, predicted wo:0.6702 vs w:0.6924
client 16, predicted wo:0.6702 vs w:0.6924
client 17, predicted wo:0.6702 vs w:0.6924
client 18, predicted wo:0.6702 vs w:0.6924
client 19, predicted wo:0.6702 vs w:0.6924
client 20, predicted wo:0.6702 vs w:0.6924
client 21, predicted wo:0.6702 vs w:0.6924
client 22, predicted wo:0.6702 vs w:0.6924
client 23, predicted wo:0.6702 vs w:0.6924
client 24, predicted wo:0.6702 vs w:0.6924
client 25, predicted wo:0.6702 vs w:0.6924
client 26, predicted wo:0.6702 vs w:0.6924
client 27, predicted wo:0.6702 vs w:0.6924
client 28, predicted wo:0.6702 vs w:0.6924
client 29, predicted wo:0.6702 vs w:0.6924
client 30, predicted wo:0.6702 vs w:0.6924
client 31, predicted wo:0.6702 vs w:0.6924
client 32, predicted wo:0.6702 vs w:0.6924
client 33, predicted wo:0.6702 vs w:0.6924
client 34, predicted wo:0.6702 vs w:0.6924
client 35, predicted wo:0.6702 vs w:0.6924
client 36, predicted wo:0.6702 vs w:0.6924
client 37, predicted wo:0.6702 vs w:0.6924
client 38, predicted wo:0.6702 vs w:0.6924
client 39, predicted wo:0.6702 vs w:0.6924
client 40, predicted wo:0.6702 vs w:0.6924
heterogeneous_data_handler activated ✅ for clients: ['Client 1', 'Client 2', 'Client 3', 'Client 4', 'Client 5', 'Client 6', 'Client 7', 'Client 8', 'Client 9', 'Client 10', 'Client 11', 'Client 12', 'Client 13', 'Client 14', 'Client 15', 'Client 16', 'Client 17', 'Client 18', 'Client 19', 'Client 20', 'Client 21', 'Client 22', 'Client 23', 'Client 24', 'Client 25', 'Client 26', 'Client 27', 'Client 28', 'Client 29', 'Client 30', 'Client 31', 'Client 32', 'Client 33', 'Client 34', 'Client 35', 'Client 36', 'Client 37', 'Client 38', 'Client 39', 'Client 40']
Results Aggregated in 0.45 seconds.
{'prostate_logreg': {'train_loss': [0.4877358772460883, 0.5272540020775962, 0.5257022777096331], 'train_accuracy': [0.8341232227488151, 0.752913752913753, 0.7586750788643533], 'train_f1': [0.7007553268216775, 0.625126314593841, 0.6887198215130004], 'train_mae': [0.16587677725118483, 0.24708624708624707, 0.24132492113564669], 'val_loss': [0.6588451546891982, 0.637299347444897, 0.6204497630911886], 'val_accuracy': [0.615680985513092, 0.6396555572087487, 0.6578237913059042], 'val_f1': [0.6130139991380634, 0.6386486484067284, 0.6574155528452614], 'val_mae': [0.38431901448690803, 0.3603444427912513, 0.3421762086940958], 'jsd': [(0.0207208396239082, 0.31127812445913283, 0.31127812445913283, 0.31127812445913283, 0.11009182675183558, 0.31127812445913283, 0.31127812445913283, 0.31127812445913283, 0.0037024515418363386, 0.31127812445913283, 0.31127812445913283, 0.31127812445913283, 0.31127812445913283, 0.31127812445913283, 0.31127812445913283, 0.31127812445913283, 0.31127812445913283, 0.07310400793180982, 0.31127812445913283, 0.07310400793180982, 0.31127812445913283, 0.31127812445913283, 0.0037024515418363386, 0.31127812445913283, 0.31127812445913283, 0.31127812445913283, 0, 0.31127812445913283, 0.11009182675183558, 0.31127812445913283, 0.07310400793180982, 0.31127812445913283, 0.0487949406953985, 0.31127812445913283, 0.31127812445913283, 0.31127812445913283, 0.0350583482647871, 0.31127812445913283, 0.31127812445913283, 0.31127812445913283), (0, 0.31127812445913283, 0.31127812445913283, 0.31127812445913283, 0, 0, 0.31127812445913283, 0.07310400793180982, 0, 0.1711038312803313, 0.31127812445913283, 0, 0, 0, 0.31127812445913283, 0.31127812445913283, 0.31127812445913283, 0, 0.31127812445913283, 0, 0, 0, 0, 0.31127812445913283, 0.31127812445913283, 0, 0.12425601093475921, 0.31127812445913283, 0.17750440524619315, 0, 0, 0.31127812445913283, 0.31127812445913283, 0, 0, 0.16395604408354778, 0, 0.31127812445913283, 0.31127812445913283, 0.16395604408354778), (0, 0.16395604408354778, 0.31127812445913283, 0, 0, 0.18850340411986471, 0, 0.11009182675183558, 0, 0, 0, 0.1711038312803313, 0, 0, 0, 0.31127812445913283, 0, 0, 0, 0, 0.31127812445913283, 0, 0, 0.31127812445913283, 0.31127812445913283, 0, 0, 0, 0.2087803925185126, 0, 0, 0.20534969973663775, 0, 0, 0.16395604408354778, 0, 0, 0, 0.31127812445913283, 0)]}}
AdaptationManager: Configuring next round...
{'client_registry': {'enabled': True, 'params': {}}, 'client_selector': {'enabled': False, 'params': {}}, 'client_cluster': {'enabled': False, 'params': {}}, 'message_compressor': {'enabled': False, 'params': {}}, 'model_co-versioning_registry': {'enabled': False, 'params': {}}, 'multi-task_model_trainer': {'enabled': False, 'params': {}}, 'heterogeneous_data_handler': {'enabled': True, 'params': {'enabled_clients': []}}}
{'client_selector': {'enabled': False}, 'client_cluster': {'enabled': False}, 'message_compressor': {'enabled': False}, 'model_co-versioning_registry': {'enabled': False}, 'multi-task_model_trainer': {'enabled': False}, 'heterogeneous_data_handler': {'enabled': True, 'params': {'enabled_clients': ['Client 1', 'Client 2', 'Client 3', 'Client 4', 'Client 5', 'Client 6', 'Client 7', 'Client 8', 'Client 9', 'Client 10', 'Client 11', 'Client 12', 'Client 13', 'Client 14', 'Client 15', 'Client 16', 'Client 17', 'Client 18', 'Client 19', 'Client 20', 'Client 21', 'Client 22', 'Client 23', 'Client 24', 'Client 25', 'Client 26', 'Client 27', 'Client 28', 'Client 29', 'Client 30', 'Client 31', 'Client 32', 'Client 33', 'Client 34', 'Client 35', 'Client 36', 'Client 37', 'Client 38', 'Client 39', 'Client 40']}}, 'client_registry': {'enabled': True, 'params': {}}}
client 1, predicted wo:0.7445 vs w:0.7445
client 2, predicted wo:0.7445 vs w:0.7445
client 3, predicted wo:0.7445 vs w:0.7445
client 4, predicted wo:0.7445 vs w:0.7445
client 5, predicted wo:0.7445 vs w:0.7445
client 6, predicted wo:0.7445 vs w:0.7445
client 7, predicted wo:0.7445 vs w:0.7445
client 8, predicted wo:0.7445 vs w:0.7445
client 9, predicted wo:0.7445 vs w:0.7445
client 10, predicted wo:0.7445 vs w:0.7445
client 11, predicted wo:0.7445 vs w:0.7445
client 12, predicted wo:0.7445 vs w:0.7445
client 13, predicted wo:0.7445 vs w:0.7445
client 14, predicted wo:0.7445 vs w:0.7445
client 15, predicted wo:0.7445 vs w:0.7445
client 16, predicted wo:0.7445 vs w:0.7445
client 17, predicted wo:0.7445 vs w:0.7445
client 18, predicted wo:0.7445 vs w:0.7445
client 19, predicted wo:0.7445 vs w:0.7445
client 20, predicted wo:0.7445 vs w:0.7445
client 21, predicted wo:0.7445 vs w:0.7445
client 22, predicted wo:0.7445 vs w:0.7445
client 23, predicted wo:0.7445 vs w:0.7445
client 24, predicted wo:0.7445 vs w:0.7445
client 25, predicted wo:0.7445 vs w:0.7445
client 26, predicted wo:0.7445 vs w:0.7445
client 27, predicted wo:0.7445 vs w:0.7445
client 28, predicted wo:0.7445 vs w:0.7445
client 29, predicted wo:0.7445 vs w:0.7445
client 30, predicted wo:0.7445 vs w:0.7445
client 31, predicted wo:0.7445 vs w:0.7445
client 32, predicted wo:0.7445 vs w:0.7445
client 33, predicted wo:0.7445 vs w:0.7445
client 34, predicted wo:0.7445 vs w:0.7445
client 35, predicted wo:0.7445 vs w:0.7445
client 36, predicted wo:0.7445 vs w:0.7445
client 37, predicted wo:0.7445 vs w:0.7445
client 38, predicted wo:0.7445 vs w:0.7445
client 39, predicted wo:0.7445 vs w:0.7445
client 40, predicted wo:0.7445 vs w:0.7445
heterogeneous_data_handler activated ✅ for clients: ['Client 1', 'Client 2', 'Client 3', 'Client 4', 'Client 5', 'Client 6', 'Client 7', 'Client 8', 'Client 9', 'Client 10', 'Client 11', 'Client 12', 'Client 13', 'Client 14', 'Client 15', 'Client 16', 'Client 17', 'Client 18', 'Client 19', 'Client 20', 'Client 21', 'Client 22', 'Client 23', 'Client 24', 'Client 25', 'Client 26', 'Client 27', 'Client 28', 'Client 29', 'Client 30', 'Client 31', 'Client 32', 'Client 33', 'Client 34', 'Client 35', 'Client 36', 'Client 37', 'Client 38', 'Client 39', 'Client 40']
Results Aggregated in 0.51 seconds.
{'prostate_logreg': {'train_loss': [0.4877358772460883, 0.5272540020775962, 0.5257022777096331, 0.5291364672480983], 'train_accuracy': [0.8341232227488151, 0.752913752913753, 0.7586750788643533, 0.7647058823529411], 'train_f1': [0.7007553268216775, 0.625126314593841, 0.6887198215130004, 0.7183054567608526], 'train_mae': [0.16587677725118483, 0.24708624708624707, 0.24132492113564669, 0.23529411764705882], 'val_loss': [0.6588451546891982, 0.637299347444897, 0.6204497630911886, 0.6069724935943575], 'val_accuracy': [0.615680985513092, 0.6396555572087487, 0.6578237913059042, 0.6748018356278681], 'val_f1': [0.6130139991380634, 0.6386486484067284, 0.6574155528452614, 0.6745922150005116], 'val_mae': [0.38431901448690803, 0.3603444427912513, 0.3421762086940958, 0.3251981643721318], 'jsd': [(0.0207208396239082, 0.31127812445913283, 0.31127812445913283, 0.31127812445913283, 0.11009182675183558, 0.31127812445913283, 0.31127812445913283, 0.31127812445913283, 0.0037024515418363386, 0.31127812445913283, 0.31127812445913283, 0.31127812445913283, 0.31127812445913283, 0.31127812445913283, 0.31127812445913283, 0.31127812445913283, 0.31127812445913283, 0.07310400793180982, 0.31127812445913283, 0.07310400793180982, 0.31127812445913283, 0.31127812445913283, 0.0037024515418363386, 0.31127812445913283, 0.31127812445913283, 0.31127812445913283, 0, 0.31127812445913283, 0.11009182675183558, 0.31127812445913283, 0.07310400793180982, 0.31127812445913283, 0.0487949406953985, 0.31127812445913283, 0.31127812445913283, 0.31127812445913283, 0.0350583482647871, 0.31127812445913283, 0.31127812445913283, 0.31127812445913283), (0, 0.31127812445913283, 0.31127812445913283, 0.31127812445913283, 0, 0, 0.31127812445913283, 0.07310400793180982, 0, 0.1711038312803313, 0.31127812445913283, 0, 0, 0, 0.31127812445913283, 0.31127812445913283, 0.31127812445913283, 0, 0.31127812445913283, 0, 0, 0, 0, 0.31127812445913283, 0.31127812445913283, 0, 0.12425601093475921, 0.31127812445913283, 0.17750440524619315, 0, 0, 0.31127812445913283, 0.31127812445913283, 0, 0, 0.16395604408354778, 0, 0.31127812445913283, 0.31127812445913283, 0.16395604408354778), (0, 0.16395604408354778, 0.31127812445913283, 0, 0, 0.18850340411986471, 0, 0.11009182675183558, 0, 0, 0, 0.1711038312803313, 0, 0, 0, 0.31127812445913283, 0, 0, 0, 0, 0.31127812445913283, 0, 0, 0.31127812445913283, 0.31127812445913283, 0, 0, 0, 0.2087803925185126, 0, 0, 0.20534969973663775, 0, 0, 0.16395604408354778, 0, 0, 0, 0.31127812445913283, 0), (0, 0.31127812445913283, 0.2087803925185126, 0, 0, 0, 0, 0, 0, 0, 0, 0.19326958066820893, 0, 0, 0, 0, 0, 0, 0, 0, 0, 0, 0, 0.2292798117148899, 0, 0, 0, 0, 0, 0, 0, 0.2227619806994962, 0, 0, 0, 0, 0, 0, 0.2227619806994962, 0)]}}
AdaptationManager: Configuring next round...
{'client_registry': {'enabled': True, 'params': {}}, 'client_selector': {'enabled': False, 'params': {}}, 'client_cluster': {'enabled': False, 'params': {}}, 'message_compressor': {'enabled': False, 'params': {}}, 'model_co-versioning_registry': {'enabled': False, 'params': {}}, 'multi-task_model_trainer': {'enabled': False, 'params': {}}, 'heterogeneous_data_handler': {'enabled': True, 'params': {'enabled_clients': []}}}
{'client_selector': {'enabled': False}, 'client_cluster': {'enabled': False}, 'message_compressor': {'enabled': False}, 'model_co-versioning_registry': {'enabled': False}, 'multi-task_model_trainer': {'enabled': False}, 'heterogeneous_data_handler': {'enabled': True, 'params': {'enabled_clients': ['Client 1', 'Client 2', 'Client 3', 'Client 4', 'Client 5', 'Client 6', 'Client 7', 'Client 8', 'Client 9', 'Client 10', 'Client 11', 'Client 12', 'Client 13', 'Client 14', 'Client 15', 'Client 16', 'Client 17', 'Client 18', 'Client 19', 'Client 20', 'Client 21', 'Client 22', 'Client 23', 'Client 24', 'Client 25', 'Client 26', 'Client 27', 'Client 28', 'Client 29', 'Client 30', 'Client 31', 'Client 32', 'Client 33', 'Client 34', 'Client 35', 'Client 36', 'Client 37', 'Client 38', 'Client 39', 'Client 40']}}, 'client_registry': {'enabled': True, 'params': {}}}
client 1, predicted wo:0.7445 vs w:0.7445
client 2, predicted wo:0.7445 vs w:0.7445
client 3, predicted wo:0.7445 vs w:0.7445
client 4, predicted wo:0.7445 vs w:0.7445
client 5, predicted wo:0.7445 vs w:0.7445
client 6, predicted wo:0.7445 vs w:0.7445
client 7, predicted wo:0.7445 vs w:0.7445
client 8, predicted wo:0.7445 vs w:0.7445
client 9, predicted wo:0.7445 vs w:0.7445
client 10, predicted wo:0.7445 vs w:0.7445
client 11, predicted wo:0.7445 vs w:0.7445
client 12, predicted wo:0.7445 vs w:0.7445
client 13, predicted wo:0.7445 vs w:0.7445
client 14, predicted wo:0.7445 vs w:0.7445
client 15, predicted wo:0.7445 vs w:0.7445
client 16, predicted wo:0.7445 vs w:0.7445
client 17, predicted wo:0.7445 vs w:0.7445
client 18, predicted wo:0.7445 vs w:0.7445
client 19, predicted wo:0.7445 vs w:0.7445
client 20, predicted wo:0.7445 vs w:0.7445
client 21, predicted wo:0.7445 vs w:0.7445
client 22, predicted wo:0.7445 vs w:0.7445
client 23, predicted wo:0.7445 vs w:0.7445
client 24, predicted wo:0.7445 vs w:0.7445
client 25, predicted wo:0.7445 vs w:0.7445
client 26, predicted wo:0.7445 vs w:0.7445
client 27, predicted wo:0.7445 vs w:0.7445
client 28, predicted wo:0.7445 vs w:0.7445
client 29, predicted wo:0.7445 vs w:0.7445
client 30, predicted wo:0.7445 vs w:0.7445
client 31, predicted wo:0.7445 vs w:0.7445
client 32, predicted wo:0.7445 vs w:0.7445
client 33, predicted wo:0.7445 vs w:0.7445
client 34, predicted wo:0.7445 vs w:0.7445
client 35, predicted wo:0.7445 vs w:0.7445
client 36, predicted wo:0.7445 vs w:0.7445
client 37, predicted wo:0.7445 vs w:0.7445
client 38, predicted wo:0.7445 vs w:0.7445
client 39, predicted wo:0.7445 vs w:0.7445
client 40, predicted wo:0.7445 vs w:0.7445
heterogeneous_data_handler activated ✅ for clients: ['Client 1', 'Client 2', 'Client 3', 'Client 4', 'Client 5', 'Client 6', 'Client 7', 'Client 8', 'Client 9', 'Client 10', 'Client 11', 'Client 12', 'Client 13', 'Client 14', 'Client 15', 'Client 16', 'Client 17', 'Client 18', 'Client 19', 'Client 20', 'Client 21', 'Client 22', 'Client 23', 'Client 24', 'Client 25', 'Client 26', 'Client 27', 'Client 28', 'Client 29', 'Client 30', 'Client 31', 'Client 32', 'Client 33', 'Client 34', 'Client 35', 'Client 36', 'Client 37', 'Client 38', 'Client 39', 'Client 40']
Results Aggregated in 0.45 seconds.
{'prostate_logreg': {'train_loss': [0.4877358772460883, 0.5272540020775962, 0.5257022777096331, 0.5291364672480983, 0.5276134857576187], 'train_accuracy': [0.8341232227488151, 0.752913752913753, 0.7586750788643533, 0.7647058823529411, 0.7616438356164383], 'train_f1': [0.7007553268216775, 0.625126314593841, 0.6887198215130004, 0.7183054567608526, 0.7370151168503586], 'train_mae': [0.16587677725118483, 0.24708624708624707, 0.24132492113564669, 0.23529411764705882, 0.23835616438356164], 'val_loss': [0.6588451546891982, 0.637299347444897, 0.6204497630911886, 0.6069724935943575, 0.5962983428488016], 'val_accuracy': [0.615680985513092, 0.6396555572087487, 0.6578237913059042, 0.6748018356278681, 0.6869887302049937], 'val_f1': [0.6130139991380634, 0.6386486484067284, 0.6574155528452614, 0.6745922150005116, 0.6865631966530977], 'val_mae': [0.38431901448690803, 0.3603444427912513, 0.3421762086940958, 0.3251981643721318, 0.31301126979500626], 'jsd': [(0.0207208396239082, 0.31127812445913283, 0.31127812445913283, 0.31127812445913283, 0.11009182675183558, 0.31127812445913283, 0.31127812445913283, 0.31127812445913283, 0.0037024515418363386, 0.31127812445913283, 0.31127812445913283, 0.31127812445913283, 0.31127812445913283, 0.31127812445913283, 0.31127812445913283, 0.31127812445913283, 0.31127812445913283, 0.07310400793180982, 0.31127812445913283, 0.07310400793180982, 0.31127812445913283, 0.31127812445913283, 0.0037024515418363386, 0.31127812445913283, 0.31127812445913283, 0.31127812445913283, 0, 0.31127812445913283, 0.11009182675183558, 0.31127812445913283, 0.07310400793180982, 0.31127812445913283, 0.0487949406953985, 0.31127812445913283, 0.31127812445913283, 0.31127812445913283, 0.0350583482647871, 0.31127812445913283, 0.31127812445913283, 0.31127812445913283), (0, 0.31127812445913283, 0.31127812445913283, 0.31127812445913283, 0, 0, 0.31127812445913283, 0.07310400793180982, 0, 0.1711038312803313, 0.31127812445913283, 0, 0, 0, 0.31127812445913283, 0.31127812445913283, 0.31127812445913283, 0, 0.31127812445913283, 0, 0, 0, 0, 0.31127812445913283, 0.31127812445913283, 0, 0.12425601093475921, 0.31127812445913283, 0.17750440524619315, 0, 0, 0.31127812445913283, 0.31127812445913283, 0, 0, 0.16395604408354778, 0, 0.31127812445913283, 0.31127812445913283, 0.16395604408354778), (0, 0.16395604408354778, 0.31127812445913283, 0, 0, 0.18850340411986471, 0, 0.11009182675183558, 0, 0, 0, 0.1711038312803313, 0, 0, 0, 0.31127812445913283, 0, 0, 0, 0, 0.31127812445913283, 0, 0, 0.31127812445913283, 0.31127812445913283, 0, 0, 0, 0.2087803925185126, 0, 0, 0.20534969973663775, 0, 0, 0.16395604408354778, 0, 0, 0, 0.31127812445913283, 0), (0, 0.31127812445913283, 0.2087803925185126, 0, 0, 0, 0, 0, 0, 0, 0, 0.19326958066820893, 0, 0, 0, 0, 0, 0, 0, 0, 0, 0, 0, 0.2292798117148899, 0, 0, 0, 0, 0, 0, 0, 0.2227619806994962, 0, 0, 0, 0, 0, 0, 0.2227619806994962, 0), (0, 0, 0.2227619806994962, 0, 0, 0, 0, 0, 0, 0, 0, 0, 0, 0, 0, 0, 0, 0, 0, 0, 0, 0, 0, 0, 0, 0, 0, 0, 0, 0, 0, 0.23646636812449032, 0, 0, 0, 0, 0, 0, 0, 0)]}}
AdaptationManager: Configuring next round...
{'client_registry': {'enabled': True, 'params': {}}, 'client_selector': {'enabled': False, 'params': {}}, 'client_cluster': {'enabled': False, 'params': {}}, 'message_compressor': {'enabled': False, 'params': {}}, 'model_co-versioning_registry': {'enabled': False, 'params': {}}, 'multi-task_model_trainer': {'enabled': False, 'params': {}}, 'heterogeneous_data_handler': {'enabled': True, 'params': {'enabled_clients': []}}}
{'client_selector': {'enabled': False}, 'client_cluster': {'enabled': False}, 'message_compressor': {'enabled': False}, 'model_co-versioning_registry': {'enabled': False}, 'multi-task_model_trainer': {'enabled': False}, 'heterogeneous_data_handler': {'enabled': True, 'params': {'enabled_clients': ['Client 1', 'Client 2', 'Client 3', 'Client 4', 'Client 5', 'Client 6', 'Client 7', 'Client 8', 'Client 9', 'Client 10', 'Client 11', 'Client 12', 'Client 13', 'Client 14', 'Client 15', 'Client 16', 'Client 17', 'Client 18', 'Client 19', 'Client 20', 'Client 21', 'Client 22', 'Client 23', 'Client 24', 'Client 25', 'Client 26', 'Client 27', 'Client 28', 'Client 29', 'Client 30', 'Client 31', 'Client 32', 'Client 33', 'Client 34', 'Client 35', 'Client 36', 'Client 37', 'Client 38', 'Client 39', 'Client 40']}}, 'client_registry': {'enabled': True, 'params': {}}}
client 1, predicted wo:0.7445 vs w:0.7445
client 2, predicted wo:0.7445 vs w:0.7445
client 3, predicted wo:0.7445 vs w:0.7445
client 4, predicted wo:0.7445 vs w:0.7445
client 5, predicted wo:0.7445 vs w:0.7445
client 6, predicted wo:0.7445 vs w:0.7445
client 7, predicted wo:0.7445 vs w:0.7445
client 8, predicted wo:0.7445 vs w:0.7445
client 9, predicted wo:0.7445 vs w:0.7445
client 10, predicted wo:0.7445 vs w:0.7445
client 11, predicted wo:0.7445 vs w:0.7445
client 12, predicted wo:0.7445 vs w:0.7445
client 13, predicted wo:0.7445 vs w:0.7445
client 14, predicted wo:0.7445 vs w:0.7445
client 15, predicted wo:0.7445 vs w:0.7445
client 16, predicted wo:0.7445 vs w:0.7445
client 17, predicted wo:0.7445 vs w:0.7445
client 18, predicted wo:0.7445 vs w:0.7445
client 19, predicted wo:0.7445 vs w:0.7445
client 20, predicted wo:0.7445 vs w:0.7445
client 21, predicted wo:0.7445 vs w:0.7445
client 22, predicted wo:0.7445 vs w:0.7445
client 23, predicted wo:0.7445 vs w:0.7445
client 24, predicted wo:0.7445 vs w:0.7445
client 25, predicted wo:0.7445 vs w:0.7445
client 26, predicted wo:0.7445 vs w:0.7445
client 27, predicted wo:0.7445 vs w:0.7445
client 28, predicted wo:0.7445 vs w:0.7445
client 29, predicted wo:0.7445 vs w:0.7445
client 30, predicted wo:0.7445 vs w:0.7445
client 31, predicted wo:0.7445 vs w:0.7445
client 32, predicted wo:0.7445 vs w:0.7445
client 33, predicted wo:0.7445 vs w:0.7445
client 34, predicted wo:0.7445 vs w:0.7445
client 35, predicted wo:0.7445 vs w:0.7445
client 36, predicted wo:0.7445 vs w:0.7445
client 37, predicted wo:0.7445 vs w:0.7445
client 38, predicted wo:0.7445 vs w:0.7445
client 39, predicted wo:0.7445 vs w:0.7445
client 40, predicted wo:0.7445 vs w:0.7445
heterogeneous_data_handler activated ✅ for clients: ['Client 1', 'Client 2', 'Client 3', 'Client 4', 'Client 5', 'Client 6', 'Client 7', 'Client 8', 'Client 9', 'Client 10', 'Client 11', 'Client 12', 'Client 13', 'Client 14', 'Client 15', 'Client 16', 'Client 17', 'Client 18', 'Client 19', 'Client 20', 'Client 21', 'Client 22', 'Client 23', 'Client 24', 'Client 25', 'Client 26', 'Client 27', 'Client 28', 'Client 29', 'Client 30', 'Client 31', 'Client 32', 'Client 33', 'Client 34', 'Client 35', 'Client 36', 'Client 37', 'Client 38', 'Client 39', 'Client 40']
Results Aggregated in 0.50 seconds.
{'prostate_logreg': {'train_loss': [0.4877358772460883, 0.5272540020775962, 0.5257022777096331, 0.5291364672480983, 0.5276134857576187, 0.5245755589219402], 'train_accuracy': [0.8341232227488151, 0.752913752913753, 0.7586750788643533, 0.7647058823529411, 0.7616438356164383, 0.7636643571978445], 'train_f1': [0.7007553268216775, 0.625126314593841, 0.6887198215130004, 0.7183054567608526, 0.7370151168503586, 0.7383760236290628], 'train_mae': [0.16587677725118483, 0.24708624708624707, 0.24132492113564669, 0.23529411764705882, 0.23835616438356164, 0.2363356428021555], 'val_loss': [0.6588451546891982, 0.637299347444897, 0.6204497630911886, 0.6069724935943575, 0.5962983428488016, 0.58898729532569], 'val_accuracy': [0.615680985513092, 0.6396555572087487, 0.6578237913059042, 0.6748018356278681, 0.6869887302049937, 0.694520198297654], 'val_f1': [0.6130139991380634, 0.6386486484067284, 0.6574155528452614, 0.6745922150005116, 0.6865631966530977, 0.6937288228537822], 'val_mae': [0.38431901448690803, 0.3603444427912513, 0.3421762086940958, 0.3251981643721318, 0.31301126979500626, 0.30547980170234607], 'jsd': [(0.0207208396239082, 0.31127812445913283, 0.31127812445913283, 0.31127812445913283, 0.11009182675183558, 0.31127812445913283, 0.31127812445913283, 0.31127812445913283, 0.0037024515418363386, 0.31127812445913283, 0.31127812445913283, 0.31127812445913283, 0.31127812445913283, 0.31127812445913283, 0.31127812445913283, 0.31127812445913283, 0.31127812445913283, 0.07310400793180982, 0.31127812445913283, 0.07310400793180982, 0.31127812445913283, 0.31127812445913283, 0.0037024515418363386, 0.31127812445913283, 0.31127812445913283, 0.31127812445913283, 0, 0.31127812445913283, 0.11009182675183558, 0.31127812445913283, 0.07310400793180982, 0.31127812445913283, 0.0487949406953985, 0.31127812445913283, 0.31127812445913283, 0.31127812445913283, 0.0350583482647871, 0.31127812445913283, 0.31127812445913283, 0.31127812445913283), (0, 0.31127812445913283, 0.31127812445913283, 0.31127812445913283, 0, 0, 0.31127812445913283, 0.07310400793180982, 0, 0.1711038312803313, 0.31127812445913283, 0, 0, 0, 0.31127812445913283, 0.31127812445913283, 0.31127812445913283, 0, 0.31127812445913283, 0, 0, 0, 0, 0.31127812445913283, 0.31127812445913283, 0, 0.12425601093475921, 0.31127812445913283, 0.17750440524619315, 0, 0, 0.31127812445913283, 0.31127812445913283, 0, 0, 0.16395604408354778, 0, 0.31127812445913283, 0.31127812445913283, 0.16395604408354778), (0, 0.16395604408354778, 0.31127812445913283, 0, 0, 0.18850340411986471, 0, 0.11009182675183558, 0, 0, 0, 0.1711038312803313, 0, 0, 0, 0.31127812445913283, 0, 0, 0, 0, 0.31127812445913283, 0, 0, 0.31127812445913283, 0.31127812445913283, 0, 0, 0, 0.2087803925185126, 0, 0, 0.20534969973663775, 0, 0, 0.16395604408354778, 0, 0, 0, 0.31127812445913283, 0), (0, 0.31127812445913283, 0.2087803925185126, 0, 0, 0, 0, 0, 0, 0, 0, 0.19326958066820893, 0, 0, 0, 0, 0, 0, 0, 0, 0, 0, 0, 0.2292798117148899, 0, 0, 0, 0, 0, 0, 0, 0.2227619806994962, 0, 0, 0, 0, 0, 0, 0.2227619806994962, 0), (0, 0, 0.2227619806994962, 0, 0, 0, 0, 0, 0, 0, 0, 0, 0, 0, 0, 0, 0, 0, 0, 0, 0, 0, 0, 0, 0, 0, 0, 0, 0, 0, 0, 0.23646636812449032, 0, 0, 0, 0, 0, 0, 0, 0), (0, 0, 0.23305878051279882, 0, 0, 0, 0, 0, 0, 0, 0, 0, 0, 0, 0, 0, 0, 0, 0, 0, 0, 0, 0, 0, 0, 0, 0, 0, 0, 0, 0, 0.24616505675524458, 0, 0, 0, 0, 0, 0, 0, 0)]}}
AdaptationManager: Configuring next round...
{'client_registry': {'enabled': True, 'params': {}}, 'client_selector': {'enabled': False, 'params': {}}, 'client_cluster': {'enabled': False, 'params': {}}, 'message_compressor': {'enabled': False, 'params': {}}, 'model_co-versioning_registry': {'enabled': False, 'params': {}}, 'multi-task_model_trainer': {'enabled': False, 'params': {}}, 'heterogeneous_data_handler': {'enabled': True, 'params': {'enabled_clients': []}}}
{'client_selector': {'enabled': False}, 'client_cluster': {'enabled': False}, 'message_compressor': {'enabled': False}, 'model_co-versioning_registry': {'enabled': False}, 'multi-task_model_trainer': {'enabled': False}, 'heterogeneous_data_handler': {'enabled': True, 'params': {'enabled_clients': ['Client 1', 'Client 2', 'Client 3', 'Client 4', 'Client 5', 'Client 6', 'Client 7', 'Client 8', 'Client 9', 'Client 10', 'Client 11', 'Client 12', 'Client 13', 'Client 14', 'Client 15', 'Client 16', 'Client 17', 'Client 18', 'Client 19', 'Client 20', 'Client 21', 'Client 22', 'Client 23', 'Client 24', 'Client 25', 'Client 26', 'Client 27', 'Client 28', 'Client 29', 'Client 30', 'Client 31', 'Client 32', 'Client 33', 'Client 34', 'Client 35', 'Client 36', 'Client 37', 'Client 38', 'Client 39', 'Client 40']}}, 'client_registry': {'enabled': True, 'params': {}}}
client 1, predicted wo:0.7445 vs w:0.7445
client 2, predicted wo:0.7445 vs w:0.7445
client 3, predicted wo:0.7445 vs w:0.7445
client 4, predicted wo:0.7445 vs w:0.7445
client 5, predicted wo:0.7445 vs w:0.7445
client 6, predicted wo:0.7445 vs w:0.7445
client 7, predicted wo:0.7445 vs w:0.7445
client 8, predicted wo:0.7445 vs w:0.7445
client 9, predicted wo:0.7445 vs w:0.7445
client 10, predicted wo:0.7445 vs w:0.7445
client 11, predicted wo:0.7445 vs w:0.7445
client 12, predicted wo:0.7445 vs w:0.7445
client 13, predicted wo:0.7445 vs w:0.7445
client 14, predicted wo:0.7445 vs w:0.7445
client 15, predicted wo:0.7445 vs w:0.7445
client 16, predicted wo:0.7445 vs w:0.7445
client 17, predicted wo:0.7445 vs w:0.7445
client 18, predicted wo:0.7445 vs w:0.7445
client 19, predicted wo:0.7445 vs w:0.7445
client 20, predicted wo:0.7445 vs w:0.7445
client 21, predicted wo:0.7445 vs w:0.7445
client 22, predicted wo:0.7445 vs w:0.7445
client 23, predicted wo:0.7445 vs w:0.7445
client 24, predicted wo:0.7445 vs w:0.7445
client 25, predicted wo:0.7445 vs w:0.7445
client 26, predicted wo:0.7445 vs w:0.7445
client 27, predicted wo:0.7445 vs w:0.7445
client 28, predicted wo:0.7445 vs w:0.7445
client 29, predicted wo:0.7445 vs w:0.7445
client 30, predicted wo:0.7445 vs w:0.7445
client 31, predicted wo:0.7445 vs w:0.7445
client 32, predicted wo:0.7445 vs w:0.7445
client 33, predicted wo:0.7445 vs w:0.7445
client 34, predicted wo:0.7445 vs w:0.7445
client 35, predicted wo:0.7445 vs w:0.7445
client 36, predicted wo:0.7445 vs w:0.7445
client 37, predicted wo:0.7445 vs w:0.7445
client 38, predicted wo:0.7445 vs w:0.7445
client 39, predicted wo:0.7445 vs w:0.7445
client 40, predicted wo:0.7445 vs w:0.7445
heterogeneous_data_handler activated ✅ for clients: ['Client 1', 'Client 2', 'Client 3', 'Client 4', 'Client 5', 'Client 6', 'Client 7', 'Client 8', 'Client 9', 'Client 10', 'Client 11', 'Client 12', 'Client 13', 'Client 14', 'Client 15', 'Client 16', 'Client 17', 'Client 18', 'Client 19', 'Client 20', 'Client 21', 'Client 22', 'Client 23', 'Client 24', 'Client 25', 'Client 26', 'Client 27', 'Client 28', 'Client 29', 'Client 30', 'Client 31', 'Client 32', 'Client 33', 'Client 34', 'Client 35', 'Client 36', 'Client 37', 'Client 38', 'Client 39', 'Client 40']
Results Aggregated in 0.42 seconds.
{'prostate_logreg': {'train_loss': [0.4877358772460883, 0.5272540020775962, 0.5257022777096331, 0.5291364672480983, 0.5276134857576187, 0.5245755589219402, 0.5213277321708768], 'train_accuracy': [0.8341232227488151, 0.752913752913753, 0.7586750788643533, 0.7647058823529411, 0.7616438356164383, 0.7636643571978445, 0.7716330513988289], 'train_f1': [0.7007553268216775, 0.625126314593841, 0.6887198215130004, 0.7183054567608526, 0.7370151168503586, 0.7383760236290628, 0.7561356818085011], 'train_mae': [0.16587677725118483, 0.24708624708624707, 0.24132492113564669, 0.23529411764705882, 0.23835616438356164, 0.2363356428021555, 0.2283669486011711], 'val_loss': [0.6588451546891982, 0.637299347444897, 0.6204497630911886, 0.6069724935943575, 0.5962983428488016, 0.58898729532569, 0.5836827947575502], 'val_accuracy': [0.615680985513092, 0.6396555572087487, 0.6578237913059042, 0.6748018356278681, 0.6869887302049937, 0.694520198297654, 0.7010917463789182], 'val_f1': [0.6130139991380634, 0.6386486484067284, 0.6574155528452614, 0.6745922150005116, 0.6865631966530977, 0.6937288228537822, 0.6999521715163708], 'val_mae': [0.38431901448690803, 0.3603444427912513, 0.3421762086940958, 0.3251981643721318, 0.31301126979500626, 0.30547980170234607, 0.29890825362108187], 'jsd': [(0.0207208396239082, 0.31127812445913283, 0.31127812445913283, 0.31127812445913283, 0.11009182675183558, 0.31127812445913283, 0.31127812445913283, 0.31127812445913283, 0.0037024515418363386, 0.31127812445913283, 0.31127812445913283, 0.31127812445913283, 0.31127812445913283, 0.31127812445913283, 0.31127812445913283, 0.31127812445913283, 0.31127812445913283, 0.07310400793180982, 0.31127812445913283, 0.07310400793180982, 0.31127812445913283, 0.31127812445913283, 0.0037024515418363386, 0.31127812445913283, 0.31127812445913283, 0.31127812445913283, 0, 0.31127812445913283, 0.11009182675183558, 0.31127812445913283, 0.07310400793180982, 0.31127812445913283, 0.0487949406953985, 0.31127812445913283, 0.31127812445913283, 0.31127812445913283, 0.0350583482647871, 0.31127812445913283, 0.31127812445913283, 0.31127812445913283), (0, 0.31127812445913283, 0.31127812445913283, 0.31127812445913283, 0, 0, 0.31127812445913283, 0.07310400793180982, 0, 0.1711038312803313, 0.31127812445913283, 0, 0, 0, 0.31127812445913283, 0.31127812445913283, 0.31127812445913283, 0, 0.31127812445913283, 0, 0, 0, 0, 0.31127812445913283, 0.31127812445913283, 0, 0.12425601093475921, 0.31127812445913283, 0.17750440524619315, 0, 0, 0.31127812445913283, 0.31127812445913283, 0, 0, 0.16395604408354778, 0, 0.31127812445913283, 0.31127812445913283, 0.16395604408354778), (0, 0.16395604408354778, 0.31127812445913283, 0, 0, 0.18850340411986471, 0, 0.11009182675183558, 0, 0, 0, 0.1711038312803313, 0, 0, 0, 0.31127812445913283, 0, 0, 0, 0, 0.31127812445913283, 0, 0, 0.31127812445913283, 0.31127812445913283, 0, 0, 0, 0.2087803925185126, 0, 0, 0.20534969973663775, 0, 0, 0.16395604408354778, 0, 0, 0, 0.31127812445913283, 0), (0, 0.31127812445913283, 0.2087803925185126, 0, 0, 0, 0, 0, 0, 0, 0, 0.19326958066820893, 0, 0, 0, 0, 0, 0, 0, 0, 0, 0, 0, 0.2292798117148899, 0, 0, 0, 0, 0, 0, 0, 0.2227619806994962, 0, 0, 0, 0, 0, 0, 0.2227619806994962, 0), (0, 0, 0.2227619806994962, 0, 0, 0, 0, 0, 0, 0, 0, 0, 0, 0, 0, 0, 0, 0, 0, 0, 0, 0, 0, 0, 0, 0, 0, 0, 0, 0, 0, 0.23646636812449032, 0, 0, 0, 0, 0, 0, 0, 0), (0, 0, 0.23305878051279882, 0, 0, 0, 0, 0, 0, 0, 0, 0, 0, 0, 0, 0, 0, 0, 0, 0, 0, 0, 0, 0, 0, 0, 0, 0, 0, 0, 0, 0.24616505675524458, 0, 0, 0, 0, 0, 0, 0, 0), (0, 0, 0.24237412989240623, 0, 0, 0, 0, 0, 0, 0, 0, 0, 0, 0, 0, 0, 0, 0, 0, 0, 0, 0, 0, 0, 0, 0, 0, 0, 0, 0, 0, 0, 0, 0, 0, 0, 0, 0, 0, 0)]}}
AdaptationManager: Configuring next round...
{'client_registry': {'enabled': True, 'params': {}}, 'client_selector': {'enabled': False, 'params': {}}, 'client_cluster': {'enabled': False, 'params': {}}, 'message_compressor': {'enabled': False, 'params': {}}, 'model_co-versioning_registry': {'enabled': False, 'params': {}}, 'multi-task_model_trainer': {'enabled': False, 'params': {}}, 'heterogeneous_data_handler': {'enabled': True, 'params': {'enabled_clients': []}}}
{'client_selector': {'enabled': False}, 'client_cluster': {'enabled': False}, 'message_compressor': {'enabled': False}, 'model_co-versioning_registry': {'enabled': False}, 'multi-task_model_trainer': {'enabled': False}, 'heterogeneous_data_handler': {'enabled': True, 'params': {'enabled_clients': ['Client 1', 'Client 2', 'Client 3', 'Client 4', 'Client 5', 'Client 6', 'Client 7', 'Client 8', 'Client 9', 'Client 10', 'Client 11', 'Client 12', 'Client 13', 'Client 14', 'Client 15', 'Client 16', 'Client 17', 'Client 18', 'Client 19', 'Client 20', 'Client 21', 'Client 22', 'Client 23', 'Client 24', 'Client 25', 'Client 26', 'Client 27', 'Client 28', 'Client 29', 'Client 30', 'Client 31', 'Client 32', 'Client 33', 'Client 34', 'Client 35', 'Client 36', 'Client 37', 'Client 38', 'Client 39', 'Client 40']}}, 'client_registry': {'enabled': True, 'params': {}}}
client 1, predicted wo:0.7445 vs w:0.7445
client 2, predicted wo:0.7445 vs w:0.7445
client 3, predicted wo:0.7445 vs w:0.7445
client 4, predicted wo:0.7445 vs w:0.7445
client 5, predicted wo:0.7445 vs w:0.7445
client 6, predicted wo:0.7445 vs w:0.7445
client 7, predicted wo:0.7445 vs w:0.7445
client 8, predicted wo:0.7445 vs w:0.7445
client 9, predicted wo:0.7445 vs w:0.7445
client 10, predicted wo:0.7445 vs w:0.7445
client 11, predicted wo:0.7445 vs w:0.7445
client 12, predicted wo:0.7445 vs w:0.7445
client 13, predicted wo:0.7445 vs w:0.7445
client 14, predicted wo:0.7445 vs w:0.7445
client 15, predicted wo:0.7445 vs w:0.7445
client 16, predicted wo:0.7445 vs w:0.7445
client 17, predicted wo:0.7445 vs w:0.7445
client 18, predicted wo:0.7445 vs w:0.7445
client 19, predicted wo:0.7445 vs w:0.7445
client 20, predicted wo:0.7445 vs w:0.7445
client 21, predicted wo:0.7445 vs w:0.7445
client 22, predicted wo:0.7445 vs w:0.7445
client 23, predicted wo:0.7445 vs w:0.7445
client 24, predicted wo:0.7445 vs w:0.7445
client 25, predicted wo:0.7445 vs w:0.7445
client 26, predicted wo:0.7445 vs w:0.7445
client 27, predicted wo:0.7445 vs w:0.7445
client 28, predicted wo:0.7445 vs w:0.7445
client 29, predicted wo:0.7445 vs w:0.7445
client 30, predicted wo:0.7445 vs w:0.7445
client 31, predicted wo:0.7445 vs w:0.7445
client 32, predicted wo:0.7445 vs w:0.7445
client 33, predicted wo:0.7445 vs w:0.7445
client 34, predicted wo:0.7445 vs w:0.7445
client 35, predicted wo:0.7445 vs w:0.7445
client 36, predicted wo:0.7445 vs w:0.7445
client 37, predicted wo:0.7445 vs w:0.7445
client 38, predicted wo:0.7445 vs w:0.7445
client 39, predicted wo:0.7445 vs w:0.7445
client 40, predicted wo:0.7445 vs w:0.7445
heterogeneous_data_handler activated ✅ for clients: ['Client 1', 'Client 2', 'Client 3', 'Client 4', 'Client 5', 'Client 6', 'Client 7', 'Client 8', 'Client 9', 'Client 10', 'Client 11', 'Client 12', 'Client 13', 'Client 14', 'Client 15', 'Client 16', 'Client 17', 'Client 18', 'Client 19', 'Client 20', 'Client 21', 'Client 22', 'Client 23', 'Client 24', 'Client 25', 'Client 26', 'Client 27', 'Client 28', 'Client 29', 'Client 30', 'Client 31', 'Client 32', 'Client 33', 'Client 34', 'Client 35', 'Client 36', 'Client 37', 'Client 38', 'Client 39', 'Client 40']
Results Aggregated in 0.54 seconds.
{'prostate_logreg': {'train_loss': [0.4877358772460883, 0.5272540020775962, 0.5257022777096331, 0.5291364672480983, 0.5276134857576187, 0.5245755589219402, 0.5213277321708768, 0.5168249304337788], 'train_accuracy': [0.8341232227488151, 0.752913752913753, 0.7586750788643533, 0.7647058823529411, 0.7616438356164383, 0.7636643571978445, 0.7716330513988289, 0.7774631936579841], 'train_f1': [0.7007553268216775, 0.625126314593841, 0.6887198215130004, 0.7183054567608526, 0.7370151168503586, 0.7383760236290628, 0.7561356818085011, 0.7631385802679722], 'train_mae': [0.16587677725118483, 0.24708624708624707, 0.24132492113564669, 0.23529411764705882, 0.23835616438356164, 0.2363356428021555, 0.2283669486011711, 0.22253680634201586], 'val_loss': [0.6588451546891982, 0.637299347444897, 0.6204497630911886, 0.6069724935943575, 0.5962983428488016, 0.58898729532569, 0.5836827947575502, 0.578124800896559], 'val_accuracy': [0.615680985513092, 0.6396555572087487, 0.6578237913059042, 0.6748018356278681, 0.6869887302049937, 0.694520198297654, 0.7010917463789182, 0.7078142695356738], 'val_f1': [0.6130139991380634, 0.6386486484067284, 0.6574155528452614, 0.6745922150005116, 0.6865631966530977, 0.6937288228537822, 0.6999521715163708, 0.7063164899813182], 'val_mae': [0.38431901448690803, 0.3603444427912513, 0.3421762086940958, 0.3251981643721318, 0.31301126979500626, 0.30547980170234607, 0.29890825362108187, 0.29218573046432617], 'jsd': [(0.0207208396239082, 0.31127812445913283, 0.31127812445913283, 0.31127812445913283, 0.11009182675183558, 0.31127812445913283, 0.31127812445913283, 0.31127812445913283, 0.0037024515418363386, 0.31127812445913283, 0.31127812445913283, 0.31127812445913283, 0.31127812445913283, 0.31127812445913283, 0.31127812445913283, 0.31127812445913283, 0.31127812445913283, 0.07310400793180982, 0.31127812445913283, 0.07310400793180982, 0.31127812445913283, 0.31127812445913283, 0.0037024515418363386, 0.31127812445913283, 0.31127812445913283, 0.31127812445913283, 0, 0.31127812445913283, 0.11009182675183558, 0.31127812445913283, 0.07310400793180982, 0.31127812445913283, 0.0487949406953985, 0.31127812445913283, 0.31127812445913283, 0.31127812445913283, 0.0350583482647871, 0.31127812445913283, 0.31127812445913283, 0.31127812445913283), (0, 0.31127812445913283, 0.31127812445913283, 0.31127812445913283, 0, 0, 0.31127812445913283, 0.07310400793180982, 0, 0.1711038312803313, 0.31127812445913283, 0, 0, 0, 0.31127812445913283, 0.31127812445913283, 0.31127812445913283, 0, 0.31127812445913283, 0, 0, 0, 0, 0.31127812445913283, 0.31127812445913283, 0, 0.12425601093475921, 0.31127812445913283, 0.17750440524619315, 0, 0, 0.31127812445913283, 0.31127812445913283, 0, 0, 0.16395604408354778, 0, 0.31127812445913283, 0.31127812445913283, 0.16395604408354778), (0, 0.16395604408354778, 0.31127812445913283, 0, 0, 0.18850340411986471, 0, 0.11009182675183558, 0, 0, 0, 0.1711038312803313, 0, 0, 0, 0.31127812445913283, 0, 0, 0, 0, 0.31127812445913283, 0, 0, 0.31127812445913283, 0.31127812445913283, 0, 0, 0, 0.2087803925185126, 0, 0, 0.20534969973663775, 0, 0, 0.16395604408354778, 0, 0, 0, 0.31127812445913283, 0), (0, 0.31127812445913283, 0.2087803925185126, 0, 0, 0, 0, 0, 0, 0, 0, 0.19326958066820893, 0, 0, 0, 0, 0, 0, 0, 0, 0, 0, 0, 0.2292798117148899, 0, 0, 0, 0, 0, 0, 0, 0.2227619806994962, 0, 0, 0, 0, 0, 0, 0.2227619806994962, 0), (0, 0, 0.2227619806994962, 0, 0, 0, 0, 0, 0, 0, 0, 0, 0, 0, 0, 0, 0, 0, 0, 0, 0, 0, 0, 0, 0, 0, 0, 0, 0, 0, 0, 0.23646636812449032, 0, 0, 0, 0, 0, 0, 0, 0), (0, 0, 0.23305878051279882, 0, 0, 0, 0, 0, 0, 0, 0, 0, 0, 0, 0, 0, 0, 0, 0, 0, 0, 0, 0, 0, 0, 0, 0, 0, 0, 0, 0, 0.24616505675524458, 0, 0, 0, 0, 0, 0, 0, 0), (0, 0, 0.24237412989240623, 0, 0, 0, 0, 0, 0, 0, 0, 0, 0, 0, 0, 0, 0, 0, 0, 0, 0, 0, 0, 0, 0, 0, 0, 0, 0, 0, 0, 0, 0, 0, 0, 0, 0, 0, 0, 0), (0, 0, 0.24844401300050659, 0, 0, 0, 0, 0, 0, 0, 0, 0, 0, 0, 0, 0, 0, 0, 0, 0, 0, 0, 0, 0, 0, 0, 0, 0, 0, 0, 0, 0, 0, 0, 0, 0, 0, 0, 0, 0)]}}
AdaptationManager: Configuring next round...
{'client_registry': {'enabled': True, 'params': {}}, 'client_selector': {'enabled': False, 'params': {}}, 'client_cluster': {'enabled': False, 'params': {}}, 'message_compressor': {'enabled': False, 'params': {}}, 'model_co-versioning_registry': {'enabled': False, 'params': {}}, 'multi-task_model_trainer': {'enabled': False, 'params': {}}, 'heterogeneous_data_handler': {'enabled': True, 'params': {'enabled_clients': []}}}
{'client_selector': {'enabled': False}, 'client_cluster': {'enabled': False}, 'message_compressor': {'enabled': False}, 'model_co-versioning_registry': {'enabled': False}, 'multi-task_model_trainer': {'enabled': False}, 'heterogeneous_data_handler': {'enabled': True, 'params': {'enabled_clients': ['Client 1', 'Client 2', 'Client 3', 'Client 4', 'Client 5', 'Client 6', 'Client 7', 'Client 8', 'Client 9', 'Client 10', 'Client 11', 'Client 12', 'Client 13', 'Client 14', 'Client 15', 'Client 16', 'Client 17', 'Client 18', 'Client 19', 'Client 20', 'Client 21', 'Client 22', 'Client 23', 'Client 24', 'Client 25', 'Client 26', 'Client 27', 'Client 28', 'Client 29', 'Client 30', 'Client 31', 'Client 32', 'Client 33', 'Client 34', 'Client 35', 'Client 36', 'Client 37', 'Client 38', 'Client 39', 'Client 40']}}, 'client_registry': {'enabled': True, 'params': {}}}
client 1, predicted wo:0.7445 vs w:0.7445
client 2, predicted wo:0.7445 vs w:0.7445
client 3, predicted wo:0.7445 vs w:0.7445
client 4, predicted wo:0.7445 vs w:0.7445
client 5, predicted wo:0.7445 vs w:0.7445
client 6, predicted wo:0.7445 vs w:0.7445
client 7, predicted wo:0.7445 vs w:0.7445
client 8, predicted wo:0.7445 vs w:0.7445
client 9, predicted wo:0.7445 vs w:0.7445
client 10, predicted wo:0.7445 vs w:0.7445
client 11, predicted wo:0.7445 vs w:0.7445
client 12, predicted wo:0.7445 vs w:0.7445
client 13, predicted wo:0.7445 vs w:0.7445
client 14, predicted wo:0.7445 vs w:0.7445
client 15, predicted wo:0.7445 vs w:0.7445
client 16, predicted wo:0.7445 vs w:0.7445
client 17, predicted wo:0.7445 vs w:0.7445
client 18, predicted wo:0.7445 vs w:0.7445
client 19, predicted wo:0.7445 vs w:0.7445
client 20, predicted wo:0.7445 vs w:0.7445
client 21, predicted wo:0.7445 vs w:0.7445
client 22, predicted wo:0.7445 vs w:0.7445
client 23, predicted wo:0.7445 vs w:0.7445
client 24, predicted wo:0.7445 vs w:0.7445
client 25, predicted wo:0.7445 vs w:0.7445
client 26, predicted wo:0.7445 vs w:0.7445
client 27, predicted wo:0.7445 vs w:0.7445
client 28, predicted wo:0.7445 vs w:0.7445
client 29, predicted wo:0.7445 vs w:0.7445
client 30, predicted wo:0.7445 vs w:0.7445
client 31, predicted wo:0.7445 vs w:0.7445
client 32, predicted wo:0.7445 vs w:0.7445
client 33, predicted wo:0.7445 vs w:0.7445
client 34, predicted wo:0.7445 vs w:0.7445
client 35, predicted wo:0.7445 vs w:0.7445
client 36, predicted wo:0.7445 vs w:0.7445
client 37, predicted wo:0.7445 vs w:0.7445
client 38, predicted wo:0.7445 vs w:0.7445
client 39, predicted wo:0.7445 vs w:0.7445
client 40, predicted wo:0.7445 vs w:0.7445
heterogeneous_data_handler activated ✅ for clients: ['Client 1', 'Client 2', 'Client 3', 'Client 4', 'Client 5', 'Client 6', 'Client 7', 'Client 8', 'Client 9', 'Client 10', 'Client 11', 'Client 12', 'Client 13', 'Client 14', 'Client 15', 'Client 16', 'Client 17', 'Client 18', 'Client 19', 'Client 20', 'Client 21', 'Client 22', 'Client 23', 'Client 24', 'Client 25', 'Client 26', 'Client 27', 'Client 28', 'Client 29', 'Client 30', 'Client 31', 'Client 32', 'Client 33', 'Client 34', 'Client 35', 'Client 36', 'Client 37', 'Client 38', 'Client 39', 'Client 40']
Results Aggregated in 0.49 seconds.
{'prostate_logreg': {'train_loss': [0.4877358772460883, 0.5272540020775962, 0.5257022777096331, 0.5291364672480983, 0.5276134857576187, 0.5245755589219402, 0.5213277321708768, 0.5168249304337788, 0.5103560487832307], 'train_accuracy': [0.8341232227488151, 0.752913752913753, 0.7586750788643533, 0.7647058823529411, 0.7616438356164383, 0.7636643571978445, 0.7716330513988289, 0.7774631936579841, 0.7743407707910751], 'train_f1': [0.7007553268216775, 0.625126314593841, 0.6887198215130004, 0.7183054567608526, 0.7370151168503586, 0.7383760236290628, 0.7561356818085011, 0.7631385802679722, 0.7692827205064334], 'train_mae': [0.16587677725118483, 0.24708624708624707, 0.24132492113564669, 0.23529411764705882, 0.23835616438356164, 0.2363356428021555, 0.2283669486011711, 0.22253680634201586, 0.22565922920892495], 'val_loss': [0.6588451546891982, 0.637299347444897, 0.6204497630911886, 0.6069724935943575, 0.5962983428488016, 0.58898729532569, 0.5836827947575502, 0.578124800896559, 0.5736544056223088], 'val_accuracy': [0.615680985513092, 0.6396555572087487, 0.6578237913059042, 0.6748018356278681, 0.6869887302049937, 0.694520198297654, 0.7010917463789182, 0.7078142695356738, 0.7118902219728684], 'val_f1': [0.6130139991380634, 0.6386486484067284, 0.6574155528452614, 0.6745922150005116, 0.6865631966530977, 0.6937288228537822, 0.6999521715163708, 0.7063164899813182, 0.7099552626884678], 'val_mae': [0.38431901448690803, 0.3603444427912513, 0.3421762086940958, 0.3251981643721318, 0.31301126979500626, 0.30547980170234607, 0.29890825362108187, 0.29218573046432617, 0.2881097780271316], 'jsd': [(0.0207208396239082, 0.31127812445913283, 0.31127812445913283, 0.31127812445913283, 0.11009182675183558, 0.31127812445913283, 0.31127812445913283, 0.31127812445913283, 0.0037024515418363386, 0.31127812445913283, 0.31127812445913283, 0.31127812445913283, 0.31127812445913283, 0.31127812445913283, 0.31127812445913283, 0.31127812445913283, 0.31127812445913283, 0.07310400793180982, 0.31127812445913283, 0.07310400793180982, 0.31127812445913283, 0.31127812445913283, 0.0037024515418363386, 0.31127812445913283, 0.31127812445913283, 0.31127812445913283, 0, 0.31127812445913283, 0.11009182675183558, 0.31127812445913283, 0.07310400793180982, 0.31127812445913283, 0.0487949406953985, 0.31127812445913283, 0.31127812445913283, 0.31127812445913283, 0.0350583482647871, 0.31127812445913283, 0.31127812445913283, 0.31127812445913283), (0, 0.31127812445913283, 0.31127812445913283, 0.31127812445913283, 0, 0, 0.31127812445913283, 0.07310400793180982, 0, 0.1711038312803313, 0.31127812445913283, 0, 0, 0, 0.31127812445913283, 0.31127812445913283, 0.31127812445913283, 0, 0.31127812445913283, 0, 0, 0, 0, 0.31127812445913283, 0.31127812445913283, 0, 0.12425601093475921, 0.31127812445913283, 0.17750440524619315, 0, 0, 0.31127812445913283, 0.31127812445913283, 0, 0, 0.16395604408354778, 0, 0.31127812445913283, 0.31127812445913283, 0.16395604408354778), (0, 0.16395604408354778, 0.31127812445913283, 0, 0, 0.18850340411986471, 0, 0.11009182675183558, 0, 0, 0, 0.1711038312803313, 0, 0, 0, 0.31127812445913283, 0, 0, 0, 0, 0.31127812445913283, 0, 0, 0.31127812445913283, 0.31127812445913283, 0, 0, 0, 0.2087803925185126, 0, 0, 0.20534969973663775, 0, 0, 0.16395604408354778, 0, 0, 0, 0.31127812445913283, 0), (0, 0.31127812445913283, 0.2087803925185126, 0, 0, 0, 0, 0, 0, 0, 0, 0.19326958066820893, 0, 0, 0, 0, 0, 0, 0, 0, 0, 0, 0, 0.2292798117148899, 0, 0, 0, 0, 0, 0, 0, 0.2227619806994962, 0, 0, 0, 0, 0, 0, 0.2227619806994962, 0), (0, 0, 0.2227619806994962, 0, 0, 0, 0, 0, 0, 0, 0, 0, 0, 0, 0, 0, 0, 0, 0, 0, 0, 0, 0, 0, 0, 0, 0, 0, 0, 0, 0, 0.23646636812449032, 0, 0, 0, 0, 0, 0, 0, 0), (0, 0, 0.23305878051279882, 0, 0, 0, 0, 0, 0, 0, 0, 0, 0, 0, 0, 0, 0, 0, 0, 0, 0, 0, 0, 0, 0, 0, 0, 0, 0, 0, 0, 0.24616505675524458, 0, 0, 0, 0, 0, 0, 0, 0), (0, 0, 0.24237412989240623, 0, 0, 0, 0, 0, 0, 0, 0, 0, 0, 0, 0, 0, 0, 0, 0, 0, 0, 0, 0, 0, 0, 0, 0, 0, 0, 0, 0, 0, 0, 0, 0, 0, 0, 0, 0, 0), (0, 0, 0.24844401300050659, 0, 0, 0, 0, 0, 0, 0, 0, 0, 0, 0, 0, 0, 0, 0, 0, 0, 0, 0, 0, 0, 0, 0, 0, 0, 0, 0, 0, 0, 0, 0, 0, 0, 0, 0, 0, 0), (0, 0, 0, 0, 0, 0, 0, 0, 0, 0, 0, 0, 0, 0, 0, 0, 0, 0, 0, 0, 0, 0, 0, 0, 0, 0, 0, 0, 0, 0, 0, 0, 0, 0, 0, 0, 0, 0, 0, 0)]}}
AdaptationManager: Configuring next round...
{'client_registry': {'enabled': True, 'params': {}}, 'client_selector': {'enabled': False, 'params': {}}, 'client_cluster': {'enabled': False, 'params': {}}, 'message_compressor': {'enabled': False, 'params': {}}, 'model_co-versioning_registry': {'enabled': False, 'params': {}}, 'multi-task_model_trainer': {'enabled': False, 'params': {}}, 'heterogeneous_data_handler': {'enabled': True, 'params': {'enabled_clients': []}}}
{'client_selector': {'enabled': False}, 'client_cluster': {'enabled': False}, 'message_compressor': {'enabled': False}, 'model_co-versioning_registry': {'enabled': False}, 'multi-task_model_trainer': {'enabled': False}, 'heterogeneous_data_handler': {'enabled': True, 'params': {'enabled_clients': ['Client 1', 'Client 2', 'Client 3', 'Client 4', 'Client 5', 'Client 6', 'Client 7', 'Client 8', 'Client 9', 'Client 10', 'Client 11', 'Client 12', 'Client 13', 'Client 14', 'Client 15', 'Client 16', 'Client 17', 'Client 18', 'Client 19', 'Client 20', 'Client 21', 'Client 22', 'Client 23', 'Client 24', 'Client 25', 'Client 26', 'Client 27', 'Client 28', 'Client 29', 'Client 30', 'Client 31', 'Client 32', 'Client 33', 'Client 34', 'Client 35', 'Client 36', 'Client 37', 'Client 38', 'Client 39', 'Client 40']}}, 'client_registry': {'enabled': True, 'params': {}}}
client 1, predicted wo:0.7445 vs w:0.7445
client 2, predicted wo:0.7445 vs w:0.7445
client 3, predicted wo:0.7445 vs w:0.7445
client 4, predicted wo:0.7445 vs w:0.7445
client 5, predicted wo:0.7445 vs w:0.7445
client 6, predicted wo:0.7445 vs w:0.7445
client 7, predicted wo:0.7445 vs w:0.7445
client 8, predicted wo:0.7445 vs w:0.7445
client 9, predicted wo:0.7445 vs w:0.7445
client 10, predicted wo:0.7445 vs w:0.7445
client 11, predicted wo:0.7445 vs w:0.7445
client 12, predicted wo:0.7445 vs w:0.7445
client 13, predicted wo:0.7445 vs w:0.7445
client 14, predicted wo:0.7445 vs w:0.7445
client 15, predicted wo:0.7445 vs w:0.7445
client 16, predicted wo:0.7445 vs w:0.7445
client 17, predicted wo:0.7445 vs w:0.7445
client 18, predicted wo:0.7445 vs w:0.7445
client 19, predicted wo:0.7445 vs w:0.7445
client 20, predicted wo:0.7445 vs w:0.7445
client 21, predicted wo:0.7445 vs w:0.7445
client 22, predicted wo:0.7445 vs w:0.7445
client 23, predicted wo:0.7445 vs w:0.7445
client 24, predicted wo:0.7445 vs w:0.7445
client 25, predicted wo:0.7445 vs w:0.7445
client 26, predicted wo:0.7445 vs w:0.7445
client 27, predicted wo:0.7445 vs w:0.7445
client 28, predicted wo:0.7445 vs w:0.7445
client 29, predicted wo:0.7445 vs w:0.7445
client 30, predicted wo:0.7445 vs w:0.7445
client 31, predicted wo:0.7445 vs w:0.7445
client 32, predicted wo:0.7445 vs w:0.7445
client 33, predicted wo:0.7445 vs w:0.7445
client 34, predicted wo:0.7445 vs w:0.7445
client 35, predicted wo:0.7445 vs w:0.7445
client 36, predicted wo:0.7445 vs w:0.7445
client 37, predicted wo:0.7445 vs w:0.7445
client 38, predicted wo:0.7445 vs w:0.7445
client 39, predicted wo:0.7445 vs w:0.7445
client 40, predicted wo:0.7445 vs w:0.7445
heterogeneous_data_handler activated ✅ for clients: ['Client 1', 'Client 2', 'Client 3', 'Client 4', 'Client 5', 'Client 6', 'Client 7', 'Client 8', 'Client 9', 'Client 10', 'Client 11', 'Client 12', 'Client 13', 'Client 14', 'Client 15', 'Client 16', 'Client 17', 'Client 18', 'Client 19', 'Client 20', 'Client 21', 'Client 22', 'Client 23', 'Client 24', 'Client 25', 'Client 26', 'Client 27', 'Client 28', 'Client 29', 'Client 30', 'Client 31', 'Client 32', 'Client 33', 'Client 34', 'Client 35', 'Client 36', 'Client 37', 'Client 38', 'Client 39', 'Client 40']
Results Aggregated in 0.54 seconds.
{'prostate_logreg': {'train_loss': [0.4877358772460883, 0.5272540020775962, 0.5257022777096331, 0.5291364672480983, 0.5276134857576187, 0.5245755589219402, 0.5213277321708768, 0.5168249304337788, 0.5103560487832307, 0.5167840836630186], 'train_accuracy': [0.8341232227488151, 0.752913752913753, 0.7586750788643533, 0.7647058823529411, 0.7616438356164383, 0.7636643571978445, 0.7716330513988289, 0.7774631936579841, 0.7743407707910751, 0.7721119133574007], 'train_f1': [0.7007553268216775, 0.625126314593841, 0.6887198215130004, 0.7183054567608526, 0.7370151168503586, 0.7383760236290628, 0.7561356818085011, 0.7631385802679722, 0.7692827205064334, 0.7676657865461541], 'train_mae': [0.16587677725118483, 0.24708624708624707, 0.24132492113564669, 0.23529411764705882, 0.23835616438356164, 0.2363356428021555, 0.2283669486011711, 0.22253680634201586, 0.22565922920892495, 0.22788808664259927], 'val_loss': [0.6588451546891982, 0.637299347444897, 0.6204497630911886, 0.6069724935943575, 0.5962983428488016, 0.58898729532569, 0.5836827947575502, 0.578124800896559, 0.5736544056223088, 0.5687985180130531], 'val_accuracy': [0.615680985513092, 0.6396555572087487, 0.6578237913059042, 0.6748018356278681, 0.6869887302049937, 0.694520198297654, 0.7010917463789182, 0.7078142695356738, 0.7118902219728684, 0.7155383477993701], 'val_f1': [0.6130139991380634, 0.6386486484067284, 0.6574155528452614, 0.6745922150005116, 0.6865631966530977, 0.6937288228537822, 0.6999521715163708, 0.7063164899813182, 0.7099552626884678, 0.7131248925127347], 'val_mae': [0.38431901448690803, 0.3603444427912513, 0.3421762086940958, 0.3251981643721318, 0.31301126979500626, 0.30547980170234607, 0.29890825362108187, 0.29218573046432617, 0.2881097780271316, 0.28446165220062986], 'jsd': [(0.0207208396239082, 0.31127812445913283, 0.31127812445913283, 0.31127812445913283, 0.11009182675183558, 0.31127812445913283, 0.31127812445913283, 0.31127812445913283, 0.0037024515418363386, 0.31127812445913283, 0.31127812445913283, 0.31127812445913283, 0.31127812445913283, 0.31127812445913283, 0.31127812445913283, 0.31127812445913283, 0.31127812445913283, 0.07310400793180982, 0.31127812445913283, 0.07310400793180982, 0.31127812445913283, 0.31127812445913283, 0.0037024515418363386, 0.31127812445913283, 0.31127812445913283, 0.31127812445913283, 0, 0.31127812445913283, 0.11009182675183558, 0.31127812445913283, 0.07310400793180982, 0.31127812445913283, 0.0487949406953985, 0.31127812445913283, 0.31127812445913283, 0.31127812445913283, 0.0350583482647871, 0.31127812445913283, 0.31127812445913283, 0.31127812445913283), (0, 0.31127812445913283, 0.31127812445913283, 0.31127812445913283, 0, 0, 0.31127812445913283, 0.07310400793180982, 0, 0.1711038312803313, 0.31127812445913283, 0, 0, 0, 0.31127812445913283, 0.31127812445913283, 0.31127812445913283, 0, 0.31127812445913283, 0, 0, 0, 0, 0.31127812445913283, 0.31127812445913283, 0, 0.12425601093475921, 0.31127812445913283, 0.17750440524619315, 0, 0, 0.31127812445913283, 0.31127812445913283, 0, 0, 0.16395604408354778, 0, 0.31127812445913283, 0.31127812445913283, 0.16395604408354778), (0, 0.16395604408354778, 0.31127812445913283, 0, 0, 0.18850340411986471, 0, 0.11009182675183558, 0, 0, 0, 0.1711038312803313, 0, 0, 0, 0.31127812445913283, 0, 0, 0, 0, 0.31127812445913283, 0, 0, 0.31127812445913283, 0.31127812445913283, 0, 0, 0, 0.2087803925185126, 0, 0, 0.20534969973663775, 0, 0, 0.16395604408354778, 0, 0, 0, 0.31127812445913283, 0), (0, 0.31127812445913283, 0.2087803925185126, 0, 0, 0, 0, 0, 0, 0, 0, 0.19326958066820893, 0, 0, 0, 0, 0, 0, 0, 0, 0, 0, 0, 0.2292798117148899, 0, 0, 0, 0, 0, 0, 0, 0.2227619806994962, 0, 0, 0, 0, 0, 0, 0.2227619806994962, 0), (0, 0, 0.2227619806994962, 0, 0, 0, 0, 0, 0, 0, 0, 0, 0, 0, 0, 0, 0, 0, 0, 0, 0, 0, 0, 0, 0, 0, 0, 0, 0, 0, 0, 0.23646636812449032, 0, 0, 0, 0, 0, 0, 0, 0), (0, 0, 0.23305878051279882, 0, 0, 0, 0, 0, 0, 0, 0, 0, 0, 0, 0, 0, 0, 0, 0, 0, 0, 0, 0, 0, 0, 0, 0, 0, 0, 0, 0, 0.24616505675524458, 0, 0, 0, 0, 0, 0, 0, 0), (0, 0, 0.24237412989240623, 0, 0, 0, 0, 0, 0, 0, 0, 0, 0, 0, 0, 0, 0, 0, 0, 0, 0, 0, 0, 0, 0, 0, 0, 0, 0, 0, 0, 0, 0, 0, 0, 0, 0, 0, 0, 0), (0, 0, 0.24844401300050659, 0, 0, 0, 0, 0, 0, 0, 0, 0, 0, 0, 0, 0, 0, 0, 0, 0, 0, 0, 0, 0, 0, 0, 0, 0, 0, 0, 0, 0, 0, 0, 0, 0, 0, 0, 0, 0), (0, 0, 0, 0, 0, 0, 0, 0, 0, 0, 0, 0, 0, 0, 0, 0, 0, 0, 0, 0, 0, 0, 0, 0, 0, 0, 0, 0, 0, 0, 0, 0, 0, 0, 0, 0, 0, 0, 0, 0), (0, 0, 0, 0, 0, 0, 0, 0, 0, 0, 0, 0, 0, 0, 0, 0, 0, 0, 0, 0, 0, 0, 0, 0, 0, 0, 0, 0, 0, 0, 0, 0, 0, 0, 0, 0, 0, 0, 0, 0)]}}
AdaptationManager: Configuring next round...
{'client_registry': {'enabled': True, 'params': {}}, 'client_selector': {'enabled': False, 'params': {}}, 'client_cluster': {'enabled': False, 'params': {}}, 'message_compressor': {'enabled': False, 'params': {}}, 'model_co-versioning_registry': {'enabled': False, 'params': {}}, 'multi-task_model_trainer': {'enabled': False, 'params': {}}, 'heterogeneous_data_handler': {'enabled': True, 'params': {'enabled_clients': []}}}
{'client_selector': {'enabled': False}, 'client_cluster': {'enabled': False}, 'message_compressor': {'enabled': False}, 'model_co-versioning_registry': {'enabled': False}, 'multi-task_model_trainer': {'enabled': False}, 'heterogeneous_data_handler': {'enabled': True, 'params': {'enabled_clients': ['Client 1', 'Client 2', 'Client 3', 'Client 4', 'Client 5', 'Client 6', 'Client 7', 'Client 8', 'Client 9', 'Client 10', 'Client 11', 'Client 12', 'Client 13', 'Client 14', 'Client 15', 'Client 16', 'Client 17', 'Client 18', 'Client 19', 'Client 20', 'Client 21', 'Client 22', 'Client 23', 'Client 24', 'Client 25', 'Client 26', 'Client 27', 'Client 28', 'Client 29', 'Client 30', 'Client 31', 'Client 32', 'Client 33', 'Client 34', 'Client 35', 'Client 36', 'Client 37', 'Client 38', 'Client 39', 'Client 40']}}, 'client_registry': {'enabled': True, 'params': {}}}
client 1, predicted wo:0.7445 vs w:0.7445
client 2, predicted wo:0.7445 vs w:0.7445
client 3, predicted wo:0.7445 vs w:0.7445
client 4, predicted wo:0.7445 vs w:0.7445
client 5, predicted wo:0.7445 vs w:0.7445
client 6, predicted wo:0.7445 vs w:0.7445
client 7, predicted wo:0.7445 vs w:0.7445
client 8, predicted wo:0.7445 vs w:0.7445
client 9, predicted wo:0.7445 vs w:0.7445
client 10, predicted wo:0.7445 vs w:0.7445
client 11, predicted wo:0.7445 vs w:0.7445
client 12, predicted wo:0.7445 vs w:0.7445
client 13, predicted wo:0.7445 vs w:0.7445
client 14, predicted wo:0.7445 vs w:0.7445
client 15, predicted wo:0.7445 vs w:0.7445
client 16, predicted wo:0.7445 vs w:0.7445
client 17, predicted wo:0.7445 vs w:0.7445
client 18, predicted wo:0.7445 vs w:0.7445
client 19, predicted wo:0.7445 vs w:0.7445
client 20, predicted wo:0.7445 vs w:0.7445
client 21, predicted wo:0.7445 vs w:0.7445
client 22, predicted wo:0.7445 vs w:0.7445
client 23, predicted wo:0.7445 vs w:0.7445
client 24, predicted wo:0.7445 vs w:0.7445
client 25, predicted wo:0.7445 vs w:0.7445
client 26, predicted wo:0.7445 vs w:0.7445
client 27, predicted wo:0.7445 vs w:0.7445
client 28, predicted wo:0.7445 vs w:0.7445
client 29, predicted wo:0.7445 vs w:0.7445
client 30, predicted wo:0.7445 vs w:0.7445
client 31, predicted wo:0.7445 vs w:0.7445
client 32, predicted wo:0.7445 vs w:0.7445
client 33, predicted wo:0.7445 vs w:0.7445
client 34, predicted wo:0.7445 vs w:0.7445
client 35, predicted wo:0.7445 vs w:0.7445
client 36, predicted wo:0.7445 vs w:0.7445
client 37, predicted wo:0.7445 vs w:0.7445
client 38, predicted wo:0.7445 vs w:0.7445
client 39, predicted wo:0.7445 vs w:0.7445
client 40, predicted wo:0.7445 vs w:0.7445
heterogeneous_data_handler activated ✅ for clients: ['Client 1', 'Client 2', 'Client 3', 'Client 4', 'Client 5', 'Client 6', 'Client 7', 'Client 8', 'Client 9', 'Client 10', 'Client 11', 'Client 12', 'Client 13', 'Client 14', 'Client 15', 'Client 16', 'Client 17', 'Client 18', 'Client 19', 'Client 20', 'Client 21', 'Client 22', 'Client 23', 'Client 24', 'Client 25', 'Client 26', 'Client 27', 'Client 28', 'Client 29', 'Client 30', 'Client 31', 'Client 32', 'Client 33', 'Client 34', 'Client 35', 'Client 36', 'Client 37', 'Client 38', 'Client 39', 'Client 40']
Results Aggregated in 0.52 seconds.
{'prostate_logreg': {'train_loss': [0.4877358772460883, 0.5272540020775962, 0.5257022777096331, 0.5291364672480983, 0.5276134857576187, 0.5245755589219402, 0.5213277321708768, 0.5168249304337788, 0.5103560487832307, 0.5167840836630186, 0.5097078193763369], 'train_accuracy': [0.8341232227488151, 0.752913752913753, 0.7586750788643533, 0.7647058823529411, 0.7616438356164383, 0.7636643571978445, 0.7716330513988289, 0.7774631936579841, 0.7743407707910751, 0.7721119133574007, 0.774671052631579], 'train_f1': [0.7007553268216775, 0.625126314593841, 0.6887198215130004, 0.7183054567608526, 0.7370151168503586, 0.7383760236290628, 0.7561356818085011, 0.7631385802679722, 0.7692827205064334, 0.7676657865461541, 0.770914623146708], 'train_mae': [0.16587677725118483, 0.24708624708624707, 0.24132492113564669, 0.23529411764705882, 0.23835616438356164, 0.2363356428021555, 0.2283669486011711, 0.22253680634201586, 0.22565922920892495, 0.22788808664259927, 0.22532894736842105], 'val_loss': [0.6588451546891982, 0.637299347444897, 0.6204497630911886, 0.6069724935943575, 0.5962983428488016, 0.58898729532569, 0.5836827947575502, 0.578124800896559, 0.5736544056223088, 0.5687985180130531, 0.5651375795455568], 'val_accuracy': [0.615680985513092, 0.6396555572087487, 0.6578237913059042, 0.6748018356278681, 0.6869887302049937, 0.694520198297654, 0.7010917463789182, 0.7078142695356738, 0.7118902219728684, 0.7155383477993701, 0.7179422125793206], 'val_f1': [0.6130139991380634, 0.6386486484067284, 0.6574155528452614, 0.6745922150005116, 0.6865631966530977, 0.6937288228537822, 0.6999521715163708, 0.7063164899813182, 0.7099552626884678, 0.7131248925127347, 0.7150966279967297], 'val_mae': [0.38431901448690803, 0.3603444427912513, 0.3421762086940958, 0.3251981643721318, 0.31301126979500626, 0.30547980170234607, 0.29890825362108187, 0.29218573046432617, 0.2881097780271316, 0.28446165220062986, 0.28205778742067933], 'jsd': [(0.0207208396239082, 0.31127812445913283, 0.31127812445913283, 0.31127812445913283, 0.11009182675183558, 0.31127812445913283, 0.31127812445913283, 0.31127812445913283, 0.0037024515418363386, 0.31127812445913283, 0.31127812445913283, 0.31127812445913283, 0.31127812445913283, 0.31127812445913283, 0.31127812445913283, 0.31127812445913283, 0.31127812445913283, 0.07310400793180982, 0.31127812445913283, 0.07310400793180982, 0.31127812445913283, 0.31127812445913283, 0.0037024515418363386, 0.31127812445913283, 0.31127812445913283, 0.31127812445913283, 0, 0.31127812445913283, 0.11009182675183558, 0.31127812445913283, 0.07310400793180982, 0.31127812445913283, 0.0487949406953985, 0.31127812445913283, 0.31127812445913283, 0.31127812445913283, 0.0350583482647871, 0.31127812445913283, 0.31127812445913283, 0.31127812445913283), (0, 0.31127812445913283, 0.31127812445913283, 0.31127812445913283, 0, 0, 0.31127812445913283, 0.07310400793180982, 0, 0.1711038312803313, 0.31127812445913283, 0, 0, 0, 0.31127812445913283, 0.31127812445913283, 0.31127812445913283, 0, 0.31127812445913283, 0, 0, 0, 0, 0.31127812445913283, 0.31127812445913283, 0, 0.12425601093475921, 0.31127812445913283, 0.17750440524619315, 0, 0, 0.31127812445913283, 0.31127812445913283, 0, 0, 0.16395604408354778, 0, 0.31127812445913283, 0.31127812445913283, 0.16395604408354778), (0, 0.16395604408354778, 0.31127812445913283, 0, 0, 0.18850340411986471, 0, 0.11009182675183558, 0, 0, 0, 0.1711038312803313, 0, 0, 0, 0.31127812445913283, 0, 0, 0, 0, 0.31127812445913283, 0, 0, 0.31127812445913283, 0.31127812445913283, 0, 0, 0, 0.2087803925185126, 0, 0, 0.20534969973663775, 0, 0, 0.16395604408354778, 0, 0, 0, 0.31127812445913283, 0), (0, 0.31127812445913283, 0.2087803925185126, 0, 0, 0, 0, 0, 0, 0, 0, 0.19326958066820893, 0, 0, 0, 0, 0, 0, 0, 0, 0, 0, 0, 0.2292798117148899, 0, 0, 0, 0, 0, 0, 0, 0.2227619806994962, 0, 0, 0, 0, 0, 0, 0.2227619806994962, 0), (0, 0, 0.2227619806994962, 0, 0, 0, 0, 0, 0, 0, 0, 0, 0, 0, 0, 0, 0, 0, 0, 0, 0, 0, 0, 0, 0, 0, 0, 0, 0, 0, 0, 0.23646636812449032, 0, 0, 0, 0, 0, 0, 0, 0), (0, 0, 0.23305878051279882, 0, 0, 0, 0, 0, 0, 0, 0, 0, 0, 0, 0, 0, 0, 0, 0, 0, 0, 0, 0, 0, 0, 0, 0, 0, 0, 0, 0, 0.24616505675524458, 0, 0, 0, 0, 0, 0, 0, 0), (0, 0, 0.24237412989240623, 0, 0, 0, 0, 0, 0, 0, 0, 0, 0, 0, 0, 0, 0, 0, 0, 0, 0, 0, 0, 0, 0, 0, 0, 0, 0, 0, 0, 0, 0, 0, 0, 0, 0, 0, 0, 0), (0, 0, 0.24844401300050659, 0, 0, 0, 0, 0, 0, 0, 0, 0, 0, 0, 0, 0, 0, 0, 0, 0, 0, 0, 0, 0, 0, 0, 0, 0, 0, 0, 0, 0, 0, 0, 0, 0, 0, 0, 0, 0), (0, 0, 0, 0, 0, 0, 0, 0, 0, 0, 0, 0, 0, 0, 0, 0, 0, 0, 0, 0, 0, 0, 0, 0, 0, 0, 0, 0, 0, 0, 0, 0, 0, 0, 0, 0, 0, 0, 0, 0), (0, 0, 0, 0, 0, 0, 0, 0, 0, 0, 0, 0, 0, 0, 0, 0, 0, 0, 0, 0, 0, 0, 0, 0, 0, 0, 0, 0, 0, 0, 0, 0, 0, 0, 0, 0, 0, 0, 0, 0), (0, 0, 0, 0, 0, 0, 0, 0, 0, 0, 0, 0, 0, 0, 0, 0, 0, 0, 0, 0, 0, 0, 0, 0, 0, 0, 0, 0, 0, 0, 0, 0, 0, 0, 0, 0, 0, 0, 0, 0)]}}
AdaptationManager: Configuring next round...
{'client_registry': {'enabled': True, 'params': {}}, 'client_selector': {'enabled': False, 'params': {}}, 'client_cluster': {'enabled': False, 'params': {}}, 'message_compressor': {'enabled': False, 'params': {}}, 'model_co-versioning_registry': {'enabled': False, 'params': {}}, 'multi-task_model_trainer': {'enabled': False, 'params': {}}, 'heterogeneous_data_handler': {'enabled': True, 'params': {'enabled_clients': []}}}
{'client_selector': {'enabled': False}, 'client_cluster': {'enabled': False}, 'message_compressor': {'enabled': False}, 'model_co-versioning_registry': {'enabled': False}, 'multi-task_model_trainer': {'enabled': False}, 'heterogeneous_data_handler': {'enabled': True, 'params': {'enabled_clients': ['Client 1', 'Client 2', 'Client 3', 'Client 4', 'Client 5', 'Client 6', 'Client 7', 'Client 8', 'Client 9', 'Client 10', 'Client 11', 'Client 12', 'Client 13', 'Client 14', 'Client 15', 'Client 16', 'Client 17', 'Client 18', 'Client 19', 'Client 20', 'Client 21', 'Client 22', 'Client 23', 'Client 24', 'Client 25', 'Client 26', 'Client 27', 'Client 28', 'Client 29', 'Client 30', 'Client 31', 'Client 32', 'Client 33', 'Client 34', 'Client 35', 'Client 36', 'Client 37', 'Client 38', 'Client 39', 'Client 40']}}, 'client_registry': {'enabled': True, 'params': {}}}
client 1, predicted wo:0.7445 vs w:0.7445
client 2, predicted wo:0.7445 vs w:0.7445
client 3, predicted wo:0.7445 vs w:0.7445
client 4, predicted wo:0.7445 vs w:0.7445
client 5, predicted wo:0.7445 vs w:0.7445
client 6, predicted wo:0.7445 vs w:0.7445
client 7, predicted wo:0.7445 vs w:0.7445
client 8, predicted wo:0.7445 vs w:0.7445
client 9, predicted wo:0.7445 vs w:0.7445
client 10, predicted wo:0.7445 vs w:0.7445
client 11, predicted wo:0.7445 vs w:0.7445
client 12, predicted wo:0.7445 vs w:0.7445
client 13, predicted wo:0.7445 vs w:0.7445
client 14, predicted wo:0.7445 vs w:0.7445
client 15, predicted wo:0.7445 vs w:0.7445
client 16, predicted wo:0.7445 vs w:0.7445
client 17, predicted wo:0.7445 vs w:0.7445
client 18, predicted wo:0.7445 vs w:0.7445
client 19, predicted wo:0.7445 vs w:0.7445
client 20, predicted wo:0.7445 vs w:0.7445
client 21, predicted wo:0.7445 vs w:0.7445
client 22, predicted wo:0.7445 vs w:0.7445
client 23, predicted wo:0.7445 vs w:0.7445
client 24, predicted wo:0.7445 vs w:0.7445
client 25, predicted wo:0.7445 vs w:0.7445
client 26, predicted wo:0.7445 vs w:0.7445
client 27, predicted wo:0.7445 vs w:0.7445
client 28, predicted wo:0.7445 vs w:0.7445
client 29, predicted wo:0.7445 vs w:0.7445
client 30, predicted wo:0.7445 vs w:0.7445
client 31, predicted wo:0.7445 vs w:0.7445
client 32, predicted wo:0.7445 vs w:0.7445
client 33, predicted wo:0.7445 vs w:0.7445
client 34, predicted wo:0.7445 vs w:0.7445
client 35, predicted wo:0.7445 vs w:0.7445
client 36, predicted wo:0.7445 vs w:0.7445
client 37, predicted wo:0.7445 vs w:0.7445
client 38, predicted wo:0.7445 vs w:0.7445
client 39, predicted wo:0.7445 vs w:0.7445
client 40, predicted wo:0.7445 vs w:0.7445
heterogeneous_data_handler activated ✅ for clients: ['Client 1', 'Client 2', 'Client 3', 'Client 4', 'Client 5', 'Client 6', 'Client 7', 'Client 8', 'Client 9', 'Client 10', 'Client 11', 'Client 12', 'Client 13', 'Client 14', 'Client 15', 'Client 16', 'Client 17', 'Client 18', 'Client 19', 'Client 20', 'Client 21', 'Client 22', 'Client 23', 'Client 24', 'Client 25', 'Client 26', 'Client 27', 'Client 28', 'Client 29', 'Client 30', 'Client 31', 'Client 32', 'Client 33', 'Client 34', 'Client 35', 'Client 36', 'Client 37', 'Client 38', 'Client 39', 'Client 40']
Results Aggregated in 0.51 seconds.
{'prostate_logreg': {'train_loss': [0.4877358772460883, 0.5272540020775962, 0.5257022777096331, 0.5291364672480983, 0.5276134857576187, 0.5245755589219402, 0.5213277321708768, 0.5168249304337788, 0.5103560487832307, 0.5167840836630186, 0.5097078193763369, 0.5132112880472867], 'train_accuracy': [0.8341232227488151, 0.752913752913753, 0.7586750788643533, 0.7647058823529411, 0.7616438356164383, 0.7636643571978445, 0.7716330513988289, 0.7774631936579841, 0.7743407707910751, 0.7721119133574007, 0.774671052631579, 0.7686792452830189], 'train_f1': [0.7007553268216775, 0.625126314593841, 0.6887198215130004, 0.7183054567608526, 0.7370151168503586, 0.7383760236290628, 0.7561356818085011, 0.7631385802679722, 0.7692827205064334, 0.7676657865461541, 0.770914623146708, 0.7646400366507302], 'train_mae': [0.16587677725118483, 0.24708624708624707, 0.24132492113564669, 0.23529411764705882, 0.23835616438356164, 0.2363356428021555, 0.2283669486011711, 0.22253680634201586, 0.22565922920892495, 0.22788808664259927, 0.22532894736842105, 0.23132075471698113], 'val_loss': [0.6588451546891982, 0.637299347444897, 0.6204497630911886, 0.6069724935943575, 0.5962983428488016, 0.58898729532569, 0.5836827947575502, 0.578124800896559, 0.5736544056223088, 0.5687985180130531, 0.5651375795455568, 0.5615797282075621], 'val_accuracy': [0.615680985513092, 0.6396555572087487, 0.6578237913059042, 0.6748018356278681, 0.6869887302049937, 0.694520198297654, 0.7010917463789182, 0.7078142695356738, 0.7118902219728684, 0.7155383477993701, 0.7179422125793206, 0.7196587715776797], 'val_f1': [0.6130139991380634, 0.6386486484067284, 0.6574155528452614, 0.6745922150005116, 0.6865631966530977, 0.6937288228537822, 0.6999521715163708, 0.7063164899813182, 0.7099552626884678, 0.7131248925127347, 0.7150966279967297, 0.7164472873992004], 'val_mae': [0.38431901448690803, 0.3603444427912513, 0.3421762086940958, 0.3251981643721318, 0.31301126979500626, 0.30547980170234607, 0.29890825362108187, 0.29218573046432617, 0.2881097780271316, 0.28446165220062986, 0.28205778742067933, 0.28034122842232034], 'jsd': [(0.0207208396239082, 0.31127812445913283, 0.31127812445913283, 0.31127812445913283, 0.11009182675183558, 0.31127812445913283, 0.31127812445913283, 0.31127812445913283, 0.0037024515418363386, 0.31127812445913283, 0.31127812445913283, 0.31127812445913283, 0.31127812445913283, 0.31127812445913283, 0.31127812445913283, 0.31127812445913283, 0.31127812445913283, 0.07310400793180982, 0.31127812445913283, 0.07310400793180982, 0.31127812445913283, 0.31127812445913283, 0.0037024515418363386, 0.31127812445913283, 0.31127812445913283, 0.31127812445913283, 0, 0.31127812445913283, 0.11009182675183558, 0.31127812445913283, 0.07310400793180982, 0.31127812445913283, 0.0487949406953985, 0.31127812445913283, 0.31127812445913283, 0.31127812445913283, 0.0350583482647871, 0.31127812445913283, 0.31127812445913283, 0.31127812445913283), (0, 0.31127812445913283, 0.31127812445913283, 0.31127812445913283, 0, 0, 0.31127812445913283, 0.07310400793180982, 0, 0.1711038312803313, 0.31127812445913283, 0, 0, 0, 0.31127812445913283, 0.31127812445913283, 0.31127812445913283, 0, 0.31127812445913283, 0, 0, 0, 0, 0.31127812445913283, 0.31127812445913283, 0, 0.12425601093475921, 0.31127812445913283, 0.17750440524619315, 0, 0, 0.31127812445913283, 0.31127812445913283, 0, 0, 0.16395604408354778, 0, 0.31127812445913283, 0.31127812445913283, 0.16395604408354778), (0, 0.16395604408354778, 0.31127812445913283, 0, 0, 0.18850340411986471, 0, 0.11009182675183558, 0, 0, 0, 0.1711038312803313, 0, 0, 0, 0.31127812445913283, 0, 0, 0, 0, 0.31127812445913283, 0, 0, 0.31127812445913283, 0.31127812445913283, 0, 0, 0, 0.2087803925185126, 0, 0, 0.20534969973663775, 0, 0, 0.16395604408354778, 0, 0, 0, 0.31127812445913283, 0), (0, 0.31127812445913283, 0.2087803925185126, 0, 0, 0, 0, 0, 0, 0, 0, 0.19326958066820893, 0, 0, 0, 0, 0, 0, 0, 0, 0, 0, 0, 0.2292798117148899, 0, 0, 0, 0, 0, 0, 0, 0.2227619806994962, 0, 0, 0, 0, 0, 0, 0.2227619806994962, 0), (0, 0, 0.2227619806994962, 0, 0, 0, 0, 0, 0, 0, 0, 0, 0, 0, 0, 0, 0, 0, 0, 0, 0, 0, 0, 0, 0, 0, 0, 0, 0, 0, 0, 0.23646636812449032, 0, 0, 0, 0, 0, 0, 0, 0), (0, 0, 0.23305878051279882, 0, 0, 0, 0, 0, 0, 0, 0, 0, 0, 0, 0, 0, 0, 0, 0, 0, 0, 0, 0, 0, 0, 0, 0, 0, 0, 0, 0, 0.24616505675524458, 0, 0, 0, 0, 0, 0, 0, 0), (0, 0, 0.24237412989240623, 0, 0, 0, 0, 0, 0, 0, 0, 0, 0, 0, 0, 0, 0, 0, 0, 0, 0, 0, 0, 0, 0, 0, 0, 0, 0, 0, 0, 0, 0, 0, 0, 0, 0, 0, 0, 0), (0, 0, 0.24844401300050659, 0, 0, 0, 0, 0, 0, 0, 0, 0, 0, 0, 0, 0, 0, 0, 0, 0, 0, 0, 0, 0, 0, 0, 0, 0, 0, 0, 0, 0, 0, 0, 0, 0, 0, 0, 0, 0), (0, 0, 0, 0, 0, 0, 0, 0, 0, 0, 0, 0, 0, 0, 0, 0, 0, 0, 0, 0, 0, 0, 0, 0, 0, 0, 0, 0, 0, 0, 0, 0, 0, 0, 0, 0, 0, 0, 0, 0), (0, 0, 0, 0, 0, 0, 0, 0, 0, 0, 0, 0, 0, 0, 0, 0, 0, 0, 0, 0, 0, 0, 0, 0, 0, 0, 0, 0, 0, 0, 0, 0, 0, 0, 0, 0, 0, 0, 0, 0), (0, 0, 0, 0, 0, 0, 0, 0, 0, 0, 0, 0, 0, 0, 0, 0, 0, 0, 0, 0, 0, 0, 0, 0, 0, 0, 0, 0, 0, 0, 0, 0, 0, 0, 0, 0, 0, 0, 0, 0), (0, 0, 0, 0, 0, 0, 0, 0, 0, 0, 0, 0, 0, 0, 0, 0, 0, 0, 0, 0, 0, 0, 0, 0, 0, 0, 0, 0, 0, 0, 0, 0, 0, 0, 0, 0, 0, 0, 0, 0)]}}
AdaptationManager: Configuring next round...
{'client_registry': {'enabled': True, 'params': {}}, 'client_selector': {'enabled': False, 'params': {}}, 'client_cluster': {'enabled': False, 'params': {}}, 'message_compressor': {'enabled': False, 'params': {}}, 'model_co-versioning_registry': {'enabled': False, 'params': {}}, 'multi-task_model_trainer': {'enabled': False, 'params': {}}, 'heterogeneous_data_handler': {'enabled': True, 'params': {'enabled_clients': []}}}
{'client_selector': {'enabled': False}, 'client_cluster': {'enabled': False}, 'message_compressor': {'enabled': False}, 'model_co-versioning_registry': {'enabled': False}, 'multi-task_model_trainer': {'enabled': False}, 'heterogeneous_data_handler': {'enabled': True, 'params': {'enabled_clients': ['Client 1', 'Client 2', 'Client 3', 'Client 4', 'Client 5', 'Client 6', 'Client 7', 'Client 8', 'Client 9', 'Client 10', 'Client 11', 'Client 12', 'Client 13', 'Client 14', 'Client 15', 'Client 16', 'Client 17', 'Client 18', 'Client 19', 'Client 20', 'Client 21', 'Client 22', 'Client 23', 'Client 24', 'Client 25', 'Client 26', 'Client 27', 'Client 28', 'Client 29', 'Client 30', 'Client 31', 'Client 32', 'Client 33', 'Client 34', 'Client 35', 'Client 36', 'Client 37', 'Client 38', 'Client 39', 'Client 40']}}, 'client_registry': {'enabled': True, 'params': {}}}
client 1, predicted wo:0.7445 vs w:0.7445
client 2, predicted wo:0.7445 vs w:0.7445
client 3, predicted wo:0.7445 vs w:0.7445
client 4, predicted wo:0.7445 vs w:0.7445
client 5, predicted wo:0.7445 vs w:0.7445
client 6, predicted wo:0.7445 vs w:0.7445
client 7, predicted wo:0.7445 vs w:0.7445
client 8, predicted wo:0.7445 vs w:0.7445
client 9, predicted wo:0.7445 vs w:0.7445
client 10, predicted wo:0.7445 vs w:0.7445
client 11, predicted wo:0.7445 vs w:0.7445
client 12, predicted wo:0.7445 vs w:0.7445
client 13, predicted wo:0.7445 vs w:0.7445
client 14, predicted wo:0.7445 vs w:0.7445
client 15, predicted wo:0.7445 vs w:0.7445
client 16, predicted wo:0.7445 vs w:0.7445
client 17, predicted wo:0.7445 vs w:0.7445
client 18, predicted wo:0.7445 vs w:0.7445
client 19, predicted wo:0.7445 vs w:0.7445
client 20, predicted wo:0.7445 vs w:0.7445
client 21, predicted wo:0.7445 vs w:0.7445
client 22, predicted wo:0.7445 vs w:0.7445
client 23, predicted wo:0.7445 vs w:0.7445
client 24, predicted wo:0.7445 vs w:0.7445
client 25, predicted wo:0.7445 vs w:0.7445
client 26, predicted wo:0.7445 vs w:0.7445
client 27, predicted wo:0.7445 vs w:0.7445
client 28, predicted wo:0.7445 vs w:0.7445
client 29, predicted wo:0.7445 vs w:0.7445
client 30, predicted wo:0.7445 vs w:0.7445
client 31, predicted wo:0.7445 vs w:0.7445
client 32, predicted wo:0.7445 vs w:0.7445
client 33, predicted wo:0.7445 vs w:0.7445
client 34, predicted wo:0.7445 vs w:0.7445
client 35, predicted wo:0.7445 vs w:0.7445
client 36, predicted wo:0.7445 vs w:0.7445
client 37, predicted wo:0.7445 vs w:0.7445
client 38, predicted wo:0.7445 vs w:0.7445
client 39, predicted wo:0.7445 vs w:0.7445
client 40, predicted wo:0.7445 vs w:0.7445
heterogeneous_data_handler activated ✅ for clients: ['Client 1', 'Client 2', 'Client 3', 'Client 4', 'Client 5', 'Client 6', 'Client 7', 'Client 8', 'Client 9', 'Client 10', 'Client 11', 'Client 12', 'Client 13', 'Client 14', 'Client 15', 'Client 16', 'Client 17', 'Client 18', 'Client 19', 'Client 20', 'Client 21', 'Client 22', 'Client 23', 'Client 24', 'Client 25', 'Client 26', 'Client 27', 'Client 28', 'Client 29', 'Client 30', 'Client 31', 'Client 32', 'Client 33', 'Client 34', 'Client 35', 'Client 36', 'Client 37', 'Client 38', 'Client 39', 'Client 40']
Results Aggregated in 0.46 seconds.
{'prostate_logreg': {'train_loss': [0.4877358772460883, 0.5272540020775962, 0.5257022777096331, 0.5291364672480983, 0.5276134857576187, 0.5245755589219402, 0.5213277321708768, 0.5168249304337788, 0.5103560487832307, 0.5167840836630186, 0.5097078193763369, 0.5132112880472867, 0.5086824365740927], 'train_accuracy': [0.8341232227488151, 0.752913752913753, 0.7586750788643533, 0.7647058823529411, 0.7616438356164383, 0.7636643571978445, 0.7716330513988289, 0.7774631936579841, 0.7743407707910751, 0.7721119133574007, 0.774671052631579, 0.7686792452830189, 0.7702984038861902], 'train_f1': [0.7007553268216775, 0.625126314593841, 0.6887198215130004, 0.7183054567608526, 0.7370151168503586, 0.7383760236290628, 0.7561356818085011, 0.7631385802679722, 0.7692827205064334, 0.7676657865461541, 0.770914623146708, 0.7646400366507302, 0.7662757567175206], 'train_mae': [0.16587677725118483, 0.24708624708624707, 0.24132492113564669, 0.23529411764705882, 0.23835616438356164, 0.2363356428021555, 0.2283669486011711, 0.22253680634201586, 0.22565922920892495, 0.22788808664259927, 0.22532894736842105, 0.23132075471698113, 0.22970159611380986], 'val_loss': [0.6588451546891982, 0.637299347444897, 0.6204497630911886, 0.6069724935943575, 0.5962983428488016, 0.58898729532569, 0.5836827947575502, 0.578124800896559, 0.5736544056223088, 0.5687985180130531, 0.5651375795455568, 0.5615797282075621, 0.558704222362974], 'val_accuracy': [0.615680985513092, 0.6396555572087487, 0.6578237913059042, 0.6748018356278681, 0.6869887302049937, 0.694520198297654, 0.7010917463789182, 0.7078142695356738, 0.7118902219728684, 0.7155383477993701, 0.7179422125793206, 0.7196587715776797, 0.7231686279721037], 'val_f1': [0.6130139991380634, 0.6386486484067284, 0.6574155528452614, 0.6745922150005116, 0.6865631966530977, 0.6937288228537822, 0.6999521715163708, 0.7063164899813182, 0.7099552626884678, 0.7131248925127347, 0.7150966279967297, 0.7164472873992004, 0.7194780539983789], 'val_mae': [0.38431901448690803, 0.3603444427912513, 0.3421762086940958, 0.3251981643721318, 0.31301126979500626, 0.30547980170234607, 0.29890825362108187, 0.29218573046432617, 0.2881097780271316, 0.28446165220062986, 0.28205778742067933, 0.28034122842232034, 0.2768313720278963], 'jsd': [(0.0207208396239082, 0.31127812445913283, 0.31127812445913283, 0.31127812445913283, 0.11009182675183558, 0.31127812445913283, 0.31127812445913283, 0.31127812445913283, 0.0037024515418363386, 0.31127812445913283, 0.31127812445913283, 0.31127812445913283, 0.31127812445913283, 0.31127812445913283, 0.31127812445913283, 0.31127812445913283, 0.31127812445913283, 0.07310400793180982, 0.31127812445913283, 0.07310400793180982, 0.31127812445913283, 0.31127812445913283, 0.0037024515418363386, 0.31127812445913283, 0.31127812445913283, 0.31127812445913283, 0, 0.31127812445913283, 0.11009182675183558, 0.31127812445913283, 0.07310400793180982, 0.31127812445913283, 0.0487949406953985, 0.31127812445913283, 0.31127812445913283, 0.31127812445913283, 0.0350583482647871, 0.31127812445913283, 0.31127812445913283, 0.31127812445913283), (0, 0.31127812445913283, 0.31127812445913283, 0.31127812445913283, 0, 0, 0.31127812445913283, 0.07310400793180982, 0, 0.1711038312803313, 0.31127812445913283, 0, 0, 0, 0.31127812445913283, 0.31127812445913283, 0.31127812445913283, 0, 0.31127812445913283, 0, 0, 0, 0, 0.31127812445913283, 0.31127812445913283, 0, 0.12425601093475921, 0.31127812445913283, 0.17750440524619315, 0, 0, 0.31127812445913283, 0.31127812445913283, 0, 0, 0.16395604408354778, 0, 0.31127812445913283, 0.31127812445913283, 0.16395604408354778), (0, 0.16395604408354778, 0.31127812445913283, 0, 0, 0.18850340411986471, 0, 0.11009182675183558, 0, 0, 0, 0.1711038312803313, 0, 0, 0, 0.31127812445913283, 0, 0, 0, 0, 0.31127812445913283, 0, 0, 0.31127812445913283, 0.31127812445913283, 0, 0, 0, 0.2087803925185126, 0, 0, 0.20534969973663775, 0, 0, 0.16395604408354778, 0, 0, 0, 0.31127812445913283, 0), (0, 0.31127812445913283, 0.2087803925185126, 0, 0, 0, 0, 0, 0, 0, 0, 0.19326958066820893, 0, 0, 0, 0, 0, 0, 0, 0, 0, 0, 0, 0.2292798117148899, 0, 0, 0, 0, 0, 0, 0, 0.2227619806994962, 0, 0, 0, 0, 0, 0, 0.2227619806994962, 0), (0, 0, 0.2227619806994962, 0, 0, 0, 0, 0, 0, 0, 0, 0, 0, 0, 0, 0, 0, 0, 0, 0, 0, 0, 0, 0, 0, 0, 0, 0, 0, 0, 0, 0.23646636812449032, 0, 0, 0, 0, 0, 0, 0, 0), (0, 0, 0.23305878051279882, 0, 0, 0, 0, 0, 0, 0, 0, 0, 0, 0, 0, 0, 0, 0, 0, 0, 0, 0, 0, 0, 0, 0, 0, 0, 0, 0, 0, 0.24616505675524458, 0, 0, 0, 0, 0, 0, 0, 0), (0, 0, 0.24237412989240623, 0, 0, 0, 0, 0, 0, 0, 0, 0, 0, 0, 0, 0, 0, 0, 0, 0, 0, 0, 0, 0, 0, 0, 0, 0, 0, 0, 0, 0, 0, 0, 0, 0, 0, 0, 0, 0), (0, 0, 0.24844401300050659, 0, 0, 0, 0, 0, 0, 0, 0, 0, 0, 0, 0, 0, 0, 0, 0, 0, 0, 0, 0, 0, 0, 0, 0, 0, 0, 0, 0, 0, 0, 0, 0, 0, 0, 0, 0, 0), (0, 0, 0, 0, 0, 0, 0, 0, 0, 0, 0, 0, 0, 0, 0, 0, 0, 0, 0, 0, 0, 0, 0, 0, 0, 0, 0, 0, 0, 0, 0, 0, 0, 0, 0, 0, 0, 0, 0, 0), (0, 0, 0, 0, 0, 0, 0, 0, 0, 0, 0, 0, 0, 0, 0, 0, 0, 0, 0, 0, 0, 0, 0, 0, 0, 0, 0, 0, 0, 0, 0, 0, 0, 0, 0, 0, 0, 0, 0, 0), (0, 0, 0, 0, 0, 0, 0, 0, 0, 0, 0, 0, 0, 0, 0, 0, 0, 0, 0, 0, 0, 0, 0, 0, 0, 0, 0, 0, 0, 0, 0, 0, 0, 0, 0, 0, 0, 0, 0, 0), (0, 0, 0, 0, 0, 0, 0, 0, 0, 0, 0, 0, 0, 0, 0, 0, 0, 0, 0, 0, 0, 0, 0, 0, 0, 0, 0, 0, 0, 0, 0, 0, 0, 0, 0, 0, 0, 0, 0, 0), (0, 0, 0, 0, 0, 0, 0, 0, 0, 0, 0, 0, 0, 0, 0, 0, 0, 0, 0, 0, 0, 0, 0, 0, 0, 0, 0, 0, 0, 0, 0, 0, 0, 0, 0, 0, 0, 0, 0, 0)]}}
AdaptationManager: Configuring next round...
{'client_registry': {'enabled': True, 'params': {}}, 'client_selector': {'enabled': False, 'params': {}}, 'client_cluster': {'enabled': False, 'params': {}}, 'message_compressor': {'enabled': False, 'params': {}}, 'model_co-versioning_registry': {'enabled': False, 'params': {}}, 'multi-task_model_trainer': {'enabled': False, 'params': {}}, 'heterogeneous_data_handler': {'enabled': True, 'params': {'enabled_clients': []}}}
{'client_selector': {'enabled': False}, 'client_cluster': {'enabled': False}, 'message_compressor': {'enabled': False}, 'model_co-versioning_registry': {'enabled': False}, 'multi-task_model_trainer': {'enabled': False}, 'heterogeneous_data_handler': {'enabled': True, 'params': {'enabled_clients': ['Client 1', 'Client 2', 'Client 3', 'Client 4', 'Client 5', 'Client 6', 'Client 7', 'Client 8', 'Client 9', 'Client 10', 'Client 11', 'Client 12', 'Client 13', 'Client 14', 'Client 15', 'Client 16', 'Client 17', 'Client 18', 'Client 19', 'Client 20', 'Client 21', 'Client 22', 'Client 23', 'Client 24', 'Client 25', 'Client 26', 'Client 27', 'Client 28', 'Client 29', 'Client 30', 'Client 31', 'Client 32', 'Client 33', 'Client 34', 'Client 35', 'Client 36', 'Client 37', 'Client 38', 'Client 39', 'Client 40']}}, 'client_registry': {'enabled': True, 'params': {}}}
client 1, predicted wo:0.7445 vs w:0.7445
client 2, predicted wo:0.7445 vs w:0.7445
client 3, predicted wo:0.7445 vs w:0.7445
client 4, predicted wo:0.7445 vs w:0.7445
client 5, predicted wo:0.7445 vs w:0.7445
client 6, predicted wo:0.7445 vs w:0.7445
client 7, predicted wo:0.7445 vs w:0.7445
client 8, predicted wo:0.7445 vs w:0.7445
client 9, predicted wo:0.7445 vs w:0.7445
client 10, predicted wo:0.7445 vs w:0.7445
client 11, predicted wo:0.7445 vs w:0.7445
client 12, predicted wo:0.7445 vs w:0.7445
client 13, predicted wo:0.7445 vs w:0.7445
client 14, predicted wo:0.7445 vs w:0.7445
client 15, predicted wo:0.7445 vs w:0.7445
client 16, predicted wo:0.7445 vs w:0.7445
client 17, predicted wo:0.7445 vs w:0.7445
client 18, predicted wo:0.7445 vs w:0.7445
client 19, predicted wo:0.7445 vs w:0.7445
client 20, predicted wo:0.7445 vs w:0.7445
client 21, predicted wo:0.7445 vs w:0.7445
client 22, predicted wo:0.7445 vs w:0.7445
client 23, predicted wo:0.7445 vs w:0.7445
client 24, predicted wo:0.7445 vs w:0.7445
client 25, predicted wo:0.7445 vs w:0.7445
client 26, predicted wo:0.7445 vs w:0.7445
client 27, predicted wo:0.7445 vs w:0.7445
client 28, predicted wo:0.7445 vs w:0.7445
client 29, predicted wo:0.7445 vs w:0.7445
client 30, predicted wo:0.7445 vs w:0.7445
client 31, predicted wo:0.7445 vs w:0.7445
client 32, predicted wo:0.7445 vs w:0.7445
client 33, predicted wo:0.7445 vs w:0.7445
client 34, predicted wo:0.7445 vs w:0.7445
client 35, predicted wo:0.7445 vs w:0.7445
client 36, predicted wo:0.7445 vs w:0.7445
client 37, predicted wo:0.7445 vs w:0.7445
client 38, predicted wo:0.7445 vs w:0.7445
client 39, predicted wo:0.7445 vs w:0.7445
client 40, predicted wo:0.7445 vs w:0.7445
heterogeneous_data_handler activated ✅ for clients: ['Client 1', 'Client 2', 'Client 3', 'Client 4', 'Client 5', 'Client 6', 'Client 7', 'Client 8', 'Client 9', 'Client 10', 'Client 11', 'Client 12', 'Client 13', 'Client 14', 'Client 15', 'Client 16', 'Client 17', 'Client 18', 'Client 19', 'Client 20', 'Client 21', 'Client 22', 'Client 23', 'Client 24', 'Client 25', 'Client 26', 'Client 27', 'Client 28', 'Client 29', 'Client 30', 'Client 31', 'Client 32', 'Client 33', 'Client 34', 'Client 35', 'Client 36', 'Client 37', 'Client 38', 'Client 39', 'Client 40']
Results Aggregated in 0.51 seconds.
{'prostate_logreg': {'train_loss': [0.4877358772460883, 0.5272540020775962, 0.5257022777096331, 0.5291364672480983, 0.5276134857576187, 0.5245755589219402, 0.5213277321708768, 0.5168249304337788, 0.5103560487832307, 0.5167840836630186, 0.5097078193763369, 0.5132112880472867, 0.5086824365740927, 0.5113901526901949], 'train_accuracy': [0.8341232227488151, 0.752913752913753, 0.7586750788643533, 0.7647058823529411, 0.7616438356164383, 0.7636643571978445, 0.7716330513988289, 0.7774631936579841, 0.7743407707910751, 0.7721119133574007, 0.774671052631579, 0.7686792452830189, 0.7702984038861902, 0.7665169980756895], 'train_f1': [0.7007553268216775, 0.625126314593841, 0.6887198215130004, 0.7183054567608526, 0.7370151168503586, 0.7383760236290628, 0.7561356818085011, 0.7631385802679722, 0.7692827205064334, 0.7676657865461541, 0.770914623146708, 0.7646400366507302, 0.7662757567175206, 0.7628573954481987], 'train_mae': [0.16587677725118483, 0.24708624708624707, 0.24132492113564669, 0.23529411764705882, 0.23835616438356164, 0.2363356428021555, 0.2283669486011711, 0.22253680634201586, 0.22565922920892495, 0.22788808664259927, 0.22532894736842105, 0.23132075471698113, 0.22970159611380986, 0.23348300192431046], 'val_loss': [0.6588451546891982, 0.637299347444897, 0.6204497630911886, 0.6069724935943575, 0.5962983428488016, 0.58898729532569, 0.5836827947575502, 0.578124800896559, 0.5736544056223088, 0.5687985180130531, 0.5651375795455568, 0.5615797282075621, 0.558704222362974, 0.5564016484123763], 'val_accuracy': [0.615680985513092, 0.6396555572087487, 0.6578237913059042, 0.6748018356278681, 0.6869887302049937, 0.694520198297654, 0.7010917463789182, 0.7078142695356738, 0.7118902219728684, 0.7155383477993701, 0.7179422125793206, 0.7196587715776797, 0.7231686279721037, 0.7264851991866035], 'val_f1': [0.6130139991380634, 0.6386486484067284, 0.6574155528452614, 0.6745922150005116, 0.6865631966530977, 0.6937288228537822, 0.6999521715163708, 0.7063164899813182, 0.7099552626884678, 0.7131248925127347, 0.7150966279967297, 0.7164472873992004, 0.7194780539983789, 0.7224254548656475], 'val_mae': [0.38431901448690803, 0.3603444427912513, 0.3421762086940958, 0.3251981643721318, 0.31301126979500626, 0.30547980170234607, 0.29890825362108187, 0.29218573046432617, 0.2881097780271316, 0.28446165220062986, 0.28205778742067933, 0.28034122842232034, 0.2768313720278963, 0.27351480081339646], 'jsd': [(0.0207208396239082, 0.31127812445913283, 0.31127812445913283, 0.31127812445913283, 0.11009182675183558, 0.31127812445913283, 0.31127812445913283, 0.31127812445913283, 0.0037024515418363386, 0.31127812445913283, 0.31127812445913283, 0.31127812445913283, 0.31127812445913283, 0.31127812445913283, 0.31127812445913283, 0.31127812445913283, 0.31127812445913283, 0.07310400793180982, 0.31127812445913283, 0.07310400793180982, 0.31127812445913283, 0.31127812445913283, 0.0037024515418363386, 0.31127812445913283, 0.31127812445913283, 0.31127812445913283, 0, 0.31127812445913283, 0.11009182675183558, 0.31127812445913283, 0.07310400793180982, 0.31127812445913283, 0.0487949406953985, 0.31127812445913283, 0.31127812445913283, 0.31127812445913283, 0.0350583482647871, 0.31127812445913283, 0.31127812445913283, 0.31127812445913283), (0, 0.31127812445913283, 0.31127812445913283, 0.31127812445913283, 0, 0, 0.31127812445913283, 0.07310400793180982, 0, 0.1711038312803313, 0.31127812445913283, 0, 0, 0, 0.31127812445913283, 0.31127812445913283, 0.31127812445913283, 0, 0.31127812445913283, 0, 0, 0, 0, 0.31127812445913283, 0.31127812445913283, 0, 0.12425601093475921, 0.31127812445913283, 0.17750440524619315, 0, 0, 0.31127812445913283, 0.31127812445913283, 0, 0, 0.16395604408354778, 0, 0.31127812445913283, 0.31127812445913283, 0.16395604408354778), (0, 0.16395604408354778, 0.31127812445913283, 0, 0, 0.18850340411986471, 0, 0.11009182675183558, 0, 0, 0, 0.1711038312803313, 0, 0, 0, 0.31127812445913283, 0, 0, 0, 0, 0.31127812445913283, 0, 0, 0.31127812445913283, 0.31127812445913283, 0, 0, 0, 0.2087803925185126, 0, 0, 0.20534969973663775, 0, 0, 0.16395604408354778, 0, 0, 0, 0.31127812445913283, 0), (0, 0.31127812445913283, 0.2087803925185126, 0, 0, 0, 0, 0, 0, 0, 0, 0.19326958066820893, 0, 0, 0, 0, 0, 0, 0, 0, 0, 0, 0, 0.2292798117148899, 0, 0, 0, 0, 0, 0, 0, 0.2227619806994962, 0, 0, 0, 0, 0, 0, 0.2227619806994962, 0), (0, 0, 0.2227619806994962, 0, 0, 0, 0, 0, 0, 0, 0, 0, 0, 0, 0, 0, 0, 0, 0, 0, 0, 0, 0, 0, 0, 0, 0, 0, 0, 0, 0, 0.23646636812449032, 0, 0, 0, 0, 0, 0, 0, 0), (0, 0, 0.23305878051279882, 0, 0, 0, 0, 0, 0, 0, 0, 0, 0, 0, 0, 0, 0, 0, 0, 0, 0, 0, 0, 0, 0, 0, 0, 0, 0, 0, 0, 0.24616505675524458, 0, 0, 0, 0, 0, 0, 0, 0), (0, 0, 0.24237412989240623, 0, 0, 0, 0, 0, 0, 0, 0, 0, 0, 0, 0, 0, 0, 0, 0, 0, 0, 0, 0, 0, 0, 0, 0, 0, 0, 0, 0, 0, 0, 0, 0, 0, 0, 0, 0, 0), (0, 0, 0.24844401300050659, 0, 0, 0, 0, 0, 0, 0, 0, 0, 0, 0, 0, 0, 0, 0, 0, 0, 0, 0, 0, 0, 0, 0, 0, 0, 0, 0, 0, 0, 0, 0, 0, 0, 0, 0, 0, 0), (0, 0, 0, 0, 0, 0, 0, 0, 0, 0, 0, 0, 0, 0, 0, 0, 0, 0, 0, 0, 0, 0, 0, 0, 0, 0, 0, 0, 0, 0, 0, 0, 0, 0, 0, 0, 0, 0, 0, 0), (0, 0, 0, 0, 0, 0, 0, 0, 0, 0, 0, 0, 0, 0, 0, 0, 0, 0, 0, 0, 0, 0, 0, 0, 0, 0, 0, 0, 0, 0, 0, 0, 0, 0, 0, 0, 0, 0, 0, 0), (0, 0, 0, 0, 0, 0, 0, 0, 0, 0, 0, 0, 0, 0, 0, 0, 0, 0, 0, 0, 0, 0, 0, 0, 0, 0, 0, 0, 0, 0, 0, 0, 0, 0, 0, 0, 0, 0, 0, 0), (0, 0, 0, 0, 0, 0, 0, 0, 0, 0, 0, 0, 0, 0, 0, 0, 0, 0, 0, 0, 0, 0, 0, 0, 0, 0, 0, 0, 0, 0, 0, 0, 0, 0, 0, 0, 0, 0, 0, 0), (0, 0, 0, 0, 0, 0, 0, 0, 0, 0, 0, 0, 0, 0, 0, 0, 0, 0, 0, 0, 0, 0, 0, 0, 0, 0, 0, 0, 0, 0, 0, 0, 0, 0, 0, 0, 0, 0, 0, 0), (0, 0, 0, 0, 0, 0, 0, 0, 0, 0, 0, 0, 0, 0, 0, 0, 0, 0, 0, 0, 0, 0, 0, 0, 0, 0, 0, 0, 0, 0, 0, 0, 0, 0, 0, 0, 0, 0, 0, 0)]}}
AdaptationManager: Configuring next round...
{'client_registry': {'enabled': True, 'params': {}}, 'client_selector': {'enabled': False, 'params': {}}, 'client_cluster': {'enabled': False, 'params': {}}, 'message_compressor': {'enabled': False, 'params': {}}, 'model_co-versioning_registry': {'enabled': False, 'params': {}}, 'multi-task_model_trainer': {'enabled': False, 'params': {}}, 'heterogeneous_data_handler': {'enabled': True, 'params': {'enabled_clients': []}}}
{'client_selector': {'enabled': False}, 'client_cluster': {'enabled': False}, 'message_compressor': {'enabled': False}, 'model_co-versioning_registry': {'enabled': False}, 'multi-task_model_trainer': {'enabled': False}, 'heterogeneous_data_handler': {'enabled': True, 'params': {'enabled_clients': ['Client 1', 'Client 2', 'Client 3', 'Client 4', 'Client 5', 'Client 6', 'Client 7', 'Client 8', 'Client 9', 'Client 10', 'Client 11', 'Client 12', 'Client 13', 'Client 14', 'Client 15', 'Client 16', 'Client 17', 'Client 18', 'Client 19', 'Client 20', 'Client 21', 'Client 22', 'Client 23', 'Client 24', 'Client 25', 'Client 26', 'Client 27', 'Client 28', 'Client 29', 'Client 30', 'Client 31', 'Client 32', 'Client 33', 'Client 34', 'Client 35', 'Client 36', 'Client 37', 'Client 38', 'Client 39', 'Client 40']}}, 'client_registry': {'enabled': True, 'params': {}}}
client 1, predicted wo:0.7445 vs w:0.7445
client 2, predicted wo:0.7445 vs w:0.7445
client 3, predicted wo:0.7445 vs w:0.7445
client 4, predicted wo:0.7445 vs w:0.7445
client 5, predicted wo:0.7445 vs w:0.7445
client 6, predicted wo:0.7445 vs w:0.7445
client 7, predicted wo:0.7445 vs w:0.7445
client 8, predicted wo:0.7445 vs w:0.7445
client 9, predicted wo:0.7445 vs w:0.7445
client 10, predicted wo:0.7445 vs w:0.7445
client 11, predicted wo:0.7445 vs w:0.7445
client 12, predicted wo:0.7445 vs w:0.7445
client 13, predicted wo:0.7445 vs w:0.7445
client 14, predicted wo:0.7445 vs w:0.7445
client 15, predicted wo:0.7445 vs w:0.7445
client 16, predicted wo:0.7445 vs w:0.7445
client 17, predicted wo:0.7445 vs w:0.7445
client 18, predicted wo:0.7445 vs w:0.7445
client 19, predicted wo:0.7445 vs w:0.7445
client 20, predicted wo:0.7445 vs w:0.7445
client 21, predicted wo:0.7445 vs w:0.7445
client 22, predicted wo:0.7445 vs w:0.7445
client 23, predicted wo:0.7445 vs w:0.7445
client 24, predicted wo:0.7445 vs w:0.7445
client 25, predicted wo:0.7445 vs w:0.7445
client 26, predicted wo:0.7445 vs w:0.7445
client 27, predicted wo:0.7445 vs w:0.7445
client 28, predicted wo:0.7445 vs w:0.7445
client 29, predicted wo:0.7445 vs w:0.7445
client 30, predicted wo:0.7445 vs w:0.7445
client 31, predicted wo:0.7445 vs w:0.7445
client 32, predicted wo:0.7445 vs w:0.7445
client 33, predicted wo:0.7445 vs w:0.7445
client 34, predicted wo:0.7445 vs w:0.7445
client 35, predicted wo:0.7445 vs w:0.7445
client 36, predicted wo:0.7445 vs w:0.7445
client 37, predicted wo:0.7445 vs w:0.7445
client 38, predicted wo:0.7445 vs w:0.7445
client 39, predicted wo:0.7445 vs w:0.7445
client 40, predicted wo:0.7445 vs w:0.7445
heterogeneous_data_handler activated ✅ for clients: ['Client 1', 'Client 2', 'Client 3', 'Client 4', 'Client 5', 'Client 6', 'Client 7', 'Client 8', 'Client 9', 'Client 10', 'Client 11', 'Client 12', 'Client 13', 'Client 14', 'Client 15', 'Client 16', 'Client 17', 'Client 18', 'Client 19', 'Client 20', 'Client 21', 'Client 22', 'Client 23', 'Client 24', 'Client 25', 'Client 26', 'Client 27', 'Client 28', 'Client 29', 'Client 30', 'Client 31', 'Client 32', 'Client 33', 'Client 34', 'Client 35', 'Client 36', 'Client 37', 'Client 38', 'Client 39', 'Client 40']
Results Aggregated in 0.53 seconds.
{'prostate_logreg': {'train_loss': [0.4877358772460883, 0.5272540020775962, 0.5257022777096331, 0.5291364672480983, 0.5276134857576187, 0.5245755589219402, 0.5213277321708768, 0.5168249304337788, 0.5103560487832307, 0.5167840836630186, 0.5097078193763369, 0.5132112880472867, 0.5086824365740927, 0.5113901526901949, 0.5130645019524381], 'train_accuracy': [0.8341232227488151, 0.752913752913753, 0.7586750788643533, 0.7647058823529411, 0.7616438356164383, 0.7636643571978445, 0.7716330513988289, 0.7774631936579841, 0.7743407707910751, 0.7721119133574007, 0.774671052631579, 0.7686792452830189, 0.7702984038861902, 0.7665169980756895, 0.765906362545018], 'train_f1': [0.7007553268216775, 0.625126314593841, 0.6887198215130004, 0.7183054567608526, 0.7370151168503586, 0.7383760236290628, 0.7561356818085011, 0.7631385802679722, 0.7692827205064334, 0.7676657865461541, 0.770914623146708, 0.7646400366507302, 0.7662757567175206, 0.7628573954481987, 0.7623781997539629], 'train_mae': [0.16587677725118483, 0.24708624708624707, 0.24132492113564669, 0.23529411764705882, 0.23835616438356164, 0.2363356428021555, 0.2283669486011711, 0.22253680634201586, 0.22565922920892495, 0.22788808664259927, 0.22532894736842105, 0.23132075471698113, 0.22970159611380986, 0.23348300192431046, 0.234093637454982], 'val_loss': [0.6588451546891982, 0.637299347444897, 0.6204497630911886, 0.6069724935943575, 0.5962983428488016, 0.58898729532569, 0.5836827947575502, 0.578124800896559, 0.5736544056223088, 0.5687985180130531, 0.5651375795455568, 0.5615797282075621, 0.558704222362974, 0.5564016484123763, 0.5540725899602544], 'val_accuracy': [0.615680985513092, 0.6396555572087487, 0.6578237913059042, 0.6748018356278681, 0.6869887302049937, 0.694520198297654, 0.7010917463789182, 0.7078142695356738, 0.7118902219728684, 0.7155383477993701, 0.7179422125793206, 0.7196587715776797, 0.7231686279721037, 0.7264851991866035, 0.7281630737401343], 'val_f1': [0.6130139991380634, 0.6386486484067284, 0.6574155528452614, 0.6745922150005116, 0.6865631966530977, 0.6937288228537822, 0.6999521715163708, 0.7063164899813182, 0.7099552626884678, 0.7131248925127347, 0.7150966279967297, 0.7164472873992004, 0.7194780539983789, 0.7224254548656475, 0.7237573374629601], 'val_mae': [0.38431901448690803, 0.3603444427912513, 0.3421762086940958, 0.3251981643721318, 0.31301126979500626, 0.30547980170234607, 0.29890825362108187, 0.29218573046432617, 0.2881097780271316, 0.28446165220062986, 0.28205778742067933, 0.28034122842232034, 0.2768313720278963, 0.27351480081339646, 0.27183692625986566], 'jsd': [(0.0207208396239082, 0.31127812445913283, 0.31127812445913283, 0.31127812445913283, 0.11009182675183558, 0.31127812445913283, 0.31127812445913283, 0.31127812445913283, 0.0037024515418363386, 0.31127812445913283, 0.31127812445913283, 0.31127812445913283, 0.31127812445913283, 0.31127812445913283, 0.31127812445913283, 0.31127812445913283, 0.31127812445913283, 0.07310400793180982, 0.31127812445913283, 0.07310400793180982, 0.31127812445913283, 0.31127812445913283, 0.0037024515418363386, 0.31127812445913283, 0.31127812445913283, 0.31127812445913283, 0, 0.31127812445913283, 0.11009182675183558, 0.31127812445913283, 0.07310400793180982, 0.31127812445913283, 0.0487949406953985, 0.31127812445913283, 0.31127812445913283, 0.31127812445913283, 0.0350583482647871, 0.31127812445913283, 0.31127812445913283, 0.31127812445913283), (0, 0.31127812445913283, 0.31127812445913283, 0.31127812445913283, 0, 0, 0.31127812445913283, 0.07310400793180982, 0, 0.1711038312803313, 0.31127812445913283, 0, 0, 0, 0.31127812445913283, 0.31127812445913283, 0.31127812445913283, 0, 0.31127812445913283, 0, 0, 0, 0, 0.31127812445913283, 0.31127812445913283, 0, 0.12425601093475921, 0.31127812445913283, 0.17750440524619315, 0, 0, 0.31127812445913283, 0.31127812445913283, 0, 0, 0.16395604408354778, 0, 0.31127812445913283, 0.31127812445913283, 0.16395604408354778), (0, 0.16395604408354778, 0.31127812445913283, 0, 0, 0.18850340411986471, 0, 0.11009182675183558, 0, 0, 0, 0.1711038312803313, 0, 0, 0, 0.31127812445913283, 0, 0, 0, 0, 0.31127812445913283, 0, 0, 0.31127812445913283, 0.31127812445913283, 0, 0, 0, 0.2087803925185126, 0, 0, 0.20534969973663775, 0, 0, 0.16395604408354778, 0, 0, 0, 0.31127812445913283, 0), (0, 0.31127812445913283, 0.2087803925185126, 0, 0, 0, 0, 0, 0, 0, 0, 0.19326958066820893, 0, 0, 0, 0, 0, 0, 0, 0, 0, 0, 0, 0.2292798117148899, 0, 0, 0, 0, 0, 0, 0, 0.2227619806994962, 0, 0, 0, 0, 0, 0, 0.2227619806994962, 0), (0, 0, 0.2227619806994962, 0, 0, 0, 0, 0, 0, 0, 0, 0, 0, 0, 0, 0, 0, 0, 0, 0, 0, 0, 0, 0, 0, 0, 0, 0, 0, 0, 0, 0.23646636812449032, 0, 0, 0, 0, 0, 0, 0, 0), (0, 0, 0.23305878051279882, 0, 0, 0, 0, 0, 0, 0, 0, 0, 0, 0, 0, 0, 0, 0, 0, 0, 0, 0, 0, 0, 0, 0, 0, 0, 0, 0, 0, 0.24616505675524458, 0, 0, 0, 0, 0, 0, 0, 0), (0, 0, 0.24237412989240623, 0, 0, 0, 0, 0, 0, 0, 0, 0, 0, 0, 0, 0, 0, 0, 0, 0, 0, 0, 0, 0, 0, 0, 0, 0, 0, 0, 0, 0, 0, 0, 0, 0, 0, 0, 0, 0), (0, 0, 0.24844401300050659, 0, 0, 0, 0, 0, 0, 0, 0, 0, 0, 0, 0, 0, 0, 0, 0, 0, 0, 0, 0, 0, 0, 0, 0, 0, 0, 0, 0, 0, 0, 0, 0, 0, 0, 0, 0, 0), (0, 0, 0, 0, 0, 0, 0, 0, 0, 0, 0, 0, 0, 0, 0, 0, 0, 0, 0, 0, 0, 0, 0, 0, 0, 0, 0, 0, 0, 0, 0, 0, 0, 0, 0, 0, 0, 0, 0, 0), (0, 0, 0, 0, 0, 0, 0, 0, 0, 0, 0, 0, 0, 0, 0, 0, 0, 0, 0, 0, 0, 0, 0, 0, 0, 0, 0, 0, 0, 0, 0, 0, 0, 0, 0, 0, 0, 0, 0, 0), (0, 0, 0, 0, 0, 0, 0, 0, 0, 0, 0, 0, 0, 0, 0, 0, 0, 0, 0, 0, 0, 0, 0, 0, 0, 0, 0, 0, 0, 0, 0, 0, 0, 0, 0, 0, 0, 0, 0, 0), (0, 0, 0, 0, 0, 0, 0, 0, 0, 0, 0, 0, 0, 0, 0, 0, 0, 0, 0, 0, 0, 0, 0, 0, 0, 0, 0, 0, 0, 0, 0, 0, 0, 0, 0, 0, 0, 0, 0, 0), (0, 0, 0, 0, 0, 0, 0, 0, 0, 0, 0, 0, 0, 0, 0, 0, 0, 0, 0, 0, 0, 0, 0, 0, 0, 0, 0, 0, 0, 0, 0, 0, 0, 0, 0, 0, 0, 0, 0, 0), (0, 0, 0, 0, 0, 0, 0, 0, 0, 0, 0, 0, 0, 0, 0, 0, 0, 0, 0, 0, 0, 0, 0, 0, 0, 0, 0, 0, 0, 0, 0, 0, 0, 0, 0, 0, 0, 0, 0, 0), (0, 0, 0, 0, 0, 0, 0, 0, 0, 0, 0, 0, 0, 0, 0, 0, 0, 0, 0, 0, 0, 0, 0, 0, 0, 0, 0, 0, 0, 0, 0, 0, 0, 0, 0, 0, 0, 0, 0, 0)]}}
AdaptationManager: Configuring next round...
{'client_registry': {'enabled': True, 'params': {}}, 'client_selector': {'enabled': False, 'params': {}}, 'client_cluster': {'enabled': False, 'params': {}}, 'message_compressor': {'enabled': False, 'params': {}}, 'model_co-versioning_registry': {'enabled': False, 'params': {}}, 'multi-task_model_trainer': {'enabled': False, 'params': {}}, 'heterogeneous_data_handler': {'enabled': True, 'params': {'enabled_clients': []}}}
{'client_selector': {'enabled': False}, 'client_cluster': {'enabled': False}, 'message_compressor': {'enabled': False}, 'model_co-versioning_registry': {'enabled': False}, 'multi-task_model_trainer': {'enabled': False}, 'heterogeneous_data_handler': {'enabled': True, 'params': {'enabled_clients': ['Client 1', 'Client 2', 'Client 3', 'Client 4', 'Client 5', 'Client 6', 'Client 7', 'Client 8', 'Client 9', 'Client 10', 'Client 11', 'Client 12', 'Client 13', 'Client 14', 'Client 15', 'Client 16', 'Client 17', 'Client 18', 'Client 19', 'Client 20', 'Client 21', 'Client 22', 'Client 23', 'Client 24', 'Client 25', 'Client 26', 'Client 27', 'Client 28', 'Client 29', 'Client 30', 'Client 31', 'Client 32', 'Client 33', 'Client 34', 'Client 35', 'Client 36', 'Client 37', 'Client 38', 'Client 39', 'Client 40']}}, 'client_registry': {'enabled': True, 'params': {}}}
client 1, predicted wo:0.7445 vs w:0.7445
client 2, predicted wo:0.7445 vs w:0.7445
client 3, predicted wo:0.7445 vs w:0.7445
client 4, predicted wo:0.7445 vs w:0.7445
client 5, predicted wo:0.7445 vs w:0.7445
client 6, predicted wo:0.7445 vs w:0.7445
client 7, predicted wo:0.7445 vs w:0.7445
client 8, predicted wo:0.7445 vs w:0.7445
client 9, predicted wo:0.7445 vs w:0.7445
client 10, predicted wo:0.7445 vs w:0.7445
client 11, predicted wo:0.7445 vs w:0.7445
client 12, predicted wo:0.7445 vs w:0.7445
client 13, predicted wo:0.7445 vs w:0.7445
client 14, predicted wo:0.7445 vs w:0.7445
client 15, predicted wo:0.7445 vs w:0.7445
client 16, predicted wo:0.7445 vs w:0.7445
client 17, predicted wo:0.7445 vs w:0.7445
client 18, predicted wo:0.7445 vs w:0.7445
client 19, predicted wo:0.7445 vs w:0.7445
client 20, predicted wo:0.7445 vs w:0.7445
client 21, predicted wo:0.7445 vs w:0.7445
client 22, predicted wo:0.7445 vs w:0.7445
client 23, predicted wo:0.7445 vs w:0.7445
client 24, predicted wo:0.7445 vs w:0.7445
client 25, predicted wo:0.7445 vs w:0.7445
client 26, predicted wo:0.7445 vs w:0.7445
client 27, predicted wo:0.7445 vs w:0.7445
client 28, predicted wo:0.7445 vs w:0.7445
client 29, predicted wo:0.7445 vs w:0.7445
client 30, predicted wo:0.7445 vs w:0.7445
client 31, predicted wo:0.7445 vs w:0.7445
client 32, predicted wo:0.7445 vs w:0.7445
client 33, predicted wo:0.7445 vs w:0.7445
client 34, predicted wo:0.7445 vs w:0.7445
client 35, predicted wo:0.7445 vs w:0.7445
client 36, predicted wo:0.7445 vs w:0.7445
client 37, predicted wo:0.7445 vs w:0.7445
client 38, predicted wo:0.7445 vs w:0.7445
client 39, predicted wo:0.7445 vs w:0.7445
client 40, predicted wo:0.7445 vs w:0.7445
heterogeneous_data_handler activated ✅ for clients: ['Client 1', 'Client 2', 'Client 3', 'Client 4', 'Client 5', 'Client 6', 'Client 7', 'Client 8', 'Client 9', 'Client 10', 'Client 11', 'Client 12', 'Client 13', 'Client 14', 'Client 15', 'Client 16', 'Client 17', 'Client 18', 'Client 19', 'Client 20', 'Client 21', 'Client 22', 'Client 23', 'Client 24', 'Client 25', 'Client 26', 'Client 27', 'Client 28', 'Client 29', 'Client 30', 'Client 31', 'Client 32', 'Client 33', 'Client 34', 'Client 35', 'Client 36', 'Client 37', 'Client 38', 'Client 39', 'Client 40']
Results Aggregated in 0.45 seconds.
{'prostate_logreg': {'train_loss': [0.4877358772460883, 0.5272540020775962, 0.5257022777096331, 0.5291364672480983, 0.5276134857576187, 0.5245755589219402, 0.5213277321708768, 0.5168249304337788, 0.5103560487832307, 0.5167840836630186, 0.5097078193763369, 0.5132112880472867, 0.5086824365740927, 0.5113901526901949, 0.5130645019524381, 0.5082223721262714], 'train_accuracy': [0.8341232227488151, 0.752913752913753, 0.7586750788643533, 0.7647058823529411, 0.7616438356164383, 0.7636643571978445, 0.7716330513988289, 0.7774631936579841, 0.7743407707910751, 0.7721119133574007, 0.774671052631579, 0.7686792452830189, 0.7702984038861902, 0.7665169980756895, 0.765906362545018, 0.7709152161706906], 'train_f1': [0.7007553268216775, 0.625126314593841, 0.6887198215130004, 0.7183054567608526, 0.7370151168503586, 0.7383760236290628, 0.7561356818085011, 0.7631385802679722, 0.7692827205064334, 0.7676657865461541, 0.770914623146708, 0.7646400366507302, 0.7662757567175206, 0.7628573954481987, 0.7623781997539629, 0.7681060307800601], 'train_mae': [0.16587677725118483, 0.24708624708624707, 0.24132492113564669, 0.23529411764705882, 0.23835616438356164, 0.2363356428021555, 0.2283669486011711, 0.22253680634201586, 0.22565922920892495, 0.22788808664259927, 0.22532894736842105, 0.23132075471698113, 0.22970159611380986, 0.23348300192431046, 0.234093637454982, 0.22908478382930939], 'val_loss': [0.6588451546891982, 0.637299347444897, 0.6204497630911886, 0.6069724935943575, 0.5962983428488016, 0.58898729532569, 0.5836827947575502, 0.578124800896559, 0.5736544056223088, 0.5687985180130531, 0.5651375795455568, 0.5615797282075621, 0.558704222362974, 0.5564016484123763, 0.5540725899602544, 0.5516957781968628], 'val_accuracy': [0.615680985513092, 0.6396555572087487, 0.6578237913059042, 0.6748018356278681, 0.6869887302049937, 0.694520198297654, 0.7010917463789182, 0.7078142695356738, 0.7118902219728684, 0.7155383477993701, 0.7179422125793206, 0.7196587715776797, 0.7231686279721037, 0.7264851991866035, 0.7281630737401343, 0.73024010337646], 'val_f1': [0.6130139991380634, 0.6386486484067284, 0.6574155528452614, 0.6745922150005116, 0.6865631966530977, 0.6937288228537822, 0.6999521715163708, 0.7063164899813182, 0.7099552626884678, 0.7131248925127347, 0.7150966279967297, 0.7164472873992004, 0.7194780539983789, 0.7224254548656475, 0.7237573374629601, 0.7255803832855322], 'val_mae': [0.38431901448690803, 0.3603444427912513, 0.3421762086940958, 0.3251981643721318, 0.31301126979500626, 0.30547980170234607, 0.29890825362108187, 0.29218573046432617, 0.2881097780271316, 0.28446165220062986, 0.28205778742067933, 0.28034122842232034, 0.2768313720278963, 0.27351480081339646, 0.27183692625986566, 0.26975989662354005], 'jsd': [(0.0207208396239082, 0.31127812445913283, 0.31127812445913283, 0.31127812445913283, 0.11009182675183558, 0.31127812445913283, 0.31127812445913283, 0.31127812445913283, 0.0037024515418363386, 0.31127812445913283, 0.31127812445913283, 0.31127812445913283, 0.31127812445913283, 0.31127812445913283, 0.31127812445913283, 0.31127812445913283, 0.31127812445913283, 0.07310400793180982, 0.31127812445913283, 0.07310400793180982, 0.31127812445913283, 0.31127812445913283, 0.0037024515418363386, 0.31127812445913283, 0.31127812445913283, 0.31127812445913283, 0, 0.31127812445913283, 0.11009182675183558, 0.31127812445913283, 0.07310400793180982, 0.31127812445913283, 0.0487949406953985, 0.31127812445913283, 0.31127812445913283, 0.31127812445913283, 0.0350583482647871, 0.31127812445913283, 0.31127812445913283, 0.31127812445913283), (0, 0.31127812445913283, 0.31127812445913283, 0.31127812445913283, 0, 0, 0.31127812445913283, 0.07310400793180982, 0, 0.1711038312803313, 0.31127812445913283, 0, 0, 0, 0.31127812445913283, 0.31127812445913283, 0.31127812445913283, 0, 0.31127812445913283, 0, 0, 0, 0, 0.31127812445913283, 0.31127812445913283, 0, 0.12425601093475921, 0.31127812445913283, 0.17750440524619315, 0, 0, 0.31127812445913283, 0.31127812445913283, 0, 0, 0.16395604408354778, 0, 0.31127812445913283, 0.31127812445913283, 0.16395604408354778), (0, 0.16395604408354778, 0.31127812445913283, 0, 0, 0.18850340411986471, 0, 0.11009182675183558, 0, 0, 0, 0.1711038312803313, 0, 0, 0, 0.31127812445913283, 0, 0, 0, 0, 0.31127812445913283, 0, 0, 0.31127812445913283, 0.31127812445913283, 0, 0, 0, 0.2087803925185126, 0, 0, 0.20534969973663775, 0, 0, 0.16395604408354778, 0, 0, 0, 0.31127812445913283, 0), (0, 0.31127812445913283, 0.2087803925185126, 0, 0, 0, 0, 0, 0, 0, 0, 0.19326958066820893, 0, 0, 0, 0, 0, 0, 0, 0, 0, 0, 0, 0.2292798117148899, 0, 0, 0, 0, 0, 0, 0, 0.2227619806994962, 0, 0, 0, 0, 0, 0, 0.2227619806994962, 0), (0, 0, 0.2227619806994962, 0, 0, 0, 0, 0, 0, 0, 0, 0, 0, 0, 0, 0, 0, 0, 0, 0, 0, 0, 0, 0, 0, 0, 0, 0, 0, 0, 0, 0.23646636812449032, 0, 0, 0, 0, 0, 0, 0, 0), (0, 0, 0.23305878051279882, 0, 0, 0, 0, 0, 0, 0, 0, 0, 0, 0, 0, 0, 0, 0, 0, 0, 0, 0, 0, 0, 0, 0, 0, 0, 0, 0, 0, 0.24616505675524458, 0, 0, 0, 0, 0, 0, 0, 0), (0, 0, 0.24237412989240623, 0, 0, 0, 0, 0, 0, 0, 0, 0, 0, 0, 0, 0, 0, 0, 0, 0, 0, 0, 0, 0, 0, 0, 0, 0, 0, 0, 0, 0, 0, 0, 0, 0, 0, 0, 0, 0), (0, 0, 0.24844401300050659, 0, 0, 0, 0, 0, 0, 0, 0, 0, 0, 0, 0, 0, 0, 0, 0, 0, 0, 0, 0, 0, 0, 0, 0, 0, 0, 0, 0, 0, 0, 0, 0, 0, 0, 0, 0, 0), (0, 0, 0, 0, 0, 0, 0, 0, 0, 0, 0, 0, 0, 0, 0, 0, 0, 0, 0, 0, 0, 0, 0, 0, 0, 0, 0, 0, 0, 0, 0, 0, 0, 0, 0, 0, 0, 0, 0, 0), (0, 0, 0, 0, 0, 0, 0, 0, 0, 0, 0, 0, 0, 0, 0, 0, 0, 0, 0, 0, 0, 0, 0, 0, 0, 0, 0, 0, 0, 0, 0, 0, 0, 0, 0, 0, 0, 0, 0, 0), (0, 0, 0, 0, 0, 0, 0, 0, 0, 0, 0, 0, 0, 0, 0, 0, 0, 0, 0, 0, 0, 0, 0, 0, 0, 0, 0, 0, 0, 0, 0, 0, 0, 0, 0, 0, 0, 0, 0, 0), (0, 0, 0, 0, 0, 0, 0, 0, 0, 0, 0, 0, 0, 0, 0, 0, 0, 0, 0, 0, 0, 0, 0, 0, 0, 0, 0, 0, 0, 0, 0, 0, 0, 0, 0, 0, 0, 0, 0, 0), (0, 0, 0, 0, 0, 0, 0, 0, 0, 0, 0, 0, 0, 0, 0, 0, 0, 0, 0, 0, 0, 0, 0, 0, 0, 0, 0, 0, 0, 0, 0, 0, 0, 0, 0, 0, 0, 0, 0, 0), (0, 0, 0, 0, 0, 0, 0, 0, 0, 0, 0, 0, 0, 0, 0, 0, 0, 0, 0, 0, 0, 0, 0, 0, 0, 0, 0, 0, 0, 0, 0, 0, 0, 0, 0, 0, 0, 0, 0, 0), (0, 0, 0, 0, 0, 0, 0, 0, 0, 0, 0, 0, 0, 0, 0, 0, 0, 0, 0, 0, 0, 0, 0, 0, 0, 0, 0, 0, 0, 0, 0, 0, 0, 0, 0, 0, 0, 0, 0, 0), (0, 0, 0, 0, 0, 0, 0, 0, 0, 0, 0, 0, 0, 0, 0, 0, 0, 0, 0, 0, 0, 0, 0, 0, 0, 0, 0, 0, 0, 0, 0, 0, 0, 0, 0, 0, 0, 0, 0, 0)]}}
AdaptationManager: Configuring next round...
{'client_registry': {'enabled': True, 'params': {}}, 'client_selector': {'enabled': False, 'params': {}}, 'client_cluster': {'enabled': False, 'params': {}}, 'message_compressor': {'enabled': False, 'params': {}}, 'model_co-versioning_registry': {'enabled': False, 'params': {}}, 'multi-task_model_trainer': {'enabled': False, 'params': {}}, 'heterogeneous_data_handler': {'enabled': True, 'params': {'enabled_clients': []}}}
{'client_selector': {'enabled': False}, 'client_cluster': {'enabled': False}, 'message_compressor': {'enabled': False}, 'model_co-versioning_registry': {'enabled': False}, 'multi-task_model_trainer': {'enabled': False}, 'heterogeneous_data_handler': {'enabled': True, 'params': {'enabled_clients': ['Client 1', 'Client 2', 'Client 3', 'Client 4', 'Client 5', 'Client 6', 'Client 7', 'Client 8', 'Client 9', 'Client 10', 'Client 11', 'Client 12', 'Client 13', 'Client 14', 'Client 15', 'Client 16', 'Client 17', 'Client 18', 'Client 19', 'Client 20', 'Client 21', 'Client 22', 'Client 23', 'Client 24', 'Client 25', 'Client 26', 'Client 27', 'Client 28', 'Client 29', 'Client 30', 'Client 31', 'Client 32', 'Client 33', 'Client 34', 'Client 35', 'Client 36', 'Client 37', 'Client 38', 'Client 39', 'Client 40']}}, 'client_registry': {'enabled': True, 'params': {}}}
client 1, predicted wo:0.7441 vs w:0.7441
client 2, predicted wo:0.7441 vs w:0.7441
client 3, predicted wo:0.7441 vs w:0.7441
client 4, predicted wo:0.7441 vs w:0.7441
client 5, predicted wo:0.7441 vs w:0.7441
client 6, predicted wo:0.7441 vs w:0.7441
client 7, predicted wo:0.7441 vs w:0.7441
client 8, predicted wo:0.7441 vs w:0.7441
client 9, predicted wo:0.7441 vs w:0.7441
client 10, predicted wo:0.7441 vs w:0.7441
client 11, predicted wo:0.7441 vs w:0.7441
client 12, predicted wo:0.7441 vs w:0.7441
client 13, predicted wo:0.7441 vs w:0.7441
client 14, predicted wo:0.7441 vs w:0.7441
client 15, predicted wo:0.7441 vs w:0.7441
client 16, predicted wo:0.7441 vs w:0.7441
client 17, predicted wo:0.7441 vs w:0.7441
client 18, predicted wo:0.7441 vs w:0.7441
client 19, predicted wo:0.7441 vs w:0.7441
client 20, predicted wo:0.7441 vs w:0.7441
client 21, predicted wo:0.7441 vs w:0.7441
client 22, predicted wo:0.7441 vs w:0.7441
client 23, predicted wo:0.7441 vs w:0.7441
client 24, predicted wo:0.7441 vs w:0.7441
client 25, predicted wo:0.7441 vs w:0.7441
client 26, predicted wo:0.7441 vs w:0.7441
client 27, predicted wo:0.7441 vs w:0.7441
client 28, predicted wo:0.7441 vs w:0.7441
client 29, predicted wo:0.7441 vs w:0.7441
client 30, predicted wo:0.7441 vs w:0.7441
client 31, predicted wo:0.7441 vs w:0.7441
client 32, predicted wo:0.7441 vs w:0.7441
client 33, predicted wo:0.7441 vs w:0.7441
client 34, predicted wo:0.7441 vs w:0.7441
client 35, predicted wo:0.7441 vs w:0.7441
client 36, predicted wo:0.7441 vs w:0.7441
client 37, predicted wo:0.7441 vs w:0.7441
client 38, predicted wo:0.7441 vs w:0.7441
client 39, predicted wo:0.7441 vs w:0.7441
client 40, predicted wo:0.7441 vs w:0.7441
heterogeneous_data_handler activated ✅ for clients: ['Client 1', 'Client 2', 'Client 3', 'Client 4', 'Client 5', 'Client 6', 'Client 7', 'Client 8', 'Client 9', 'Client 10', 'Client 11', 'Client 12', 'Client 13', 'Client 14', 'Client 15', 'Client 16', 'Client 17', 'Client 18', 'Client 19', 'Client 20', 'Client 21', 'Client 22', 'Client 23', 'Client 24', 'Client 25', 'Client 26', 'Client 27', 'Client 28', 'Client 29', 'Client 30', 'Client 31', 'Client 32', 'Client 33', 'Client 34', 'Client 35', 'Client 36', 'Client 37', 'Client 38', 'Client 39', 'Client 40']
Results Aggregated in 0.61 seconds.
{'prostate_logreg': {'train_loss': [0.4877358772460883, 0.5272540020775962, 0.5257022777096331, 0.5291364672480983, 0.5276134857576187, 0.5245755589219402, 0.5213277321708768, 0.5168249304337788, 0.5103560487832307, 0.5167840836630186, 0.5097078193763369, 0.5132112880472867, 0.5086824365740927, 0.5113901526901949, 0.5130645019524381, 0.5082223721262714, 0.5104314015653091], 'train_accuracy': [0.8341232227488151, 0.752913752913753, 0.7586750788643533, 0.7647058823529411, 0.7616438356164383, 0.7636643571978445, 0.7716330513988289, 0.7774631936579841, 0.7743407707910751, 0.7721119133574007, 0.774671052631579, 0.7686792452830189, 0.7702984038861902, 0.7665169980756895, 0.765906362545018, 0.7709152161706906, 0.7668954593453009], 'train_f1': [0.7007553268216775, 0.625126314593841, 0.6887198215130004, 0.7183054567608526, 0.7370151168503586, 0.7383760236290628, 0.7561356818085011, 0.7631385802679722, 0.7692827205064334, 0.7676657865461541, 0.770914623146708, 0.7646400366507302, 0.7662757567175206, 0.7628573954481987, 0.7623781997539629, 0.7681060307800601, 0.7641965323240596], 'train_mae': [0.16587677725118483, 0.24708624708624707, 0.24132492113564669, 0.23529411764705882, 0.23835616438356164, 0.2363356428021555, 0.2283669486011711, 0.22253680634201586, 0.22565922920892495, 0.22788808664259927, 0.22532894736842105, 0.23132075471698113, 0.22970159611380986, 0.23348300192431046, 0.234093637454982, 0.22908478382930939, 0.23310454065469904], 'val_loss': [0.6588451546891982, 0.637299347444897, 0.6204497630911886, 0.6069724935943575, 0.5962983428488016, 0.58898729532569, 0.5836827947575502, 0.578124800896559, 0.5736544056223088, 0.5687985180130531, 0.5651375795455568, 0.5615797282075621, 0.558704222362974, 0.5564016484123763, 0.5540725899602544, 0.5516957781968628, 0.5498282388031781], 'val_accuracy': [0.615680985513092, 0.6396555572087487, 0.6578237913059042, 0.6748018356278681, 0.6869887302049937, 0.694520198297654, 0.7010917463789182, 0.7078142695356738, 0.7118902219728684, 0.7155383477993701, 0.7179422125793206, 0.7196587715776797, 0.7231686279721037, 0.7264851991866035, 0.7281630737401343, 0.73024010337646, 0.7313782980221228], 'val_f1': [0.6130139991380634, 0.6386486484067284, 0.6574155528452614, 0.6745922150005116, 0.6865631966530977, 0.6937288228537822, 0.6999521715163708, 0.7063164899813182, 0.7099552626884678, 0.7131248925127347, 0.7150966279967297, 0.7164472873992004, 0.7194780539983789, 0.7224254548656475, 0.7237573374629601, 0.7255803832855322, 0.7265629388423015], 'val_mae': [0.38431901448690803, 0.3603444427912513, 0.3421762086940958, 0.3251981643721318, 0.31301126979500626, 0.30547980170234607, 0.29890825362108187, 0.29218573046432617, 0.2881097780271316, 0.28446165220062986, 0.28205778742067933, 0.28034122842232034, 0.2768313720278963, 0.27351480081339646, 0.27183692625986566, 0.26975989662354005, 0.26862170197787716], 'jsd': [(0.0207208396239082, 0.31127812445913283, 0.31127812445913283, 0.31127812445913283, 0.11009182675183558, 0.31127812445913283, 0.31127812445913283, 0.31127812445913283, 0.0037024515418363386, 0.31127812445913283, 0.31127812445913283, 0.31127812445913283, 0.31127812445913283, 0.31127812445913283, 0.31127812445913283, 0.31127812445913283, 0.31127812445913283, 0.07310400793180982, 0.31127812445913283, 0.07310400793180982, 0.31127812445913283, 0.31127812445913283, 0.0037024515418363386, 0.31127812445913283, 0.31127812445913283, 0.31127812445913283, 0, 0.31127812445913283, 0.11009182675183558, 0.31127812445913283, 0.07310400793180982, 0.31127812445913283, 0.0487949406953985, 0.31127812445913283, 0.31127812445913283, 0.31127812445913283, 0.0350583482647871, 0.31127812445913283, 0.31127812445913283, 0.31127812445913283), (0, 0.31127812445913283, 0.31127812445913283, 0.31127812445913283, 0, 0, 0.31127812445913283, 0.07310400793180982, 0, 0.1711038312803313, 0.31127812445913283, 0, 0, 0, 0.31127812445913283, 0.31127812445913283, 0.31127812445913283, 0, 0.31127812445913283, 0, 0, 0, 0, 0.31127812445913283, 0.31127812445913283, 0, 0.12425601093475921, 0.31127812445913283, 0.17750440524619315, 0, 0, 0.31127812445913283, 0.31127812445913283, 0, 0, 0.16395604408354778, 0, 0.31127812445913283, 0.31127812445913283, 0.16395604408354778), (0, 0.16395604408354778, 0.31127812445913283, 0, 0, 0.18850340411986471, 0, 0.11009182675183558, 0, 0, 0, 0.1711038312803313, 0, 0, 0, 0.31127812445913283, 0, 0, 0, 0, 0.31127812445913283, 0, 0, 0.31127812445913283, 0.31127812445913283, 0, 0, 0, 0.2087803925185126, 0, 0, 0.20534969973663775, 0, 0, 0.16395604408354778, 0, 0, 0, 0.31127812445913283, 0), (0, 0.31127812445913283, 0.2087803925185126, 0, 0, 0, 0, 0, 0, 0, 0, 0.19326958066820893, 0, 0, 0, 0, 0, 0, 0, 0, 0, 0, 0, 0.2292798117148899, 0, 0, 0, 0, 0, 0, 0, 0.2227619806994962, 0, 0, 0, 0, 0, 0, 0.2227619806994962, 0), (0, 0, 0.2227619806994962, 0, 0, 0, 0, 0, 0, 0, 0, 0, 0, 0, 0, 0, 0, 0, 0, 0, 0, 0, 0, 0, 0, 0, 0, 0, 0, 0, 0, 0.23646636812449032, 0, 0, 0, 0, 0, 0, 0, 0), (0, 0, 0.23305878051279882, 0, 0, 0, 0, 0, 0, 0, 0, 0, 0, 0, 0, 0, 0, 0, 0, 0, 0, 0, 0, 0, 0, 0, 0, 0, 0, 0, 0, 0.24616505675524458, 0, 0, 0, 0, 0, 0, 0, 0), (0, 0, 0.24237412989240623, 0, 0, 0, 0, 0, 0, 0, 0, 0, 0, 0, 0, 0, 0, 0, 0, 0, 0, 0, 0, 0, 0, 0, 0, 0, 0, 0, 0, 0, 0, 0, 0, 0, 0, 0, 0, 0), (0, 0, 0.24844401300050659, 0, 0, 0, 0, 0, 0, 0, 0, 0, 0, 0, 0, 0, 0, 0, 0, 0, 0, 0, 0, 0, 0, 0, 0, 0, 0, 0, 0, 0, 0, 0, 0, 0, 0, 0, 0, 0), (0, 0, 0, 0, 0, 0, 0, 0, 0, 0, 0, 0, 0, 0, 0, 0, 0, 0, 0, 0, 0, 0, 0, 0, 0, 0, 0, 0, 0, 0, 0, 0, 0, 0, 0, 0, 0, 0, 0, 0), (0, 0, 0, 0, 0, 0, 0, 0, 0, 0, 0, 0, 0, 0, 0, 0, 0, 0, 0, 0, 0, 0, 0, 0, 0, 0, 0, 0, 0, 0, 0, 0, 0, 0, 0, 0, 0, 0, 0, 0), (0, 0, 0, 0, 0, 0, 0, 0, 0, 0, 0, 0, 0, 0, 0, 0, 0, 0, 0, 0, 0, 0, 0, 0, 0, 0, 0, 0, 0, 0, 0, 0, 0, 0, 0, 0, 0, 0, 0, 0), (0, 0, 0, 0, 0, 0, 0, 0, 0, 0, 0, 0, 0, 0, 0, 0, 0, 0, 0, 0, 0, 0, 0, 0, 0, 0, 0, 0, 0, 0, 0, 0, 0, 0, 0, 0, 0, 0, 0, 0), (0, 0, 0, 0, 0, 0, 0, 0, 0, 0, 0, 0, 0, 0, 0, 0, 0, 0, 0, 0, 0, 0, 0, 0, 0, 0, 0, 0, 0, 0, 0, 0, 0, 0, 0, 0, 0, 0, 0, 0), (0, 0, 0, 0, 0, 0, 0, 0, 0, 0, 0, 0, 0, 0, 0, 0, 0, 0, 0, 0, 0, 0, 0, 0, 0, 0, 0, 0, 0, 0, 0, 0, 0, 0, 0, 0, 0, 0, 0, 0), (0, 0, 0, 0, 0, 0, 0, 0, 0, 0, 0, 0, 0, 0, 0, 0, 0, 0, 0, 0, 0, 0, 0, 0, 0, 0, 0, 0, 0, 0, 0, 0, 0, 0, 0, 0, 0, 0, 0, 0), (0, 0, 0, 0, 0, 0, 0, 0, 0, 0, 0, 0, 0, 0, 0, 0, 0, 0, 0, 0, 0, 0, 0, 0, 0, 0, 0, 0, 0, 0, 0, 0, 0, 0, 0, 0, 0, 0, 0, 0), (0, 0, 0, 0, 0, 0, 0, 0, 0, 0, 0, 0, 0, 0, 0, 0, 0, 0, 0, 0, 0, 0, 0, 0, 0, 0, 0, 0, 0, 0, 0, 0, 0, 0, 0, 0, 0, 0, 0, 0)]}}
AdaptationManager: Configuring next round...
{'client_registry': {'enabled': True, 'params': {}}, 'client_selector': {'enabled': False, 'params': {}}, 'client_cluster': {'enabled': False, 'params': {}}, 'message_compressor': {'enabled': False, 'params': {}}, 'model_co-versioning_registry': {'enabled': False, 'params': {}}, 'multi-task_model_trainer': {'enabled': False, 'params': {}}, 'heterogeneous_data_handler': {'enabled': True, 'params': {'enabled_clients': []}}}
{'client_selector': {'enabled': False}, 'client_cluster': {'enabled': False}, 'message_compressor': {'enabled': False}, 'model_co-versioning_registry': {'enabled': False}, 'multi-task_model_trainer': {'enabled': False}, 'heterogeneous_data_handler': {'enabled': True, 'params': {'enabled_clients': ['Client 1', 'Client 2', 'Client 3', 'Client 4', 'Client 5', 'Client 6', 'Client 7', 'Client 8', 'Client 9', 'Client 10', 'Client 11', 'Client 12', 'Client 13', 'Client 14', 'Client 15', 'Client 16', 'Client 17', 'Client 18', 'Client 19', 'Client 20', 'Client 21', 'Client 22', 'Client 23', 'Client 24', 'Client 25', 'Client 26', 'Client 27', 'Client 28', 'Client 29', 'Client 30', 'Client 31', 'Client 32', 'Client 33', 'Client 34', 'Client 35', 'Client 36', 'Client 37', 'Client 38', 'Client 39', 'Client 40']}}, 'client_registry': {'enabled': True, 'params': {}}}
client 1, predicted wo:0.7441 vs w:0.7441
client 2, predicted wo:0.7441 vs w:0.7441
client 3, predicted wo:0.7441 vs w:0.7441
client 4, predicted wo:0.7441 vs w:0.7441
client 5, predicted wo:0.7441 vs w:0.7441
client 6, predicted wo:0.7441 vs w:0.7441
client 7, predicted wo:0.7441 vs w:0.7441
client 8, predicted wo:0.7441 vs w:0.7441
client 9, predicted wo:0.7441 vs w:0.7441
client 10, predicted wo:0.7441 vs w:0.7441
client 11, predicted wo:0.7441 vs w:0.7441
client 12, predicted wo:0.7441 vs w:0.7441
client 13, predicted wo:0.7441 vs w:0.7441
client 14, predicted wo:0.7441 vs w:0.7441
client 15, predicted wo:0.7441 vs w:0.7441
client 16, predicted wo:0.7441 vs w:0.7441
client 17, predicted wo:0.7441 vs w:0.7441
client 18, predicted wo:0.7441 vs w:0.7441
client 19, predicted wo:0.7441 vs w:0.7441
client 20, predicted wo:0.7441 vs w:0.7441
client 21, predicted wo:0.7441 vs w:0.7441
client 22, predicted wo:0.7441 vs w:0.7441
client 23, predicted wo:0.7441 vs w:0.7441
client 24, predicted wo:0.7441 vs w:0.7441
client 25, predicted wo:0.7441 vs w:0.7441
client 26, predicted wo:0.7441 vs w:0.7441
client 27, predicted wo:0.7441 vs w:0.7441
client 28, predicted wo:0.7441 vs w:0.7441
client 29, predicted wo:0.7441 vs w:0.7441
client 30, predicted wo:0.7441 vs w:0.7441
client 31, predicted wo:0.7441 vs w:0.7441
client 32, predicted wo:0.7441 vs w:0.7441
client 33, predicted wo:0.7441 vs w:0.7441
client 34, predicted wo:0.7441 vs w:0.7441
client 35, predicted wo:0.7441 vs w:0.7441
client 36, predicted wo:0.7441 vs w:0.7441
client 37, predicted wo:0.7441 vs w:0.7441
client 38, predicted wo:0.7441 vs w:0.7441
client 39, predicted wo:0.7441 vs w:0.7441
client 40, predicted wo:0.7441 vs w:0.7441
heterogeneous_data_handler activated ✅ for clients: ['Client 1', 'Client 2', 'Client 3', 'Client 4', 'Client 5', 'Client 6', 'Client 7', 'Client 8', 'Client 9', 'Client 10', 'Client 11', 'Client 12', 'Client 13', 'Client 14', 'Client 15', 'Client 16', 'Client 17', 'Client 18', 'Client 19', 'Client 20', 'Client 21', 'Client 22', 'Client 23', 'Client 24', 'Client 25', 'Client 26', 'Client 27', 'Client 28', 'Client 29', 'Client 30', 'Client 31', 'Client 32', 'Client 33', 'Client 34', 'Client 35', 'Client 36', 'Client 37', 'Client 38', 'Client 39', 'Client 40']
Results Aggregated in 0.60 seconds.
{'prostate_logreg': {'train_loss': [0.4877358772460883, 0.5272540020775962, 0.5257022777096331, 0.5291364672480983, 0.5276134857576187, 0.5245755589219402, 0.5213277321708768, 0.5168249304337788, 0.5103560487832307, 0.5167840836630186, 0.5097078193763369, 0.5132112880472867, 0.5086824365740927, 0.5113901526901949, 0.5130645019524381, 0.5082223721262714, 0.5104314015653091, 0.506701344949799], 'train_accuracy': [0.8341232227488151, 0.752913752913753, 0.7586750788643533, 0.7647058823529411, 0.7616438356164383, 0.7636643571978445, 0.7716330513988289, 0.7774631936579841, 0.7743407707910751, 0.7721119133574007, 0.774671052631579, 0.7686792452830189, 0.7702984038861902, 0.7665169980756895, 0.765906362545018, 0.7709152161706906, 0.7668954593453009, 0.772977022977023], 'train_f1': [0.7007553268216775, 0.625126314593841, 0.6887198215130004, 0.7183054567608526, 0.7370151168503586, 0.7383760236290628, 0.7561356818085011, 0.7631385802679722, 0.7692827205064334, 0.7676657865461541, 0.770914623146708, 0.7646400366507302, 0.7662757567175206, 0.7628573954481987, 0.7623781997539629, 0.7681060307800601, 0.7641965323240596, 0.7707158052161461], 'train_mae': [0.16587677725118483, 0.24708624708624707, 0.24132492113564669, 0.23529411764705882, 0.23835616438356164, 0.2363356428021555, 0.2283669486011711, 0.22253680634201586, 0.22565922920892495, 0.22788808664259927, 0.22532894736842105, 0.23132075471698113, 0.22970159611380986, 0.23348300192431046, 0.234093637454982, 0.22908478382930939, 0.23310454065469904, 0.22702297702297702], 'val_loss': [0.6588451546891982, 0.637299347444897, 0.6204497630911886, 0.6069724935943575, 0.5962983428488016, 0.58898729532569, 0.5836827947575502, 0.578124800896559, 0.5736544056223088, 0.5687985180130531, 0.5651375795455568, 0.5615797282075621, 0.558704222362974, 0.5564016484123763, 0.5540725899602544, 0.5516957781968628, 0.5498282388031781, 0.5482075130720898], 'val_accuracy': [0.615680985513092, 0.6396555572087487, 0.6578237913059042, 0.6748018356278681, 0.6869887302049937, 0.694520198297654, 0.7010917463789182, 0.7078142695356738, 0.7118902219728684, 0.7155383477993701, 0.7179422125793206, 0.7196587715776797, 0.7231686279721037, 0.7264851991866035, 0.7281630737401343, 0.73024010337646, 0.7313782980221228, 0.7327853883704948], 'val_f1': [0.6130139991380634, 0.6386486484067284, 0.6574155528452614, 0.6745922150005116, 0.6865631966530977, 0.6937288228537822, 0.6999521715163708, 0.7063164899813182, 0.7099552626884678, 0.7131248925127347, 0.7150966279967297, 0.7164472873992004, 0.7194780539983789, 0.7224254548656475, 0.7237573374629601, 0.7255803832855322, 0.7265629388423015, 0.7278058788252126], 'val_mae': [0.38431901448690803, 0.3603444427912513, 0.3421762086940958, 0.3251981643721318, 0.31301126979500626, 0.30547980170234607, 0.29890825362108187, 0.29218573046432617, 0.2881097780271316, 0.28446165220062986, 0.28205778742067933, 0.28034122842232034, 0.2768313720278963, 0.27351480081339646, 0.27183692625986566, 0.26975989662354005, 0.26862170197787716, 0.2672146116295052], 'jsd': [(0.0207208396239082, 0.31127812445913283, 0.31127812445913283, 0.31127812445913283, 0.11009182675183558, 0.31127812445913283, 0.31127812445913283, 0.31127812445913283, 0.0037024515418363386, 0.31127812445913283, 0.31127812445913283, 0.31127812445913283, 0.31127812445913283, 0.31127812445913283, 0.31127812445913283, 0.31127812445913283, 0.31127812445913283, 0.07310400793180982, 0.31127812445913283, 0.07310400793180982, 0.31127812445913283, 0.31127812445913283, 0.0037024515418363386, 0.31127812445913283, 0.31127812445913283, 0.31127812445913283, 0, 0.31127812445913283, 0.11009182675183558, 0.31127812445913283, 0.07310400793180982, 0.31127812445913283, 0.0487949406953985, 0.31127812445913283, 0.31127812445913283, 0.31127812445913283, 0.0350583482647871, 0.31127812445913283, 0.31127812445913283, 0.31127812445913283), (0, 0.31127812445913283, 0.31127812445913283, 0.31127812445913283, 0, 0, 0.31127812445913283, 0.07310400793180982, 0, 0.1711038312803313, 0.31127812445913283, 0, 0, 0, 0.31127812445913283, 0.31127812445913283, 0.31127812445913283, 0, 0.31127812445913283, 0, 0, 0, 0, 0.31127812445913283, 0.31127812445913283, 0, 0.12425601093475921, 0.31127812445913283, 0.17750440524619315, 0, 0, 0.31127812445913283, 0.31127812445913283, 0, 0, 0.16395604408354778, 0, 0.31127812445913283, 0.31127812445913283, 0.16395604408354778), (0, 0.16395604408354778, 0.31127812445913283, 0, 0, 0.18850340411986471, 0, 0.11009182675183558, 0, 0, 0, 0.1711038312803313, 0, 0, 0, 0.31127812445913283, 0, 0, 0, 0, 0.31127812445913283, 0, 0, 0.31127812445913283, 0.31127812445913283, 0, 0, 0, 0.2087803925185126, 0, 0, 0.20534969973663775, 0, 0, 0.16395604408354778, 0, 0, 0, 0.31127812445913283, 0), (0, 0.31127812445913283, 0.2087803925185126, 0, 0, 0, 0, 0, 0, 0, 0, 0.19326958066820893, 0, 0, 0, 0, 0, 0, 0, 0, 0, 0, 0, 0.2292798117148899, 0, 0, 0, 0, 0, 0, 0, 0.2227619806994962, 0, 0, 0, 0, 0, 0, 0.2227619806994962, 0), (0, 0, 0.2227619806994962, 0, 0, 0, 0, 0, 0, 0, 0, 0, 0, 0, 0, 0, 0, 0, 0, 0, 0, 0, 0, 0, 0, 0, 0, 0, 0, 0, 0, 0.23646636812449032, 0, 0, 0, 0, 0, 0, 0, 0), (0, 0, 0.23305878051279882, 0, 0, 0, 0, 0, 0, 0, 0, 0, 0, 0, 0, 0, 0, 0, 0, 0, 0, 0, 0, 0, 0, 0, 0, 0, 0, 0, 0, 0.24616505675524458, 0, 0, 0, 0, 0, 0, 0, 0), (0, 0, 0.24237412989240623, 0, 0, 0, 0, 0, 0, 0, 0, 0, 0, 0, 0, 0, 0, 0, 0, 0, 0, 0, 0, 0, 0, 0, 0, 0, 0, 0, 0, 0, 0, 0, 0, 0, 0, 0, 0, 0), (0, 0, 0.24844401300050659, 0, 0, 0, 0, 0, 0, 0, 0, 0, 0, 0, 0, 0, 0, 0, 0, 0, 0, 0, 0, 0, 0, 0, 0, 0, 0, 0, 0, 0, 0, 0, 0, 0, 0, 0, 0, 0), (0, 0, 0, 0, 0, 0, 0, 0, 0, 0, 0, 0, 0, 0, 0, 0, 0, 0, 0, 0, 0, 0, 0, 0, 0, 0, 0, 0, 0, 0, 0, 0, 0, 0, 0, 0, 0, 0, 0, 0), (0, 0, 0, 0, 0, 0, 0, 0, 0, 0, 0, 0, 0, 0, 0, 0, 0, 0, 0, 0, 0, 0, 0, 0, 0, 0, 0, 0, 0, 0, 0, 0, 0, 0, 0, 0, 0, 0, 0, 0), (0, 0, 0, 0, 0, 0, 0, 0, 0, 0, 0, 0, 0, 0, 0, 0, 0, 0, 0, 0, 0, 0, 0, 0, 0, 0, 0, 0, 0, 0, 0, 0, 0, 0, 0, 0, 0, 0, 0, 0), (0, 0, 0, 0, 0, 0, 0, 0, 0, 0, 0, 0, 0, 0, 0, 0, 0, 0, 0, 0, 0, 0, 0, 0, 0, 0, 0, 0, 0, 0, 0, 0, 0, 0, 0, 0, 0, 0, 0, 0), (0, 0, 0, 0, 0, 0, 0, 0, 0, 0, 0, 0, 0, 0, 0, 0, 0, 0, 0, 0, 0, 0, 0, 0, 0, 0, 0, 0, 0, 0, 0, 0, 0, 0, 0, 0, 0, 0, 0, 0), (0, 0, 0, 0, 0, 0, 0, 0, 0, 0, 0, 0, 0, 0, 0, 0, 0, 0, 0, 0, 0, 0, 0, 0, 0, 0, 0, 0, 0, 0, 0, 0, 0, 0, 0, 0, 0, 0, 0, 0), (0, 0, 0, 0, 0, 0, 0, 0, 0, 0, 0, 0, 0, 0, 0, 0, 0, 0, 0, 0, 0, 0, 0, 0, 0, 0, 0, 0, 0, 0, 0, 0, 0, 0, 0, 0, 0, 0, 0, 0), (0, 0, 0, 0, 0, 0, 0, 0, 0, 0, 0, 0, 0, 0, 0, 0, 0, 0, 0, 0, 0, 0, 0, 0, 0, 0, 0, 0, 0, 0, 0, 0, 0, 0, 0, 0, 0, 0, 0, 0), (0, 0, 0, 0, 0, 0, 0, 0, 0, 0, 0, 0, 0, 0, 0, 0, 0, 0, 0, 0, 0, 0, 0, 0, 0, 0, 0, 0, 0, 0, 0, 0, 0, 0, 0, 0, 0, 0, 0, 0), (0, 0, 0, 0, 0, 0, 0, 0, 0, 0, 0, 0, 0, 0, 0, 0, 0, 0, 0, 0, 0, 0, 0, 0, 0, 0, 0, 0, 0, 0, 0, 0, 0, 0, 0, 0, 0, 0, 0, 0)]}}
AdaptationManager: Configuring next round...
{'client_registry': {'enabled': True, 'params': {}}, 'client_selector': {'enabled': False, 'params': {}}, 'client_cluster': {'enabled': False, 'params': {}}, 'message_compressor': {'enabled': False, 'params': {}}, 'model_co-versioning_registry': {'enabled': False, 'params': {}}, 'multi-task_model_trainer': {'enabled': False, 'params': {}}, 'heterogeneous_data_handler': {'enabled': True, 'params': {'enabled_clients': []}}}
{'client_selector': {'enabled': False}, 'client_cluster': {'enabled': False}, 'message_compressor': {'enabled': False}, 'model_co-versioning_registry': {'enabled': False}, 'multi-task_model_trainer': {'enabled': False}, 'heterogeneous_data_handler': {'enabled': True, 'params': {'enabled_clients': ['Client 1', 'Client 2', 'Client 3', 'Client 4', 'Client 5', 'Client 6', 'Client 7', 'Client 8', 'Client 9', 'Client 10', 'Client 11', 'Client 12', 'Client 13', 'Client 14', 'Client 15', 'Client 16', 'Client 17', 'Client 18', 'Client 19', 'Client 20', 'Client 21', 'Client 22', 'Client 23', 'Client 24', 'Client 25', 'Client 26', 'Client 27', 'Client 28', 'Client 29', 'Client 30', 'Client 31', 'Client 32', 'Client 33', 'Client 34', 'Client 35', 'Client 36', 'Client 37', 'Client 38', 'Client 39', 'Client 40']}}, 'client_registry': {'enabled': True, 'params': {}}}
client 1, predicted wo:0.7441 vs w:0.7441
client 2, predicted wo:0.7441 vs w:0.7441
client 3, predicted wo:0.7441 vs w:0.7441
client 4, predicted wo:0.7441 vs w:0.7441
client 5, predicted wo:0.7441 vs w:0.7441
client 6, predicted wo:0.7441 vs w:0.7441
client 7, predicted wo:0.7441 vs w:0.7441
client 8, predicted wo:0.7441 vs w:0.7441
client 9, predicted wo:0.7441 vs w:0.7441
client 10, predicted wo:0.7441 vs w:0.7441
client 11, predicted wo:0.7441 vs w:0.7441
client 12, predicted wo:0.7441 vs w:0.7441
client 13, predicted wo:0.7441 vs w:0.7441
client 14, predicted wo:0.7441 vs w:0.7441
client 15, predicted wo:0.7441 vs w:0.7441
client 16, predicted wo:0.7441 vs w:0.7441
client 17, predicted wo:0.7441 vs w:0.7441
client 18, predicted wo:0.7441 vs w:0.7441
client 19, predicted wo:0.7441 vs w:0.7441
client 20, predicted wo:0.7441 vs w:0.7441
client 21, predicted wo:0.7441 vs w:0.7441
client 22, predicted wo:0.7441 vs w:0.7441
client 23, predicted wo:0.7441 vs w:0.7441
client 24, predicted wo:0.7441 vs w:0.7441
client 25, predicted wo:0.7441 vs w:0.7441
client 26, predicted wo:0.7441 vs w:0.7441
client 27, predicted wo:0.7441 vs w:0.7441
client 28, predicted wo:0.7441 vs w:0.7441
client 29, predicted wo:0.7441 vs w:0.7441
client 30, predicted wo:0.7441 vs w:0.7441
client 31, predicted wo:0.7441 vs w:0.7441
client 32, predicted wo:0.7441 vs w:0.7441
client 33, predicted wo:0.7441 vs w:0.7441
client 34, predicted wo:0.7441 vs w:0.7441
client 35, predicted wo:0.7441 vs w:0.7441
client 36, predicted wo:0.7441 vs w:0.7441
client 37, predicted wo:0.7441 vs w:0.7441
client 38, predicted wo:0.7441 vs w:0.7441
client 39, predicted wo:0.7441 vs w:0.7441
client 40, predicted wo:0.7441 vs w:0.7441
heterogeneous_data_handler activated ✅ for clients: ['Client 1', 'Client 2', 'Client 3', 'Client 4', 'Client 5', 'Client 6', 'Client 7', 'Client 8', 'Client 9', 'Client 10', 'Client 11', 'Client 12', 'Client 13', 'Client 14', 'Client 15', 'Client 16', 'Client 17', 'Client 18', 'Client 19', 'Client 20', 'Client 21', 'Client 22', 'Client 23', 'Client 24', 'Client 25', 'Client 26', 'Client 27', 'Client 28', 'Client 29', 'Client 30', 'Client 31', 'Client 32', 'Client 33', 'Client 34', 'Client 35', 'Client 36', 'Client 37', 'Client 38', 'Client 39', 'Client 40']
Results Aggregated in 0.54 seconds.
{'prostate_logreg': {'train_loss': [0.4877358772460883, 0.5272540020775962, 0.5257022777096331, 0.5291364672480983, 0.5276134857576187, 0.5245755589219402, 0.5213277321708768, 0.5168249304337788, 0.5103560487832307, 0.5167840836630186, 0.5097078193763369, 0.5132112880472867, 0.5086824365740927, 0.5113901526901949, 0.5130645019524381, 0.5082223721262714, 0.5104314015653091, 0.506701344949799, 0.4984343276660775], 'train_accuracy': [0.8341232227488151, 0.752913752913753, 0.7586750788643533, 0.7647058823529411, 0.7616438356164383, 0.7636643571978445, 0.7716330513988289, 0.7774631936579841, 0.7743407707910751, 0.7721119133574007, 0.774671052631579, 0.7686792452830189, 0.7702984038861902, 0.7665169980756895, 0.765906362545018, 0.7709152161706906, 0.7668954593453009, 0.772977022977023, 0.7784869976359338], 'train_f1': [0.7007553268216775, 0.625126314593841, 0.6887198215130004, 0.7183054567608526, 0.7370151168503586, 0.7383760236290628, 0.7561356818085011, 0.7631385802679722, 0.7692827205064334, 0.7676657865461541, 0.770914623146708, 0.7646400366507302, 0.7662757567175206, 0.7628573954481987, 0.7623781997539629, 0.7681060307800601, 0.7641965323240596, 0.7707158052161461, 0.7766260718549114], 'train_mae': [0.16587677725118483, 0.24708624708624707, 0.24132492113564669, 0.23529411764705882, 0.23835616438356164, 0.2363356428021555, 0.2283669486011711, 0.22253680634201586, 0.22565922920892495, 0.22788808664259927, 0.22532894736842105, 0.23132075471698113, 0.22970159611380986, 0.23348300192431046, 0.234093637454982, 0.22908478382930939, 0.23310454065469904, 0.22702297702297702, 0.22151300236406618], 'val_loss': [0.6588451546891982, 0.637299347444897, 0.6204497630911886, 0.6069724935943575, 0.5962983428488016, 0.58898729532569, 0.5836827947575502, 0.578124800896559, 0.5736544056223088, 0.5687985180130531, 0.5651375795455568, 0.5615797282075621, 0.558704222362974, 0.5564016484123763, 0.5540725899602544, 0.5516957781968628, 0.5498282388031781, 0.5482075130720898, 0.5467177855087642], 'val_accuracy': [0.615680985513092, 0.6396555572087487, 0.6578237913059042, 0.6748018356278681, 0.6869887302049937, 0.694520198297654, 0.7010917463789182, 0.7078142695356738, 0.7118902219728684, 0.7155383477993701, 0.7179422125793206, 0.7196587715776797, 0.7231686279721037, 0.7264851991866035, 0.7281630737401343, 0.73024010337646, 0.7313782980221228, 0.7327853883704948, 0.7345870429052864], 'val_f1': [0.6130139991380634, 0.6386486484067284, 0.6574155528452614, 0.6745922150005116, 0.6865631966530977, 0.6937288228537822, 0.6999521715163708, 0.7063164899813182, 0.7099552626884678, 0.7131248925127347, 0.7150966279967297, 0.7164472873992004, 0.7194780539983789, 0.7224254548656475, 0.7237573374629601, 0.7255803832855322, 0.7265629388423015, 0.7278058788252126, 0.7293998857087935], 'val_mae': [0.38431901448690803, 0.3603444427912513, 0.3421762086940958, 0.3251981643721318, 0.31301126979500626, 0.30547980170234607, 0.29890825362108187, 0.29218573046432617, 0.2881097780271316, 0.28446165220062986, 0.28205778742067933, 0.28034122842232034, 0.2768313720278963, 0.27351480081339646, 0.27183692625986566, 0.26975989662354005, 0.26862170197787716, 0.2672146116295052, 0.2654129570947135], 'jsd': [(0.0207208396239082, 0.31127812445913283, 0.31127812445913283, 0.31127812445913283, 0.11009182675183558, 0.31127812445913283, 0.31127812445913283, 0.31127812445913283, 0.0037024515418363386, 0.31127812445913283, 0.31127812445913283, 0.31127812445913283, 0.31127812445913283, 0.31127812445913283, 0.31127812445913283, 0.31127812445913283, 0.31127812445913283, 0.07310400793180982, 0.31127812445913283, 0.07310400793180982, 0.31127812445913283, 0.31127812445913283, 0.0037024515418363386, 0.31127812445913283, 0.31127812445913283, 0.31127812445913283, 0, 0.31127812445913283, 0.11009182675183558, 0.31127812445913283, 0.07310400793180982, 0.31127812445913283, 0.0487949406953985, 0.31127812445913283, 0.31127812445913283, 0.31127812445913283, 0.0350583482647871, 0.31127812445913283, 0.31127812445913283, 0.31127812445913283), (0, 0.31127812445913283, 0.31127812445913283, 0.31127812445913283, 0, 0, 0.31127812445913283, 0.07310400793180982, 0, 0.1711038312803313, 0.31127812445913283, 0, 0, 0, 0.31127812445913283, 0.31127812445913283, 0.31127812445913283, 0, 0.31127812445913283, 0, 0, 0, 0, 0.31127812445913283, 0.31127812445913283, 0, 0.12425601093475921, 0.31127812445913283, 0.17750440524619315, 0, 0, 0.31127812445913283, 0.31127812445913283, 0, 0, 0.16395604408354778, 0, 0.31127812445913283, 0.31127812445913283, 0.16395604408354778), (0, 0.16395604408354778, 0.31127812445913283, 0, 0, 0.18850340411986471, 0, 0.11009182675183558, 0, 0, 0, 0.1711038312803313, 0, 0, 0, 0.31127812445913283, 0, 0, 0, 0, 0.31127812445913283, 0, 0, 0.31127812445913283, 0.31127812445913283, 0, 0, 0, 0.2087803925185126, 0, 0, 0.20534969973663775, 0, 0, 0.16395604408354778, 0, 0, 0, 0.31127812445913283, 0), (0, 0.31127812445913283, 0.2087803925185126, 0, 0, 0, 0, 0, 0, 0, 0, 0.19326958066820893, 0, 0, 0, 0, 0, 0, 0, 0, 0, 0, 0, 0.2292798117148899, 0, 0, 0, 0, 0, 0, 0, 0.2227619806994962, 0, 0, 0, 0, 0, 0, 0.2227619806994962, 0), (0, 0, 0.2227619806994962, 0, 0, 0, 0, 0, 0, 0, 0, 0, 0, 0, 0, 0, 0, 0, 0, 0, 0, 0, 0, 0, 0, 0, 0, 0, 0, 0, 0, 0.23646636812449032, 0, 0, 0, 0, 0, 0, 0, 0), (0, 0, 0.23305878051279882, 0, 0, 0, 0, 0, 0, 0, 0, 0, 0, 0, 0, 0, 0, 0, 0, 0, 0, 0, 0, 0, 0, 0, 0, 0, 0, 0, 0, 0.24616505675524458, 0, 0, 0, 0, 0, 0, 0, 0), (0, 0, 0.24237412989240623, 0, 0, 0, 0, 0, 0, 0, 0, 0, 0, 0, 0, 0, 0, 0, 0, 0, 0, 0, 0, 0, 0, 0, 0, 0, 0, 0, 0, 0, 0, 0, 0, 0, 0, 0, 0, 0), (0, 0, 0.24844401300050659, 0, 0, 0, 0, 0, 0, 0, 0, 0, 0, 0, 0, 0, 0, 0, 0, 0, 0, 0, 0, 0, 0, 0, 0, 0, 0, 0, 0, 0, 0, 0, 0, 0, 0, 0, 0, 0), (0, 0, 0, 0, 0, 0, 0, 0, 0, 0, 0, 0, 0, 0, 0, 0, 0, 0, 0, 0, 0, 0, 0, 0, 0, 0, 0, 0, 0, 0, 0, 0, 0, 0, 0, 0, 0, 0, 0, 0), (0, 0, 0, 0, 0, 0, 0, 0, 0, 0, 0, 0, 0, 0, 0, 0, 0, 0, 0, 0, 0, 0, 0, 0, 0, 0, 0, 0, 0, 0, 0, 0, 0, 0, 0, 0, 0, 0, 0, 0), (0, 0, 0, 0, 0, 0, 0, 0, 0, 0, 0, 0, 0, 0, 0, 0, 0, 0, 0, 0, 0, 0, 0, 0, 0, 0, 0, 0, 0, 0, 0, 0, 0, 0, 0, 0, 0, 0, 0, 0), (0, 0, 0, 0, 0, 0, 0, 0, 0, 0, 0, 0, 0, 0, 0, 0, 0, 0, 0, 0, 0, 0, 0, 0, 0, 0, 0, 0, 0, 0, 0, 0, 0, 0, 0, 0, 0, 0, 0, 0), (0, 0, 0, 0, 0, 0, 0, 0, 0, 0, 0, 0, 0, 0, 0, 0, 0, 0, 0, 0, 0, 0, 0, 0, 0, 0, 0, 0, 0, 0, 0, 0, 0, 0, 0, 0, 0, 0, 0, 0), (0, 0, 0, 0, 0, 0, 0, 0, 0, 0, 0, 0, 0, 0, 0, 0, 0, 0, 0, 0, 0, 0, 0, 0, 0, 0, 0, 0, 0, 0, 0, 0, 0, 0, 0, 0, 0, 0, 0, 0), (0, 0, 0, 0, 0, 0, 0, 0, 0, 0, 0, 0, 0, 0, 0, 0, 0, 0, 0, 0, 0, 0, 0, 0, 0, 0, 0, 0, 0, 0, 0, 0, 0, 0, 0, 0, 0, 0, 0, 0), (0, 0, 0, 0, 0, 0, 0, 0, 0, 0, 0, 0, 0, 0, 0, 0, 0, 0, 0, 0, 0, 0, 0, 0, 0, 0, 0, 0, 0, 0, 0, 0, 0, 0, 0, 0, 0, 0, 0, 0), (0, 0, 0, 0, 0, 0, 0, 0, 0, 0, 0, 0, 0, 0, 0, 0, 0, 0, 0, 0, 0, 0, 0, 0, 0, 0, 0, 0, 0, 0, 0, 0, 0, 0, 0, 0, 0, 0, 0, 0), (0, 0, 0, 0, 0, 0, 0, 0, 0, 0, 0, 0, 0, 0, 0, 0, 0, 0, 0, 0, 0, 0, 0, 0, 0, 0, 0, 0, 0, 0, 0, 0, 0, 0, 0, 0, 0, 0, 0, 0), (0, 0, 0, 0, 0, 0, 0, 0, 0, 0, 0, 0, 0, 0, 0, 0, 0, 0, 0, 0, 0, 0, 0, 0, 0, 0, 0, 0, 0, 0, 0, 0, 0, 0, 0, 0, 0, 0, 0, 0)]}}
AdaptationManager: Configuring next round...
{'client_registry': {'enabled': True, 'params': {}}, 'client_selector': {'enabled': False, 'params': {}}, 'client_cluster': {'enabled': False, 'params': {}}, 'message_compressor': {'enabled': False, 'params': {}}, 'model_co-versioning_registry': {'enabled': False, 'params': {}}, 'multi-task_model_trainer': {'enabled': False, 'params': {}}, 'heterogeneous_data_handler': {'enabled': True, 'params': {'enabled_clients': []}}}
{'client_selector': {'enabled': False}, 'client_cluster': {'enabled': False}, 'message_compressor': {'enabled': False}, 'model_co-versioning_registry': {'enabled': False}, 'multi-task_model_trainer': {'enabled': False}, 'heterogeneous_data_handler': {'enabled': True, 'params': {'enabled_clients': ['Client 1', 'Client 2', 'Client 3', 'Client 4', 'Client 5', 'Client 6', 'Client 7', 'Client 8', 'Client 9', 'Client 10', 'Client 11', 'Client 12', 'Client 13', 'Client 14', 'Client 15', 'Client 16', 'Client 17', 'Client 18', 'Client 19', 'Client 20', 'Client 21', 'Client 22', 'Client 23', 'Client 24', 'Client 25', 'Client 26', 'Client 27', 'Client 28', 'Client 29', 'Client 30', 'Client 31', 'Client 32', 'Client 33', 'Client 34', 'Client 35', 'Client 36', 'Client 37', 'Client 38', 'Client 39', 'Client 40']}}, 'client_registry': {'enabled': True, 'params': {}}}
client 1, predicted wo:0.7441 vs w:0.7441
client 2, predicted wo:0.7441 vs w:0.7441
client 3, predicted wo:0.7441 vs w:0.7441
client 4, predicted wo:0.7441 vs w:0.7441
client 5, predicted wo:0.7441 vs w:0.7441
client 6, predicted wo:0.7441 vs w:0.7441
client 7, predicted wo:0.7441 vs w:0.7441
client 8, predicted wo:0.7441 vs w:0.7441
client 9, predicted wo:0.7441 vs w:0.7441
client 10, predicted wo:0.7441 vs w:0.7441
client 11, predicted wo:0.7441 vs w:0.7441
client 12, predicted wo:0.7441 vs w:0.7441
client 13, predicted wo:0.7441 vs w:0.7441
client 14, predicted wo:0.7441 vs w:0.7441
client 15, predicted wo:0.7441 vs w:0.7441
client 16, predicted wo:0.7441 vs w:0.7441
client 17, predicted wo:0.7441 vs w:0.7441
client 18, predicted wo:0.7441 vs w:0.7441
client 19, predicted wo:0.7441 vs w:0.7441
client 20, predicted wo:0.7441 vs w:0.7441
client 21, predicted wo:0.7441 vs w:0.7441
client 22, predicted wo:0.7441 vs w:0.7441
client 23, predicted wo:0.7441 vs w:0.7441
client 24, predicted wo:0.7441 vs w:0.7441
client 25, predicted wo:0.7441 vs w:0.7441
client 26, predicted wo:0.7441 vs w:0.7441
client 27, predicted wo:0.7441 vs w:0.7441
client 28, predicted wo:0.7441 vs w:0.7441
client 29, predicted wo:0.7441 vs w:0.7441
client 30, predicted wo:0.7441 vs w:0.7441
client 31, predicted wo:0.7441 vs w:0.7441
client 32, predicted wo:0.7441 vs w:0.7441
client 33, predicted wo:0.7441 vs w:0.7441
client 34, predicted wo:0.7441 vs w:0.7441
client 35, predicted wo:0.7441 vs w:0.7441
client 36, predicted wo:0.7441 vs w:0.7441
client 37, predicted wo:0.7441 vs w:0.7441
client 38, predicted wo:0.7441 vs w:0.7441
client 39, predicted wo:0.7441 vs w:0.7441
client 40, predicted wo:0.7441 vs w:0.7441
heterogeneous_data_handler activated ✅ for clients: ['Client 1', 'Client 2', 'Client 3', 'Client 4', 'Client 5', 'Client 6', 'Client 7', 'Client 8', 'Client 9', 'Client 10', 'Client 11', 'Client 12', 'Client 13', 'Client 14', 'Client 15', 'Client 16', 'Client 17', 'Client 18', 'Client 19', 'Client 20', 'Client 21', 'Client 22', 'Client 23', 'Client 24', 'Client 25', 'Client 26', 'Client 27', 'Client 28', 'Client 29', 'Client 30', 'Client 31', 'Client 32', 'Client 33', 'Client 34', 'Client 35', 'Client 36', 'Client 37', 'Client 38', 'Client 39', 'Client 40']
Results Aggregated in 0.50 seconds.
{'prostate_logreg': {'train_loss': [0.4877358772460883, 0.5272540020775962, 0.5257022777096331, 0.5291364672480983, 0.5276134857576187, 0.5245755589219402, 0.5213277321708768, 0.5168249304337788, 0.5103560487832307, 0.5167840836630186, 0.5097078193763369, 0.5132112880472867, 0.5086824365740927, 0.5113901526901949, 0.5130645019524381, 0.5082223721262714, 0.5104314015653091, 0.506701344949799, 0.4984343276660775, 0.5024171457625926], 'train_accuracy': [0.8341232227488151, 0.752913752913753, 0.7586750788643533, 0.7647058823529411, 0.7616438356164383, 0.7636643571978445, 0.7716330513988289, 0.7774631936579841, 0.7743407707910751, 0.7721119133574007, 0.774671052631579, 0.7686792452830189, 0.7702984038861902, 0.7665169980756895, 0.765906362545018, 0.7709152161706906, 0.7668954593453009, 0.772977022977023, 0.7784869976359338, 0.7745535714285714], 'train_f1': [0.7007553268216775, 0.625126314593841, 0.6887198215130004, 0.7183054567608526, 0.7370151168503586, 0.7383760236290628, 0.7561356818085011, 0.7631385802679722, 0.7692827205064334, 0.7676657865461541, 0.770914623146708, 0.7646400366507302, 0.7662757567175206, 0.7628573954481987, 0.7623781997539629, 0.7681060307800601, 0.7641965323240596, 0.7707158052161461, 0.7766260718549114, 0.7728120847161766], 'train_mae': [0.16587677725118483, 0.24708624708624707, 0.24132492113564669, 0.23529411764705882, 0.23835616438356164, 0.2363356428021555, 0.2283669486011711, 0.22253680634201586, 0.22565922920892495, 0.22788808664259927, 0.22532894736842105, 0.23132075471698113, 0.22970159611380986, 0.23348300192431046, 0.234093637454982, 0.22908478382930939, 0.23310454065469904, 0.22702297702297702, 0.22151300236406618, 0.22544642857142858], 'val_loss': [0.6588451546891982, 0.637299347444897, 0.6204497630911886, 0.6069724935943575, 0.5962983428488016, 0.58898729532569, 0.5836827947575502, 0.578124800896559, 0.5736544056223088, 0.5687985180130531, 0.5651375795455568, 0.5615797282075621, 0.558704222362974, 0.5564016484123763, 0.5540725899602544, 0.5516957781968628, 0.5498282388031781, 0.5482075130720898, 0.5467177855087642, 0.5453894811819223], 'val_accuracy': [0.615680985513092, 0.6396555572087487, 0.6578237913059042, 0.6748018356278681, 0.6869887302049937, 0.694520198297654, 0.7010917463789182, 0.7078142695356738, 0.7118902219728684, 0.7155383477993701, 0.7179422125793206, 0.7196587715776797, 0.7231686279721037, 0.7264851991866035, 0.7281630737401343, 0.73024010337646, 0.7313782980221228, 0.7327853883704948, 0.7345870429052864, 0.7360083428318135], 'val_f1': [0.6130139991380634, 0.6386486484067284, 0.6574155528452614, 0.6745922150005116, 0.6865631966530977, 0.6937288228537822, 0.6999521715163708, 0.7063164899813182, 0.7099552626884678, 0.7131248925127347, 0.7150966279967297, 0.7164472873992004, 0.7194780539983789, 0.7224254548656475, 0.7237573374629601, 0.7255803832855322, 0.7265629388423015, 0.7278058788252126, 0.7293998857087935, 0.7306194169854804], 'val_mae': [0.38431901448690803, 0.3603444427912513, 0.3421762086940958, 0.3251981643721318, 0.31301126979500626, 0.30547980170234607, 0.29890825362108187, 0.29218573046432617, 0.2881097780271316, 0.28446165220062986, 0.28205778742067933, 0.28034122842232034, 0.2768313720278963, 0.27351480081339646, 0.27183692625986566, 0.26975989662354005, 0.26862170197787716, 0.2672146116295052, 0.2654129570947135, 0.2639916571681864], 'jsd': [(0.0207208396239082, 0.31127812445913283, 0.31127812445913283, 0.31127812445913283, 0.11009182675183558, 0.31127812445913283, 0.31127812445913283, 0.31127812445913283, 0.0037024515418363386, 0.31127812445913283, 0.31127812445913283, 0.31127812445913283, 0.31127812445913283, 0.31127812445913283, 0.31127812445913283, 0.31127812445913283, 0.31127812445913283, 0.07310400793180982, 0.31127812445913283, 0.07310400793180982, 0.31127812445913283, 0.31127812445913283, 0.0037024515418363386, 0.31127812445913283, 0.31127812445913283, 0.31127812445913283, 0, 0.31127812445913283, 0.11009182675183558, 0.31127812445913283, 0.07310400793180982, 0.31127812445913283, 0.0487949406953985, 0.31127812445913283, 0.31127812445913283, 0.31127812445913283, 0.0350583482647871, 0.31127812445913283, 0.31127812445913283, 0.31127812445913283), (0, 0.31127812445913283, 0.31127812445913283, 0.31127812445913283, 0, 0, 0.31127812445913283, 0.07310400793180982, 0, 0.1711038312803313, 0.31127812445913283, 0, 0, 0, 0.31127812445913283, 0.31127812445913283, 0.31127812445913283, 0, 0.31127812445913283, 0, 0, 0, 0, 0.31127812445913283, 0.31127812445913283, 0, 0.12425601093475921, 0.31127812445913283, 0.17750440524619315, 0, 0, 0.31127812445913283, 0.31127812445913283, 0, 0, 0.16395604408354778, 0, 0.31127812445913283, 0.31127812445913283, 0.16395604408354778), (0, 0.16395604408354778, 0.31127812445913283, 0, 0, 0.18850340411986471, 0, 0.11009182675183558, 0, 0, 0, 0.1711038312803313, 0, 0, 0, 0.31127812445913283, 0, 0, 0, 0, 0.31127812445913283, 0, 0, 0.31127812445913283, 0.31127812445913283, 0, 0, 0, 0.2087803925185126, 0, 0, 0.20534969973663775, 0, 0, 0.16395604408354778, 0, 0, 0, 0.31127812445913283, 0), (0, 0.31127812445913283, 0.2087803925185126, 0, 0, 0, 0, 0, 0, 0, 0, 0.19326958066820893, 0, 0, 0, 0, 0, 0, 0, 0, 0, 0, 0, 0.2292798117148899, 0, 0, 0, 0, 0, 0, 0, 0.2227619806994962, 0, 0, 0, 0, 0, 0, 0.2227619806994962, 0), (0, 0, 0.2227619806994962, 0, 0, 0, 0, 0, 0, 0, 0, 0, 0, 0, 0, 0, 0, 0, 0, 0, 0, 0, 0, 0, 0, 0, 0, 0, 0, 0, 0, 0.23646636812449032, 0, 0, 0, 0, 0, 0, 0, 0), (0, 0, 0.23305878051279882, 0, 0, 0, 0, 0, 0, 0, 0, 0, 0, 0, 0, 0, 0, 0, 0, 0, 0, 0, 0, 0, 0, 0, 0, 0, 0, 0, 0, 0.24616505675524458, 0, 0, 0, 0, 0, 0, 0, 0), (0, 0, 0.24237412989240623, 0, 0, 0, 0, 0, 0, 0, 0, 0, 0, 0, 0, 0, 0, 0, 0, 0, 0, 0, 0, 0, 0, 0, 0, 0, 0, 0, 0, 0, 0, 0, 0, 0, 0, 0, 0, 0), (0, 0, 0.24844401300050659, 0, 0, 0, 0, 0, 0, 0, 0, 0, 0, 0, 0, 0, 0, 0, 0, 0, 0, 0, 0, 0, 0, 0, 0, 0, 0, 0, 0, 0, 0, 0, 0, 0, 0, 0, 0, 0), (0, 0, 0, 0, 0, 0, 0, 0, 0, 0, 0, 0, 0, 0, 0, 0, 0, 0, 0, 0, 0, 0, 0, 0, 0, 0, 0, 0, 0, 0, 0, 0, 0, 0, 0, 0, 0, 0, 0, 0), (0, 0, 0, 0, 0, 0, 0, 0, 0, 0, 0, 0, 0, 0, 0, 0, 0, 0, 0, 0, 0, 0, 0, 0, 0, 0, 0, 0, 0, 0, 0, 0, 0, 0, 0, 0, 0, 0, 0, 0), (0, 0, 0, 0, 0, 0, 0, 0, 0, 0, 0, 0, 0, 0, 0, 0, 0, 0, 0, 0, 0, 0, 0, 0, 0, 0, 0, 0, 0, 0, 0, 0, 0, 0, 0, 0, 0, 0, 0, 0), (0, 0, 0, 0, 0, 0, 0, 0, 0, 0, 0, 0, 0, 0, 0, 0, 0, 0, 0, 0, 0, 0, 0, 0, 0, 0, 0, 0, 0, 0, 0, 0, 0, 0, 0, 0, 0, 0, 0, 0), (0, 0, 0, 0, 0, 0, 0, 0, 0, 0, 0, 0, 0, 0, 0, 0, 0, 0, 0, 0, 0, 0, 0, 0, 0, 0, 0, 0, 0, 0, 0, 0, 0, 0, 0, 0, 0, 0, 0, 0), (0, 0, 0, 0, 0, 0, 0, 0, 0, 0, 0, 0, 0, 0, 0, 0, 0, 0, 0, 0, 0, 0, 0, 0, 0, 0, 0, 0, 0, 0, 0, 0, 0, 0, 0, 0, 0, 0, 0, 0), (0, 0, 0, 0, 0, 0, 0, 0, 0, 0, 0, 0, 0, 0, 0, 0, 0, 0, 0, 0, 0, 0, 0, 0, 0, 0, 0, 0, 0, 0, 0, 0, 0, 0, 0, 0, 0, 0, 0, 0), (0, 0, 0, 0, 0, 0, 0, 0, 0, 0, 0, 0, 0, 0, 0, 0, 0, 0, 0, 0, 0, 0, 0, 0, 0, 0, 0, 0, 0, 0, 0, 0, 0, 0, 0, 0, 0, 0, 0, 0), (0, 0, 0, 0, 0, 0, 0, 0, 0, 0, 0, 0, 0, 0, 0, 0, 0, 0, 0, 0, 0, 0, 0, 0, 0, 0, 0, 0, 0, 0, 0, 0, 0, 0, 0, 0, 0, 0, 0, 0), (0, 0, 0, 0, 0, 0, 0, 0, 0, 0, 0, 0, 0, 0, 0, 0, 0, 0, 0, 0, 0, 0, 0, 0, 0, 0, 0, 0, 0, 0, 0, 0, 0, 0, 0, 0, 0, 0, 0, 0), (0, 0, 0, 0, 0, 0, 0, 0, 0, 0, 0, 0, 0, 0, 0, 0, 0, 0, 0, 0, 0, 0, 0, 0, 0, 0, 0, 0, 0, 0, 0, 0, 0, 0, 0, 0, 0, 0, 0, 0), (0, 0, 0, 0, 0, 0, 0, 0, 0, 0, 0, 0, 0, 0, 0, 0, 0, 0, 0, 0, 0, 0, 0, 0, 0, 0, 0, 0, 0, 0, 0, 0, 0, 0, 0, 0, 0, 0, 0, 0)]}}
AdaptationManager: Configuring next round...
{'client_registry': {'enabled': True, 'params': {}}, 'client_selector': {'enabled': False, 'params': {}}, 'client_cluster': {'enabled': False, 'params': {}}, 'message_compressor': {'enabled': False, 'params': {}}, 'model_co-versioning_registry': {'enabled': False, 'params': {}}, 'multi-task_model_trainer': {'enabled': False, 'params': {}}, 'heterogeneous_data_handler': {'enabled': True, 'params': {'enabled_clients': []}}}
{'client_selector': {'enabled': False}, 'client_cluster': {'enabled': False}, 'message_compressor': {'enabled': False}, 'model_co-versioning_registry': {'enabled': False}, 'multi-task_model_trainer': {'enabled': False}, 'heterogeneous_data_handler': {'enabled': True, 'params': {'enabled_clients': ['Client 1', 'Client 2', 'Client 3', 'Client 4', 'Client 5', 'Client 6', 'Client 7', 'Client 8', 'Client 9', 'Client 10', 'Client 11', 'Client 12', 'Client 13', 'Client 14', 'Client 15', 'Client 16', 'Client 17', 'Client 18', 'Client 19', 'Client 20', 'Client 21', 'Client 22', 'Client 23', 'Client 24', 'Client 25', 'Client 26', 'Client 27', 'Client 28', 'Client 29', 'Client 30', 'Client 31', 'Client 32', 'Client 33', 'Client 34', 'Client 35', 'Client 36', 'Client 37', 'Client 38', 'Client 39', 'Client 40']}}, 'client_registry': {'enabled': True, 'params': {}}}
client 1, predicted wo:0.7441 vs w:0.7441
client 2, predicted wo:0.7441 vs w:0.7441
client 3, predicted wo:0.7441 vs w:0.7441
client 4, predicted wo:0.7441 vs w:0.7441
client 5, predicted wo:0.7441 vs w:0.7441
client 6, predicted wo:0.7441 vs w:0.7441
client 7, predicted wo:0.7441 vs w:0.7441
client 8, predicted wo:0.7441 vs w:0.7441
client 9, predicted wo:0.7441 vs w:0.7441
client 10, predicted wo:0.7441 vs w:0.7441
client 11, predicted wo:0.7441 vs w:0.7441
client 12, predicted wo:0.7441 vs w:0.7441
client 13, predicted wo:0.7441 vs w:0.7441
client 14, predicted wo:0.7441 vs w:0.7441
client 15, predicted wo:0.7441 vs w:0.7441
client 16, predicted wo:0.7441 vs w:0.7441
client 17, predicted wo:0.7441 vs w:0.7441
client 18, predicted wo:0.7441 vs w:0.7441
client 19, predicted wo:0.7441 vs w:0.7441
client 20, predicted wo:0.7441 vs w:0.7441
client 21, predicted wo:0.7441 vs w:0.7441
client 22, predicted wo:0.7441 vs w:0.7441
client 23, predicted wo:0.7441 vs w:0.7441
client 24, predicted wo:0.7441 vs w:0.7441
client 25, predicted wo:0.7441 vs w:0.7441
client 26, predicted wo:0.7441 vs w:0.7441
client 27, predicted wo:0.7441 vs w:0.7441
client 28, predicted wo:0.7441 vs w:0.7441
client 29, predicted wo:0.7441 vs w:0.7441
client 30, predicted wo:0.7441 vs w:0.7441
client 31, predicted wo:0.7441 vs w:0.7441
client 32, predicted wo:0.7441 vs w:0.7441
client 33, predicted wo:0.7441 vs w:0.7441
client 34, predicted wo:0.7441 vs w:0.7441
client 35, predicted wo:0.7441 vs w:0.7441
client 36, predicted wo:0.7441 vs w:0.7441
client 37, predicted wo:0.7441 vs w:0.7441
client 38, predicted wo:0.7441 vs w:0.7441
client 39, predicted wo:0.7441 vs w:0.7441
client 40, predicted wo:0.7441 vs w:0.7441
heterogeneous_data_handler activated ✅ for clients: ['Client 1', 'Client 2', 'Client 3', 'Client 4', 'Client 5', 'Client 6', 'Client 7', 'Client 8', 'Client 9', 'Client 10', 'Client 11', 'Client 12', 'Client 13', 'Client 14', 'Client 15', 'Client 16', 'Client 17', 'Client 18', 'Client 19', 'Client 20', 'Client 21', 'Client 22', 'Client 23', 'Client 24', 'Client 25', 'Client 26', 'Client 27', 'Client 28', 'Client 29', 'Client 30', 'Client 31', 'Client 32', 'Client 33', 'Client 34', 'Client 35', 'Client 36', 'Client 37', 'Client 38', 'Client 39', 'Client 40']
